job_id,iteration,m,total_migration,pop,numClusters,mutation_rate,recombination_rate,pi_loss,fst_loss,ld_loss,ibd_loss,dxy_loss,genrel_loss
0,0,8.483140992020175e-05,0.1932492885359874,21035.12422294339,3.0,4.6580405432764054e-07,2.75e-06,0.02982465363236812,0.005538339238452289,0.013745009248115591,0.0010576667260646852,0.00014164357050923764,3.111770148939523e-05
0,1,0.0001374460449085168,0.1125382133405178,24619.319940809804,1.0,4.5308203947626727e-07,2.75e-06,0.020413692094295437,0.005916698922839712,0.014754993468507172,0.002705043823774658,0.0002458315342955259,3.157724679738298e-05
0,2,2.4960854533353558e-05,0.02751592117623174,13272.328039565416,1.0,4.67455716758473e-07,2.75e-06,0.03002992292947605,0.006845777278939892,0.013631904295968578,0.00047535189657231606,0.00015999819182631997,2.8369169206245975e-05
1,0,8.76411888670928e-05,0.12085517462320501,24239.003311185825,2.0,4.6377495597801135e-07,2.75e-06,0.026445513637570094,0.005483249193665842,0.014016203477890734,0.0014546173172070378,0.00013606111412003646,3.132309915627332e-05
1,1,0.0005160736723392605,0.22380713700559476,24502.898240166658,3.0,4.690585923736191e-07,2.75e-06,0.03673065093265337,0.010732390375788492,0.013978776057188086,0.008502345217676793,0.00026747534616694443,5.3148323684120814e-05
1,2,3.457039324436046e-05,0.016000179768037436,10405.273226875914,2.0,4.689720175551958e-07,2.75e-06,0.02113113805985729,0.021952214749634245,0.009090820310290426,0.0005379057943680976,0.00015213817740072842,1.9661746514987674e-05
2,0,7.922760868138223e-05,0.10936737428765064,3945.528528950639,1.0,4.761253034566983e-07,2.75e-06,0.02576209841308009,0.007511724984086948,0.013364916414082292,0.003384598198399088,0.00014415214781592523,5.449364372162011e-05
2,1,3.089035482724638e-05,0.20245219328433636,14643.206491016052,1.0,4.7407424903761056e-07,2.75e-06,0.04844656737565162,0.006203020202763097,0.014806137569054,0.0004969633192630736,0.00029987280002102324,3.204757049969038e-05
2,2,0.00018430414721780513,0.2675556820473243,14284.133684355085,1.0,4.5387428586964286e-07,2.75e-06,0.02684154791478376,0.007656716168280541,0.014517638781577592,0.005424488511384815,0.0004123426907538934,4.35749212217391e-05
3,0,0.0001727688831021421,0.2150069089997095,3403.908134660728,3.0,4.658298209392742e-07,2.75e-06,0.05463474527166227,0.037697072669840244,0.009301508034504935,0.04371928982826284,0.0002836331921298092,0.0007156084511640345
3,1,3.827839377966972e-05,0.09619815825627194,21758.776988096695,3.0,4.563846943218166e-07,2.75e-06,0.022271200931217316,0.005636999595602109,0.014537570437016896,0.0004853584944711486,0.0003303615344815813,3.060513105853702e-05
3,2,0.0007026585763731396,0.06771492899676136,3407.9152353229247,2.0,4.7501863531424975e-07,2.75e-06,0.08647773238971286,0.08801678173965787,0.003529462558563779,0.05293090539877653,0.0003291712955981692,0.0013192825538028286
4,0,0.0007940177050593102,0.0421602142047998,11313.113988977235,3.0,4.719171221700416e-07,2.75e-06,0.03441276638814135,0.048669786868620446,0.007932677776453451,0.021588399725145424,0.0002815363460955879,0.0002901341445011576
4,1,6.329970937589944e-05,0.16369293958600012,23293.021924219283,1.0,4.65089639102112e-07,2.75e-06,0.029340933477028708,0.006145356201610521,0.014851609545696358,0.0005297440585488139,0.00013715782694138443,3.220843728556597e-05
4,2,6.976541866241124e-06,0.22349103390177097,3908.9685584305357,1.0,4.695851041324349e-07,2.75e-06,0.023492556732609898,0.005734478977301417,0.014199652894155583,0.0005020256419985807,0.00014910595625134242,2.804869946437875e-05
5,0,1.912021815085948e-05,0.2827986879102397,7680.804330581742,1.0,4.786563589195672e-07,2.75e-06,0.06048798725827765,0.006163783151941168,0.014446197400976612,0.0005049724534165836,0.00045515138897182366,3.134576320765361e-05
5,1,0.0006260275312331823,0.2525261624519981,20686.892401828754,3.0,4.619883067417776e-07,2.75e-06,0.023750442524508256,0.01332849556920117,0.012638437647502438,0.01066711775952696,0.00016800904127206841,6.958230881107301e-05
5,2,0.00030222747642874787,0.08478908568509598,7205.666129369665,2.0,4.602527720332106e-07,2.75e-06,0.0360269636081813,0.02378136316631127,0.010456293680736787,0.017516028589272346,0.0002903157442420527,0.0002130749760520473
6,0,4.758199133775306e-05,0.10028523256440115,11941.741626922116,2.0,4.69673702953026e-07,2.75e-06,0.022564735574810143,0.005671772357428849,0.013061963275209067,0.0005656142195872386,0.00015130418666569682,2.9024201068731423e-05
6,1,7.965381843262695e-05,0.2786828266802995,9614.581853019363,2.0,4.802237551148248e-07,2.75e-06,0.05764674301990177,0.005562328257410162,0.014057816869022126,0.001129934491734655,0.0004336394402337859,3.0214470128927747e-05
6,2,0.0002891199509342514,0.03593484575659833,21241.63529841143,3.0,4.851070757074315e-07,2.75e-06,0.0557138033685986,0.015913761003902075,0.012286978454252757,0.008221095798369093,0.0006096389022870367,5.589477425727483e-05
7,0,0.0007417689763277833,0.18109548186382965,6379.991630127705,1.0,4.782230630158108e-07,2.75e-06,0.03995142996074033,0.028286984055677353,0.011127116262233212,0.019550808137656462,0.0005003801659263098,0.0002736132383985404
7,1,0.00038924933253531025,0.09556940970772715,9371.157557984261,2.0,4.7000396884751554e-07,2.75e-06,0.028726632610420157,0.02091928238104308,0.011492944417231712,0.014981634090733595,0.0001864165656640265,0.00016522143170327212
7,2,0.0023447120394933093,0.29350461103246345,9909.668569351377,1.0,4.7042461731449806e-07,2.75e-06,0.03797751272263164,0.03542086872254561,0.010494909557572464,0.012179967317770017,0.00021266490273106841,0.00024385109831262755
8,0,3.696379113995123e-05,0.26727143606246934,17923.246454360582,2.0,4.6729819257554747e-07,2.75e-06,0.03547846450973415,0.006169442241426834,0.014097719444864753,0.0004948626057415712,0.00016703222324384716,3.189455559980504e-05
8,1,5.5757154340042904e-05,0.05985722751659406,21728.067252536322,3.0,4.895611181836761e-07,2.75e-06,0.07317672860476761,0.006108272880120912,0.014311767757648359,0.0006267656640709863,0.0006747457128491238,2.9173490911724794e-05
8,2,6.128028944584111e-05,0.049938454465225844,13837.937667252096,2.0,4.7091370600365073e-07,2.75e-06,0.031095976056772157,0.007206257932352085,0.012212779269684565,0.0014050037976543388,0.00017876448890399163,2.7344114421631733e-05
9,0,0.00020303041300386034,0.030446930523913316,2447.9654735412155,3.0,4.5356644373726893e-07,2.75e-06,0.16064944626064656,0.11660142336406737,0.013001200604204137,0.06465037414633153,0.0005572796902681268,0.0012855228791810137
9,1,1.8917814549879897e-05,0.03457492491919732,17556.85681579097,2.0,4.654532553599679e-07,2.75e-06,0.024310845538750483,0.007318939481759919,0.012687826499912116,0.0004972513483971372,0.00013500204558924763,2.7734239900707263e-05
9,2,0.00020765174121436413,0.07908881202016692,14953.094985913422,3.0,4.901645600650362e-07,2.75e-06,0.06601750013826191,0.013597166617689576,0.012768265405915823,0.010488278474812485,0.0007054954923617088,8.35152194107122e-05
10,0,0.00011497490458182203,0.24665919857782723,11898.063906934527,1.0,4.615146903425803e-07,2.75e-06,0.02050521584649681,0.005844932081741721,0.014407456840654637,0.0023421867780594953,0.0002060575274114644,3.201820395374389e-05
10,1,6.792883532477593e-05,0.1285837501107872,18702.655622215505,3.0,4.6377109952064367e-07,2.75e-06,0.020888957502659813,0.005501529248675949,0.013859005850855317,0.0006692882920878852,0.0002036581086074578,3.0381264747905096e-05
10,2,0.004771731768835148,0.23607606872564907,8116.960823466096,2.0,4.6973972655065753e-07,2.75e-06,0.11693705277761103,0.11394690299585208,0.006184166347289751,0.030494523475849505,0.0003286324167420782,0.0012736998653486797
11,0,6.656432422021362e-05,0.24470607972149716,16554.14176286973,3.0,4.82372100236608e-07,2.75e-06,0.06579359292978772,0.005757134084461824,0.013873985346748502,0.0005791434266178532,0.0005328667754096122,3.105351636106347e-05
11,1,0.0001825703189669321,0.10096002585945166,2577.725910419821,2.0,4.6242280963746414e-07,2.75e-06,0.06046662235000364,0.04601079599874682,0.0062181433710837425,0.04257352936003025,0.00031272563851126467,0.000761960110529399
11,2,0.001062184151983028,0.11643714110022509,23168.318442535972,2.0,4.7468211004939334e-07,2.75e-06,0.027843014864601834,0.015608196829534219,0.012656269273646098,0.0079351199964669,0.0002184420075895641,6.200757535671383e-05
12,0,0.00021288360245685657,0.23011599125265325,12421.0995060876,3.0,4.6901465801443185e-07,2.75e-06,0.02965924462312568,0.013073524408830424,0.012862829450635984,0.012737233419142653,0.0001592473085832762,0.0001091400245539834
12,1,0.0001408354693751687,0.017470579455809886,12185.246110956356,2.0,4.603755027029836e-07,2.75e-06,0.02550364259792023,0.02450256879039488,0.009988264742842855,0.007995041720391356,0.00017111020701158944,7.188817701051539e-05
12,2,7.402175046066163e-05,0.03968048357064926,3700.4963763399337,2.0,4.5495837203710424e-07,2.75e-06,0.0491241129162005,0.03036790241319084,0.0061282208225086135,0.010269744953000681,0.00038809415360039446,0.00015976121888444986
13,0,2.0620773486697722e-05,0.23771092082360745,24114.26905877345,2.0,4.6885134441033084e-07,2.75e-06,0.03489631367931169,0.006231191496626235,0.014666503388643037,0.0005045726442755752,0.00016225481961474925,3.21730910269516e-05
13,1,0.0002312223372767912,0.05998346088956103,7893.2694958212705,2.0,4.445798044007276e-07,2.75e-06,0.05531395454984892,0.02253076891486666,0.01053255750374979,0.01543224658872317,0.0005735206636419218,0.00016924879119875323
13,2,0.00016133240828643535,0.14232145577690458,14934.788399281575,1.0,4.5715423221322587e-07,2.75e-06,0.02107475589580605,0.007343451287050406,0.013693100754670834,0.005077449575717945,0.00026963881793504456,4.032814832227554e-05
14,0,0.00010208546565763875,0.24842281265816207,22148.31221960935,3.0,4.6116731065516546e-07,2.75e-06,0.021305386531890055,0.005629170879336371,0.014116362041829483,0.0018271086223805016,0.000178157958081613,3.1271836401201526e-05
14,1,0.00034107705429986263,0.10454742149354303,17892.206855017517,1.0,4.5924787740703736e-07,2.75e-06,0.02108199369988875,0.008377394643096026,0.013667730828254697,0.00581300067382701,0.00015277959313630195,4.058195702462252e-05
14,2,7.5186726142112116e-06,0.09520323644165625,6906.9918143320065,2.0,4.855860092935348e-07,2.75e-06,0.0628266382617017,0.006771771687393874,0.012029768994790612,0.0004980042045212457,0.0005503590639501189,2.3757143272689082e-05
15,0,0.0015620020211388934,0.16688757906906715,14910.03598010767,3.0,4.6799053771468324e-07,2.75e-06,0.03755962664277706,0.04302061821458891,0.010885187282697412,0.01952394431638223,0.00021880053349633866,0.0002521012481697463
15,1,0.0009909889503405705,0.15363980681491549,11724.970071350357,2.0,4.656965306522814e-07,2.75e-06,0.027938299042373937,0.026081340631279485,0.012023696619195433,0.015576895946028632,0.00017929255193184458,0.00020131165509014765
15,2,9.653310568184779e-05,0.27397442208506634,12713.746581945363,1.0,4.696743075704085e-07,2.75e-06,0.03297823142790632,0.005844870013758677,0.01464858768911346,0.001057386435655795,0.00015574855269859442,3.1540703799173664e-05
16,0,2.3691199389621263e-05,0.05498451941748823,7627.408247834004,2.0,4.58190219926518e-07,2.75e-06,0.021075997639689457,0.009039436234615278,0.011969263249319052,0.0004312770932337285,0.0002063403925177295,2.0107732768224505e-05
16,1,0.00023006760503930168,0.06452342283279146,11674.132721072912,2.0,4.598661623547661e-07,2.75e-06,0.026201942148628383,0.014783878262933875,0.012374150456321563,0.009949417014226981,0.00025798615723072543,8.55162702143772e-05
16,2,6.000094152560984e-05,0.22042906621722078,20292.975577738667,2.0,4.562106276986985e-07,2.75e-06,0.02110712117114655,0.005996534986285906,0.014932140012984943,0.0005424936988994959,0.0001977264499341921,3.182311283799249e-05
17,0,2.0129301407360526e-05,0.18596479780821445,17974.318848228315,1.0,4.699396318597873e-07,2.75e-06,0.034350401781364705,0.006235897617699296,0.01465078043141801,0.0005068569131888042,0.00015897930463712177,3.2203234717439186e-05
17,1,0.00014681782488450414,0.024907942931762416,13050.335134261222,3.0,4.675109283965764e-07,2.75e-06,0.024913743065727936,0.024512132073721576,0.009841352525504825,0.010508403906791102,0.000144695906686651,8.938753980636933e-05
17,2,8.189230524344771e-05,0.11703190429037783,15157.913261369067,1.0,4.7664920043549064e-07,2.75e-06,0.049916783286533796,0.0055865307379347464,0.014272868725330975,0.0010374455911907204,0.00033454348584115515,3.130283367814442e-05
18,0,6.8894375342145785e-06,0.08047049296430715,4224.219295150044,3.0,4.604447304115188e-07,2.75e-06,0.022055924782350984,0.014303657676112478,0.010318835893759426,0.0007559260073544665,0.00019804419833098765,1.93865012165989e-05
18,1,0.0001565259602163913,0.0825684075973957,2078.030605890948,1.0,4.654472214121922e-07,2.75e-06,0.06096271246360139,0.03903654732116061,0.0070261143779595655,0.03695069648553909,0.00042183299171038685,0.0006724750175010145
18,2,1.7155215960354514e-06,0.17155114948021347,19504.98071663932,1.0,4.536560357673795e-07,2.75e-06,0.021765375848875362,0.006230461775155811,0.01469127538969936,0.0005100281590219977,0.00032500434118589306,3.224639733533504e-05
19,0,0.0002640326861963419,0.19551503684419688,13588.75094869996,2.0,4.813861871894612e-07,2.75e-06,0.04825840224004609,0.010254352332194438,0.013807283228401218,0.00865802489648826,0.00040755727773253143,6.962917489812476e-05
19,1,7.867325802414319e-05,0.16563583946523477,11284.688063391613,3.0,4.6745252233688333e-07,2.75e-06,0.027675290400023395,0.0055065473519519785,0.013944723562543315,0.0016143037804642664,0.0001396265059098724,2.9396162328403463e-05
19,2,0.00015220751058963415,0.10901678641759438,4130.4051701965345,3.0,4.667933440118926e-07,2.75e-06,0.043410940583139636,0.03387618923100178,0.008157467327880821,0.031820956706535175,0.00021086936290863934,0.00047831762673987535
20,0,0.0013949749751308595,0.18411573426208278,19529.75793408147,3.0,4.581232361872146e-07,2.75e-06,0.033251930240962305,0.03043092356387224,0.012203597588359524,0.013788583879508173,0.00016590193182038123,0.0001484914423717379
20,1,1.415585756219115e-05,0.21567750530867438,14032.31058840604,2.0,4.5647210053755184e-07,2.75e-06,0.02091173702046086,0.005959559320031847,0.01443117476443616,0.0004996874853226245,0.0002537498860392418,3.139756901318346e-05
20,2,0.00013535252046474732,0.10787685134166256,19420.590953912328,2.0,4.6163900620755906e-07,2.75e-06,0.021736195007905728,0.007014704257034832,0.014030786071756932,0.0044982157735629835,0.0001509685776254154,3.671999537244093e-05
21,0,0.00044885886422380933,0.06289434174169174,13075.735926884676,1.0,4.7565844567536614e-07,2.75e-06,0.035213100644221285,0.013737175527342757,0.01351009696250084,0.00811438286528395,0.0002952745599153166,6.249501081465542e-05
21,1,5.447254343848198e-05,0.12623217230594688,11260.287943047897,3.0,4.744074747165373e-07,2.75e-06,0.044896664572485846,0.005803107137288213,0.01294578649663721,0.0005800510198583979,0.000296473590685803,2.754508393029633e-05
21,2,0.00013011795514542696,0.29174342099014805,23524.783367452455,3.0,4.700364449699774e-07,2.75e-06,0.028017029487296435,0.006433736879149624,0.013924989025908205,0.0036551557139482653,0.00014216168104236266,3.302179598383713e-05
22,0,5.057563627355374e-05,0.13600644406286527,4151.79540045311,3.0,4.813298465106392e-07,2.75e-06,0.05629778942140024,0.008929197334454386,0.010246489455804619,0.0008380261810473976,0.0005104665538946339,2.2241991216763348e-05
22,1,1.1982184471919858e-05,0.12454033803016223,8453.462226798058,2.0,4.756739314464231e-07,2.75e-06,0.039189149514390745,0.005804673725209905,0.014030017316342569,0.0005304566253735511,0.00022315608491126215,2.7835695967686524e-05
22,2,0.001788867537922162,0.22476744234124726,13042.846348210796,1.0,4.563871830605138e-07,2.75e-06,0.03626982936643753,0.024457190100372502,0.012610887364946137,0.008945354736307256,0.0003097051156775409,0.00012361390061524282
23,0,8.573168535391831e-05,0.016081801687978913,18586.27597239498,3.0,4.5897972319760754e-07,2.75e-06,0.02785033665232967,0.021389148145594505,0.01077636363561449,0.004936783332441372,0.00022983196727102513,3.9530485088910354e-05
23,1,0.00021098643997816905,0.2532601439958325,9160.940598250494,3.0,4.5515940458478e-07,2.75e-06,0.033713556911087406,0.01694307187296303,0.012639018874762866,0.017949971847716965,0.00031900502341689817,0.00017850512297274164
23,2,2.448826244454233e-06,0.05082377249094154,9486.513389959995,3.0,4.7251740034658e-07,2.75e-06,0.026456799383776302,0.011089065642996361,0.010899024802457065,0.00045084654579104775,0.00017006492281051197,1.8108582472316175e-05
24,0,8.969489370835896e-05,0.09631230103673931,10823.304600510277,2.0,4.728264423193507e-07,2.75e-06,0.025709238218093077,0.007267356563409627,0.012805164155777033,0.003819112466505918,0.00014059832522714198,4.153830988903401e-05
24,1,0.0001571973267194816,0.24196921526476184,12817.194091241585,1.0,4.760934126768779e-07,2.75e-06,0.05112137196495866,0.0074920752194947635,0.013780325609292534,0.005221714732288378,0.0003894051744146195,4.4648649637828656e-05
24,2,0.00012842599315679264,0.020962696570561844,24653.565731129318,3.0,4.6923053112011144e-07,2.75e-06,0.02357124168245207,0.014786910128625222,0.012307575740320148,0.005251386330909119,0.00016519115498988578,3.786914341014582e-05
25,0,3.807333193476609e-05,0.19063809900444428,22723.45105322485,1.0,4.703200568635141e-07,2.75e-06,0.04191784254461473,0.0062929207207149404,0.015209681022511289,0.0004969133875678466,0.0002235603915312506,3.231759931571304e-05
25,1,1.5651634253545856e-05,0.010136331178641843,4494.972580029655,3.0,4.6252580108256016e-07,2.75e-06,0.11631619715094521,0.10952017438298926,0.011912519006184286,0.001837478631457873,0.00021466910932737876,0.00025525126860415055
25,2,0.00022842008558750837,0.06970424362642642,21191.925758705678,2.0,4.526339733024443e-07,2.75e-06,0.025611777717736078,0.008644284943064963,0.013534967214270402,0.005540497245037033,0.00035808037377026494,3.9373945726353143e-05
26,0,5.9465236607407116e-05,0.08890050677809526,9602.842938414355,1.0,4.748355269302559e-07,2.75e-06,0.04141333277451865,0.0055355824566426445,0.014010370044174478,0.0006878621698816508,0.00024246334268099976,2.9803763492079372e-05
26,1,0.0005255258573432629,0.0525032776011178,3027.177313404971,3.0,4.824947488061202e-07,2.75e-06,0.0936408917374248,0.11588979794890288,0.008527044591365341,0.06960672724736501,0.000508000882436361,0.001523061684151927
26,2,0.0003736628075625907,0.1989480531440714,3410.3002220452963,2.0,4.4567666495994114e-07,2.75e-06,0.08193554291035408,0.0411696059126088,0.008669729236424256,0.03814046065396736,0.0006425019666208869,0.0007072106654839543
27,0,0.00017237111330469914,0.0839135810276557,6551.240174779371,3.0,4.5796235329820527e-07,2.75e-06,0.03923396718856518,0.027396833587586784,0.009368113721740054,0.023584213562850658,0.00025673905118588807,0.0002832600596676175
27,1,7.506918981507193e-05,0.0874872752491201,15672.31504412242,3.0,4.7387879529921055e-07,2.75e-06,0.03533902119556274,0.006116417886321159,0.01373271545587199,0.0015204946545643468,0.00020378766977884554,2.8516567167873918e-05
27,2,3.6133455595547875e-05,0.06592670680564253,17330.84129235663,1.0,4.51852259284381e-07,2.75e-06,0.021821929188507883,0.005697714852016298,0.014393336168067391,0.0004878218621102482,0.0003189518578859815,3.14193971035688e-05
28,0,0.0003016990351018066,0.042189962829105664,17317.213648243553,2.0,4.6763782782435224e-07,2.75e-06,0.02485592107650671,0.014215921191686492,0.012781786085665105,0.0075893938612337656,0.00016739084199564888,5.700277532482019e-05
28,1,1.0714423577074763e-05,0.1291296928979895,18208.745587640846,1.0,4.590760143771697e-07,2.75e-06,0.02305984859644941,0.006074446423266788,0.014172904664369662,0.0005134211222825117,0.00015764355213546935,3.207097955327821e-05
28,2,3.5298876316832345e-05,0.25672768517382033,2020.4507760701706,2.0,4.63421692190963e-07,2.75e-06,0.024043444693923013,0.006558669826092209,0.010076442521139014,0.0006186724410229997,0.000355556637934414,1.9996572236416373e-05
29,0,4.869842859949864e-05,0.12467352056568531,3346.787046784909,2.0,4.523891525285217e-07,2.75e-06,0.03847873491926518,0.008788383590549708,0.010018109340374106,0.0011525629442336387,0.000551385795779338,2.7685381491221117e-05
29,1,5.3715679409041074e-05,0.18411492110483027,20122.28904227944,3.0,4.621495186017404e-07,2.75e-06,0.023898178380831647,0.005768276719574171,0.01400035119698903,0.0005084107270398476,0.0001472275693306935,3.128500545347199e-05
29,2,6.131814695187783e-06,0.08257578738839635,8411.59084981911,1.0,4.6694654604872996e-07,2.75e-06,0.025620778391175946,0.005701171450684435,0.014257172618513751,0.0005199312099072219,0.00013552424829193122,2.952211757971919e-05
30,0,0.002584359571431534,0.23450327166098422,3076.070191823065,2.0,4.7319834412429134e-07,2.75e-06,0.22909540094229106,0.19726545935089898,0.01502802338558971,0.09734188677647222,0.0005621261837660294,0.003372576880343076
30,1,0.0014429723484126868,0.1615972793324236,2995.0690136705516,1.0,4.5608764488167705e-07,2.75e-06,0.13180039783242914,0.0944022083406424,0.004911991840152842,0.043983310847080175,0.0005350867401713788,0.00139955032812458
30,2,5.4452286454973646e-05,0.017727586563130903,23972.469377441208,2.0,4.6673919384699827e-07,2.75e-06,0.024937994083786785,0.009944280701384743,0.012942440202788327,0.0012826939791857862,0.00014897516450588635,2.6631181994926846e-05
31,0,0.00010151030919626967,0.06612741429829028,9606.901260929179,3.0,4.441859257663783e-07,2.75e-06,0.047641345244684476,0.015239628831081894,0.01133825249226983,0.009343119481515968,0.0005767893282387568,9.597627217008605e-05
31,1,0.00025082270360608777,0.08144493282849777,16465.163006804316,1.0,4.70352555660039e-07,2.75e-06,0.039183694778549855,0.008204067487937063,0.01368241510127433,0.005657150001601093,0.0002680261412692108,4.1186849021828145e-05
31,2,0.0003594587226340935,0.21321483045621883,9252.13069992447,3.0,4.662050093726241e-07,2.75e-06,0.03384539966536221,0.020358683979282005,0.01306377081297747,0.020374333605758174,0.0001928475168810108,0.00020436195065077126
32,0,0.0001441027921175887,0.2789227507000306,18092.499020597883,3.0,4.6032815375482776e-07,2.75e-06,0.020518695150028743,0.007871155918438172,0.014032876872995656,0.0057756227729961,0.00021721648843261694,4.5922842939786574e-05
32,1,7.367668331097305e-05,0.07496937761908644,23011.948011242235,2.0,4.600062465944011e-07,2.75e-06,0.02326094157686936,0.005469877841563604,0.013953577802789724,0.001228544620783047,0.00014390650544295245,3.0752643906781207e-05
32,2,0.0006014323302145936,0.02646713796526998,15189.843900843503,1.0,4.675730806414936e-07,2.75e-06,0.025130474410905723,0.018797414996060916,0.013337980587827604,0.006459402442149954,0.0001996553098221253,5.740775913922512e-05
33,0,3.271452099383745e-05,0.21322980725422955,23143.709441742238,1.0,4.5811690857583124e-07,2.75e-06,0.021781261329489463,0.006343125305139813,0.014487740405042882,0.0005029342182582623,0.00018266653869621985,3.235871959388261e-05
33,1,0.0019555216249893975,0.16661273913388602,23020.42369428843,1.0,4.540325516678178e-07,2.75e-06,0.025259598529162795,0.015426426459436468,0.013041470007015436,0.004843465511064547,0.00024099513360722373,4.379932196308292e-05
33,2,3.819033960967886e-06,0.24601723351554952,12979.029288434036,3.0,4.6591306095277527e-07,2.75e-06,0.028169361291591245,0.005839449052124132,0.013836227663131875,0.0005035871381206609,0.0001361266779677362,3.0644231068097754e-05
34,0,1.249560695806871e-05,0.03569361023239365,6736.695935334387,1.0,4.674470505099286e-07,2.75e-06,0.02182699799670244,0.008525982578521761,0.011048591980305862,0.000545298845337152,0.00013484080571108732,2.2555180708069893e-05
34,1,0.0003720702415813261,0.16510132061589128,16846.861810005714,3.0,4.610097233548106e-07,2.75e-06,0.024501657923876846,0.012869528106382103,0.013600685929118445,0.010976754538777786,0.00018707273309214912,8.00780356304671e-05
34,2,1.0888459810612342e-05,0.07825597612524106,18146.96025917796,2.0,4.7435951511419106e-07,2.75e-06,0.03718970436760421,0.005697418505846823,0.013702310707576942,0.0005252055570089878,0.00019745505425084215,3.062999751084163e-05
35,0,0.00026324477343647496,0.017869330929864178,5775.383231718675,2.0,4.821836053160634e-07,2.75e-06,0.032028451670813786,0.05889310655689714,0.0047056238137863126,0.0227659205948857,0.00043880586428148905,0.00039080861674503967
35,1,5.136816333060089e-05,0.2644298804969814,19396.915761774846,3.0,4.7615900595883324e-07,2.75e-06,0.05959628060213407,0.006011727605658576,0.014645312299265722,0.000504024098373693,0.0004465735037496356,3.158055359787885e-05
35,2,0.00035670613320021923,0.24327823194746684,4272.197082817194,3.0,4.679633261029934e-07,2.75e-06,0.049338496674499244,0.0386658276832584,0.009120879698293298,0.042218195279656014,0.00021675945068937047,0.0006244254797533231
36,0,0.0011735020583351667,0.012441035418047475,23390.611633199664,2.0,4.773040160129399e-07,2.75e-06,0.026285105541212255,0.031317074409069966,0.011764488531798309,0.007840845995850299,0.0003993654625387773,7.437418281861982e-05
36,1,9.858076667778232e-05,0.007795372474901007,12598.749148052006,2.0,4.839679192142812e-07,2.75e-06,0.02289224380152281,0.039583670887432774,0.007749407928859655,0.0055271397747871575,0.00048164772603339034,6.397701706417962e-05
36,2,1.0787941292144505e-05,0.2937219647696445,8189.149295782772,3.0,4.689077780484664e-07,2.75e-06,0.038152636545312334,0.005776178991045578,0.013960229604339396,0.0005251246598955923,0.00019632030138882835,2.890039488811171e-05
37,0,5.696467062574484e-05,0.09376117413001805,10332.532647288877,3.0,4.6057652968556324e-07,2.75e-06,0.02139974180326477,0.006585055926961499,0.012556086036184461,0.0008326410969059565,0.00015089871288304776,2.5303874358302417e-05
37,1,0.00038610183959384407,0.03736372817025051,14971.549619775993,2.0,4.5725741309250144e-07,2.75e-06,0.024199537006736938,0.01900635691031216,0.011575526928587388,0.009242159377782572,0.00018880847246741464,8.351131143272663e-05
37,2,8.847334937070667e-05,0.0746946253135072,12271.387727034724,3.0,4.5521927871534156e-07,2.75e-06,0.024276222269598784,0.009410171946810965,0.012853286101578551,0.004508663100971256,0.0003161047832673836,4.628258488901565e-05
38,0,0.00013566261403166903,0.1104780108135604,4594.286081303477,3.0,4.7153422762632726e-07,2.75e-06,0.03340175382270951,0.0280131720813258,0.008176302336977541,0.024650356563110057,0.00017440654267932031,0.00035410304233281735
38,1,0.0005304224008456403,0.07226091631208192,11364.146973386425,1.0,4.597036122401569e-07,2.75e-06,0.022479246259732133,0.016700561912240126,0.012653823765300614,0.009890656304670951,0.00015099440118851773,8.714582198852756e-05
38,2,0.00015328180195316572,0.18724519076391352,20901.922944236296,2.0,4.647039970152532e-07,2.75e-06,0.025153985228963727,0.006782211886689634,0.01408964657891063,0.004348456230281498,0.00013834868194906013,3.518092959469463e-05
39,0,5.3336577592784865e-05,0.22768649023881327,21380.117761890826,1.0,4.834527994313377e-07,2.75e-06,0.06245851048585707,0.006302146732539367,0.014444217995095638,0.0004939826327268526,0.0004778387554623055,3.229281180754516e-05
39,1,0.00034105478715871666,0.005601061723719868,9477.898630305996,2.0,4.593053946523036e-07,2.75e-06,0.07896342036106282,0.08193046130847731,0.004199981954048116,0.011119887555229488,0.00016423619025318975,0.00025543276717556303
39,2,3.966965173534628e-05,0.2652850381829289,13983.92903778075,3.0,4.6150920348384124e-07,2.75e-06,0.02279086707635593,0.00591059030307635,0.013930694942800102,0.000493083716092201,0.0001579353957228736,3.0914966589083536e-05
40,0,4.786775186441943e-05,0.07273426427322659,4319.500206886281,2.0,4.6930964320169325e-07,2.75e-06,0.02176848587909076,0.011590931894979622,0.010970866606333769,0.0013226935117915863,0.00013714299864651212,2.771026279832681e-05
40,1,6.961069352449164e-05,0.2253595051833574,23745.31703243233,2.0,4.840059278811263e-07,2.75e-06,0.06344786063928692,0.006011510356702074,0.014696033916184452,0.0005724991641857881,0.0004959833172634032,3.197384742754015e-05
40,2,0.0021638776038405342,0.058191302313684454,11875.330335983765,1.0,4.6535734613484133e-07,2.75e-06,0.02896808486366277,0.031370474585154205,0.01161247312801395,0.00824783940661917,0.00016467934337021533,0.00012989939502528513
41,0,5.842407604003743e-05,0.07879526081010448,14133.11723304168,1.0,4.700966399965104e-07,2.75e-06,0.036179760039869543,0.005562504950221953,0.013522748029634797,0.0006141432000033396,0.00018395545763071668,3.095192850391285e-05
41,1,2.750872024315742e-05,0.01659401809501826,12451.219615990227,1.0,4.7264746811303074e-07,2.75e-06,0.041646626045949486,0.009779732654575688,0.01221936715465389,0.0004889047131261963,0.00033513984110684496,2.4934311731002115e-05
41,2,0.0001586851960595798,0.14661444490952644,15420.92948322042,3.0,4.583061182624074e-07,2.75e-06,0.022626951687138297,0.010389513707040396,0.013278812651713379,0.00881550169370067,0.0002005887438966598,6.956683184719858e-05
42,0,0.0017244017115377074,0.15950490295979136,3379.3565316534355,3.0,4.65627520037043e-07,2.75e-06,0.2191274121257565,0.18766062862168623,0.012350922072809911,0.10340261365001881,0.0003944341906700045,0.0027537736279932223
42,1,0.0005729059006020313,0.11847425752942499,12241.497072867722,1.0,4.577541908193347e-07,2.75e-06,0.029412151085230764,0.014218106852305054,0.013155548642878975,0.009378730918835355,0.00034040177235738985,7.498826715709302e-05
42,2,8.02759182476982e-05,0.21428428389796003,3028.5677089094197,3.0,4.6063943993950253e-07,2.75e-06,0.02053457751947265,0.010178493776272493,0.00982987692724911,0.004757603567701283,0.0001997487590573206,8.986114696156917e-05
43,0,0.002587759258094922,0.1959708643152281,9120.908787557975,2.0,4.6140885319450483e-07,2.75e-06,0.07252223158413722,0.07044849865359211,0.006724407475567323,0.02844282289343712,0.00023961671778459552,0.0006422720119847742
43,1,0.00012461224052315686,0.20373973266325043,18213.208524913825,3.0,4.719479037775039e-07,2.75e-06,0.04103376609469682,0.006972243273128768,0.014294170623940512,0.0045727700305825195,0.0002621607407742431,3.978801518734326e-05
43,2,0.0001553767746405208,0.25721502259244383,4418.2084416243815,1.0,4.678646083861613e-07,2.75e-06,0.02441467442871054,0.013583993685358786,0.011941452147209161,0.0134608875714326,0.00016351379819187238,0.00018035349533750283
44,0,2.9722624646752815e-05,0.2688095865613746,22439.322178959752,1.0,4.5794784577858047e-07,2.75e-06,0.023992369025800594,0.006407722275247743,0.015177331481686297,0.0005050527179787792,0.00040955199519437994,3.239423315060444e-05
44,1,2.2750645884698387e-05,0.23934296913004965,17541.320484453587,2.0,4.702421359240835e-07,2.75e-06,0.027458633050728144,0.006119953526593756,0.014758876498549962,0.0005011039547452504,0.00013555408112708988,3.185571518096562e-05
44,2,3.5371050759942675e-06,0.18376862849122316,21546.832299775408,3.0,4.6111960675340027e-07,2.75e-06,0.021937432952604474,0.005900580898554222,0.014391841503721697,0.0005116802557249568,0.00017349370411399645,3.15945223960974e-05
45,0,8.68731763303601e-06,0.2197302498455068,14991.39804792286,1.0,4.6155298420687946e-07,2.75e-06,0.020994858114882897,0.0062529289639891815,0.01417542539972657,0.0005087650222873589,0.00023950385856414628,3.2138452987480035e-05
45,1,5.538939101043917e-06,0.2858272816811519,15139.839533600001,1.0,4.7311886481811805e-07,2.75e-06,0.03798636683026305,0.006360473817665337,0.014860542446948654,0.0005069300561969179,0.0001848338373764513,3.22404809173573e-05
45,2,0.0005609348058884221,0.1333319068105433,24502.634352996807,3.0,4.6293580483267544e-07,2.75e-06,0.02300058660720593,0.01236663274862218,0.01377108903026908,0.008660074908082805,0.0001466365649062664,5.278308655146059e-05
46,0,0.0012090610624300297,0.23453437673447855,15560.632502147067,1.0,4.532344338785587e-07,2.75e-06,0.03598616519836557,0.01749627947989792,0.014052991795052547,0.008246828433488668,0.000397944255776213,7.444717412220598e-05
46,1,0.00015667904333758367,0.12126448876899208,23483.042435401243,3.0,4.6783550447936213e-07,2.75e-06,0.022678355436869368,0.008104434748156251,0.013883442225973541,0.005918407133835729,0.00014218083004840764,4.187915853127551e-05
46,2,4.547463486876189e-05,0.013440015815422566,24405.685819197217,3.0,4.796213388705516e-07,2.75e-06,0.042523461965633336,0.016570420917413235,0.011294211476897147,0.0007682323680122399,0.00045174200940926675,2.0467363588292387e-05
47,0,0.00048650522158038813,0.08006157597479009,19287.237319067885,2.0,4.6431185739716805e-07,2.75e-06,0.023489260876638024,0.012864295114337254,0.01204992847329687,0.00759063267417574,0.00014345163131693312,5.790994699442401e-05
47,1,0.00028892308983345774,0.26258555867366645,23813.89160424524,2.0,4.6249764831308636e-07,2.75e-06,0.020443016423558707,0.007319978307257606,0.01469048271607581,0.005153147137408197,0.00018432446921989705,3.688474335646131e-05
47,2,9.390349456920452e-05,0.25669016876995726,23905.518829904322,1.0,4.593010732143852e-07,2.75e-06,0.02203153174712227,0.00611325655688878,0.01508270389599052,0.0006432804258664471,0.00017213437265715243,3.2199197394972534e-05
48,0,8.299722497543863e-05,0.13817908040575363,24551.5213689574,2.0,4.6451047086172037e-07,2.75e-06,0.030260391049984774,0.005569528688727521,0.014352530715563312,0.001065087164491922,0.00014384143737629837,3.15406965379601e-05
48,1,4.372237324958604e-05,0.21081591779928274,10794.828436470007,1.0,4.792479545883018e-07,2.75e-06,0.060159730420933054,0.006066171551838067,0.014343158058119409,0.0004980774682543925,0.0004526212526361813,3.160174203182747e-05
48,2,7.915057240397453e-06,0.24288004682978676,17878.048609041194,2.0,4.602922413668059e-07,2.75e-06,0.02097525006413366,0.006141526315880949,0.014525774949171052,0.0005094497300352614,0.00023501506891909383,3.190491506083409e-05
49,0,0.0014007428679759953,0.15865380829938164,9685.0001755866,1.0,4.7641733739389314e-07,2.75e-06,0.03142118551909558,0.029950052002294444,0.01120746929426806,0.012543036594993446,0.00032022799023497927,0.00018837298067649551
49,1,8.496267454790592e-06,0.2770379898739289,16367.353804957052,2.0,4.6566948359823914e-07,2.75e-06,0.02812561413220378,0.0061824329079615955,0.014556862509100344,0.0005078879915683782,0.00013544244320275284,3.18629112777313e-05
49,2,9.442139504587023e-05,0.016654865240023763,18079.855792352406,3.0,4.492081613691308e-07,2.75e-06,0.027234641463804558,0.021554845660957934,0.01061975931888208,0.005614919784127033,0.00022021486686265418,4.548020660903037e-05
50,0,0.00030522098340599046,0.1511967198920288,23739.279305789612,2.0,4.6937139634724657e-07,2.75e-06,0.023356518344554572,0.007560905965297152,0.014350540654638309,0.005128494494311182,0.00013870629813619604,3.6359258860691416e-05
50,1,0.0002657989923710595,0.20670255507280774,7070.856283577151,3.0,4.653941139149342e-07,2.75e-06,0.037481508960494965,0.02366717258726071,0.011641765420762715,0.02541740342461284,0.00017321867780840277,0.0002927523566621213
50,2,7.535025628708611e-06,0.25353399154840633,8480.453240088214,2.0,4.586752444457351e-07,2.75e-06,0.022474084827930483,0.005859033745388795,0.014403451463156247,0.0005052497141729312,0.0001636323742002659,3.0118848699058712e-05
51,0,1.706812142426993e-05,0.250793188609158,15314.087040787645,1.0,4.502325397756932e-07,2.75e-06,0.02356946219797614,0.006311768482547629,0.01530888338880716,0.0005073380830298739,0.00039588166840544997,3.219118410395812e-05
51,1,0.0002110544786697608,0.008843117057393168,12873.649471749475,1.0,4.5717626374064716e-07,2.75e-06,0.030594586539223794,0.02427346224888635,0.011677040388542554,0.005359824529125614,0.0002445901528091768,5.2107733375188554e-05
51,2,7.553395786523152e-05,0.29391985072516663,21074.68424441755,2.0,4.6221690176922694e-07,2.75e-06,0.023746256211286298,0.006053189624687551,0.014752383223782507,0.0006012301601907488,0.00015136081179963694,3.1934152440616475e-05
52,0,4.899529973577709e-05,0.016100289708382884,7716.388093204144,3.0,4.7200543645424563e-07,2.75e-06,0.022510226098370712,0.04265619348104908,0.004664783401502921,0.002869983635282771,0.00029208982305521024,7.539913443220635e-05
52,1,0.0003494482456682987,0.140158357130448,17170.19076395287,1.0,4.6193522348669185e-07,2.75e-06,0.022284022017628097,0.008238680055399721,0.013756781375670222,0.0059604488462996486,0.00014408094656330242,4.2478740336134915e-05
52,2,0.00010353095659928971,0.29860782069353564,18479.312663347595,1.0,4.552149923943325e-07,2.75e-06,0.021047033729558264,0.005965450658881302,0.014222188052627231,0.0009459758380467115,0.0002857279292588151,3.1961357477292696e-05
53,0,6.010284928639946e-06,0.1674477636825376,8127.866842581095,3.0,4.5935508219619216e-07,2.75e-06,0.020898158345885987,0.005842885612499095,0.013528796018935982,0.0005353382223083972,0.00021776290391685598,2.648250270307804e-05
53,1,0.000125018257443835,0.11071189237823795,3171.942176440829,1.0,4.6581073627823665e-07,2.75e-06,0.026625655334885378,0.01877518017937751,0.01059593403735356,0.017275595606309143,0.00016784232303531765,0.00026765254091367855
53,2,0.000758133369199972,0.20788753452312783,19450.02011774517,1.0,4.6667548277323204e-07,2.75e-06,0.024568980434266096,0.010437327007184078,0.01351273765156887,0.00615384968203923,0.00014578488477293822,4.1520458978869744e-05
54,0,3.5865605965117624e-06,0.2844784917561509,22159.778474000792,2.0,4.7095326424996e-07,2.75e-06,0.032687091071691064,0.006289683102053034,0.014773857884999131,0.0005101495861390486,0.00014910457432309746,3.2185781719368095e-05
54,1,6.405055328129456e-05,0.16388269215288784,12162.18336937292,3.0,4.4853164505627194e-07,2.75e-06,0.0210257753430263,0.005523671500648276,0.014141113594486249,0.0006470862108993805,0.0002562478909010329,2.8909694746911246e-05
54,2,0.00021289876605068604,0.23875052937989374,21363.99615634618,2.0,4.6008362466597954e-07,2.75e-06,0.020513389576094318,0.007479384385341177,0.014766580068897896,0.005344457328487348,0.00023381871209790758,3.907292885423512e-05
55,0,0.0003344263874638352,0.08024923510428296,10573.155306822451,2.0,4.6854340751028627e-07,2.75e-06,0.024816334218214803,0.017911134761108876,0.011481013210488404,0.012058888109645081,0.00015659667005414615,0.00012054752456508016
55,1,0.00011496124366190302,0.20368085500647024,22220.24651240479,2.0,4.5009893996477127e-07,2.75e-06,0.023108708826959243,0.00583869068961987,0.014211035581617149,0.002569928540007009,0.0003687637004609515,3.1575855105448033e-05
55,2,0.000987317970146676,0.2637572935952209,11454.269269224449,3.0,4.5218711246987044e-07,2.75e-06,0.04495384528717818,0.034513027858535925,0.010705446334587717,0.02285368648480064,0.0002475773061210396,0.0002734762854696276
56,0,8.483920081884001e-05,0.0711337976547603,16648.15136284705,1.0,4.563959297083978e-07,2.75e-06,0.021129654605115646,0.0055274629648466725,0.01394527390839028,0.0016500252910529537,0.00017297237165599526,3.087528339448761e-05
56,1,4.020427647079179e-05,0.2574869534124139,4529.491230682512,1.0,4.736862990136437e-07,2.75e-06,0.03769119534346672,0.005803798196405898,0.013186051152447427,0.0005070777468410317,0.00019048115826476183,2.910226042653867e-05
56,2,0.00014242382263115038,0.06701830258687787,5257.953804091314,3.0,4.653394773949213e-07,2.75e-06,0.037610496497731745,0.03250575435275148,0.008415712303080058,0.024550525193534536,0.00018440045438642606,0.0003271427617789688
57,0,9.982437114365486e-06,0.2576375253040453,2850.1244442736265,3.0,4.6185060854971777e-07,2.75e-06,0.021728184939870332,0.006681288196018254,0.010014183768128538,0.0005064866725403604,0.00025542044061235353,1.6312002872342625e-05
57,1,4.894690087256936e-05,0.027885735460812088,4475.173648766635,3.0,4.5579968239149927e-07,2.75e-06,0.060314882956201965,0.041760677456942584,0.00486792321974394,0.0036952069716971654,0.0003732138499007159,0.0001080845828865601
57,2,4.910710346030549e-05,0.24822105373292158,12445.07114297543,3.0,4.540016525206296e-07,2.75e-06,0.02256322400290432,0.005776347490547971,0.015056403320982991,0.0005076332089802366,0.00035168667893627805,3.0361483180863748e-05
58,0,0.0017723501017075792,0.09312984086294825,12526.69376559639,1.0,4.5171838733349916e-07,2.75e-06,0.05066655903541073,0.02649381242488377,0.01125205658619049,0.008287967111467063,0.0004629638429481385,0.00011899257761151737
58,1,0.0023336258259745147,0.2507217608289232,10303.681400757492,1.0,4.626812003112295e-07,2.75e-06,0.03949998779635395,0.03351304277195579,0.01162239260747465,0.011401868784853384,0.0002481559926390907,0.00021551676942142928
58,2,7.075571414197344e-05,0.21485785712247207,13409.202949746526,3.0,4.641663126302291e-07,2.75e-06,0.028771305791474567,0.005504221395860816,0.014012273991044983,0.0007204900145676251,0.0001386343840249448,3.009159709410962e-05
59,0,0.00010237670111640511,0.16399953563497546,15035.954366780852,2.0,4.771515027281746e-07,2.75e-06,0.047044093285514704,0.005933554612830248,0.014245797828714858,0.002945078443366625,0.00032218772765185054,3.301855096050988e-05
59,1,5.896116994464978e-05,0.014051861826693213,13988.441741788794,3.0,4.7320163083406547e-07,2.75e-06,0.02222000394209637,0.027404487609804674,0.0091623999678516,0.0026600136610044796,0.0001377350058404866,3.314884292199163e-05
59,2,0.00019178103308752545,0.07547507472056182,6517.227541575673,1.0,4.623907126708984e-07,2.75e-06,0.024350591702086023,0.0154995612729862,0.012859479456762512,0.013040196017661721,0.0001564848442256594,0.00013452733552139136
60,0,0.00029675567856638527,0.09875073656563038,4570.4262037385515,1.0,4.859607789539303e-07,2.75e-06,0.04436197840644294,0.02428754990839527,0.010665676520160086,0.0219221576372421,0.00044407103071573154,0.0002752211073812515
60,1,3.043874098395197e-05,0.08679620464054046,7449.511805404261,2.0,4.628157608068059e-07,2.75e-06,0.021736852681415345,0.006818063466010067,0.013106705398433912,0.0004596439414597168,0.00014989242043357513,2.403415652662573e-05
60,2,3.964102595964255e-05,0.23862748368472386,18918.64244065274,3.0,4.519673955813241e-07,2.75e-06,0.02369279228301105,0.005972066889518436,0.015039321441181927,0.0005020844040268582,0.0003930162757960556,3.151647812743184e-05
61,0,2.4091555795382764e-05,0.24517120923178293,8092.589460632258,3.0,4.759476995770286e-07,2.75e-06,0.040665981434057315,0.005684999983313941,0.013454079965282152,0.00050756726926948,0.0002272446245137631,2.8116805399872286e-05
61,1,0.0002050106177706723,0.18257339314144658,11009.829105940424,3.0,4.543870174397091e-07,2.75e-06,0.0304343212743292,0.014398580769044758,0.01259556063010483,0.014016814348442208,0.0003005887692021331,0.00012839368789169099
61,2,0.00043857647690779546,0.14123023394316972,10480.710057752545,1.0,4.660341842398307e-07,2.75e-06,0.022209965947437193,0.013002963282069397,0.013151697183483765,0.01033390848974982,0.000166479488789037,8.392719294656641e-05
62,0,0.00014956199160647002,0.002080032213967008,19170.13496015401,2.0,4.5573699431789144e-07,2.75e-06,0.079412302833558,0.06478798978797545,0.006739764665490901,0.0017222149767449496,0.00031332354821522816,5.1811024826118824e-05
62,1,0.0004811134411958353,0.22848706605566912,20495.916525072094,1.0,4.516977393419553e-07,2.75e-06,0.02269447353734799,0.007786063978853938,0.014228227100276623,0.005436919387637118,0.00031227412448777553,3.800479999736149e-05
62,2,0.0004893488329707719,0.03470030792510843,22274.77119097174,2.0,4.585864486431476e-07,2.75e-06,0.02279187070483603,0.015433850331441243,0.01271744876319335,0.00682559353113855,0.00020711306207295805,4.876828344469472e-05
63,0,0.00029130811554898433,0.1562246021705729,24274.70411879301,3.0,4.789117853846737e-07,2.75e-06,0.054585869015687204,0.009126731567599043,0.013658488156995658,0.0072273076922684905,0.0004762444486973527,4.766073525613203e-05
63,1,5.3829717452220906e-05,0.15997007073186528,4997.510558157596,1.0,4.651885234088298e-07,2.75e-06,0.028391248876117114,0.0055661851180573915,0.01295310225496126,0.0006443183516904111,0.000138495776506135,2.7919743013787705e-05
63,2,3.0911708396214046e-05,0.28859650497520684,17826.065521718327,1.0,4.6412007194010693e-07,2.75e-06,0.024187914009265555,0.006385052575242467,0.014871525280271304,0.0005044416921198221,0.00015065863004155183,3.2305464185120236e-05
64,0,2.1637272789970012e-05,0.07744266486041967,23743.00913070774,1.0,4.6176963279017393e-07,2.75e-06,0.026273755813724,0.005929621245155906,0.014126029401178042,0.0005050036017457294,0.0001367233685063971,3.2062547555348894e-05
64,1,1.4772012893442548e-05,0.14523587608703423,7619.779275621582,2.0,4.813942711613538e-07,2.75e-06,0.04455098619978012,0.005718688822242991,0.013616399578482439,0.0005303054629592702,0.0002811660403658619,2.7674706200560723e-05
64,2,0.00032548706582895726,0.017232539059926586,9990.999210909225,1.0,4.7049013165406807e-07,2.75e-06,0.022589424284386404,0.025347688351762834,0.011936499892471713,0.009395051561085261,0.00023522849353982425,9.927175087886068e-05
65,0,0.0010786330651184686,0.2853106607483652,24758.04826516238,3.0,4.7212781772773635e-07,2.75e-06,0.02827112424935162,0.017623009080173304,0.012375345250517117,0.010364157179850573,0.00022037670432528686,7.068703088643757e-05
65,1,6.816397078401283e-05,0.009354515850595279,18482.326193122826,2.0,4.7286616377216236e-07,2.75e-06,0.023282570536171072,0.022625313549383613,0.011163134187003619,0.00274010157974062,0.0002393308723202631,2.6525043386773718e-05
65,2,0.0006763274558104112,0.07504707755152355,9631.400274958727,2.0,4.598199180822392e-07,2.75e-06,0.03430518988863327,0.029219938092333916,0.00998736362483845,0.01633525240869929,0.00021714960680090738,0.0002252893779542589
66,0,5.551685920461461e-06,0.21011200775652925,24324.2674866805,1.0,4.855857354593641e-07,2.75e-06,0.05519180171152544,0.006360447240623657,0.014360154495241728,0.0005090392189285893,0.0003826773165958603,3.239663996806917e-05
66,1,6.713134657071575e-05,0.11722243276668479,11219.179747998449,1.0,4.6589700900869735e-07,2.75e-06,0.027000999228190294,0.005563370817393651,0.013393422905162503,0.0007486971016757135,0.00013610228845519122,3.0787779497343296e-05
66,2,0.0011963850554941552,0.06903063924677495,23548.308383522737,1.0,4.6700303820434336e-07,2.75e-06,0.02703579365999648,0.013728496305777079,0.01322235303678082,0.0046041855477859245,0.00016973765499794257,3.538817276011812e-05
67,0,4.805077258406741e-05,0.222944356129814,13473.214700648503,1.0,4.7562695810666724e-07,2.75e-06,0.042609079818464346,0.006169636305581188,0.014607112241184215,0.0005007498493728682,0.0002323776254581892,3.19382280943573e-05
67,1,0.000420912262791708,0.1845572837269476,11040.495928600123,1.0,4.670865324231691e-07,2.75e-06,0.024590469778938685,0.011755536918717354,0.014175606510315774,0.00987026396347531,0.00015591406155296138,7.957255607116558e-05
67,2,0.0003326413283844624,0.09368772553470747,13897.24277305189,3.0,4.6979194112674765e-07,2.75e-06,0.02975713520259172,0.016822334056519214,0.012404878514678806,0.013081704622176416,0.00020696221419898625,0.0001055770566243136
68,0,4.57081942934128e-05,0.2879623958220404,17811.485296472587,3.0,4.6890998420944317e-07,2.75e-06,0.03265735941255765,0.006054894108427144,0.014489674132088392,0.00048713968507499444,0.00015028383490966142,3.1548671973191124e-05
68,1,1.5756941372573897e-05,0.12628933457596178,2249.822862024421,2.0,4.649913058833449e-07,2.75e-06,0.027780429218633874,0.01067358713953107,0.00934195573164224,0.0002961263844136842,0.00036714217465987233,2.2515214760254482e-05
68,2,1.396186350826732e-05,0.28240137758364364,14131.044915393783,1.0,4.7022900573667756e-07,2.75e-06,0.04462791240488387,0.0063389527571548095,0.015263980707030425,0.0005069334265655627,0.0002519561035710922,3.217293441618092e-05
69,0,0.0010539093257380843,0.09142204460828297,23858.693919762234,1.0,4.7321960575978955e-07,2.75e-06,0.045054025546621614,0.012464212653187562,0.013233713166791223,0.0047717218372511595,0.00040571832293597826,3.4752593916262235e-05
69,1,0.00014860312523621175,0.09732801352989078,17250.00461479076,2.0,4.607256607493883e-07,2.75e-06,0.022421439784616498,0.008098712625254363,0.013627083545781765,0.0056675668158532614,0.0002824587073825744,4.407755658984633e-05
69,2,3.923932627327087e-05,0.1943250948000689,5965.976113521148,2.0,4.6013572754363406e-07,2.75e-06,0.02139319656901112,0.005637536082383582,0.012498831298623572,0.0005146004941729464,0.0002821749341406015,2.6633055009421657e-05
70,0,4.394639040224119e-05,0.2352593463600556,24513.82900561905,3.0,4.719781033907489e-07,2.75e-06,0.022556865827541406,0.006074027292413359,0.01540135436570893,0.0004948842027075245,0.00016501431823113006,3.191062644136894e-05
70,1,1.195745916861993e-05,0.008718146386035696,8284.741279990427,2.0,4.675854366922993e-07,2.75e-06,0.03838590455553222,0.04903991715282419,0.006198377135866774,0.0010073213122848376,0.0001400851448333505,5.310676096701117e-05
70,2,9.563655861032774e-05,0.172916138816406,10263.744870523846,1.0,4.6897108992576776e-07,2.75e-06,0.02986427375252877,0.005590976836342183,0.013996896901399901,0.0018281497718185917,0.00014562589097922557,3.118681413819696e-05
71,0,7.397030402757927e-05,0.21459784082591699,24415.963502070208,2.0,4.53861480838946e-07,2.75e-06,0.023270789393851476,0.005942358555641955,0.015002203071384885,0.0006114537643359753,0.0003852652240084427,3.1942964672985915e-05
71,1,4.90697660930378e-05,0.2647511225156833,18265.213385502626,2.0,4.621531373579324e-07,2.75e-06,0.02088784449449797,0.006135298974670915,0.014297314429688271,0.0004961455536195725,0.00022467187915911125,3.187590545236744e-05
71,2,1.3600989120148261e-05,0.1849653509642655,13399.61799969909,1.0,4.65317292063329e-07,2.75e-06,0.029234120197279185,0.006135328032154813,0.014191720657437151,0.0005082847698505093,0.0001368185622334679,3.193090042300905e-05
72,0,0.0006436677567637477,0.043379774075358965,16014.54942533855,1.0,4.606094376898168e-07,2.75e-06,0.021619245783738653,0.015906920233389337,0.01318405445934731,0.006762496423652239,0.0001528555627896939,5.384233275871594e-05
72,1,0.0008529090379181913,0.13554850013482353,24573.846855582717,2.0,4.580803323153289e-07,2.75e-06,0.021738354721345665,0.012648066467238274,0.013590356967727564,0.007305758404685828,0.00015028585625887937,5.1999055160340184e-05
72,2,8.38746261155404e-05,0.008163892715006914,21222.678753876593,1.0,4.804070132286801e-07,2.75e-06,0.05729189226502054,0.013201221144748828,0.01263439335368837,0.002236533804253866,0.0005920835703565746,2.6541914067144843e-05
73,0,0.0028651832572380398,0.011043625377687515,7961.649487081385,2.0,4.655467634603677e-07,2.75e-06,0.11082789394199187,0.11221623694257182,0.005703828329745304,0.024536389394928138,0.00023722871093609228,0.0007414384437018913
73,1,3.813057108039312e-05,0.23635340216282996,8985.73518785512,3.0,4.5823407381763354e-07,2.75e-06,0.022563493499270493,0.005630107296525644,0.012941384159647734,0.0005058867341635977,0.00015653252615919938,2.8557161303660588e-05
73,2,0.0005808691206198412,0.14545669752908064,13884.108491640482,2.0,4.6980142946061814e-07,2.75e-06,0.027894667447256893,0.01657593653320066,0.012943399688317564,0.011629480550248948,0.00018947540250052774,0.0001084853742254803
74,0,5.781888441279163e-05,0.2777155350773397,13729.716892272016,3.0,4.7040245785882444e-07,2.75e-06,0.03814100218518792,0.005835115738862982,0.014610016237135514,0.0005351587483974723,0.00019372080028431308,3.080666204623778e-05
74,1,8.752194128076671e-05,0.1645053163876786,4002.6949432551437,2.0,4.711759217327371e-07,2.75e-06,0.028194270961732926,0.00985522329362533,0.011165677073394836,0.00613712721211538,0.00016939325953209582,9.629950909442095e-05
74,2,7.12495694847844e-05,0.2943882358450823,10185.372234745408,2.0,4.6188632843268464e-07,2.75e-06,0.022451520960771253,0.005714328019718864,0.013691978254720238,0.0007121465637774457,0.00016147481615247136,3.053479486415216e-05
75,0,2.9555708491623826e-05,0.18208816348833964,14627.98384414946,3.0,4.5482834562157155e-07,2.75e-06,0.020882612132136564,0.005720169754487012,0.014128996246140458,0.0005019135670097868,0.0002630703333235023,3.0494228015676564e-05
75,1,9.012938289543367e-06,0.09023324917657273,21181.782461103518,3.0,4.548871864557406e-07,2.75e-06,0.021899187196487202,0.005666651571113475,0.014151174244946446,0.0005069793256939708,0.00031080509490834983,3.050002667430226e-05
75,2,0.00040381752960575264,0.18781308359329774,8034.72983338396,3.0,4.7211477142434504e-07,2.75e-06,0.03811950597393194,0.024660177613206092,0.010669188888036104,0.02336745456330899,0.00027357605167277195,0.0002577628350403792
76,0,7.473334520857317e-05,0.26360417103928546,5863.725780142184,1.0,4.43112662869069e-07,2.75e-06,0.03523448689838189,0.005646352283571669,0.013684513337541322,0.000914903296350154,0.0005944406734517161,2.9907845138248643e-05
76,1,0.0007220327067470095,0.060466862647740455,12151.544011498898,2.0,4.581748135796969e-07,2.75e-06,0.025761338535690056,0.026428479120477206,0.010589694861610327,0.0134358028979326,0.0001595445430613346,0.0001610554727826912
76,2,0.0046143761149827775,0.12854836299904854,3207.5082637949017,2.0,4.5323309957937303e-07,2.75e-06,0.355545163424412,0.25872903963286853,0.020563926500788702,0.08642242839523966,0.000727381672432781,0.004794336791851212
77,0,4.44865353193348e-05,0.11902335221676506,5807.385637786796,3.0,4.521317462633358e-07,2.75e-06,0.03205371449306358,0.007755405123671806,0.01114780169644651,0.0005983196328346669,0.0004806154040499133,1.95262934738975e-05
77,1,7.421895256219686e-05,0.27955727797036856,7972.356122298596,2.0,4.750915646331699e-07,2.75e-06,0.03144961221532721,0.00550699337107535,0.014276290901962016,0.0010396564518828585,0.0001498328603813023,2.9546573186425286e-05
77,2,6.3397940996355895e-06,0.13453420828215162,13799.522881435094,3.0,4.6097717624717836e-07,2.75e-06,0.0215951691639165,0.0056779811515725335,0.01286994400458318,0.0005115585765995892,0.00017028637083846566,2.952994803523439e-05
78,0,7.085203242470721e-05,0.14296401728446265,17170.848461477184,2.0,4.59177625415638e-07,2.75e-06,0.02397645747960887,0.005531352367526659,0.01391792704195531,0.0008173542449912987,0.00014371594796829554,3.098341893114872e-05
78,1,0.0002651925036764956,0.0069070905644329815,5428.395691786731,3.0,4.703676985987165e-07,2.75e-06,0.14171471351564954,0.15296398537236644,0.01356298204615273,0.029522369999680702,0.0002347247317073425,0.0006999193181886314
78,2,2.0563005880069907e-06,0.018503813997121032,3911.650147503091,3.0,4.5944092637055004e-07,2.75e-06,0.06857919386398026,0.07033732338020912,0.007211082077535923,0.0012667766425540643,0.00016924758094437095,0.00016679121972133746
79,0,6.95094204209332e-05,0.1631443346905719,5678.525202831967,3.0,4.6373748000991935e-07,2.75e-06,0.021169945778164806,0.00686817922900726,0.011509990097707257,0.0017517202313235448,0.00015137204928763592,3.136799026512098e-05
79,1,0.00010198658632467803,0.2361266954668803,18891.559376412835,2.0,4.5465010488537195e-07,2.75e-06,0.02064858202978685,0.00566484948550506,0.013975893314535618,0.0018449099494140461,0.0002664807998450681,3.1353703135042164e-05
79,2,0.00021639937287251776,0.24246353140147758,16681.46643853325,2.0,4.748183919890291e-07,2.75e-06,0.033969565064299156,0.008641596948065617,0.014021690135597264,0.006911311988911217,0.00020111044365642342,5.195309581947356e-05
80,0,4.6250979840510486e-05,0.11383648179093775,13144.704230959594,2.0,4.716774819314221e-07,2.75e-06,0.025403984655903388,0.005594372192970026,0.013262276182346799,0.0005265823888423425,0.00013643427703093023,2.99634969961197e-05
80,1,0.0006623490320513714,0.15776779451415482,22034.56017089826,1.0,4.6555736161719887e-07,2.75e-06,0.026361142371316818,0.00922524467825523,0.013803191029699055,0.005488466344247694,0.0001510444630390582,3.618332910431259e-05
80,2,0.0002856117092192053,0.27648588046962447,5596.671750770483,2.0,4.639328014136051e-07,2.75e-06,0.03157980383436302,0.020710800219207078,0.011939556906438574,0.02160822445286074,0.00017895410548422817,0.0002730425680918096
81,0,6.622396508933059e-05,0.20244376042157916,7358.9950983473655,3.0,4.786717409939338e-07,2.75e-06,0.044771179791853515,0.005633423979223018,0.013205203378627245,0.0009294497032076168,0.0002931652658292047,2.6320762747562934e-05
81,1,0.0008454081186847732,0.09115444565019606,21031.13980946891,2.0,4.6377972947764184e-07,2.75e-06,0.022814596446639985,0.016052108577555114,0.012844673626405024,0.008598595485967685,0.00019384966384155386,6.736510752719425e-05
81,2,8.151425368170511e-05,0.10800109314037212,4762.050120557358,1.0,4.7057814348757854e-07,2.75e-06,0.031897979025912064,0.00687205197143147,0.01264325265410469,0.003102165816953861,0.0001814165161681762,4.7031956790611716e-05
82,0,0.0007346517814191243,0.15949906804263317,10729.631286404647,1.0,4.6845153763328647e-07,2.75e-06,0.025042446122254407,0.017608176611431502,0.012631481014716025,0.010871123645608424,0.00018203644349270488,0.00010573358917134833
82,1,0.0002969187542951482,0.2629829905914746,7310.072969181543,3.0,4.573262549832962e-07,2.75e-06,0.03613884653817215,0.021372036333685146,0.012720902271464463,0.02292375923298671,0.0002735059887215259,0.000261270419675402
82,2,1.462529577359485e-05,0.2621339274607005,4824.196717169338,1.0,4.4793323567026744e-07,2.75e-06,0.023044058989765748,0.005931643607853231,0.013243887335435814,0.0005020317059708086,0.0003691636422514569,2.9694938692362332e-05
83,0,9.005977606341722e-05,0.23548210585803733,17992.135630343524,2.0,4.642447041455865e-07,2.75e-06,0.027505907249166284,0.005666110039603038,0.01449484959671018,0.0012153324994792103,0.000136163778123442,3.136292602584472e-05
83,1,4.1410856306468846e-05,0.08654225176321226,11169.842971158865,2.0,4.652891663442676e-07,2.75e-06,0.024790341992067744,0.005898167610129055,0.01363421461744782,0.0004974220682231603,0.00013653748036958745,2.8169124666240202e-05
83,2,6.792914034777944e-05,0.2549377337151369,12308.354933735609,2.0,4.77951417760383e-07,2.75e-06,0.05716112275570343,0.005748525688019232,0.013916434737737344,0.000629540508723442,0.00042013459458546546,3.094123782006795e-05
84,0,0.00025839562401323184,0.19251855878805077,18145.21948567933,3.0,4.4933834734474745e-07,2.75e-06,0.02519883071954593,0.010497556523567911,0.0139223013418717,0.009181103899788426,0.00028149493022764364,6.699054170243964e-05
84,1,3.145104335334378e-06,0.04782154696369901,21763.492824406298,3.0,4.562504888336415e-07,2.75e-06,0.02185161284949418,0.00658174658084176,0.012754487559847025,0.0005045873027196636,0.0002863616975580257,2.8803293325282444e-05
84,2,2.427107022985452e-05,0.23181252816352987,17342.563094347533,1.0,4.728427378250842e-07,2.75e-06,0.037373988391207515,0.0063107749129627045,0.015107764856842246,0.0005047283510148504,0.00017986863566226598,3.2243221265659945e-05
85,0,4.097751083426894e-05,0.12676520926977733,2962.9387040104207,3.0,4.6495558053208355e-07,2.75e-06,0.021210907550012165,0.0121334748871862,0.009228883823202633,0.0006031134820770641,0.00017238775547618796,2.8849849949953254e-05
85,1,0.0012553434700939459,0.001190069887390787,5877.607714880139,1.0,4.653164486526857e-07,2.75e-06,0.14144500414531946,0.14919785640254424,0.006576664156644561,0.0013743952468961388,0.00017452966836023197,0.0003124417736699063
85,2,4.1660731743314975e-06,0.049706310500765835,14264.802254048598,3.0,4.804544035059451e-07,2.75e-06,0.049440881005496984,0.008070474685556678,0.01260478648797235,0.0005602735292461385,0.00040414987228941894,2.492717888432402e-05
86,0,1.538642277970055e-05,0.14204801381279422,2563.5871905255694,3.0,4.694794920646604e-07,2.75e-06,0.022409863633007437,0.012098163002322046,0.008612418186764911,0.0005263047267293465,0.00023034050352708333,2.5445627529887155e-05
86,1,0.0003839807918907761,0.2388406033333988,8372.895315904541,3.0,4.810477933591285e-07,2.75e-06,0.050099439145434764,0.02216333092409384,0.011374643814786776,0.022387111000519103,0.0004556166673135224,0.00023467023876856227
86,2,4.539400487478904e-05,0.09315025869998537,9353.149432192758,1.0,4.6464339218382847e-07,2.75e-06,0.02329749613381381,0.005595323593405452,0.014131435182410182,0.0005414362183350243,0.0001469413942711877,2.9995067372331834e-05
87,0,5.114284419248282e-05,0.2174246331410664,14358.31397274748,2.0,4.7069366458840525e-07,2.75e-06,0.03588561380807587,0.005877994633202074,0.014335044143015438,0.0005158129317320974,0.00017327442226439184,3.129073665876341e-05
87,1,0.00021570467167216693,0.19394940225257326,14880.436167587583,2.0,4.6871555197193694e-07,2.75e-06,0.026708418870723755,0.009141247520403099,0.013183435388832926,0.007480351728496412,0.00014919074683499866,5.866779001222687e-05
87,2,9.91144804776691e-05,0.30023720475120047,21709.64069113024,2.0,4.609315459432423e-07,2.75e-06,0.020726805819604902,0.0058044982257804585,0.015328074421900505,0.001207916426133942,0.00021795920415547217,3.1724947719988644e-05
88,0,4.205727830676453e-05,0.21051023122292165,12080.785293834446,3.0,4.741046382132593e-07,2.75e-06,0.05095704247642594,0.005678359908011431,0.01437212490419399,0.0004898687898415604,0.0003469431779629725,2.9849149637108983e-05
88,1,0.0003204747679635363,0.26512504601363635,24209.099967813465,2.0,4.6339191773598803e-07,2.75e-06,0.020657645410438383,0.007304314279376917,0.014554441080269953,0.0050933209136558985,0.00017767111708551445,3.651822854097727e-05
88,2,1.7796918352692195e-05,0.1596452118928544,18275.745971582845,3.0,4.6884191404183016e-07,2.75e-06,0.03096839894533505,0.005745485535453902,0.01305663853899391,0.000511697050765001,0.0001457603167065247,3.103788574234652e-05
89,0,0.0002278960220166665,0.2730751253708762,10047.32263483249,3.0,4.7319118290839224e-07,2.75e-06,0.04187956531812914,0.015367757568290757,0.012186829003061969,0.015932680833836834,0.00030019588184694346,0.00015203066033443572
89,1,8.389524733237878e-06,0.02779643100932425,8031.411364613067,1.0,4.7343525209088644e-07,2.75e-06,0.02420465261775324,0.009048652478822855,0.012500244511274442,0.0005379448187075349,0.00013915494048943357,2.3295439773050742e-05
89,2,9.40771006419313e-06,0.046302853125488375,13139.288009659604,3.0,4.7520190551082894e-07,2.75e-06,0.035287220786781294,0.009150676951635288,0.010855076733763734,0.000613325613393926,0.0002464805912824324,2.2868897931691914e-05
90,0,2.796413539567397e-05,0.16121043310091804,15978.701674420065,3.0,4.621052544410433e-07,2.75e-06,0.03161680978745015,0.0056979340687442065,0.014049223082827715,0.0004925332695864991,0.0001503491114741239,3.056341768830195e-05
90,1,0.0005011040738692945,0.2496929456137765,8909.29916911776,2.0,4.7026119562346334e-07,2.75e-06,0.03173613778261763,0.019613466393088887,0.011691392592851159,0.01631285067166192,0.0002077221944566636,0.0001909966468892648
90,2,8.849418185305166e-05,0.13882092140280372,14613.34410187228,3.0,4.628439731777253e-07,2.75e-06,0.02529708870888667,0.00578458344645513,0.013360729703970986,0.0022929465111910107,0.00013589977316682826,3.097268792513246e-05
91,0,0.0012720409760341798,0.24605516185179416,16719.873251082834,2.0,4.762192781797874e-07,2.75e-06,0.034106900241015446,0.020982947729222254,0.01231904794775536,0.012160782606845076,0.00038306481871309923,0.00013259687219253487
91,1,0.0002586992201483882,0.014964159712661549,8039.487204985987,2.0,4.591218504252351e-07,2.75e-06,0.05148355693520871,0.04743779390221597,0.006551177923251158,0.015217140050604977,0.0002160309172950405,0.00022624005664301328
91,2,4.8238244883216896e-05,0.17356864982627113,20760.68740594085,3.0,4.787231443028603e-07,2.75e-06,0.049384696669804384,0.005790016175047586,0.013658778670579038,0.000495044627276041,0.0003215524461265595,3.1332999690848675e-05
92,0,0.00020458273866788361,0.27572236440520076,23269.4082747944,1.0,4.5385051552083555e-07,2.75e-06,0.023436838089357172,0.006592120413985123,0.0143899092375747,0.003791517980788466,0.00036628789104805573,3.233957318967195e-05
92,1,7.136751425246826e-05,0.20825114284969837,14405.5968324859,2.0,4.7678954878899295e-07,2.75e-06,0.04862219792899892,0.00564159606325472,0.014343229036013169,0.0007132896357606493,0.00031388483275780423,3.1028995993934024e-05
92,2,0.0001742236326306697,0.07238379911142129,24846.841212494364,3.0,4.7015338234125967e-07,2.75e-06,0.03641754198781899,0.009074488729374774,0.013669268005967072,0.006299373941035362,0.00024794911816850544,4.348921476878581e-05
93,0,8.924132553318458e-05,0.23423039826565586,4019.068921364319,2.0,4.610228276277724e-07,2.75e-06,0.02032109066121072,0.007861564237645032,0.01225810640945825,0.005018506586256091,0.0002034715762127655,8.170527240045909e-05
93,1,9.190891444335744e-05,0.22202783760234548,21283.605972236823,1.0,4.775340894742122e-07,2.75e-06,0.05634286499041941,0.005999733076594051,0.013998962332287262,0.0006857657170111943,0.00040410057593174344,3.2078218735376214e-05
93,2,5.3978639032171475e-06,0.11510833551954655,17058.798232562094,1.0,4.829508502015956e-07,2.75e-06,0.06737584119110133,0.005992818546830499,0.015073455279022275,0.0005154118760014887,0.000549081342760601,3.195209598073946e-05
94,0,0.00019120746475849472,0.13787288789410365,21236.095580320554,2.0,4.619491981488071e-07,2.75e-06,0.020183767312081446,0.007399786427795048,0.013778719469487258,0.005150453141640955,0.00018072026014185098,3.8335148015219186e-05
94,1,3.72622484522525e-05,0.29005813610747305,11203.149875384153,1.0,4.6764916538418743e-07,2.75e-06,0.034122541701714984,0.006266018702140718,0.014505687167004157,0.0004930600929817431,0.00015776090121612384,3.19096595463112e-05
94,2,5.00533724682371e-05,0.08276281101419604,3308.997684488304,2.0,4.6297186998993267e-07,2.75e-06,0.025868764719271287,0.013447683261993816,0.008741762411768172,0.0018139783498970184,0.0003049435272171838,4.0277132826591794e-05
95,0,0.0007561745948846111,0.10006946135507422,24961.76890031621,3.0,4.675314625783778e-07,2.75e-06,0.029115682189014624,0.016888839220168518,0.012533346059802046,0.009383408780943037,0.0002462100511177972,5.9003096776234376e-05
95,1,0.0001923832467344878,0.027458411510564794,9590.33788873901,1.0,4.477918545563598e-07,2.75e-06,0.036970480843437896,0.016634592024213538,0.010986654618101508,0.008622135142714205,0.0004198071531832754,7.530512276145404e-05
95,2,1.0386336871763972e-05,0.09873380018393182,7803.0946919065755,1.0,4.5804678587345173e-07,2.75e-06,0.02096640921309345,0.005700418442509123,0.01394370428493324,0.0005049508095761467,0.00020918468882181977,2.9559213607537348e-05
96,0,0.0001053697202845888,0.05484604764446421,4255.902740951339,2.0,4.857236906857419e-07,2.75e-06,0.043553390851554484,0.02812211371687756,0.008010808159535069,0.017597836174101777,0.0005730560661169928,0.00024849245182876066
96,1,0.0008118354081746496,0.13668602303457056,14272.716819190726,3.0,4.6783303692807285e-07,2.75e-06,0.02929661025569998,0.02714742467474994,0.011103079441241665,0.01654795998754321,0.00015743505112083495,0.000157944792168803
96,2,0.00023398384768886824,0.0017497928047467293,5704.458129078519,2.0,4.5000497991131644e-07,2.75e-06,0.28794039464648646,0.23257211461533434,0.018887108168019685,0.0038967908871550805,0.0004896633724519432,0.0005934737049930602
97,0,1.8040140571032702e-05,0.0884197565121254,12028.484691646478,1.0,4.5648355187984847e-07,2.75e-06,0.025584827913552533,0.0057080471855363935,0.014311553471771156,0.0005091647463880761,0.00043111892756629556,3.10239557691686e-05
97,1,5.108276468785563e-05,0.07984598253416081,11803.42598466591,3.0,4.7381743277295594e-07,2.75e-06,0.042628709003995464,0.006879878168068614,0.011801758239789996,0.0006463835392250173,0.00029649022551752154,2.5540886444412427e-05
97,2,8.716300834379892e-05,0.20074132220713384,18985.95462011782,1.0,4.588956973810328e-07,2.75e-06,0.020868759551582145,0.0059423941035455,0.014921439389991851,0.0006925756223558848,0.00022252037002431002,3.197777622205922e-05
98,0,8.96109534563822e-05,0.19466832977761697,23140.661438598956,2.0,4.605148950265425e-07,2.75e-06,0.02129898384670534,0.005664359806355257,0.014484637483901441,0.001122410141205987,0.00018094744081741085,3.1640987002618506e-05
98,1,0.00034070044099308253,0.23153569414510228,18056.518614345245,2.0,4.745356673896904e-07,2.75e-06,0.031499457047522536,0.009171742212135283,0.01347571967965142,0.007199242954137735,0.00018725335439560798,5.165789990136451e-05
98,2,1.8932721825071622e-05,0.1838371498036231,9847.162687996402,2.0,4.566431446984826e-07,2.75e-06,0.02095728453327761,0.005722511486573138,0.014535492569090721,0.0004984088932561461,0.00020726282633914332,2.9948182354453432e-05
99,0,0.0004740052017426911,0.1474711339223927,13273.10609219201,2.0,4.421291677272139e-07,2.75e-06,0.0543661746127595,0.01506052780888751,0.012465676373963756,0.010827699886392136,0.000670244996628396,0.00010016064142738875
99,1,9.999193284318684e-06,0.2733577800524351,23370.599631139932,1.0,4.5513682817366835e-07,2.75e-06,0.0211082470717613,0.006424781353411857,0.014924573099634042,0.0005076234247550995,0.00028272561780225467,3.2419923282326585e-05
99,2,0.00027118151465199474,0.1393328282100958,14810.395693844051,3.0,4.392108564855912e-07,2.75e-06,0.05196802390834431,0.012834723170842796,0.013356391118640204,0.011234197907577908,0.0006704275231248511,8.84446255063606e-05
100,0,3.0624279561871676e-05,0.07755360078390754,2747.31988939404,1.0,4.664614223116985e-07,2.75e-06,0.021322415492611223,0.008892745439889061,0.011201656376699329,0.00045397489285648834,0.00016908522800039778,1.9565121299203344e-05
100,1,0.0003318344063334383,0.07648316949703164,6066.473296434071,1.0,4.657911106086948e-07,2.75e-06,0.026614037123493542,0.021071243070527646,0.011668390794499219,0.016438214005068476,0.00017064257529577148,0.000185754923557062
100,2,8.533247360436675e-05,0.10570237478790415,15059.994482932518,1.0,4.7152561613989355e-07,2.75e-06,0.033909223742713775,0.005528742539395642,0.014839158918501573,0.0012782766907676376,0.0001678753195954635,3.1144436167849477e-05
101,0,4.389809203736935e-05,0.08605511531122242,11557.63999394133,2.0,4.5991251305234103e-07,2.75e-06,0.02164953168281984,0.005895661026607398,0.013255480274621721,0.0005387885688821825,0.00015932037378764668,2.8283611406131737e-05
101,1,1.1704091050776148e-05,0.20351096094637208,16207.697515586693,2.0,4.6904459439774736e-07,2.75e-06,0.037784828778879516,0.005987934826972773,0.014198742294268733,0.0004981430191823395,0.00018775215784042588,3.161905112116251e-05
101,2,0.0007499924752415757,0.23653573027541494,23413.780963010406,1.0,4.595245758192184e-07,2.75e-06,0.021547695436374376,0.008880391344218988,0.013462279009884032,0.0053366425107120976,0.00015128757929136767,3.5511210256612616e-05
102,0,5.0214928818514245e-05,0.17760515080950418,20669.62823008019,2.0,4.6119198011421085e-07,2.75e-06,0.03338616952677976,0.0059412986881150496,0.014385830789879062,0.0005081176822029348,0.00015564650561504498,3.175559961074436e-05
102,1,0.005111962506917141,0.14838533482880817,5513.900011121592,3.0,4.510520696631258e-07,2.75e-06,0.2987710579381629,0.22792310718805617,0.0144552841078902,0.060275082911928866,0.0006253784176896384,0.002228913320806044
102,2,2.7013812916364032e-05,0.045498719163402576,24378.834981797037,1.0,4.633607262408483e-07,2.75e-06,0.026122124037367783,0.005696663659684506,0.014043990698224285,0.0005023684778656994,0.00013638882781225156,3.1733882548404463e-05
103,0,2.1577080661621415e-05,0.1861359915746684,8567.173653686299,1.0,4.6325872364393976e-07,2.75e-06,0.029172879711079232,0.00595344652007536,0.013686984723046467,0.0005023062390146334,0.0001373143293860408,3.111836132438053e-05
103,1,0.0019101609583309128,0.20368412271978997,20399.17467745599,1.0,4.6172130528706095e-07,2.75e-06,0.023962676817249045,0.017212875812534723,0.01379773519197681,0.005711369785167953,0.00015779592150631157,5.5125837474971314e-05
103,2,1.9979781532621808e-05,0.18224581203231835,17380.72092383828,2.0,4.5155681984398723e-07,2.75e-06,0.021315294219499792,0.00594873996027302,0.014240126821738868,0.000499632473277702,0.0002956361752439962,3.1633048977545496e-05
104,0,2.6882708848621813e-05,0.24331788467338308,2766.8123122190264,2.0,4.5985679345990877e-07,2.75e-06,0.022101403041457357,0.006065389603982595,0.012852893943255636,0.000495101231718756,0.00030436748597663816,1.839975940189596e-05
104,1,0.004364697898765401,0.0862250318332647,13687.462229388491,3.0,4.513766008844693e-07,2.75e-06,0.12646338166870916,0.0927578539458457,0.005387206513587359,0.020977734675403075,0.0005399775967135597,0.00048624844428098185
104,2,0.00013459364184304116,0.29292050513067824,15408.697688204573,1.0,4.622799113926102e-07,2.75e-06,0.02043999601784197,0.006086248764930372,0.014369868192442738,0.002817842206444345,0.00022793350970024004,3.2234197225130294e-05
105,0,0.00011384058016340454,0.2388243076914573,16402.022588113563,2.0,4.597204843274457e-07,2.75e-06,0.025837197208215534,0.006078403355584662,0.014856367395346175,0.0031157549536647397,0.0001361515748163386,3.324196163603397e-05
105,1,0.00012651348904083964,0.0629810545867364,8758.994610205134,1.0,4.75105868329033e-07,2.75e-06,0.04890872557946813,0.010341672808451807,0.013526219525895158,0.007398727437473482,0.0004290063297083828,6.8263605897116e-05
105,2,6.846521681976718e-05,0.13744617004328327,5104.811261176327,1.0,4.5064977605649626e-07,2.75e-06,0.02666632267145735,0.005589096171811969,0.013072253016534098,0.001256465991516433,0.00043586551476111927,2.8858927735421503e-05
106,0,0.00026793616135972574,0.03950472857559584,2602.5575984482875,1.0,4.528368594173125e-07,2.75e-06,0.08802435062581358,0.05675977187677652,0.003966442357606718,0.036796681112914446,0.000504911852909525,0.0007320236902972453
106,1,0.00012481331119379042,0.23500730891475216,18102.749758449205,2.0,4.672021591293819e-07,2.75e-06,0.02751738841985266,0.00633611417989224,0.015131357485086433,0.0035895078917718413,0.00013984869953753956,3.384569015580717e-05
106,2,0.000145744761071766,0.06353547834645336,24151.381721439997,3.0,4.686492536358733e-07,2.75e-06,0.030298900243930962,0.009029257492217726,0.013909109607673378,0.0059022447866612995,0.00018354164599322436,4.206801932062328e-05
107,0,0.0003558605661387951,0.21404847880828148,23443.281164905376,3.0,4.470210298732301e-07,2.75e-06,0.028192821300559685,0.00940774754154848,0.01382068599619232,0.007673221787985271,0.0003772233564703874,5.063816651176124e-05
107,1,9.26693047537458e-05,0.1859398303226331,24876.512813516292,2.0,4.6243609410955373e-07,2.75e-06,0.02632464577487077,0.005655755592684018,0.015046657728139193,0.0012446804176410203,0.00013613281403642333,3.165780322960062e-05
107,2,0.00011082196277176284,0.011519194006338895,19737.022112562994,1.0,4.610159065657779e-07,2.75e-06,0.022272318683626075,0.011809567180120585,0.012390381987814723,0.0031707896652893616,0.00024616868820681505,2.8402210034621348e-05
108,0,2.580995078370026e-05,0.16200229187151904,3204.6050098358446,2.0,4.691254222895224e-07,2.75e-06,0.02268864368869374,0.0069278183062915335,0.01080545880728518,0.00043488764059796477,0.00013994351319821506,1.760763302245151e-05
108,1,0.00011836898838101697,0.18139764637318326,10187.083804402919,1.0,4.5896921130614315e-07,2.75e-06,0.02327937512745584,0.0064317468145947835,0.01466489528849979,0.0037501751763111806,0.00014336090390178137,4.009769935234272e-05
108,2,3.5586769242834406e-06,0.0653050985294658,22420.672347487973,1.0,4.7582312459072574e-07,2.75e-06,0.045332600452329064,0.005823553699813465,0.01487189244238045,0.000511961190213561,0.0002718455860092817,3.1929192505057256e-05
109,0,5.488722589057229e-05,0.009354866120253956,16320.325937984948,2.0,4.615497186886065e-07,2.75e-06,0.024694567001332022,0.024510295048691993,0.009759104731861897,0.0021180121564441656,0.00017340548399382314,2.4915253104872603e-05
109,1,2.5215918890404686e-05,0.024027084045151546,7073.17324761711,1.0,4.70175073372548e-07,2.75e-06,0.028854753010756,0.011400829083764991,0.012187127354183086,0.00046474868151270685,0.00019950226415949606,2.0190962773654662e-05
109,2,0.002406111107523844,0.19745977777452045,11612.355968183512,3.0,4.773058181622967e-07,2.75e-06,0.056649073374272406,0.07533229332022832,0.008364468447536175,0.03160086229133637,0.000359263946034026,0.0005247038633793005
110,0,6.246737124544898e-05,0.04141449724889037,3252.710365843554,3.0,4.642404386307431e-07,2.75e-06,0.052016928402768246,0.042687097531025155,0.004816478079249881,0.007824378268271133,0.0002696706448584542,0.000182505862534266
110,1,1.1750604018201994e-05,0.01249284142588981,17718.79553286748,1.0,4.622469126910581e-07,2.75e-06,0.021218624279195287,0.00930971108589603,0.01315587816983878,0.000580813852828633,0.00015005760246504431,2.7247487697880326e-05
110,2,0.00019580446883663298,0.16881557608822279,2245.5990171740987,3.0,4.731636978381813e-07,2.75e-06,0.07166590101553494,0.06075072287804212,0.007048881246453383,0.07081983180798984,0.00024992001215328597,0.001354499114662254
111,0,4.89921853498542e-05,0.2509361074842287,14695.064392112386,2.0,4.660843282613717e-07,2.75e-06,0.030663552008878454,0.0060024573238283375,0.013689666222849369,0.000507757407453905,0.0001413752566673389,3.148826134093e-05
111,1,0.00016593589291928848,0.25940634242815064,20279.003399808327,3.0,4.679124427737825e-07,2.75e-06,0.030072602928283194,0.008519766442185016,0.014313087200175668,0.006642202312552469,0.0001611333935255631,4.814284736930514e-05
111,2,4.243252545766045e-05,0.16146036564164984,10526.479701726683,3.0,4.5832757369365554e-07,2.75e-06,0.020925919647368323,0.005659558962061249,0.013945070608543575,0.0005217608647820078,0.00023088415296725206,2.8251526046545335e-05
112,0,0.0012402432874314285,0.181681170087515,14359.864933998211,2.0,4.577136984325191e-07,2.75e-06,0.02845544259821729,0.024800875201775763,0.011973482713414293,0.013460064992327663,0.0002091723652186564,0.000165378780081977
112,1,0.00019579989922973904,0.02586541160610709,14356.81972839631,2.0,4.807887626500829e-07,2.75e-06,0.0390738503766178,0.017797427153815267,0.011082401074917583,0.007660539622498343,0.0004131760851655987,6.235744972002583e-05
112,2,0.000277477170710443,0.263185863922977,9439.852843243385,2.0,4.771552963116264e-07,2.75e-06,0.041409044999582895,0.013384299248792857,0.013184934391748476,0.012797209967876288,0.00034363723628945576,0.00012264859181951648
113,0,0.00015873422013951022,0.06088713291662548,3360.8356809828474,3.0,4.4860791639384073e-07,2.75e-06,0.1006252834629106,0.05504738759410336,0.0038175484474974528,0.04166265796206627,0.000665552259524825,0.0006770199567045855
113,1,9.111247157375378e-06,0.2585504733971244,5252.446302534636,1.0,4.617063073186806e-07,2.75e-06,0.020978755288292645,0.005959709124633533,0.014010625267645382,0.000511909056128132,0.00024341181280386723,3.016166022306811e-05
113,2,0.0002898029359770049,0.09321940952429876,17025.29246329629,3.0,4.751607741614964e-07,2.75e-06,0.03483296803422045,0.012883893847350197,0.012845266849406421,0.009988598291618215,0.0002646806639613444,7.348149942922573e-05
114,0,0.00015903825083595597,0.011877492583221527,22332.7502037394,1.0,4.640821930714254e-07,2.75e-06,0.02623155424651434,0.01121878557079261,0.013678903725928615,0.003187302921532398,0.00017046087309736447,2.8505981950329983e-05
114,1,0.0007389347343584602,0.28868328543332983,6533.790832987124,1.0,4.714897753122943e-07,2.75e-06,0.03021937870665452,0.023736425145577358,0.012598250557547755,0.018212942434279896,0.00025784103391761766,0.00023726102026553852
114,2,0.00021849793018251395,0.2980419865393446,4463.897820386534,1.0,4.4912966170684475e-07,2.75e-06,0.03822486299548179,0.01812541334230984,0.012750653842188571,0.019710277196965203,0.0004108633549585932,0.0002651227259169871
115,0,4.965662934784753e-05,0.15119961489096215,9566.585701047312,3.0,4.62620259167643e-07,2.75e-06,0.028413221296123614,0.005712076325863249,0.013977301454858688,0.0005297879456300376,0.00014047044253348074,2.703062564428428e-05
115,1,2.0505886238688492e-05,0.05740687035892715,13962.728271826174,2.0,4.5800143224547905e-07,2.75e-06,0.020980707400339024,0.006376506261822842,0.012602276057373157,0.0004824640799706546,0.00023212185128315615,2.8218244833709804e-05
115,2,8.460822200117515e-05,0.11010071608284129,2479.7150330565287,3.0,4.565721990219925e-07,2.75e-06,0.04364791914186395,0.026922347479610965,0.004959165466951211,0.012593883013469134,0.0003650982413078762,0.00025040422270182207
116,0,0.005557556084469372,0.0461966149470621,18855.6912838029,1.0,4.765844266420534e-07,2.75e-06,0.030847046616655677,0.02482064869575704,0.012879163205422673,0.0040099283609178965,0.0003906345694299901,5.340419601727604e-05
116,1,0.0004244182553293951,0.025057962496342488,21452.184059932013,1.0,4.727996205381185e-07,2.75e-06,0.028128055956581518,0.01187710012815399,0.01285945679877038,0.004630401601112306,0.00019344375510170971,3.2557212539686304e-05
116,2,0.0006352881883076589,0.1721075129403027,7929.451797825025,1.0,4.7584141316079337e-07,2.75e-06,0.02830208301413993,0.020092449060156514,0.012592720572805935,0.014736271002244727,0.00022794412658418603,0.0001600576578978249
117,0,0.0004607249823333302,0.2673644891393971,22983.83147867344,1.0,4.574882251141422e-07,2.75e-06,0.019976289593546425,0.00718506108895415,0.014477746061219536,0.004852351607562168,0.00019895910199309988,3.4707998325018903e-05
117,1,0.0011624581447383158,0.08209047313339496,22261.399515588666,1.0,4.6301582091749974e-07,2.75e-06,0.023148742003764957,0.01410739886878372,0.013485256810494983,0.005068570264053099,0.0001473431641682331,3.8706241506034516e-05
117,2,0.0001421057222452543,0.038227985884004445,15221.604001026566,2.0,4.68368310605316e-07,2.75e-06,0.025455434068523363,0.012130011429941176,0.012375202542716674,0.006410865214626781,0.00016344680330872928,5.0624268623605946e-05
118,0,8.029972697021262e-05,0.06288024012041082,2351.1131005664806,1.0,4.53972114343622e-07,2.75e-06,0.04308658511866653,0.01978607220548,0.007776992359783822,0.009600623499555058,0.00045629137388655323,0.00017895519556239666
118,1,7.670148251855186e-05,0.17386253245883918,19151.266574506477,1.0,4.55430341910672e-07,2.75e-06,0.021062405224925723,0.005982493258717821,0.014362831625904168,0.0006132130210168408,0.00020823895905347237,3.2000438603827186e-05
118,2,3.2840954893558875e-05,0.1770017489466091,5319.689575403128,2.0,4.508228491367316e-07,2.75e-06,0.02558380884759214,0.0058733390049238,0.01199474591394191,0.00046861029071797975,0.00041476570247523433,2.4664071421219046e-05
119,0,0.001829255817080699,0.06937747018890655,5412.461502006818,2.0,4.726614005525474e-07,2.75e-06,0.11142835761717967,0.11195279102232003,0.005775792544826504,0.0465271259690844,0.0003207072704687433,0.001264135028977114
119,1,3.549596304573918e-05,0.29848084857406326,7464.578926197997,3.0,4.6952704249166844e-07,2.75e-06,0.02886205717117517,0.005723946248687908,0.014100342060855491,0.00048418559645385705,0.00013746993931958485,2.8214454520230753e-05
119,2,0.00013740043590879976,0.038698399050928735,4196.542880763558,2.0,4.7119431146513464e-07,2.75e-06,0.030318996242988793,0.03908932019325285,0.006373125371549368,0.021805111324015154,0.0002025536711760177,0.00032619301003568475
120,0,0.00010341087082168359,0.1481630618000877,13139.588030593963,2.0,4.806825155982662e-07,2.75e-06,0.04869454075454523,0.0064552550133822615,0.013815239391254008,0.0037715200450762665,0.0003568026585144622,3.8400973965155554e-05
120,1,2.3857009461359863e-05,0.18167650898040924,23887.982619786948,2.0,4.693975900045308e-07,2.75e-06,0.03624227245871315,0.0060803371969846455,0.014253508773916118,0.0005019677274540935,0.0001739681996790058,3.203695318422469e-05
120,2,0.00045439888385317214,0.21926272935981597,20320.682941141993,2.0,4.6751924647032813e-07,2.75e-06,0.026430720481760945,0.009647976561349298,0.013183516796893419,0.007061811645110608,0.00014894487115387885,4.923902118887124e-05
121,0,1.5359150434607743e-05,0.2969091844729652,3947.965973003686,1.0,4.6339792976505253e-07,2.75e-06,0.0209655237314412,0.0059292278525162065,0.013569559220176566,0.000505530519725516,0.00020943491682512755,2.897210358824107e-05
121,1,9.56212320212446e-05,0.1929423576990255,12203.007579733674,1.0,4.610021544192693e-07,2.75e-06,0.020793009429737788,0.005651320105603167,0.014369291512277836,0.0014666028788669647,0.00019486328522538745,3.12094701820149e-05
121,2,6.534451907676274e-05,0.2531530215948609,8887.594438863274,2.0,4.677676485552053e-07,2.75e-06,0.02552144032218665,0.005588077673010626,0.013301395188969218,0.0006711839945601692,0.0001385889585021564,2.983150700410993e-05
122,0,1.3174123111581757e-05,0.21714756809577737,16542.78082392807,3.0,4.712955633001977e-07,2.75e-06,0.04266208302686567,0.005856930550308538,0.014436330758091087,0.0005181071091557489,0.00023993262594979397,3.116464926865294e-05
122,1,0.00036675407593286547,0.1558087827157675,8572.203458764783,1.0,4.6197203113008786e-07,2.75e-06,0.02427347849135353,0.013769941307610964,0.013516230970569825,0.01215965370127465,0.00021955112572796213,0.00011046825213159756
122,2,0.0001145496528961548,0.23997419327897895,22541.532883072054,2.0,4.877149536908249e-07,2.75e-06,0.06987520852644112,0.005784338297409771,0.014407593061698453,0.0022245077851675457,0.0006001059446762866,3.1529823104710945e-05
123,0,2.8654495031424737e-06,0.27970664207148677,18713.273199391882,1.0,4.745814100955888e-07,2.75e-06,0.04874781851309969,0.006398556518304513,0.014563584932217218,0.0005083176457746502,0.0003001540065472565,3.2346818949880293e-05
123,1,2.9709789632172426e-05,0.17036990270396696,8017.998672676821,2.0,4.6978827768412265e-07,2.75e-06,0.03615877165890156,0.00566166452398541,0.013130501307101694,0.0004839424733330292,0.00018574194904823142,2.8443369005056276e-05
123,2,5.2558330701908505e-05,0.13186333564304875,5352.269128923832,2.0,4.716788873599825e-07,2.75e-06,0.034196296387751395,0.006398084927333431,0.011996878000224349,0.0009236343005972302,0.00019438079826509405,2.441507496052541e-05
124,0,0.0002609692338172222,0.25089242934436984,2472.6993923686014,3.0,4.743586922055973e-07,2.75e-06,0.06809690059414777,0.054833593199365704,0.007127980882968847,0.0676492537445605,0.00024632946359777095,0.0012479420795091373
124,1,4.78356158396957e-05,0.2173751944716756,13774.741355899472,1.0,4.567900189651946e-07,2.75e-06,0.02113410226242979,0.006162176839983154,0.01471002875492245,0.0004969274633518517,0.0001966758034651992,3.1939464578597056e-05
124,2,0.0008816495465527851,0.0780569016674261,3553.7592907830285,3.0,4.7068225663743253e-07,2.75e-06,0.1264763917764413,0.12320833881265507,0.007981102280597426,0.06628643763747727,0.0003191420302086135,0.001675216723012002
125,0,1.9554866082624972e-05,0.062186252612421444,7681.67748715892,3.0,4.616128516091325e-07,2.75e-06,0.021080969866839643,0.010631828850040373,0.011725095784814898,0.0005655691185788284,0.0001985431435793415,1.7004234374832074e-05
125,1,0.0014455805016103326,0.258568968223335,20747.7419641263,1.0,4.650660595705642e-07,2.75e-06,0.025361517107793195,0.014649844270690224,0.013564054096380248,0.005881162175080441,0.00015636664269634475,4.8214502988358676e-05
125,2,9.742368204195326e-06,0.19194129103163204,18411.686663591456,2.0,4.6869964240643476e-07,2.75e-06,0.027077641663126133,0.006006461304311223,0.014354411804884568,0.0005060077346066191,0.00013542920236187154,3.1780081996366264e-05
126,0,2.7263238982496423e-05,0.04242071697158573,18063.775834079854,2.0,4.663732456484558e-07,2.75e-06,0.020949930744420187,0.006526845151507908,0.013389616263555023,0.0004544263439215914,0.0001781497933500646,2.8807406075379144e-05
126,1,3.5077986267630055e-05,0.1314565230844362,24654.825984292216,2.0,4.6318898370329926e-07,2.75e-06,0.029959018536877557,0.005893401462576687,0.015100137257559473,0.00048715241508406475,0.00013961809003615,3.185259817019102e-05
126,2,6.295519916532797e-05,0.09992931007047995,21971.477303304157,2.0,4.6564109001480785e-07,2.75e-06,0.02334046790873082,0.005544473414198915,0.013871462763287682,0.0006281202115553493,0.00014813803828614454,3.124047045072754e-05
127,0,0.0006241425271542025,0.1308296099495883,23004.340280147288,3.0,4.577418400755274e-07,2.75e-06,0.025702268801153744,0.014153191121881367,0.013487670865377688,0.00955290640134761,0.00022684580745054774,5.976147291142305e-05
127,1,0.0002824732402996504,0.258161341049724,4419.379516593794,3.0,4.5993738447080454e-07,2.75e-06,0.04994155094815635,0.033496963830165975,0.010306156559859829,0.03823659809012795,0.0002947525019196518,0.000562005872343337
127,2,1.139872980783051e-05,0.14924595232106136,4246.003165909533,3.0,4.6518601058752913e-07,2.75e-06,0.022045166849048364,0.007957665894261112,0.011448982792671323,0.0005488821435359002,0.00026067578996112796,1.6177112373217906e-05
128,0,0.00011779052378577014,0.07367812320992587,4879.3352743265805,1.0,4.752270959355827e-07,2.75e-06,0.02694748849925031,0.015046581078747833,0.01145891616137755,0.011879389952443406,0.00018354534121595154,0.00014456789035647048
128,1,0.00023847962180057418,0.10111623249497688,3058.0155687929755,3.0,4.7520607747504434e-07,2.75e-06,0.06021678346325895,0.05916527759662058,0.004289502940304099,0.05666479336839821,0.00024173193577988936,0.0009489022676744599
128,2,3.663244421131006e-05,0.16698196534541807,8498.78415825988,2.0,4.567697958767305e-07,2.75e-06,0.0209234995287278,0.005631112666297425,0.013679635916939145,0.0004977739967192834,0.00023246177339908967,2.8767773114665038e-05
129,0,0.0004924336486364934,0.18777163370202019,12817.450017605193,2.0,4.7734530189661e-07,2.75e-06,0.03677671926229304,0.015117331140850893,0.013537607040658936,0.011461359955691447,0.0003279444244607349,0.00010763694296458406
129,1,0.00020237518911026355,0.0027101348375339496,23057.27501593489,1.0,4.787958572623026e-07,2.75e-06,0.029853270663957317,0.02682911093313406,0.01193610455450614,0.001155746896767014,0.0004224154666248863,2.2164952526892038e-05
129,2,5.5395752997956666e-05,0.18066928504706423,3520.8062934335458,1.0,4.6804586410285457e-07,2.75e-06,0.033689984167764496,0.00555523595445459,0.013233833806693051,0.0007344611079188632,0.00017196235964553504,2.6291006210213035e-05
130,0,0.0010845668562220222,0.2967436913585202,24507.187646572682,1.0,4.6216624482174435e-07,2.75e-06,0.02269686050635554,0.010667239653302366,0.013766137846113892,0.0050959067403164825,0.00024734797851577365,3.510717473800749e-05
130,1,0.0001879810808055874,0.2076678411755447,15055.932670632936,3.0,4.743421179313978e-07,2.75e-06,0.03896176781616261,0.01091656855125221,0.01379413894584223,0.009845880984111094,0.0002773448810762463,7.705031795299145e-05
130,2,0.0016752350243484807,0.08064425336448168,22822.158804862105,3.0,4.7202141013173755e-07,2.75e-06,0.026432078228250278,0.03422211055467187,0.011115438669855244,0.013637234826783641,0.00024091906736224615,0.00012504486422785705
131,0,6.496590038795164e-05,0.0070285063308206264,12559.160936419366,2.0,4.649620651593256e-07,2.75e-06,0.038078653219083144,0.0416958681460552,0.0077556445151489095,0.00308618221925828,0.00015513871409673645,4.7316139750205236e-05
131,1,4.4281036014715493e-05,0.11126244984265045,7196.881078301125,1.0,4.775540686761858e-07,2.75e-06,0.05434751748850639,0.005630069666148691,0.01327724020645713,0.0005434513721381192,0.0003999537615060144,2.910427124686526e-05
131,2,1.8736021818650644e-05,0.19165444243129445,5087.123608097276,3.0,4.722039730785817e-07,2.75e-06,0.02786938707828676,0.006254082294759267,0.01109808129623771,0.0005198511423997974,0.00014091927928578217,2.140123859238486e-05
132,0,0.00013081385759779185,0.2808502672213923,6638.359800029953,3.0,4.7383245091536505e-07,2.75e-06,0.028735007656398415,0.01311571003145875,0.013072662586950714,0.012666542853325408,0.00016137436556144674,0.00015363950144217233
132,1,0.00023719864787465696,0.03226810996831053,13707.1538148017,1.0,4.524519544786327e-07,2.75e-06,0.025534808507277407,0.012202819803672273,0.0131964064088132,0.006662425377636377,0.00029566856884905056,4.827906080224713e-05
132,2,0.00027700528577249343,0.2077576156723742,6928.639158629916,3.0,4.845509138647764e-07,2.75e-06,0.0582746487017386,0.023429369256938334,0.01174437428826687,0.024753636372520604,0.0005401790833826869,0.00028922091430137807
133,0,0.0010630601503457077,0.16338035137636747,20273.97944351422,2.0,4.649556917149391e-07,2.75e-06,0.022381442918972854,0.016474426729618283,0.013411400942312182,0.009234542757092724,0.00016576651069443487,7.960197928181197e-05
133,1,9.662680042975997e-05,0.1790668921412888,23714.017846085262,2.0,4.579862729524125e-07,2.75e-06,0.02704241339214805,0.005607440800476327,0.014334830677122276,0.0015071978668576875,0.00013679443170131478,3.15000580743362e-05
133,2,1.3909970549690168e-05,0.1547764836599716,5237.128379041511,2.0,4.674705295055332e-07,2.75e-06,0.028687741074544245,0.006101069274300656,0.01291986403273817,0.0004963161138633308,0.00014344304000960263,2.3915038105426696e-05
134,0,6.122994056458503e-05,0.1933446335972834,14925.004769206196,1.0,4.778223546219197e-07,2.75e-06,0.04663927963470993,0.0060639086761722395,0.014415959033754052,0.0005385676092732908,0.00028005152347213827,3.1899293455410526e-05
134,1,0.0001470741068534839,0.07421608320338215,15940.019418638823,3.0,4.5680559752538784e-07,2.75e-06,0.024326966067054562,0.01199852824506146,0.012870379913453371,0.008869679276933698,0.0002391260415322711,6.979014435148184e-05
134,2,0.00010851044208726155,0.2940120592112454,17383.659755656794,1.0,4.617325331544739e-07,2.75e-06,0.020921588430706583,0.005902470641379523,0.014733904601091781,0.0011727166208913191,0.0002027447520801562,3.1841354773103136e-05
135,0,6.17738905858131e-05,0.09292035899835895,16336.176787607066,1.0,4.4675939467790226e-07,2.75e-06,0.027155677879701152,0.005656709895455879,0.014309813268041307,0.0006020252305293512,0.00046718084543699015,3.148288174100551e-05
135,1,0.000279883923577393,0.023744571871219,3243.9648726742125,2.0,4.6838763249135885e-07,2.75e-06,0.09881025178512592,0.08842714054015455,0.0068603294658924575,0.040445191045765286,0.00025462143118041403,0.0008934001337183409
135,2,1.859516833013957e-05,0.1444795040967976,17484.308885427155,3.0,4.791515040825326e-07,2.75e-06,0.042212267748958726,0.005670680878279992,0.014524757310849021,0.0005174523959403997,0.00024254749220116768,3.073047415303175e-05
136,0,0.00012047045053114348,0.033157226488803516,19596.60185011316,2.0,4.7030963596395386e-07,2.75e-06,0.04402652549322881,0.009950568730215882,0.01238533463560181,0.004550716613136367,0.00036690795217829674,3.647197801564761e-05
136,1,8.28308373687615e-05,0.01963095989190621,22695.4990352853,3.0,4.573360999388177e-07,2.75e-06,0.023978906820225476,0.014826919334703403,0.01162977198795264,0.0035630939252068844,0.00024091625437657515,3.127614420070338e-05
136,2,0.0006989778832075746,0.21820412932001768,21518.22917733226,3.0,4.609845297214385e-07,2.75e-06,0.023751961519773875,0.014374032258534059,0.013927347124077375,0.010606416856802402,0.00016028200455444046,6.857938315893857e-05
137,0,5.056230506240848e-05,0.09562070287164152,14422.05359895016,3.0,4.590229228016621e-07,2.75e-06,0.022181947358312817,0.005902204869737621,0.01293133876514903,0.0005510579021641717,0.000322101992162107,2.834665634685824e-05
137,1,0.00013005725918904202,0.27939779906240814,18320.486241545048,1.0,4.7002445172093216e-07,2.75e-06,0.03705675090565382,0.005944855148153607,0.013774557289848027,0.0022988513512334726,0.00019422317025501583,3.173340333759554e-05
137,2,0.0002762625659006501,0.12100420444587849,3775.395517424575,1.0,4.595507593678088e-07,2.75e-06,0.0432370643397687,0.026041804925702957,0.010356033199804849,0.025444397581695033,0.0003664671350448574,0.00035722461460519183
138,0,0.0005726187986732762,0.08431173055071907,15079.574895490241,2.0,4.681146313112738e-07,2.75e-06,0.02473425186214696,0.01738384389594187,0.012050324470439156,0.01029403888300367,0.0001604106750639781,9.45102781730831e-05
138,1,0.00021713203469978502,0.10644874919979183,2924.9339251673287,2.0,4.588805541377339e-07,2.75e-06,0.06198449453634536,0.04294653934151375,0.006200802989421192,0.03904264929340965,0.00036865660204393156,0.000676837939118808
138,2,1.0613485678044404e-05,0.05914048346476438,6044.7847234806095,2.0,4.510194038569164e-07,2.75e-06,0.02797112284480423,0.009943077148386973,0.010491209548782405,0.00044299366533784,0.0003856211258166163,1.7571942971257564e-05
139,0,5.3273373441982066e-05,0.13421404875043952,19002.680800504906,1.0,4.685711692262332e-07,2.75e-06,0.025935731686942284,0.0060205895894732365,0.014429464220659119,0.000515263658799821,0.00013829407889223117,3.201695395739438e-05
139,1,2.4366770836422175e-05,0.18051184021993325,7365.376321561014,3.0,4.700614565618356e-07,2.75e-06,0.029454518950377474,0.005774593738878449,0.01290032605182215,0.0005258885258277877,0.0001449866185326469,2.5804401688005634e-05
139,2,0.00043808954667799347,0.2951809863116494,16074.371498814526,1.0,4.704115430491095e-07,2.75e-06,0.04026889281283479,0.008507617424456791,0.013603281602020257,0.006566738974597911,0.000274155646759125,4.867588879741285e-05
140,0,0.0009800936366852308,0.05126956426784217,16548.740135362506,3.0,4.6869313878474733e-07,2.75e-06,0.029338854383429157,0.03679969892059724,0.011174383942906778,0.015347784945077119,0.0002793400299915032,0.00017248396848821546
140,1,0.000276364896842657,0.20736495553668358,17350.905001847153,3.0,4.828854860928396e-07,2.75e-06,0.04740914123073747,0.011072647460940018,0.01332436755537182,0.009927482357726156,0.00040102512663502506,7.22103762844941e-05
140,2,0.00024300423352533195,0.18215135466169827,24393.0786491428,1.0,4.503974009320238e-07,2.75e-06,0.022438837257518645,0.00656387581339406,0.015084884058136148,0.003914039887516917,0.0003341186178895811,3.2207060741455246e-05
141,0,9.928713065592982e-06,0.06073355632907964,7582.435033496179,2.0,4.4891836967783953e-07,2.75e-06,0.04067397273119574,0.00846051924771784,0.011591146620490038,0.0005232136083786068,0.00058980575525867,2.146989308314606e-05
141,1,7.45619096879413e-05,0.10837826595550117,12905.933438188878,1.0,4.900494610987362e-07,2.75e-06,0.0816547516114086,0.005527633528758891,0.013423900368669325,0.0009502727107104716,0.0007518986072589805,3.096099654542334e-05
141,2,5.128104652041524e-05,0.1977575146567913,22281.165869024975,1.0,4.7015358140140577e-07,2.75e-06,0.02962380106306049,0.006268926438265575,0.014170177711003097,0.0004963228727730373,0.0001372234779976997,3.228868796013789e-05
142,0,0.0005356797018359491,0.04818050913556527,15078.523080740972,3.0,4.643499030740948e-07,2.75e-06,0.026043719334582983,0.026744148503004425,0.010288395895337315,0.013988165772356833,0.00017400208958066028,0.00012323506191461438
142,1,0.00015252307796106865,0.11157506556115622,21176.16124153083,1.0,4.5467539648201513e-07,2.75e-06,0.02078797545575491,0.006261858608054294,0.014766817660570445,0.0034601244866058942,0.00028094819278970455,3.191252978477914e-05
142,2,9.887992842011124e-05,0.2689861842702134,21623.056949587135,3.0,4.7457794651506667e-07,2.75e-06,0.056618967280504064,0.005636084399115541,0.013968854484964224,0.0015087174647117722,0.00042066136316764316,3.130183848882475e-05
143,0,5.3054538769723385e-05,0.24929616975054478,3226.4271577495724,2.0,4.7163283292193787e-07,2.75e-06,0.02618137779929519,0.005749517110921314,0.012180238801471935,0.0007746334516459504,0.00013693467285716803,2.3894752421212967e-05
143,1,0.00012806284522463575,0.03040984233126376,3320.8267094841794,2.0,4.59268013904454e-07,2.75e-06,0.07008666849451187,0.05660899058719957,0.004078295784492893,0.028344813745646767,0.00030247024644392315,0.0004716674918565915
143,2,2.9155066518003333e-05,0.11563470628076876,14338.18363681095,2.0,4.821428868499188e-07,2.75e-06,0.06393569026175784,0.005644759669174457,0.014208666935717776,0.000503845517547063,0.0005197775974259224,3.044329891150721e-05
144,0,3.8523921757736636e-05,0.07818332932430201,21536.221493047284,1.0,4.602843288335036e-07,2.75e-06,0.02527765650916376,0.005857197808303765,0.014954440460323607,0.0004856803044771731,0.0001389297339578416,3.190857519321463e-05
144,1,0.0002120653663661969,0.21607796051872813,2509.024132849556,3.0,4.5690173534418307e-07,2.75e-06,0.07776955161435778,0.05229097583730424,0.007906564241856692,0.06294622512754244,0.0003806421575884092,0.001162099632540722
144,2,4.181823572447142e-05,0.05810553129621949,13649.756126422164,1.0,4.491225198858808e-07,2.75e-06,0.021975918289655876,0.0056256187006102215,0.013966668468937862,0.0005215284437191892,0.00031214138796385857,3.0523542940555415e-05
145,0,0.0005012204428649741,0.21162182843748423,20911.427979982906,1.0,4.671796027860475e-07,2.75e-06,0.024630836175451944,0.007846784626353567,0.014444055950035182,0.005354370504315399,0.00013979795879702665,3.696890452090912e-05
145,1,0.00014118817916408335,0.23553034126777944,14187.329635324764,3.0,4.7244947661013385e-07,2.75e-06,0.0410542227269927,0.009115863312929557,0.014441935381876566,0.007449764780274493,0.00028682505315400327,6.332715100196812e-05
145,2,1.566721021996159e-05,0.15060289162765766,22349.774156345688,3.0,4.49699228146995e-07,2.75e-06,0.023453668711470827,0.00578401107218984,0.014889181497472787,0.0005152861682825317,0.00037916139647749,3.143113081299559e-05
146,0,3.050363762246847e-05,0.036851231731855394,6025.562429998727,3.0,4.5218351475940364e-07,2.75e-06,0.05282798901578065,0.022012990391342913,0.008122993042016566,0.0003763684310959909,0.0005492472608743449,2.5600860994782535e-05
146,1,6.950301946231322e-05,0.21285542838149332,14720.307439987228,3.0,4.754480516106802e-07,2.75e-06,0.04133556652310227,0.005569397700385496,0.013783582453911003,0.0006546788330284761,0.00023139279748819568,3.049088433690836e-05
146,2,0.0003537964673541702,0.051663619418101776,11946.991119607968,2.0,4.679513865782262e-07,2.75e-06,0.02342706647614487,0.01960074674353179,0.011040306426690046,0.011161409979996812,0.00015144788464362152,0.00010944503032440597
147,0,1.901934900071044e-05,0.27888316110118516,14302.518981337695,1.0,4.7579544649897314e-07,2.75e-06,0.03920158384701825,0.0063341365515590135,0.01465415780292774,0.0005047747267685529,0.00019640286009887467,3.217604135151042e-05
147,1,3.194470428144885e-05,0.1821444959721458,15968.660317986974,2.0,4.602294980053349e-07,2.75e-06,0.02451674168164283,0.005886002461791655,0.014373415810129173,0.0004915568859948418,0.00014306686119566398,3.1416717810025495e-05
147,2,1.0687405611600306e-05,0.05282461001940407,23420.207609936828,2.0,4.653942369634717e-07,2.75e-06,0.028794930508984812,0.00574333939636831,0.013880704564329166,0.0005132637349221881,0.00014085384533939985,3.0752343885866736e-05
148,0,9.116684892399532e-05,0.08657608987481033,22304.29559585751,3.0,4.546416527267649e-07,2.75e-06,0.02363673689145246,0.006007360908352559,0.013273591741973763,0.0024532388659426643,0.0003587246439047883,3.0473272680411133e-05
148,1,1.618876571029853e-05,0.2612437972398281,14683.163172075696,1.0,4.6499862076327734e-07,2.75e-06,0.030355082352483857,0.006319387266068206,0.014253861933433351,0.0005061439778580077,0.0001391662462652262,3.2175302020210425e-05
148,2,0.0010683162979524862,0.20334300213532414,20998.50061863902,2.0,4.610007082134989e-07,2.75e-06,0.024902381688922393,0.015350179248780396,0.012868983395790304,0.008920878867800998,0.0002555736175833795,7.527731265349967e-05
149,0,2.821234753044888e-06,0.21963995132765918,9247.548562328484,2.0,4.635145536773898e-07,2.75e-06,0.025133395862093927,0.005804795119009959,0.014504201678193612,0.0005095781554898677,0.00014008715706032156,3.0192030609834507e-05
149,1,0.0002187446021886458,0.15508016431430244,20203.857108394695,2.0,4.5701117284279413e-07,2.75e-06,0.02160868310556081,0.007742615467757408,0.014272365290411704,0.005612502242884749,0.00026855187097609936,4.125679276817276e-05
149,2,2.9273289198151374e-05,0.2553432464004393,24322.872528300413,1.0,4.5021991942013474e-07,2.75e-06,0.023689317490831484,0.006409905039474475,0.015254897996156985,0.0005036265166185062,0.00040024420263204776,3.24122669088175e-05
150,0,0.0006920337548761473,0.026088640046129086,19102.970794456975,1.0,4.688130184237997e-07,2.75e-06,0.02438325246493563,0.016133186106020252,0.01345198382723258,0.005207991547056706,0.00017496782122717634,4.053414465161028e-05
150,1,6.342093574063664e-05,0.2768434913220748,16733.008867391763,2.0,4.584727721462001e-07,2.75e-06,0.021268770133809855,0.006025678174407513,0.01443681526012755,0.000551590701691914,0.0001937641537582269,3.1701556102536274e-05
150,2,0.0006535023125662384,0.023290793533424614,17671.17470728798,3.0,4.5853832015565106e-07,2.75e-06,0.041988602580365096,0.03582706742611176,0.009944566616580587,0.012432146111608184,0.0002327118430809431,0.0001245544521295217
151,0,0.0005915771998904783,0.03183838163906474,23068.006554951095,1.0,4.690214057846287e-07,2.75e-06,0.034522520056071114,0.01197694881068869,0.013707688517354993,0.0044982773633225346,0.00026820775442623835,3.223034113289299e-05
151,1,3.178587703249013e-05,0.28713343656089335,12256.931209637914,3.0,4.495083508870774e-07,2.75e-06,0.030663427871803307,0.005908716056193527,0.014736525409347001,0.0004960415731520659,0.0005344364151447883,3.0654780709962195e-05
151,2,1.2394923194827161e-05,0.25562151382774784,6908.0508881678315,2.0,4.6950515223906776e-07,2.75e-06,0.03133972124429843,0.0057876800578011344,0.014160787272677595,0.0005281674005599661,0.00014668702813186085,2.8997712749100416e-05
152,0,1.7875864508752302e-05,0.18567963873864674,23213.532968038966,2.0,4.643819188064607e-07,2.75e-06,0.02279480905683331,0.0060907723442133474,0.014984168434422416,0.0005081556913345064,0.00016161950579437294,3.203639261598894e-05
152,1,0.0009215871667121301,0.29248463091104715,2022.020305153283,3.0,4.521983388579471e-07,2.75e-06,0.22255111899772026,0.1463597800878458,0.008351139551897629,0.13397745504270858,0.0007285558412013481,0.0031929296953371023
152,2,0.00019912239938630518,0.034022233928027154,21247.20486785947,2.0,4.498133105302052e-07,2.75e-06,0.0260973264714591,0.01095720636470253,0.013102564894314724,0.005359995244652391,0.00033152924851535245,3.795927861435266e-05
153,0,6.845627300044632e-05,0.14447810442482048,22731.836884017415,2.0,4.764775727212754e-07,2.75e-06,0.06547873588995388,0.005685208692868554,0.014891312768825438,0.0006309526406140588,0.0005305350329273525,3.161051092368502e-05
153,1,1.4999571221746795e-05,0.28250406190240135,11094.685694594174,1.0,4.709074315444216e-07,2.75e-06,0.025545082744435416,0.006280657764805311,0.014777660811588204,0.000503570375334928,0.00014032870828748257,3.1965505155159385e-05
153,2,0.0013297223509707782,0.23748008175641602,16560.289338493643,3.0,4.556189100070406e-07,2.75e-06,0.045069107137730026,0.03204596785366928,0.0117028782227563,0.015599456076412227,0.0002925105211295479,0.00018563818294940455
154,0,4.756848443698376e-06,0.14497181278693969,6440.157126643948,3.0,4.6195688164864153e-07,2.75e-06,0.020671634271275545,0.006495371695312048,0.01313092394898876,0.0005403241250497811,0.0001688691880972332,2.2340810626533363e-05
154,1,0.00024891670732177224,0.2059412561276554,15397.776015354713,1.0,4.840976993629917e-07,2.75e-06,0.05310269822076193,0.008131752924582106,0.0141271991027824,0.0061533499147524845,0.00042925896512968344,4.58198127230569e-05
154,2,2.4442880674659376e-05,0.2719719337469608,24060.79058177315,2.0,4.810373701044218e-07,2.75e-06,0.06756161732796134,0.006283349662320705,0.015013309594044214,0.0005046258575573639,0.0005448856072314449,3.220860090919093e-05
155,0,0.0003792909811215072,0.22634398206167622,18041.446523839684,1.0,4.5730221659675334e-07,2.75e-06,0.020552804476225896,0.008059826208157615,0.013949714767321472,0.00599655481292546,0.00022249658153636968,4.248947363867366e-05
155,1,0.004073707260034423,0.27949698297527403,13487.314756603984,3.0,4.619819314099492e-07,2.75e-06,0.09867559155258177,0.08798300524741738,0.006502285746092036,0.025248573468265617,0.00027854024588587224,0.0005257416277402301
155,2,0.0001350482800359987,0.2843321139209897,20138.41161002438,3.0,4.6417794546742595e-07,2.75e-06,0.029040657393791233,0.007074569710354024,0.01392454694838538,0.004662766263448742,0.000147795188677006,3.852267696349376e-05
156,0,0.00018451532208943241,0.2495499540474811,15620.302956733387,2.0,4.5227740201382916e-07,2.75e-06,0.027967397554355084,0.008407422512510542,0.014202454461797223,0.006571248843039441,0.0004104499712210199,5.177312932476638e-05
156,1,0.0002368115350220453,0.01546387576370438,24684.975470480742,2.0,4.6117100538185107e-07,2.75e-06,0.0216475844457792,0.015685307335394517,0.012360616087420685,0.004833944397134995,0.00018155718996614803,3.28841920769e-05
156,2,3.796692535604769e-05,0.2703350673586884,7875.835500418403,3.0,4.827594137327941e-07,2.75e-06,0.05239887220383104,0.005688348257531621,0.012922963980525034,0.00048771251282402154,0.0003654080733524533,2.829053764010533e-05
157,0,0.004720760353576191,0.16339602783960633,24730.912024805257,1.0,4.613189781483876e-07,2.75e-06,0.02327212976627675,0.01695639346701403,0.013700004865632933,0.0036755297012507834,0.00015480925174223318,3.651543527381614e-05
157,1,3.492118097229779e-05,0.009593851427549403,23375.5245382128,2.0,4.686954160500303e-07,2.75e-06,0.021385620122753888,0.016503434624187043,0.011494072791816272,0.0004456959600678333,0.00015015662345801005,2.1773829560290642e-05
157,2,0.0008465368747185903,0.2459289477868058,7027.8961187307805,1.0,4.7268877412432313e-07,2.75e-06,0.02889674176497414,0.026774125909832306,0.011065209260200175,0.018049559141830283,0.00026187947587588564,0.0002447946174943184
158,0,0.000310741764262627,0.2072167657504264,22625.727550363445,3.0,4.6151854142328e-07,2.75e-06,0.02145583628027935,0.009448822636692441,0.013819134332040468,0.007816538383490284,0.00017330735122542376,5.1997889595122586e-05
158,1,9.334908046905848e-05,0.08690122089782061,10713.723099275669,2.0,4.6058373717769805e-07,2.75e-06,0.020334298304561266,0.008041923375492253,0.012598285821583293,0.0045210105787045875,0.00016103949653352182,4.6549420468775e-05
158,2,0.0010263498634694754,0.22991176339969796,14522.784519893103,2.0,4.5990229583152525e-07,2.75e-06,0.034510675396004775,0.020487089812966316,0.01250039939791958,0.013173196699090782,0.00033436482469699144,0.00014170529743829253
159,0,4.126682067205363e-06,0.24709464507632092,16173.522488469021,1.0,4.471079159043436e-07,2.75e-06,0.024645057540748316,0.006319944783001225,0.015096249190151184,0.0005092503628282832,0.00042593654519659183,3.223192994219342e-05
159,1,0.0013760212031278065,0.2839621070593898,10950.022342976321,1.0,4.687432244731857e-07,2.75e-06,0.026617599151406157,0.025190888430843383,0.012216786241463523,0.011506765609155109,0.00017123022843242288,0.00015216120563260192
159,2,4.452961491348412e-06,0.131378075677777,21664.15200608683,3.0,4.736479539285422e-07,2.75e-06,0.05222165650128285,0.00572011534312022,0.013950910673299205,0.0005095826265905091,0.0003623315896602236,3.122355556526139e-05
160,0,0.00020157516454735272,0.1186798107688134,9659.297132810305,1.0,4.775603330304134e-07,2.75e-06,0.035617677036964356,0.010658820663386595,0.013415582922617289,0.009090112239038077,0.00024394966854636066,7.764220393932508e-05
160,1,0.0010261028357325967,0.16782896317835103,4750.594073547616,1.0,4.5636583806128087e-07,2.75e-06,0.08183767210892536,0.04888219565275003,0.009284246324103868,0.02653924841267057,0.0005444986336271511,0.0005466571746152887
160,2,3.0959886862060406e-05,0.16449852556847896,22681.16108008315,3.0,4.476966857997058e-07,2.75e-06,0.0261803574456678,0.005830712635803355,0.013907599626567513,0.0005071430264131802,0.0004509885432315689,3.151341796233761e-05
161,0,9.390183308494567e-06,0.19385711595006425,8838.419126363939,2.0,4.608068815540269e-07,2.75e-06,0.027099887563286174,0.005707272141966616,0.013606176978478457,0.000510692202688715,0.0001354518685049408,2.960355439707765e-05
161,1,0.00013279383887932188,0.29227128393178087,10666.862595828889,2.0,4.905899508853003e-07,2.75e-06,0.062348061733479426,0.008303796785655253,0.014231139898516378,0.0063882051486866985,0.0005516352126931852,6.12139931814631e-05
161,2,0.00024259407611755275,0.1010253628663872,16633.858140446864,1.0,4.6077532431880166e-07,2.75e-06,0.02180303739782179,0.007992873365913823,0.014092149330063026,0.005714930111178806,0.00014832053292357863,4.1467588630785825e-05
162,0,2.5113316946007208e-05,0.2983860454720343,12684.922932019439,1.0,4.695642238609071e-07,2.75e-06,0.040991910587981815,0.00633044686021159,0.01463723332517059,0.0005034949877970322,0.00021361649443677735,3.2086990810695985e-05
162,1,1.887127404416676e-05,0.17028473522957252,4486.228211911811,1.0,4.5979212374729454e-07,2.75e-06,0.024146596652833044,0.00567422436158789,0.013700380150645968,0.0005120130741598091,0.0003920552209168186,2.7887556774474584e-05
162,2,0.00012654408522120753,0.17506053234081134,12922.03508307122,1.0,4.550097374727938e-07,2.75e-06,0.02027835441867559,0.006487729166704236,0.013736791290556674,0.003805476907694487,0.00018782781153597528,3.6724658036913956e-05
163,0,0.0003113612339135099,0.037499545632613526,15136.417522367887,1.0,4.6008403100796945e-07,2.75e-06,0.02048111872044761,0.011860978170368316,0.01341232944483739,0.006387149515888149,0.00017051577787459697,4.5164460203231225e-05
163,1,6.211573838663117e-05,0.24633486879459826,5243.627724927254,1.0,4.578994669837439e-07,2.75e-06,0.021318275626258723,0.005667261800703426,0.013411508513474035,0.0006416608473062141,0.00029338981085950196,2.9415315229821134e-05
163,2,0.0008106188829036753,0.01661350597735248,3598.654925946879,1.0,4.808477220109895e-07,2.75e-06,0.0635417437298261,0.09700388040446345,0.004742402680054324,0.025536446291307205,0.0005258920544278836,0.0007841963323791282
164,0,3.696534809491289e-05,0.28170692871883174,20242.11158189844,1.0,4.801765177176299e-07,2.75e-06,0.05245199161405392,0.006394916043841434,0.014676238662733236,0.0004994406718780694,0.000346814947227157,3.2351605254693094e-05
164,1,0.0006006379127613022,0.10297841974146733,19470.473503764104,2.0,4.567851916543547e-07,2.75e-06,0.02845218086011406,0.01384671149136586,0.01347948357438473,0.008610704652123895,0.00032240207391174734,6.503832367055407e-05
164,2,1.2560692731122898e-05,0.21707031027831253,10911.485258887998,2.0,4.588295917504104e-07,2.75e-06,0.022163949983346042,0.005845125469401312,0.0133830264171442,0.0005077435902065781,0.00033922280523873276,3.0744057652653406e-05
165,0,0.000767192819865896,0.21353139828433945,4878.86421383349,2.0,4.5608405479436934e-07,2.75e-06,0.06546030682955145,0.04909328106777491,0.008637917129561544,0.03808828252666873,0.0003439292210806299,0.0007356716276045559
165,1,0.0003313248084233406,0.15904433905861126,6201.376438741245,2.0,4.626088760519252e-07,2.75e-06,0.02978917687577187,0.023610900993544553,0.011119497706144565,0.02075594341068754,0.0001792747379452187,0.0002701622063684002
165,2,0.0002756021495134023,0.1821162571349245,12113.356463506292,3.0,4.619696067839196e-07,2.75e-06,0.030237287435373128,0.014856307887492952,0.012762010948357072,0.014265403782173683,0.00015556079226850125,0.00012455747967891274
166,0,0.0002902178931798612,0.1069047340242513,4725.515657807457,2.0,4.5881028237195004e-07,2.75e-06,0.04263843197059656,0.031834820226893275,0.009587424053019726,0.026197981080737707,0.00027400758797788946,0.00040049557112237905
166,1,0.00021091161519838221,0.06519218431154386,13007.915343261437,2.0,4.698231101339148e-07,2.75e-06,0.037203664852398295,0.012688239825804989,0.012492683881133802,0.008566867611849304,0.00030766118357631217,7.047432424838174e-05
166,2,8.565154467289333e-07,0.08637968762586626,3000.023002558181,1.0,4.5748541151984464e-07,2.75e-06,0.023424896556935085,0.00762055344934019,0.011262444557880868,0.0006033925334284233,0.0003193496623877556,1.8851316737075376e-05
167,0,3.95812744610234e-06,0.12277755170060645,18455.092035802754,2.0,4.77649984134553e-07,2.75e-06,0.05419027647352864,0.0057635992649535985,0.013927187698049815,0.0005083393471074412,0.00038497510753826217,3.138294057124849e-05
167,1,1.8291094730455344e-05,0.2744847098461771,22727.55699691008,3.0,4.595236512969073e-07,2.75e-06,0.02853264638938222,0.006160702050688937,0.014547408155975767,0.000508184187351725,0.00013539189136391565,3.193696443722354e-05
167,2,3.2579048423779486e-05,0.1135397823260834,19898.29449381296,1.0,4.838982083244141e-07,2.75e-06,0.056756757835084215,0.0060226722225338895,0.014099083222412738,0.0005000071378465776,0.00040979258041607997,3.205888278784349e-05
168,0,0.0004685116500770922,0.09166890712165791,14870.616375106665,3.0,4.420857883067659e-07,2.75e-06,0.05613126740126448,0.019329384106503412,0.011723231935621858,0.013691350219713258,0.0006276667384239837,0.00010801772840119524
168,1,8.309327708730818e-05,0.2851038654129207,11479.71350921441,3.0,4.7035853646795205e-07,2.75e-06,0.030656004978158347,0.00550544827992869,0.013962115843137756,0.0011355098372769503,0.0001466911699602585,2.9966284049591012e-05
168,2,0.00016388551458457117,0.04945103227727282,5167.129355304345,2.0,4.539979319157025e-07,2.75e-06,0.040860868899997,0.030956188041028527,0.008636556767757502,0.01977361643750485,0.0002798549102843151,0.0002631572990621102
169,0,3.389507308416406e-05,0.02490040820302858,19491.01026709048,1.0,4.595210614784918e-07,2.75e-06,0.020952489810218574,0.006127706951249471,0.013989025516102108,0.0004822366441551369,0.00021209581678534087,3.0247765318171114e-05
169,1,6.026312319072856e-05,0.19759048377446056,6885.095864164191,1.0,4.791155859428034e-07,2.75e-06,0.05765435978302189,0.005681208195419503,0.014511659249487096,0.0006091481937017225,0.0004298158738832131,3.0128252645627557e-05
169,2,8.011353641680236e-05,0.23824667923160717,21768.005521411284,2.0,4.58129782616735e-07,2.75e-06,0.02152076173195792,0.005871461674666404,0.015229688602913115,0.000682099247951189,0.00018257072103626009,3.181071327606344e-05
170,0,0.000270837263069381,0.01947973726040735,24363.829277262714,2.0,4.7344307520508237e-07,2.75e-06,0.026349705020691564,0.014270906265795094,0.012646368489157261,0.005121916440287221,0.0001912779201764804,3.47310525481579e-05
170,1,3.267861934344386e-05,0.27692562741127363,10300.18830309375,2.0,4.580329041705347e-07,2.75e-06,0.02138905179090543,0.005965607124806952,0.014024703067641886,0.0004886694520679751,0.0002983422263802659,3.08604192303405e-05
170,2,0.0002182730531912732,0.07801826932431068,2339.8998674370464,2.0,4.537103401486239e-07,2.75e-06,0.08990001195500291,0.060301774742119986,0.0042055135990690514,0.05151789587731475,0.0004715252767221183,0.0010086872673585945
171,0,7.555922063955518e-05,0.009735853327366838,20415.29853034333,1.0,4.6243395446909954e-07,2.75e-06,0.02147257967776864,0.011571885574256579,0.01351078204377692,0.002151368063159373,0.00013590693539026927,2.7136212684990827e-05
171,1,0.0005865549889685287,0.28545880797586043,15235.307087811476,1.0,4.651365156467073e-07,2.75e-06,0.024336373242458947,0.009838838443755528,0.014086264563602105,0.007404867310785909,0.000143724052357355,5.357459956169418e-05
171,2,0.0010145428798442335,0.026991119924616145,6216.500304595257,2.0,4.5405035142981546e-07,2.75e-06,0.1115995049905475,0.08435813408694583,0.00463669688685333,0.03015228491169403,0.00044026618646913264,0.0007386240029770455
172,0,2.667536045866741e-05,0.29079177681987683,18380.068919336663,3.0,4.562300577327711e-07,2.75e-06,0.02174078709473821,0.0061202850259701866,0.01541604657901128,0.0005123652505985694,0.00032292148096464733,3.1685820592629185e-05
172,1,4.449702182419335e-05,0.2067311936636177,4214.043669520174,3.0,4.68218820777351e-07,2.75e-06,0.021176870600629265,0.0063575094374791015,0.011776371733014055,0.0005420203502225628,0.00016083540223595335,1.911617165944311e-05
172,2,0.0001697879370917381,0.2716985864607663,18125.224304666423,2.0,4.570828362670894e-07,2.75e-06,0.023115374952242484,0.007451906143403415,0.014074448587407086,0.005237798032320942,0.0003292481711011806,4.102771346347028e-05
173,0,9.869149978751128e-06,0.03255752569311714,20060.8688912641,1.0,4.634347976362208e-07,2.75e-06,0.022323453292757724,0.005797478210116562,0.013769582712235507,0.0005160528271288706,0.00015586553967736336,3.097218734134314e-05
173,1,0.0001077325616660381,0.10681573055357667,10489.679894683793,2.0,4.6829862919642486e-07,2.75e-06,0.033133363095553696,0.008559643430634934,0.012959568917656941,0.005670282219748693,0.0002021576965033927,5.634964404528644e-05
173,2,0.0005384940024189801,0.19288350979358054,14498.068830419457,1.0,4.7600822034517804e-07,2.75e-06,0.03311265136512911,0.010587278830599728,0.013707063757842657,0.007812416854294603,0.00022100609684887643,5.5868265359635e-05
174,0,0.0005948353079673361,0.2852942721166566,19060.764837615865,2.0,4.649489387995384e-07,2.75e-06,0.022093094686559515,0.01150167183492812,0.014174626015896365,0.00845616105296638,0.00015641005678495603,6.430138421949088e-05
174,1,4.818857322144049e-05,0.2917298320089252,6016.529024328506,3.0,4.5885399951268645e-07,2.75e-06,0.021034602509808997,0.005590635673784675,0.013404480923542355,0.0005274155412325213,0.00024962957362139937,2.6140032392761468e-05
174,2,0.00010580126834907853,0.28076753517496283,22831.18446978841,1.0,4.5461806082349844e-07,2.75e-06,0.020826195566594537,0.006001389233597345,0.014788223512565953,0.0008844512953888346,0.00022843051596377838,3.209451127746157e-05
175,0,4.5397817400720216e-05,0.010951624155513949,23078.132333428286,2.0,4.721356732685957e-07,2.75e-06,0.020883916842701706,0.015072337103864642,0.012243236227072919,0.0008797299409266332,0.00013574910397355435,2.30004638567158e-05
175,1,8.652441581446463e-05,0.27643699484044654,9811.898190534554,1.0,4.6031508546063017e-07,2.75e-06,0.020846328531455866,0.005811035763216058,0.014329645081611199,0.0009327635557198564,0.00021511603670964924,3.1222334957216905e-05
175,2,0.000330216333934454,0.14809463793177408,9337.90915608397,3.0,4.598702484673127e-07,2.75e-06,0.03332713422582174,0.020750301137268307,0.01193804587295187,0.019233326810629305,0.0002452010504014795,0.00019024360520888996
176,0,2.5153617688471757e-05,0.23868643492576208,15800.20454207012,2.0,4.535835760260277e-07,2.75e-06,0.024431849244265155,0.00607311528477372,0.01472270030510827,0.000502635925324919,0.00041505787199415254,3.169089388470076e-05
176,1,0.00026424080334138506,0.19160960042293876,24044.29149967326,3.0,4.6435289847401084e-07,2.75e-06,0.025814194011781578,0.008783991258884405,0.013230096160827506,0.007032602034546771,0.00014173622221900427,4.6963462015075216e-05
176,2,0.0005913645589548875,0.2919038796447034,18567.71580656937,3.0,4.5491312768803756e-07,2.75e-06,0.031113588574897433,0.013831719301181851,0.013257608341835788,0.011747171958898467,0.00034169656176356823,8.07987624266858e-05
177,0,7.53738673528241e-05,0.21603947398998335,9686.137754063844,3.0,4.6442114968537254e-07,2.75e-06,0.021844212065802077,0.005405284808216076,0.013481071279247353,0.0011755702695038469,0.00016076890540413986,2.870121155259967e-05
177,1,4.5671167493968724e-05,0.02418788238247401,22152.166296758984,2.0,4.555035872116825e-07,2.75e-06,0.025870859057663582,0.008064240542090354,0.012399057433109368,0.0007015098367347674,0.00037328947658942625,2.774111317068828e-05
177,2,0.0002385653562606675,0.08134574656868365,18555.506577008568,2.0,4.68520348296427e-07,2.75e-06,0.023033999545838985,0.00951042176231656,0.013312660946068639,0.0065760052051096396,0.00014005643263396213,4.6908402454672275e-05
178,0,8.821273989205664e-05,0.21558122756812617,22641.647470709842,2.0,4.6645136015803063e-07,2.75e-06,0.031030677316541928,0.005731734335760249,0.014975149890100526,0.001009439677845848,0.00014584674313743935,3.169473361263914e-05
178,1,0.00020916955973559394,0.0432224105232286,16959.31168340413,2.0,4.6303721853369176e-07,2.75e-06,0.021147916643358328,0.012044260580807903,0.01329701477215125,0.006767174425767704,0.00017595116201698545,4.9326263711630036e-05
178,2,0.00012502113676548122,0.1070735670789341,7919.840773189544,3.0,4.5971782159807723e-07,2.75e-06,0.02707326759939095,0.016094283706990856,0.011356335605626615,0.013177055284297303,0.00022562755174711075,0.00014608501586041512
179,0,7.881374838545569e-05,0.0834994965002075,19402.149094812386,1.0,4.6574775211839175e-07,2.75e-06,0.023786669990882067,0.005547332389883569,0.014578187549600718,0.0009935467522044644,0.0001452407056748864,3.148953973866277e-05
179,1,2.1158754115185482e-05,0.08856503047212257,17753.08134357498,1.0,4.7394360175651785e-07,2.75e-06,0.05283459142643245,0.005870446350453626,0.014399169588059044,0.0004979771431596155,0.00036365088706462925,3.180502898546525e-05
179,2,0.0001316001395786457,0.23394608446565743,6954.842134408341,1.0,4.710624094747726e-07,2.75e-06,0.020599996704822588,0.008540761546815512,0.013349787850395646,0.006673768825522242,0.0001661655324652946,7.275069326468282e-05
180,0,3.842923644180028e-05,0.28664572264812416,17264.05151508179,3.0,4.515746593124192e-07,2.75e-06,0.02085359361378782,0.0060596073472786215,0.014430969265533418,0.0004988426169596411,0.0002234848607563688,3.1510361667272175e-05
180,1,1.495133391542925e-05,0.11151962221722984,22284.634992931144,2.0,4.6888836840694276e-07,2.75e-06,0.02844273606893144,0.005790586380816743,0.014862361903223544,0.0004984987668997656,0.00013591531406089452,3.163190004635395e-05
180,2,1.1035498149899039e-05,0.06571061696497271,19735.549120996886,3.0,4.777238830044332e-07,2.75e-06,0.04960815657892459,0.006060858406932542,0.014404937136477036,0.0005296684276123929,0.0003602917418955366,2.93321743605186e-05
181,0,2.0627691417169105e-05,0.00362474589765358,9930.882416226581,2.0,4.581620160722385e-07,2.75e-06,0.0900908768056327,0.08713973038279489,0.00405933194515325,0.0007811812019341769,0.00019586498414780415,0.00010088802758182163
181,1,4.342181297672319e-05,0.12924169558934148,23738.663048276845,2.0,4.5185646994589866e-07,2.75e-06,0.02201712794418458,0.005845291803539341,0.0145795960295811,0.0004952428140886713,0.00033095701481575517,3.176165667788584e-05
181,2,7.671002837958951e-06,0.29217780362885537,10379.225302393208,2.0,4.5008663200286116e-07,2.75e-06,0.023073051834754398,0.0060427850156356345,0.015435084984820262,0.0005015391025578387,0.000375563145655539,3.103326587743934e-05
182,0,6.196908107151258e-05,0.29454698524257206,13911.003744672615,2.0,4.7184828632563304e-07,2.75e-06,0.033419322522742385,0.005993801297058651,0.013996700670994783,0.000556313861320502,0.0001549584289844817,3.144983423974949e-05
182,1,0.0001271118934155334,0.007371902323661227,4181.01385449567,2.0,4.751664247545402e-07,2.75e-06,0.10241707725437114,0.12587958680947897,0.011420293956239265,0.018271837411665597,0.00030324364648302133,0.0005147100974568758
182,2,0.00010725877173283171,0.0014360561159471143,18386.935784773774,3.0,4.663721860746129e-07,2.75e-06,0.10168051780673808,0.1189459509980421,0.00596933121112972,0.0007503918571982694,0.00018738034779820661,0.00013614792040995884
183,0,6.005422663446402e-05,0.25435625261712214,5224.244322769704,1.0,4.6524692573448686e-07,2.75e-06,0.021144506174070817,0.0057171082384475935,0.013442229905286105,0.0006141282290147612,0.00019175192038745355,2.956518226263092e-05
183,1,5.034611139919912e-05,0.15747610947478555,23066.423271456057,2.0,4.6556178743962817e-07,2.75e-06,0.0371242226243843,0.005911447261479588,0.014833062060614058,0.0005102073962177221,0.00018287365920694108,3.183000862056764e-05
183,2,0.00017624068720071385,0.09012949557486305,24888.055414625036,3.0,4.688635994074933e-07,2.75e-06,0.035970307800289335,0.00849655374883425,0.013601681793807517,0.006047757735333542,0.00023196516261195902,4.216558088067986e-05
184,0,6.650740920209534e-05,0.1564068217119114,19579.89500342888,1.0,4.772171742217652e-07,2.75e-06,0.035321697147414795,0.006023352975782808,0.014258664565452606,0.0005585719437256861,0.0001671584521429798,3.2047502694962554e-05
184,1,1.2685975175578126e-05,0.29164474416306274,12301.59115519947,3.0,4.632539179535214e-07,2.75e-06,0.02118574656657256,0.005939782878976965,0.014603206211519454,0.0005113063578075826,0.00019269442847401984,3.075296660791896e-05
184,2,0.00010320474625539824,0.13613709046434297,6813.345909146175,3.0,4.629876677414633e-07,2.75e-06,0.021789549728352838,0.01220277475978005,0.011717632394737798,0.008692378083655819,0.00014821131901019517,0.00010765049780292188
185,0,0.00018430179753722175,0.24608491628701476,11209.605377621403,1.0,4.693882594199769e-07,2.75e-06,0.03567475827313985,0.009037703523376343,0.013738643187919333,0.007327876979918174,0.0002214641279556834,6.148524120121515e-05
185,1,0.00011361992147300429,0.27584467780828875,14074.585652180922,2.0,4.704803542845862e-07,2.75e-06,0.034496984420645006,0.006091393881199991,0.014217941755136375,0.003131668207321964,0.00018120064758603933,3.4366596009239394e-05
185,2,0.000274984952085913,0.2255168454333344,7894.653466269606,3.0,4.6321224376039155e-07,2.75e-06,0.03274966928124063,0.02036654298523864,0.0110923473398739,0.021418197246282324,0.00018475900204437145,0.00023308409627487584
186,0,1.679057886968397e-05,0.026749193345516852,13289.72580413498,3.0,4.681070203641422e-07,2.75e-06,0.020882823004609388,0.014497676577922074,0.010245471164053471,0.0005529986757543533,0.00014693999769830243,1.7409468775397564e-05
186,1,0.0014710749132161307,0.14551673288510905,20548.02674908398,1.0,4.7236764405183695e-07,2.75e-06,0.026139261724322665,0.015812741604375947,0.013662616069246,0.005742487106150239,0.000161762493489082,4.860733806365976e-05
186,2,9.226496636925644e-05,0.07785037302052376,3272.000726103145,3.0,4.606141683665322e-07,2.75e-06,0.04227913542716508,0.03052993869010488,0.005521977309186251,0.016549063649780992,0.00029978366567801605,0.00027982330602313344
187,0,3.697695263864633e-07,0.05579132973948735,8652.808618562256,1.0,4.488632106417923e-07,2.75e-06,0.033163754248078166,0.006090594821489853,0.013856420801153596,0.0005468365165005429,0.0005369563931364685,2.8377132068511566e-05
187,1,6.700570598881145e-05,0.1189368563116793,21769.65752314448,1.0,4.622634819096816e-07,2.75e-06,0.020927752798656454,0.005913229532896129,0.01400953607098547,0.0005792083970692347,0.00024442748096927875,3.200930897672027e-05
187,2,6.0770646465507505e-05,0.19245064301475154,18049.521625655907,2.0,4.670601631796364e-07,2.75e-06,0.03582035958207375,0.0058446945544139255,0.014270984106495478,0.0005663843280428369,0.00017275739591809125,3.1552359270548037e-05
188,0,0.0001355421355667782,0.04436909850869418,2621.4205799122697,3.0,4.653922567181134e-07,2.75e-06,0.09353060105018118,0.07974813764391049,0.0058396574106823725,0.05314722829587213,0.000271251440641703,0.0009326092696130965
188,1,0.0012449695809428193,0.10321389649692984,16030.206446254684,1.0,4.7434734637925357e-07,2.75e-06,0.02741623303508302,0.018684378403003094,0.013173223181864877,0.007181327045316116,0.0002132564276259786,6.828138855867157e-05
188,2,0.00012020021889907727,0.22909566902421344,19362.150260893988,2.0,4.562826143533934e-07,2.75e-06,0.020564417875282213,0.006052054250608017,0.014508367175791867,0.0030486919681167574,0.0002621962767389374,3.223435268774285e-05
189,0,1.6775454166420507e-05,0.1923070586255279,3545.398865058422,3.0,4.5788720596670934e-07,2.75e-06,0.022270489739804087,0.007123937765489544,0.010516382119047195,0.0004716089023541661,0.00028747037105843074,1.5892426768409867e-05
189,1,0.0012970370092386771,0.02213220702489248,21966.06109440732,2.0,4.5467678304775156e-07,2.75e-06,0.040740210858176897,0.029403802652871746,0.011202700005266242,0.009484007895599467,0.00029971394788779815,8.652716615214714e-05
189,2,3.7211269197949766e-05,0.2574565962563773,11123.11092196036,3.0,4.5769680565259064e-07,2.75e-06,0.025386521512575394,0.005786289566103748,0.013438991903713338,0.0004898562342436225,0.00013893909761442013,2.9989902139379168e-05
190,0,6.377113209024785e-05,0.09408738572901051,10575.867349773289,1.0,4.6493242296035015e-07,2.75e-06,0.029321281604720695,0.00550422081108503,0.014014894929541362,0.0007784922940892303,0.0001415789023102759,3.02479523986831e-05
190,1,0.0009965929835342553,0.06559084463151404,4875.864191925427,3.0,4.5951879440866385e-07,2.75e-06,0.14394865642209007,0.11079203797734198,0.005399433897048698,0.05470541297309597,0.000431542947432686,0.0012561762715256842
190,2,0.00017933103744841733,0.12562169943790738,3162.3793303970506,1.0,4.4784570673393236e-07,2.75e-06,0.060112339450533764,0.024098712160430632,0.011732456353914162,0.024506020215927692,0.0006113297652505061,0.0003755526354204374
191,0,0.00023069785228259574,0.2089840468389151,6014.202134687048,3.0,4.56644134116789e-07,2.75e-06,0.039695578463040566,0.025114913180167855,0.010387537923180512,0.027130922075523617,0.00024642384378680015,0.00034451707500453315
191,1,8.654312033091673e-05,0.21791478388966726,15868.173243710968,2.0,4.7602735116738677e-07,2.75e-06,0.05704799116230699,0.005583335351564657,0.014078157608394518,0.0012710366479502591,0.0004261715791028674,3.107295892234445e-05
191,2,3.983434053807926e-05,0.14405116645679464,9101.11613862488,3.0,4.692036072435177e-07,2.75e-06,0.024222576038157723,0.005830753963760857,0.013095827134125998,0.0005235598215812447,0.00013637009204727561,2.6561016550518936e-05
192,0,0.0015264992792886868,0.29296603246919156,5647.239107770837,1.0,4.565048582769682e-07,2.75e-06,0.06524984647243842,0.04893891584881014,0.009464922517058737,0.0222631002959589,0.00035274923638181497,0.000521474120288816
192,1,5.232286848952907e-05,0.0483605002743383,20790.459223561516,2.0,4.5836399708693277e-07,2.75e-06,0.021811360547499842,0.005940097123469935,0.013745903460158389,0.0006640682990851028,0.0002969551256455382,2.979980636432844e-05
192,2,0.001302476531690695,0.242442807394579,23432.266736027104,2.0,4.759954063450454e-07,2.75e-06,0.031265732763387545,0.015652003305557768,0.013343445937081732,0.00869027828281463,0.00027061358328351145,7.280699344930484e-05
193,0,7.328095318486156e-06,0.17466806868006954,4470.761405676416,2.0,4.5179927630997317e-07,2.75e-06,0.029965408742816998,0.006030006294498552,0.012929190400563792,0.00044359262798132274,0.0004886124465601797,2.2704874595028508e-05
193,1,9.795305892886362e-05,0.10556343876394014,19689.197338490227,1.0,4.7015059254909947e-07,2.75e-06,0.033854857952979295,0.005600957906123559,0.014764730907607918,0.0016696326020757745,0.00016805217116377404,3.146185244952792e-05
193,2,0.018211919691181234,0.15608088040329268,5859.860006869212,3.0,4.6228254267339674e-07,2.75e-06,0.2851085309808252,0.24177752269561856,0.0158106115493994,0.03788353333437026,0.00033360419470147194,0.0020100271284014654
194,0,5.977082934968159e-06,0.21600074983330317,21030.153054927134,3.0,4.561380027888529e-07,2.75e-06,0.02088406965506889,0.005976188653678799,0.01472116193815351,0.0005153114461586142,0.00024357649212409477,3.167994450039163e-05
194,1,7.836430013891304e-06,0.1636807100734162,7367.028273034277,2.0,4.4231636477681455e-07,2.75e-06,0.037454337330323814,0.0056899724195306435,0.0140264118549936,0.0004952487560284964,0.0006123148191654642,2.7899561899691664e-05
194,2,2.629898630915714e-05,0.06888546318936668,24753.09963074066,3.0,4.78080858278357e-07,2.75e-06,0.047649617386000855,0.0057837004845768284,0.014435075151563026,0.0005195186614764047,0.00032373962628527323,3.0422445823359e-05
195,0,0.0004621026482781461,0.13712315923064375,17127.323694370592,3.0,4.6058974323622917e-07,2.75e-06,0.025144810897768294,0.014881217369461039,0.011875706926699222,0.011648931334276925,0.0001570123846934405,8.449419053483313e-05
195,1,0.0001442866692555524,0.11988935794203683,16058.710812261683,1.0,4.6448869016923465e-07,2.75e-06,0.022463833765383624,0.006788330821903725,0.014283381538431021,0.004299797367960697,0.00014641417807070115,3.569489057369518e-05
195,2,0.00013754969089126008,0.033178967541409594,15872.4133873248,2.0,4.6292231843513296e-07,2.75e-06,0.02190950046721132,0.01263196318837071,0.011881579527000896,0.006083961772954213,0.00021444897059321775,4.716206662996069e-05
196,0,0.0013227838932496178,0.051502835963102254,23880.425312972817,2.0,4.611978442325966e-07,2.75e-06,0.026115598815728853,0.022359658648817643,0.011862870252553781,0.008821515203022655,0.0002059705471198275,6.927336020831025e-05
196,1,0.0014253762407638285,0.017552262135888484,9889.99651184363,1.0,4.5771393671594186e-07,2.75e-06,0.04555530456348106,0.04174200821638523,0.010165379317706988,0.008126082973908764,0.00021034528671029043,0.00015365248951347698
196,2,7.409276118321514e-05,0.0929326098179739,18264.266103434806,2.0,4.56898395047791e-07,2.75e-06,0.022464581971670377,0.00544821557012706,0.014038992434878397,0.001276783728031265,0.00015037936646055387,3.0384154164839585e-05
197,0,0.0016657136983336208,0.03018446356545383,2684.0881784282747,3.0,4.833677715786292e-07,2.75e-06,0.3370920492157206,0.29713499877571886,0.03035189153754896,0.14258661357209013,0.0007021095417191255,0.003806925553045315
197,1,1.7467448026796195e-05,0.2790034649071155,9074.133558265474,1.0,4.6147189091493295e-07,2.75e-06,0.02097498912344693,0.00621109664473211,0.014314180046575038,0.0005064158612036575,0.00023873053635811684,3.1664824462650996e-05
197,2,0.0020118356600406897,0.1160403102370505,24853.628129402703,3.0,4.645985239770023e-07,2.75e-06,0.03077224743945806,0.03377390082204327,0.01116968725665106,0.01383083276895858,0.00015769772757996754,0.0001170199981395921
198,0,3.435999235067134e-05,0.2882673821528749,21761.873488351834,3.0,4.644563679020958e-07,2.75e-06,0.03214875358485313,0.0061645928362016695,0.01439103565100607,0.0005012681178564409,0.00014748734575896025,3.189421777101523e-05
198,1,0.0001062701745909526,0.04016315989324998,16787.80548217875,1.0,4.648399330326317e-07,2.75e-06,0.024692877293107544,0.006818258949116568,0.014168273844228802,0.0033119583526112044,0.00013794286960682126,3.144218262055745e-05
198,2,0.0007307615025172597,0.09694268633124017,23601.503453134872,1.0,4.6288414201985754e-07,2.75e-06,0.022434387882384835,0.010188691183440679,0.01341308580002049,0.004908808940650464,0.00014299560636446334,3.340557161754922e-05
199,0,0.00014665357434498832,0.04879981412575953,4223.0354331034305,3.0,4.566405459770225e-07,2.75e-06,0.062290681938375926,0.04830208007230599,0.0050114499814278325,0.03144733598656572,0.0003095647290885012,0.0004676956710217381
199,1,0.00019012958120112426,0.007940872744450943,13847.898510721321,3.0,4.738632085105705e-07,2.75e-06,0.03506933120014486,0.05480466184046451,0.0064798298690581235,0.008939442944506106,0.00021135182839727992,0.00012027227511911784
199,2,6.18040422053111e-05,0.03478571760382397,23718.221111810344,3.0,4.659696945716849e-07,2.75e-06,0.022508762444057567,0.007889449590898339,0.012825799290592998,0.001132018612729614,0.00013495787154999442,2.7479585800304256e-05
