ind_a,ind_b,site_a,site_b,within_site,n_hethet,n_opphom,n_het_a,n_het_b,kinship,degree
S21,S22,Alsum18-2023,Alsum18-2023,1,3532497,1712847,7931062,9662065,0.006071,unrelated
S21,S23,Alsum18-2023,Alsum18-2023,1,1980209,3402620,7931062,7132646,-0.320308,unrelated
S21,S24,Alsum18-2023,Alsum18-2023,1,1862337,3513493,7931062,6928060,-0.347574,unrelated
S21,S25,Alsum18-2023,Alsum18-2023,1,1946593,3373732,7931062,6942334,-0.322782,unrelated
S21,S26,Alsum18-2023,Alsum18-2023,1,2215677,3109001,7931062,8096949,-0.249708,unrelated
S21,S27,Alsum18-2023,Alsum18-2023,1,2665281,2644413,7931062,9681654,-0.148957,unrelated
S21,S45,Alsum18-2023,Alsum59-2023,0,2077403,3317509,7931062,7560944,-0.294191,unrelated
S21,S46,Alsum18-2023,Alsum59-2023,0,2172488,3238615,7931062,7952347,-0.271021,unrelated
S21,S47,Alsum18-2023,Alsum59-2023,0,2126244,3308571,7931062,7667572,-0.287903,unrelated
S21,S48,Alsum18-2023,Alsum59-2023,0,2096379,3294991,7931062,7631822,-0.288738,unrelated
S21,S49,Alsum18-2023,Alsum59-2023,0,2001681,3441524,7931062,7264795,-0.321230,unrelated
S21,S50,Alsum18-2023,Alsum59-2023,0,1965297,3384399,7931062,7201669,-0.317425,unrelated
S21,S51,Alsum18-2023,Alsum59-2023,0,2087163,3212578,7931062,7575481,-0.279752,unrelated
S21,S58,Alsum18-2023,Arlington-2023,0,2139867,3140831,7931062,7652045,-0.265787,unrelated
S21,S59,Alsum18-2023,Arlington-2023,0,1970452,3366307,7931062,7062874,-0.317606,unrelated
S21,S60,Alsum18-2023,Arlington-2023,0,2119347,3186352,7931062,7568897,-0.274411,unrelated
S21,S61,Alsum18-2023,Arlington-2023,0,2100177,3234823,7931062,7707594,-0.279402,unrelated
S21,S62,Alsum18-2023,Arlington-2023,0,2074338,3308930,7931062,7384548,-0.296660,unrelated
S21,S63,Alsum18-2023,Arlington-2023,0,2167876,3299226,7931062,7844966,-0.280842,unrelated
S21,S64,Alsum18-2023,Arlington-2023,0,2059145,3320286,7931062,7466015,-0.297552,unrelated
S21,S77,Alsum18-2023,C5-2023,0,2159093,3216290,7931062,7866137,-0.270522,unrelated
S21,S78,Alsum18-2023,C5-2023,0,2008646,3286781,7931062,7194609,-0.301799,unrelated
S21,S79,Alsum18-2023,C5-2023,0,2159726,3151100,7931062,7781078,-0.263648,unrelated
S21,S80,Alsum18-2023,C5-2023,0,2140834,3252553,7931062,7723029,-0.278794,unrelated
S21,S81,Alsum18-2023,C5-2023,0,2065191,3425357,7931062,7557553,-0.308970,unrelated
S21,S82,Alsum18-2023,C5-2023,0,2086538,3257949,7931062,7539134,-0.286316,unrelated
S21,S83,Alsum18-2023,C5-2023,0,2054851,3264500,7931062,7418769,-0.291479,unrelated
S21,S109,Alsum18-2023,C44-L15-2023,0,1977153,3414056,7931062,7182952,-0.320958,unrelated
S21,S110,Alsum18-2023,C44-L15-2023,0,2101907,3255133,7931062,7579950,-0.284208,unrelated
S21,S111,Alsum18-2023,C44-L15-2023,0,2185769,3329549,7931062,8035390,-0.280171,unrelated
S21,S112,Alsum18-2023,C44-L15-2023,0,2072331,3297999,7931062,7532210,-0.292543,unrelated
S21,S113,Alsum18-2023,C44-L15-2023,0,2001812,3306959,7931062,7281389,-0.303180,unrelated
S21,S114,Alsum18-2023,C44-L15-2023,0,2065798,3285132,7931062,7409290,-0.293635,unrelated
S21,S115,Alsum18-2023,C44-L15-2023,0,2174808,3191029,7931062,7776122,-0.267855,unrelated
S21,S133,Alsum18-2023,Aartz-2023,0,2065152,3296655,7931062,7481338,-0.293800,unrelated
S21,S134,Alsum18-2023,Aartz-2023,0,1996570,3435475,7931062,7342694,-0.319134,unrelated
S21,S135,Alsum18-2023,Aartz-2023,0,2017069,3415836,7931062,7171059,-0.318803,unrelated
S21,S136,Alsum18-2023,Aartz-2023,0,2155690,3175361,7931062,7775212,-0.267093,unrelated
S21,S137,Alsum18-2023,Aartz-2023,0,2106031,3227700,7931062,7535158,-0.281217,unrelated
S21,S145,Alsum18-2023,XMASBig-2023,0,2160599,3231032,7931062,7857668,-0.272439,unrelated
S21,S146,Alsum18-2023,XMASBig-2023,0,2055886,3402994,7931062,7511950,-0.307589,unrelated
S21,S147,Alsum18-2023,XMASBig-2023,0,2148528,3180230,7931062,7708191,-0.269318,unrelated
S21,S148,Alsum18-2023,XMASBig-2023,0,2229807,3096519,7931062,7944143,-0.249649,unrelated
S21,S149,Alsum18-2023,XMASBig-2023,0,2024752,3363124,7931062,7327686,-0.308118,unrelated
S21,S167,Alsum18-2023,GarrisonNE-2023,0,2094304,3327825,7931062,7689066,-0.292017,unrelated
S21,S168,Alsum18-2023,GarrisonNE-2023,0,2046807,3340360,7931062,7345950,-0.303326,unrelated
S21,S169,Alsum18-2023,GarrisonNE-2023,0,2114389,3270303,7931062,7604273,-0.284913,unrelated
S21,S170,Alsum18-2023,GarrisonNE-2023,0,2109252,3276561,7931062,7764576,-0.283128,unrelated
S21,S171,Alsum18-2023,GarrisonNE-2023,0,2094569,3395335,7931062,7653982,-0.301321,unrelated
S21,S172,Alsum18-2023,GarrisonNE-2023,0,2032279,3175793,7931062,7231927,-0.284859,unrelated
S21,S173,Alsum18-2023,GarrisonNE-2023,0,2001339,3217577,7931062,7337001,-0.290398,unrelated
S21,S185,Alsum18-2023,H10-2023,0,2027042,3264291,7931062,7318923,-0.295183,unrelated
S21,S186,Alsum18-2023,H10-2023,0,2128126,3192871,7931062,7677072,-0.272782,unrelated
S21,S187,Alsum18-2023,H10-2023,0,2129082,3182071,7931062,7514517,-0.274192,unrelated
S21,S188,Alsum18-2023,H10-2023,0,1955160,3425100,7931062,7202055,-0.323465,unrelated
S21,S189,Alsum18-2023,H10-2023,0,2255127,3042213,7931062,8104414,-0.238802,unrelated
S21,S190,Alsum18-2023,H10-2023,0,2127991,3246187,7931062,7760518,-0.278135,unrelated
S21,S191,Alsum18-2023,H10-2023,0,2020204,3398320,7931062,7306259,-0.313470,unrelated
S21,S206,Alsum18-2023,H15-2023,0,2156420,3037698,7931062,7783850,-0.249379,unrelated
S21,S207,Alsum18-2023,H15-2023,0,2118555,3301049,7931062,7707947,-0.286690,unrelated
S21,S208,Alsum18-2023,H15-2023,0,2088320,3234267,7931062,7490866,-0.284025,unrelated
S21,S209,Alsum18-2023,H15-2023,0,2117842,3327837,7931062,7723624,-0.289871,unrelated
S21,S210,Alsum18-2023,H15-2023,0,2138399,3231910,7931062,7739257,-0.276026,unrelated
S21,S211,Alsum18-2023,H15-2023,0,2066146,3265109,7931062,7405367,-0.291076,unrelated
S21,S212,Alsum18-2023,H15-2023,0,849040,4382661,7931062,3113003,-0.716791,unrelated
S21,S219,Alsum18-2023,H41-2023,0,2097693,3125927,7931062,7585961,-0.267716,unrelated
S21,S220,Alsum18-2023,H41-2023,0,1978284,3226386,7931062,7179670,-0.296113,unrelated
S21,S221,Alsum18-2023,H41-2023,0,43103,5487370,7931062,158911,-1.351258,unrelated
S21,S222,Alsum18-2023,H41-2023,0,405614,4997230,7931062,1476333,-1.019288,unrelated
S21,S223,Alsum18-2023,H41-2023,0,1072456,4085791,7931062,3926923,-0.598679,unrelated
S21,S224,Alsum18-2023,H41-2023,0,2157573,3154169,7931062,7733862,-0.264972,unrelated
S21,S225,Alsum18-2023,H41-2023,0,2011530,3300981,7931062,7293024,-0.301524,unrelated
S21,S250,Alsum18-2023,H66-2023,0,2075152,3373270,7931062,7497400,-0.302777,unrelated
S21,S251,Alsum18-2023,H66-2023,0,1983180,3431639,7931062,7298189,-0.320442,unrelated
S21,S252,Alsum18-2023,H66-2023,0,2157458,3225459,7931062,7784671,-0.273195,unrelated
S21,S253,Alsum18-2023,H66-2023,0,2161014,3215652,7931062,7828319,-0.270968,unrelated
S21,S254,Alsum18-2023,H66-2023,0,2136837,3248967,7931062,7899268,-0.275490,unrelated
S21,S255,Alsum18-2023,H66-2023,0,1702161,3661025,7931062,6261999,-0.395960,unrelated
S21,S256,Alsum18-2023,H66-2023,0,1989971,3385781,7931062,7050507,-0.319165,unrelated
S21,S257,Alsum18-2023,H66-2023,0,1990223,3364867,7931062,7226941,-0.312674,unrelated
S21,S258,Alsum18-2023,H66-2023,0,1974260,3346692,7931062,7345804,-0.308907,unrelated
S21,S259,Alsum18-2023,H66-2023,0,2119474,3185655,7931062,7685226,-0.272269,unrelated
S21,S260,Alsum18-2023,H66-2023,0,2138276,3240999,7931062,7760564,-0.276818,unrelated
S21,S288,Alsum18-2023,Du-2023,0,2159838,3185813,7931062,7781391,-0.268054,unrelated
S21,S289,Alsum18-2023,Du-2023,0,2309786,3077560,7931062,8243626,-0.237738,unrelated
S21,S290,Alsum18-2023,Du-2023,0,2286677,3045567,7931062,8328446,-0.233984,unrelated
S21,S291,Alsum18-2023,Du-2023,0,2356236,3067526,7931062,8614604,-0.228387,unrelated
S21,S292,Alsum18-2023,Du-2023,0,2521299,2885477,7931062,9175472,-0.189966,unrelated
S21,S293,Alsum18-2023,Du-2023,0,2441532,2892622,7931062,9002064,-0.197466,unrelated
S21,S294,Alsum18-2023,Du-2023,0,2248747,3126839,7931062,8280057,-0.247048,unrelated
S21,S312,Alsum18-2023,OkrayGrosheks40-2023,0,2204143,3193476,7931062,7983456,-0.262830,unrelated
S21,S313,Alsum18-2023,OkrayGrosheks40-2023,0,2057942,3311495,7931062,7465948,-0.296489,unrelated
S21,S314,Alsum18-2023,OkrayGrosheks40-2023,0,2127356,3300494,7931062,7693326,-0.286324,unrelated
S21,S315,Alsum18-2023,OkrayGrosheks40-2023,0,2196470,3207955,7931062,7911196,-0.266341,unrelated
S21,S316,Alsum18-2023,OkrayGrosheks40-2023,0,2126870,3236220,7931062,7767507,-0.276813,unrelated
S21,S317,Alsum18-2023,OkrayGrosheks40-2023,0,2266236,3088757,7931062,8428115,-0.239088,unrelated
S21,S318,Alsum18-2023,OkrayGrosheks40-2023,0,2002201,3347577,7931062,7352916,-0.307050,unrelated
S21,S328,Alsum18-2023,LaszSE-O14-2023,0,2123366,3333296,7931062,7746042,-0.289800,unrelated
S21,S329,Alsum18-2023,LaszSE-O14-2023,0,2087293,3384549,7931062,7797235,-0.297668,unrelated
S21,S330,Alsum18-2023,LaszSE-O14-2023,0,2003159,3415315,7931062,7462058,-0.313612,unrelated
S21,S331,Alsum18-2023,LaszSE-O14-2023,0,2085692,3325584,7931062,7438819,-0.297040,unrelated
S21,S332,Alsum18-2023,LaszSE-O14-2023,0,2288891,3078534,7931062,8314732,-0.238103,unrelated
S21,S370,Alsum18-2023,BrikalskiPats-2023,0,2028537,3362108,7931062,7223088,-0.309861,unrelated
S21,S371,Alsum18-2023,BrikalskiPats-2023,0,2107987,3283597,7931062,7850890,-0.282551,unrelated
S21,S372,Alsum18-2023,BrikalskiPats-2023,0,2175303,3205053,7931062,7962119,-0.266454,unrelated
S21,S373,Alsum18-2023,BrikalskiPats-2023,0,2111909,3239912,7931062,7688767,-0.279639,unrelated
S21,S374,Alsum18-2023,BrikalskiPats-2023,0,2032602,3364674,7931062,7505467,-0.304262,unrelated
S21,S375,Alsum18-2023,BrikalskiPats-2023,0,2124070,3225227,7931062,7610693,-0.278372,unrelated
S21,S376,Alsum18-2023,BrikalskiPats-2023,0,2076811,3387571,7931062,7674386,-0.301070,unrelated
S21,S386,Alsum18-2023,DaveBrilowski-2023,0,2069983,3292885,7931062,7581179,-0.291111,unrelated
S21,S387,Alsum18-2023,DaveBrilowski-2023,0,2050909,3353940,7931062,7340180,-0.304950,unrelated
S21,S388,Alsum18-2023,DaveBrilowski-2023,0,2121674,3285733,7931062,7711070,-0.284475,unrelated
S21,S389,Alsum18-2023,DaveBrilowski-2023,0,2070929,3375258,7931062,7419012,-0.304858,unrelated
S21,S390,Alsum18-2023,DaveBrilowski-2023,0,2081698,3287266,7931062,7664668,-0.288081,unrelated
S21,S391,Alsum18-2023,DaveBrilowski-2023,0,2108116,3316359,7931062,7786721,-0.287865,unrelated
S21,S392,Alsum18-2023,DaveBrilowski-2023,0,2138564,3281791,7931062,7941139,-0.278790,unrelated
S21,S418,Alsum18-2023,Wysocki1129-2023,0,2110428,3233263,7931062,7606408,-0.280361,unrelated
S21,S419,Alsum18-2023,Wysocki1129-2023,0,1934572,3354957,7931062,7110209,-0.317483,unrelated
S21,S420,Alsum18-2023,Wysocki1129-2023,0,2113742,3264182,7931062,7733647,-0.281820,unrelated
S21,S421,Alsum18-2023,Wysocki1129-2023,0,2125642,3225345,7931062,7799266,-0.274950,unrelated
S21,S422,Alsum18-2023,Wysocki1129-2023,0,2101980,3505196,7931062,7735411,-0.313307,unrelated
S21,S423,Alsum18-2023,Wysocki1129-2023,0,2161867,3218721,7931062,7838314,-0.271132,unrelated
S21,S424,Alsum18-2023,Wysocki1129-2023,0,2061643,3415201,7931062,7581744,-0.307408,unrelated
S21,S442,Alsum18-2023,Wedekind_3-2023,0,1761349,3536443,7931062,6337465,-0.372255,unrelated
S21,S443,Alsum18-2023,Wedekind_3-2023,0,2083591,3232691,7931062,7460484,-0.284688,unrelated
S21,S444,Alsum18-2023,Wedekind_3-2023,0,2045562,3257573,7931062,7291631,-0.293613,unrelated
S21,S445,Alsum18-2023,Wedekind_3-2023,0,2159925,3235978,7931062,7860728,-0.273055,unrelated
S21,S446,Alsum18-2023,Wedekind_3-2023,0,2060547,3319084,7931062,7648040,-0.293831,unrelated
S21,S447,Alsum18-2023,Wedekind_3-2023,0,2141144,3238712,7931062,7678231,-0.277801,unrelated
S21,S448,Alsum18-2023,Wedekind_3-2023,0,1990559,3425381,7931062,7296097,-0.319180,unrelated
S21,S474,Alsum18-2023,Airport04-2023,0,2165334,3117740,7931062,7804708,-0.258656,unrelated
S21,S475,Alsum18-2023,Airport04-2023,0,2235875,3084187,7931062,8082784,-0.245569,unrelated
S21,S476,Alsum18-2023,Airport04-2023,0,2063764,3240087,7931062,7482884,-0.286520,unrelated
S21,S477,Alsum18-2023,Airport04-2023,0,2078806,3189425,7931062,7485865,-0.278917,unrelated
S21,S478,Alsum18-2023,Airport04-2023,0,2120163,3187757,7931062,7652969,-0.273058,unrelated
S21,S479,Alsum18-2023,Airport04-2023,0,2025382,3281335,7931062,7412292,-0.295717,unrelated
S21,S480,Alsum18-2023,Airport04-2023,0,1913257,3409816,7931062,6986357,-0.328902,unrelated
S22,S23,Alsum18-2023,Alsum18-2023,1,2398348,2828087,9662065,7132646,-0.193979,unrelated
S22,S24,Alsum18-2023,Alsum18-2023,1,2295359,2870536,9662065,6928060,-0.207697,unrelated
S22,S25,Alsum18-2023,Alsum18-2023,1,2386970,2800785,9662065,6942334,-0.193599,unrelated
S22,S26,Alsum18-2023,Alsum18-2023,1,2730110,2585409,9662065,8096949,-0.137435,unrelated
S22,S27,Alsum18-2023,Alsum18-2023,1,3294072,2164830,9662065,9681654,-0.053536,unrelated
S22,S45,Alsum18-2023,Alsum59-2023,0,2500628,2800560,9662065,7560944,-0.180020,unrelated
S22,S46,Alsum18-2023,Alsum59-2023,0,2599331,2724649,9662065,7952347,-0.161797,unrelated
S22,S47,Alsum18-2023,Alsum59-2023,0,2517959,2820496,9662065,7667572,-0.180213,unrelated
S22,S48,Alsum18-2023,Alsum59-2023,0,2519924,2778516,9662065,7631822,-0.175617,unrelated
S22,S49,Alsum18-2023,Alsum59-2023,0,2404141,2885994,9662065,7264795,-0.198965,unrelated
S22,S50,Alsum18-2023,Alsum59-2023,0,2367077,2871247,9662065,7201669,-0.200158,unrelated
S22,S51,Alsum18-2023,Alsum59-2023,0,2545242,2768698,9662065,7575481,-0.173584,unrelated
S22,S58,Alsum18-2023,Arlington-2023,0,2631839,2602858,9662065,7652045,-0.148658,unrelated
S22,S59,Alsum18-2023,Arlington-2023,0,2389323,2833895,9662065,7062874,-0.196023,unrelated
S22,S60,Alsum18-2023,Arlington-2023,0,2586684,2662540,9662065,7568897,-0.158923,unrelated
S22,S61,Alsum18-2023,Arlington-2023,0,2594101,2677864,9662065,7707594,-0.158991,unrelated
S22,S62,Alsum18-2023,Arlington-2023,0,2502857,2781738,9662065,7384548,-0.179544,unrelated
S22,S63,Alsum18-2023,Arlington-2023,0,2577798,2795021,9662065,7844966,-0.172059,unrelated
S22,S64,Alsum18-2023,Arlington-2023,0,2501908,2807821,9662065,7466015,-0.181791,unrelated
S22,S77,Alsum18-2023,C5-2023,0,2618944,2692399,9662065,7866137,-0.157795,unrelated
S22,S78,Alsum18-2023,C5-2023,0,2432668,2781452,9662065,7194609,-0.185697,unrelated
S22,S79,Alsum18-2023,C5-2023,0,2588786,2670651,9662065,7781078,-0.157799,unrelated
S22,S80,Alsum18-2023,C5-2023,0,2585102,2706064,9662065,7723029,-0.162612,unrelated
S22,S81,Alsum18-2023,C5-2023,0,2508930,2902454,9662065,7557553,-0.191408,unrelated
S22,S82,Alsum18-2023,C5-2023,0,2568894,2712590,9662065,7539134,-0.166052,unrelated
S22,S83,Alsum18-2023,C5-2023,0,2503159,2778311,9662065,7418769,-0.178765,unrelated
S22,S109,Alsum18-2023,C44-L15-2023,0,2395542,2880434,9662065,7182952,-0.199782,unrelated
S22,S110,Alsum18-2023,C44-L15-2023,0,2534724,2736656,9662065,7579950,-0.170432,unrelated
S22,S111,Alsum18-2023,C44-L15-2023,0,2587769,2801160,9662065,8035390,-0.170338,unrelated
S22,S112,Alsum18-2023,C44-L15-2023,0,2558432,2713723,9662065,7532210,-0.166859,unrelated
S22,S113,Alsum18-2023,C44-L15-2023,0,2447199,2766100,9662065,7281389,-0.182076,unrelated
S22,S114,Alsum18-2023,C44-L15-2023,0,2487731,2744775,9662065,7409290,-0.175840,unrelated
S22,S115,Alsum18-2023,C44-L15-2023,0,2614939,2689141,9662065,7776122,-0.158465,unrelated
S22,S133,Alsum18-2023,Aartz-2023,0,2509074,2735883,9662065,7481338,-0.172818,unrelated
S22,S134,Alsum18-2023,Aartz-2023,0,2378289,2934099,9662065,7342694,-0.205231,unrelated
S22,S135,Alsum18-2023,Aartz-2023,0,2393643,2931473,9662065,7171059,-0.206100,unrelated
S22,S136,Alsum18-2023,Aartz-2023,0,2601358,2677787,9662065,7775212,-0.157950,unrelated
S22,S137,Alsum18-2023,Aartz-2023,0,2575884,2660250,9662065,7535158,-0.159596,unrelated
S22,S145,Alsum18-2023,XMASBig-2023,0,2579475,2728173,9662065,7857668,-0.164207,unrelated
S22,S146,Alsum18-2023,XMASBig-2023,0,2455062,2827828,9662065,7511950,-0.186363,unrelated
S22,S147,Alsum18-2023,XMASBig-2023,0,2620741,2689706,9662065,7708191,-0.158816,unrelated
S22,S148,Alsum18-2023,XMASBig-2023,0,2682247,2622143,9662065,7944143,-0.145519,unrelated
S22,S149,Alsum18-2023,XMASBig-2023,0,2457236,2785418,9662065,7327686,-0.183263,unrelated
S22,S167,Alsum18-2023,GarrisonNE-2023,0,2472566,2860585,9662065,7689066,-0.187227,unrelated
S22,S168,Alsum18-2023,GarrisonNE-2023,0,2462450,2816005,9662065,7345950,-0.186357,unrelated
S22,S169,Alsum18-2023,GarrisonNE-2023,0,2544442,2739586,9662065,7604273,-0.169968,unrelated
S22,S170,Alsum18-2023,GarrisonNE-2023,0,2546526,2758037,9662065,7764576,-0.170403,unrelated
S22,S171,Alsum18-2023,GarrisonNE-2023,0,2523716,2808398,9662065,7653982,-0.178625,unrelated
S22,S172,Alsum18-2023,GarrisonNE-2023,0,2468282,2700638,9662065,7231927,-0.173612,unrelated
S22,S173,Alsum18-2023,GarrisonNE-2023,0,2486825,2636837,9662065,7337001,-0.163941,unrelated
S22,S185,Alsum18-2023,H10-2023,0,2499540,2681675,9662065,7318923,-0.168648,unrelated
S22,S186,Alsum18-2023,H10-2023,0,2573496,2725158,9662065,7677072,-0.165915,unrelated
S22,S187,Alsum18-2023,H10-2023,0,2586907,2643673,9662065,7514517,-0.157216,unrelated
S22,S188,Alsum18-2023,H10-2023,0,2395755,2767704,9662065,7202055,-0.186174,unrelated
S22,S189,Alsum18-2023,H10-2023,0,2767039,2533233,9662065,8104414,-0.129425,unrelated
S22,S190,Alsum18-2023,H10-2023,0,2562710,2739807,9662065,7760518,-0.167421,unrelated
S22,S191,Alsum18-2023,H10-2023,0,2430520,2836953,9662065,7306259,-0.191144,unrelated
S22,S206,Alsum18-2023,H15-2023,0,2648802,2529426,9662065,7783850,-0.138144,unrelated
S22,S207,Alsum18-2023,H15-2023,0,2505043,2793790,9662065,7707947,-0.177463,unrelated
S22,S208,Alsum18-2023,H15-2023,0,2502176,2781891,9662065,7490866,-0.178489,unrelated
S22,S209,Alsum18-2023,H15-2023,0,2518743,2786345,9662065,7723624,-0.175659,unrelated
S22,S210,Alsum18-2023,H15-2023,0,2592743,2754895,9662065,7739257,-0.167634,unrelated
S22,S211,Alsum18-2023,H15-2023,0,2544417,2749889,9662065,7405367,-0.173158,unrelated
S22,S212,Alsum18-2023,H15-2023,0,1062028,3702599,9662065,3113003,-0.496527,unrelated
S22,S219,Alsum18-2023,H41-2023,0,2567300,2562855,9662065,7585961,-0.148331,unrelated
S22,S220,Alsum18-2023,H41-2023,0,2450046,2693341,9662065,7179670,-0.174367,unrelated
S22,S221,Alsum18-2023,H41-2023,0,53776,4690592,9662065,158911,-0.949743,unrelated
S22,S222,Alsum18-2023,H41-2023,0,504733,4249395,9662065,1476333,-0.717703,unrelated
S22,S223,Alsum18-2023,H41-2023,0,1340021,3425606,9662065,3926923,-0.405563,unrelated
S22,S224,Alsum18-2023,H41-2023,0,2659566,2584574,9662065,7733862,-0.144263,unrelated
S22,S225,Alsum18-2023,H41-2023,0,2422372,2810957,9662065,7293024,-0.188707,unrelated
S22,S250,Alsum18-2023,H66-2023,0,2476357,2798457,9662065,7497400,-0.181856,unrelated
S22,S251,Alsum18-2023,H66-2023,0,2375918,2888155,9662065,7298189,-0.200492,unrelated
S22,S252,Alsum18-2023,H66-2023,0,2597995,2684468,9662065,7784671,-0.158823,unrelated
S22,S253,Alsum18-2023,H66-2023,0,2584141,2724294,9662065,7828319,-0.163773,unrelated
S22,S254,Alsum18-2023,H66-2023,0,2569177,2764458,9662065,7899268,-0.168537,unrelated
S22,S255,Alsum18-2023,H66-2023,0,2077989,3088880,9662065,6261999,-0.257458,unrelated
S22,S256,Alsum18-2023,H66-2023,0,2364739,2877735,9662065,7050507,-0.202885,unrelated
S22,S257,Alsum18-2023,H66-2023,0,2453048,2798323,9662065,7226941,-0.186133,unrelated
S22,S258,Alsum18-2023,H66-2023,0,2442112,2777519,9662065,7345804,-0.183029,unrelated
S22,S259,Alsum18-2023,H66-2023,0,2613975,2665594,9662065,7685226,-0.156636,unrelated
S22,S260,Alsum18-2023,H66-2023,0,2588383,2729461,9662065,7760564,-0.164759,unrelated
S22,S288,Alsum18-2023,Du-2023,0,2622923,2623266,9662065,7781391,-0.150406,unrelated
S22,S289,Alsum18-2023,Du-2023,0,2778257,2606838,9662065,8243626,-0.136014,unrelated
S22,S290,Alsum18-2023,Du-2023,0,2775276,2559515,9662065,8328446,-0.130277,unrelated
S22,S291,Alsum18-2023,Du-2023,0,2842289,2572886,9662065,8614604,-0.126034,unrelated
S22,S292,Alsum18-2023,Du-2023,0,3048260,2386675,9662065,9175472,-0.091577,unrelated
S22,S293,Alsum18-2023,Du-2023,0,3022436,2420947,9662065,9002064,-0.097484,unrelated
S22,S294,Alsum18-2023,Du-2023,0,2725074,2670152,9662065,8280057,-0.145759,unrelated
S22,S312,Alsum18-2023,OkrayGrosheks40-2023,0,2628915,2673403,9662065,7983456,-0.154027,unrelated
S22,S313,Alsum18-2023,OkrayGrosheks40-2023,0,2488251,2778867,9662065,7465948,-0.179208,unrelated
S22,S314,Alsum18-2023,OkrayGrosheks40-2023,0,2546959,2775757,9662065,7693326,-0.173119,unrelated
S22,S315,Alsum18-2023,OkrayGrosheks40-2023,0,2641413,2668711,9662065,7911196,-0.153415,unrelated
S22,S316,Alsum18-2023,OkrayGrosheks40-2023,0,2598459,2690609,9662065,7767507,-0.159657,unrelated
S22,S317,Alsum18-2023,OkrayGrosheks40-2023,0,2727565,2594783,9662065,8428115,-0.136096,unrelated
S22,S318,Alsum18-2023,OkrayGrosheks40-2023,0,2456450,2747746,9662065,7352916,-0.178610,unrelated
S22,S328,Alsum18-2023,LaszSE-O14-2023,0,2569459,2786019,9662065,7746042,-0.172482,unrelated
S22,S329,Alsum18-2023,LaszSE-O14-2023,0,2523905,2810420,9662065,7797235,-0.177380,unrelated
S22,S330,Alsum18-2023,LaszSE-O14-2023,0,2453476,2804252,9662065,7462058,-0.184245,unrelated
S22,S331,Alsum18-2023,LaszSE-O14-2023,0,2502001,2756152,9662065,7438819,-0.176032,unrelated
S22,S332,Alsum18-2023,LaszSE-O14-2023,0,2770059,2599502,9662065,8314732,-0.135116,unrelated
S22,S370,Alsum18-2023,BrikalskiPats-2023,0,2419883,2848204,9662065,7223088,-0.194048,unrelated
S22,S371,Alsum18-2023,BrikalskiPats-2023,0,2573545,2729172,9662065,7850890,-0.164724,unrelated
S22,S372,Alsum18-2023,BrikalskiPats-2023,0,2648002,2678169,9662065,7962119,-0.153672,unrelated
S22,S373,Alsum18-2023,BrikalskiPats-2023,0,2528394,2745348,9662065,7688767,-0.170730,unrelated
S22,S374,Alsum18-2023,BrikalskiPats-2023,0,2484071,2858019,9662065,7505467,-0.188260,unrelated
S22,S375,Alsum18-2023,BrikalskiPats-2023,0,2579561,2745272,9662065,7610693,-0.168530,unrelated
S22,S376,Alsum18-2023,BrikalskiPats-2023,0,2476526,2862145,9662065,7674386,-0.187337,unrelated
S22,S386,Alsum18-2023,DaveBrilowski-2023,0,2494911,2805160,9662065,7581179,-0.180674,unrelated
S22,S387,Alsum18-2023,DaveBrilowski-2023,0,2422602,2870795,9662065,7340180,-0.195209,unrelated
S22,S388,Alsum18-2023,DaveBrilowski-2023,0,2557946,2762415,9662065,7711070,-0.170774,unrelated
S22,S389,Alsum18-2023,DaveBrilowski-2023,0,2457568,2875630,9662065,7419012,-0.192827,unrelated
S22,S390,Alsum18-2023,DaveBrilowski-2023,0,2566667,2717668,9662065,7664668,-0.165563,unrelated
S22,S391,Alsum18-2023,DaveBrilowski-2023,0,2545365,2811049,9662065,7786721,-0.176329,unrelated
S22,S392,Alsum18-2023,DaveBrilowski-2023,0,2568502,2757855,9662065,7941139,-0.167425,unrelated
S22,S418,Alsum18-2023,Wysocki1129-2023,0,2525084,2771941,9662065,7606408,-0.174816,unrelated
S22,S419,Alsum18-2023,Wysocki1129-2023,0,2395850,2797514,9662065,7110209,-0.190742,unrelated
S22,S420,Alsum18-2023,Wysocki1129-2023,0,2581580,2702310,9662065,7733647,-0.162284,unrelated
S22,S421,Alsum18-2023,Wysocki1129-2023,0,2598553,2663139,9662065,7799266,-0.156215,unrelated
S22,S422,Alsum18-2023,Wysocki1129-2023,0,2551803,3002440,9662065,7735411,-0.198481,unrelated
S22,S423,Alsum18-2023,Wysocki1129-2023,0,2618573,2668920,9662065,7838314,-0.155383,unrelated
S22,S424,Alsum18-2023,Wysocki1129-2023,0,2460395,2877582,9662065,7581744,-0.191070,unrelated
S22,S442,Alsum18-2023,Wedekind_3-2023,0,2127650,3037761,9662065,6337465,-0.246749,unrelated
S22,S443,Alsum18-2023,Wedekind_3-2023,0,2511445,2731981,9662065,7460484,-0.172434,unrelated
S22,S444,Alsum18-2023,Wedekind_3-2023,0,2474568,2771814,9662065,7291631,-0.181026,unrelated
S22,S445,Alsum18-2023,Wedekind_3-2023,0,2585398,2781466,9662065,7860728,-0.169923,unrelated
S22,S446,Alsum18-2023,Wedekind_3-2023,0,2521352,2728156,9662065,7648040,-0.169552,unrelated
S22,S447,Alsum18-2023,Wedekind_3-2023,0,2555326,2758249,9662065,7678231,-0.170768,unrelated
S22,S448,Alsum18-2023,Wedekind_3-2023,0,2440553,2837701,9662065,7296097,-0.190755,unrelated
S22,S474,Alsum18-2023,Airport04-2023,0,2653496,2598234,9662065,7804708,-0.145589,unrelated
S22,S475,Alsum18-2023,Airport04-2023,0,2741231,2559224,9662065,8082784,-0.133967,unrelated
S22,S476,Alsum18-2023,Airport04-2023,0,2570042,2651873,9662065,7482884,-0.159447,unrelated
S22,S477,Alsum18-2023,Airport04-2023,0,2558404,2621765,9662065,7485865,-0.156586,unrelated
S22,S478,Alsum18-2023,Airport04-2023,0,2588446,2652564,9662065,7652969,-0.156897,unrelated
S22,S479,Alsum18-2023,Airport04-2023,0,2521557,2751139,9662065,7412292,-0.174573,unrelated
S22,S480,Alsum18-2023,Airport04-2023,0,2334814,2825269,9662065,6986357,-0.199161,unrelated
S23,S24,Alsum18-2023,Alsum18-2023,1,1788019,3786031,7132646,6928060,-0.411362,unrelated
S23,S25,Alsum18-2023,Alsum18-2023,1,1742723,3699243,7132646,6942334,-0.401831,unrelated
S23,S26,Alsum18-2023,Alsum18-2023,1,2014768,3346562,7132646,8096949,-0.307188,unrelated
S23,S27,Alsum18-2023,Alsum18-2023,1,2392011,2873424,7132646,9681654,-0.199523,unrelated
S23,S45,Alsum18-2023,Alsum59-2023,0,1982685,3610355,7132646,7560944,-0.356484,unrelated
S23,S46,Alsum18-2023,Alsum59-2023,0,2077378,3573699,7132646,7952347,-0.336097,unrelated
S23,S47,Alsum18-2023,Alsum59-2023,0,1984892,3683516,7132646,7667572,-0.363653,unrelated
S23,S48,Alsum18-2023,Alsum59-2023,0,2039096,3592017,7132646,7631822,-0.348468,unrelated
S23,S49,Alsum18-2023,Alsum59-2023,0,1916371,3735856,7132646,7264795,-0.385856,unrelated
S23,S50,Alsum18-2023,Alsum59-2023,0,1892641,3637995,7132646,7201669,-0.375557,unrelated
S23,S51,Alsum18-2023,Alsum59-2023,0,1872644,3506542,7132646,7575481,-0.349497,unrelated
S23,S58,Alsum18-2023,Arlington-2023,0,1929377,3448994,7132646,7652045,-0.336065,unrelated
S23,S59,Alsum18-2023,Arlington-2023,0,1878537,3699673,7132646,7062874,-0.388912,unrelated
S23,S60,Alsum18-2023,Arlington-2023,0,1905200,3533481,7132646,7568897,-0.351103,unrelated
S23,S61,Alsum18-2023,Arlington-2023,0,1930752,3511184,7132646,7707594,-0.343095,unrelated
S23,S62,Alsum18-2023,Arlington-2023,0,1948312,3662525,7132646,7384548,-0.370370,unrelated
S23,S63,Alsum18-2023,Arlington-2023,0,2032312,3623732,7132646,7844966,-0.348196,unrelated
S23,S64,Alsum18-2023,Arlington-2023,0,1966542,3628069,7132646,7466015,-0.362334,unrelated
S23,S77,Alsum18-2023,C5-2023,0,1933578,3559867,7132646,7866137,-0.345772,unrelated
S23,S78,Alsum18-2023,C5-2023,0,1795360,3663723,7132646,7194609,-0.386123,unrelated
S23,S79,Alsum18-2023,C5-2023,0,1979603,3470832,7132646,7781078,-0.332718,unrelated
S23,S80,Alsum18-2023,C5-2023,0,1999630,3476316,7132646,7723029,-0.333408,unrelated
S23,S81,Alsum18-2023,C5-2023,0,1881809,3751168,7132646,7557553,-0.382604,unrelated
S23,S82,Alsum18-2023,C5-2023,0,1892115,3564616,7132646,7539134,-0.356952,unrelated
S23,S83,Alsum18-2023,C5-2023,0,1854768,3516195,7132646,7418769,-0.355816,unrelated
S23,S109,Alsum18-2023,C44-L15-2023,0,1912817,3703201,7132646,7182952,-0.383748,unrelated
S23,S110,Alsum18-2023,C44-L15-2023,0,1924913,3554434,7132646,7579950,-0.352348,unrelated
S23,S111,Alsum18-2023,C44-L15-2023,0,2094246,3565952,7132646,8035390,-0.332123,unrelated
S23,S112,Alsum18-2023,C44-L15-2023,0,1903854,3497134,7132646,7532210,-0.347117,unrelated
S23,S113,Alsum18-2023,C44-L15-2023,0,1820404,3616404,7132646,7281389,-0.375495,unrelated
S23,S114,Alsum18-2023,C44-L15-2023,0,1911540,3583139,7132646,7409290,-0.361351,unrelated
S23,S115,Alsum18-2023,C44-L15-2023,0,1960593,3481223,7132646,7776122,-0.335497,unrelated
S23,S133,Alsum18-2023,Aartz-2023,0,1899118,3548110,7132646,7481338,-0.355625,unrelated
S23,S134,Alsum18-2023,Aartz-2023,0,1845526,3838068,7132646,7342694,-0.402796,unrelated
S23,S135,Alsum18-2023,Aartz-2023,0,1898562,3809303,7132646,7171059,-0.399899,unrelated
S23,S136,Alsum18-2023,Aartz-2023,0,1939790,3499946,7132646,7775212,-0.339425,unrelated
S23,S137,Alsum18-2023,Aartz-2023,0,1850565,3560111,7132646,7535158,-0.359267,unrelated
S23,S145,Alsum18-2023,XMASBig-2023,0,1969594,3504091,7132646,7857668,-0.336123,unrelated
S23,S146,Alsum18-2023,XMASBig-2023,0,1919777,3692519,7132646,7511950,-0.373193,unrelated
S23,S147,Alsum18-2023,XMASBig-2023,0,1966810,3513266,7132646,7708191,-0.340932,unrelated
S23,S148,Alsum18-2023,XMASBig-2023,0,2087423,3518974,7132646,7944143,-0.328354,unrelated
S23,S149,Alsum18-2023,XMASBig-2023,0,1914513,3704545,7132646,7327686,-0.379976,unrelated
S23,S167,Alsum18-2023,GarrisonNE-2023,0,1971656,3679496,7132646,7689066,-0.363476,unrelated
S23,S168,Alsum18-2023,GarrisonNE-2023,0,1932383,3686682,7132646,7345950,-0.375795,unrelated
S23,S169,Alsum18-2023,GarrisonNE-2023,0,1932792,3610086,7132646,7604273,-0.358785,unrelated
S23,S170,Alsum18-2023,GarrisonNE-2023,0,1904259,3579714,7132646,7764576,-0.352762,unrelated
S23,S171,Alsum18-2023,GarrisonNE-2023,0,2025447,3628912,7132646,7653982,-0.353859,unrelated
S23,S172,Alsum18-2023,GarrisonNE-2023,0,1843843,3436571,7132646,7231927,-0.350118,unrelated
S23,S173,Alsum18-2023,GarrisonNE-2023,0,1803887,3498292,7132646,7337001,-0.358868,unrelated
S23,S185,Alsum18-2023,H10-2023,0,1857840,3509160,7132646,7318923,-0.357088,unrelated
S23,S186,Alsum18-2023,H10-2023,0,1938083,3441074,7132646,7677072,-0.333839,unrelated
S23,S187,Alsum18-2023,H10-2023,0,1901781,3479976,7132646,7514517,-0.345335,unrelated
S23,S188,Alsum18-2023,H10-2023,0,1837269,3717424,7132646,7202055,-0.390492,unrelated
S23,S189,Alsum18-2023,H10-2023,0,2075053,3321197,7132646,8104414,-0.299752,unrelated
S23,S190,Alsum18-2023,H10-2023,0,1930389,3530786,7132646,7760518,-0.344533,unrelated
S23,S191,Alsum18-2023,H10-2023,0,1916982,3694908,7132646,7306259,-0.379034,unrelated
S23,S206,Alsum18-2023,H15-2023,0,1943031,3311332,7132646,7783850,-0.313722,unrelated
S23,S207,Alsum18-2023,H15-2023,0,1926622,3600830,7132646,7707947,-0.355447,unrelated
S23,S208,Alsum18-2023,H15-2023,0,1900238,3454205,7132646,7490866,-0.342474,unrelated
S23,S209,Alsum18-2023,H15-2023,0,1942684,3583601,7132646,7723624,-0.351671,unrelated
S23,S210,Alsum18-2023,H15-2023,0,1960309,3493057,7132646,7739257,-0.337940,unrelated
S23,S211,Alsum18-2023,H15-2023,0,1868858,3572233,7132646,7405367,-0.362884,unrelated
S23,S212,Alsum18-2023,H15-2023,0,757685,4841553,7132646,3113003,-0.871143,unrelated
S23,S219,Alsum18-2023,H41-2023,0,1939821,3451533,7132646,7585961,-0.337209,unrelated
S23,S220,Alsum18-2023,H41-2023,0,1845620,3624586,7132646,7179670,-0.377546,unrelated
S23,S221,Alsum18-2023,H41-2023,0,38276,6015536,7132646,158911,-1.644751,unrelated
S23,S222,Alsum18-2023,H41-2023,0,362283,5501252,7132646,1476333,-1.235945,unrelated
S23,S223,Alsum18-2023,H41-2023,0,937204,4503139,7132646,3926923,-0.729601,unrelated
S23,S224,Alsum18-2023,H41-2023,0,1985269,3409129,7132646,7733862,-0.325092,unrelated
S23,S225,Alsum18-2023,H41-2023,0,1843321,3631470,7132646,7293024,-0.375693,unrelated
S23,S250,Alsum18-2023,H66-2023,0,1977230,3680605,7132646,7497400,-0.368008,unrelated
S23,S251,Alsum18-2023,H66-2023,0,1881242,3780016,7132646,7298189,-0.393518,unrelated
S23,S252,Alsum18-2023,H66-2023,0,1954596,3474468,7132646,7784671,-0.334801,unrelated
S23,S253,Alsum18-2023,H66-2023,0,1960401,3498396,7132646,7828319,-0.336635,unrelated
S23,S254,Alsum18-2023,H66-2023,0,1921534,3563875,7132646,7899268,-0.346344,unrelated
S23,S255,Alsum18-2023,H66-2023,0,1514636,3967073,7132646,6261999,-0.479259,unrelated
S23,S256,Alsum18-2023,H66-2023,0,1896168,3747758,7132646,7050507,-0.394789,unrelated
S23,S257,Alsum18-2023,H66-2023,0,1872196,3747841,7132646,7226941,-0.391619,unrelated
S23,S258,Alsum18-2023,H66-2023,0,1934939,3572768,7132646,7345804,-0.359886,unrelated
S23,S259,Alsum18-2023,H66-2023,0,1921619,3536510,7132646,7685226,-0.347648,unrelated
S23,S260,Alsum18-2023,H66-2023,0,1957851,3507335,7132646,7760564,-0.339539,unrelated
S23,S288,Alsum18-2023,Du-2023,0,2030673,3439563,7132646,7781391,-0.325093,unrelated
S23,S289,Alsum18-2023,Du-2023,0,2055105,3450769,7132646,8243626,-0.315189,unrelated
S23,S290,Alsum18-2023,Du-2023,0,2079678,3342188,7132646,8328446,-0.297825,unrelated
S23,S291,Alsum18-2023,Du-2023,0,2174114,3312484,7132646,8614604,-0.282643,unrelated
S23,S292,Alsum18-2023,Du-2023,0,2347367,3148565,7132646,9175472,-0.242196,unrelated
S23,S293,Alsum18-2023,Du-2023,0,2212261,3228565,7132646,9002064,-0.263089,unrelated
S23,S294,Alsum18-2023,Du-2023,0,2035980,3334888,7132646,8280057,-0.300648,unrelated
S23,S312,Alsum18-2023,OkrayGrosheks40-2023,0,2004877,3482621,7132646,7983456,-0.328151,unrelated
S23,S313,Alsum18-2023,OkrayGrosheks40-2023,0,1966454,3592149,7132646,7465948,-0.357421,unrelated
S23,S314,Alsum18-2023,OkrayGrosheks40-2023,0,2043516,3581898,7132646,7693326,-0.345359,unrelated
S23,S315,Alsum18-2023,OkrayGrosheks40-2023,0,2025129,3454978,7132646,7911196,-0.324706,unrelated
S23,S316,Alsum18-2023,OkrayGrosheks40-2023,0,2045829,3566534,7132646,7767507,-0.341422,unrelated
S23,S317,Alsum18-2023,OkrayGrosheks40-2023,0,2075601,3322120,7132646,8428115,-0.293600,unrelated
S23,S318,Alsum18-2023,OkrayGrosheks40-2023,0,1937794,3625198,7132646,7352916,-0.366752,unrelated
S23,S328,Alsum18-2023,LaszSE-O14-2023,0,2040684,3610706,7132646,7746042,-0.348198,unrelated
S23,S329,Alsum18-2023,LaszSE-O14-2023,0,1982846,3614065,7132646,7797235,-0.351328,unrelated
S23,S330,Alsum18-2023,LaszSE-O14-2023,0,1932259,3686752,7132646,7462058,-0.372823,unrelated
S23,S331,Alsum18-2023,LaszSE-O14-2023,0,1926397,3642345,7132646,7438819,-0.367725,unrelated
S23,S332,Alsum18-2023,LaszSE-O14-2023,0,2116312,3317701,7132646,8314732,-0.292547,unrelated
S23,S370,Alsum18-2023,BrikalskiPats-2023,0,1887333,3689238,7132646,7223088,-0.382505,unrelated
S23,S371,Alsum18-2023,BrikalskiPats-2023,0,1914543,3563263,7132646,7850890,-0.347847,unrelated
S23,S372,Alsum18-2023,BrikalskiPats-2023,0,2001063,3446516,7132646,7962119,-0.324084,unrelated
S23,S373,Alsum18-2023,BrikalskiPats-2023,0,1945936,3568939,7132646,7688767,-0.350300,unrelated
S23,S374,Alsum18-2023,BrikalskiPats-2023,0,1886826,3544002,7132646,7505467,-0.355318,unrelated
S23,S375,Alsum18-2023,BrikalskiPats-2023,0,1902608,3535407,7132646,7610693,-0.350545,unrelated
S23,S376,Alsum18-2023,BrikalskiPats-2023,0,1983386,3610569,7132646,7674386,-0.353734,unrelated
S23,S386,Alsum18-2023,DaveBrilowski-2023,0,1922948,3540761,7132646,7581179,-0.350594,unrelated
S23,S387,Alsum18-2023,DaveBrilowski-2023,0,1949472,3638471,7132646,7340180,-0.368102,unrelated
S23,S388,Alsum18-2023,DaveBrilowski-2023,0,1951631,3570243,7132646,7711070,-0.349566,unrelated
S23,S389,Alsum18-2023,DaveBrilowski-2023,0,1948510,3714268,7132646,7419012,-0.376591,unrelated
S23,S390,Alsum18-2023,DaveBrilowski-2023,0,1915778,3501367,7132646,7664668,-0.343776,unrelated
S23,S391,Alsum18-2023,DaveBrilowski-2023,0,1930206,3565199,7132646,7786721,-0.348553,unrelated
S23,S392,Alsum18-2023,DaveBrilowski-2023,0,2009664,3556214,7132646,7941139,-0.338519,unrelated
S23,S418,Alsum18-2023,Wysocki1129-2023,0,1943670,3596848,7132646,7606408,-0.356198,unrelated
S23,S419,Alsum18-2023,Wysocki1129-2023,0,1797406,3637479,7132646,7110209,-0.384582,unrelated
S23,S420,Alsum18-2023,Wysocki1129-2023,0,1946793,3473817,7132646,7733647,-0.336388,unrelated
S23,S421,Alsum18-2023,Wysocki1129-2023,0,1957216,3466729,7132646,7799266,-0.333262,unrelated
S23,S422,Alsum18-2023,Wysocki1129-2023,0,1937035,3770991,7132646,7735411,-0.376979,unrelated
S23,S423,Alsum18-2023,Wysocki1129-2023,0,1954675,3495008,7132646,7838314,-0.336341,unrelated
S23,S424,Alsum18-2023,Wysocki1129-2023,0,1949181,3692317,7132646,7581744,-0.369397,unrelated
S23,S442,Alsum18-2023,Wedekind_3-2023,0,1582199,3855449,7132646,6337465,-0.454985,unrelated
S23,S443,Alsum18-2023,Wedekind_3-2023,0,1877417,3537145,7132646,7460484,-0.356118,unrelated
S23,S444,Alsum18-2023,Wedekind_3-2023,0,1863002,3575520,7132646,7291631,-0.366607,unrelated
S23,S445,Alsum18-2023,Wedekind_3-2023,0,1934428,3513451,7132646,7860728,-0.339648,unrelated
S23,S446,Alsum18-2023,Wedekind_3-2023,0,1882707,3551197,7132646,7648040,-0.353142,unrelated
S23,S447,Alsum18-2023,Wedekind_3-2023,0,1975319,3570226,7132646,7678231,-0.348739,unrelated
S23,S448,Alsum18-2023,Wedekind_3-2023,0,1911643,3722847,7132646,7296097,-0.383544,unrelated
S23,S474,Alsum18-2023,Airport04-2023,0,1909099,3497181,7132646,7804708,-0.340439,unrelated
S23,S475,Alsum18-2023,Airport04-2023,0,2025521,3352518,7132646,8082784,-0.307551,unrelated
S23,S476,Alsum18-2023,Airport04-2023,0,1871496,3508694,7132646,7482884,-0.352084,unrelated
S23,S477,Alsum18-2023,Airport04-2023,0,1897654,3516567,7132646,7485865,-0.351300,unrelated
S23,S478,Alsum18-2023,Airport04-2023,0,1943794,3494453,7132646,7652969,-0.341218,unrelated
S23,S479,Alsum18-2023,Airport04-2023,0,1877636,3470171,7132646,7412292,-0.348073,unrelated
S23,S480,Alsum18-2023,Airport04-2023,0,1789721,3699372,7132646,6986357,-0.397268,unrelated
S24,S25,Alsum18-2023,Alsum18-2023,1,1690842,3726266,6928060,6942334,-0.415395,unrelated
S24,S26,Alsum18-2023,Alsum18-2023,1,1931857,3406019,6928060,8096949,-0.324804,unrelated
S24,S27,Alsum18-2023,Alsum18-2023,1,2322667,2922427,6928060,9681654,-0.212056,unrelated
S24,S45,Alsum18-2023,Alsum59-2023,0,1844957,3675993,6928060,7560944,-0.380083,unrelated
S24,S46,Alsum18-2023,Alsum59-2023,0,2021397,3590338,6928060,7952347,-0.346716,unrelated
S24,S47,Alsum18-2023,Alsum59-2023,0,1962486,3748079,6928060,7667572,-0.379132,unrelated
S24,S48,Alsum18-2023,Alsum59-2023,0,1892212,3651211,6928060,7631822,-0.371583,unrelated
S24,S49,Alsum18-2023,Alsum59-2023,0,1781611,3842737,6928060,7264795,-0.415974,unrelated
S24,S50,Alsum18-2023,Alsum59-2023,0,1775512,3682953,6928060,7201669,-0.395648,unrelated
S24,S51,Alsum18-2023,Alsum59-2023,0,1787749,3669698,6928060,7575481,-0.382779,unrelated
S24,S58,Alsum18-2023,Arlington-2023,0,1801850,3569977,6928060,7652045,-0.366122,unrelated
S24,S59,Alsum18-2023,Arlington-2023,0,1755624,3765799,6928060,7062874,-0.412837,unrelated
S24,S60,Alsum18-2023,Arlington-2023,0,1840630,3411281,6928060,7568897,-0.343654,unrelated
S24,S61,Alsum18-2023,Arlington-2023,0,1845898,3508588,6928060,7707594,-0.353334,unrelated
S24,S62,Alsum18-2023,Arlington-2023,0,1834091,3743781,6928060,7384548,-0.394999,unrelated
S24,S63,Alsum18-2023,Arlington-2023,0,2015874,3612120,6928060,7844966,-0.352559,unrelated
S24,S64,Alsum18-2023,Arlington-2023,0,1910313,3656684,6928060,7466015,-0.375367,unrelated
S24,S77,Alsum18-2023,C5-2023,0,1902156,3511139,6928060,7866137,-0.346090,unrelated
S24,S78,Alsum18-2023,C5-2023,0,1704470,3688436,6928060,7194609,-0.401652,unrelated
S24,S79,Alsum18-2023,C5-2023,0,1859768,3530384,6928060,7781078,-0.353590,unrelated
S24,S80,Alsum18-2023,C5-2023,0,1862199,3513592,6928060,7723029,-0.352532,unrelated
S24,S81,Alsum18-2023,C5-2023,0,1818899,3584335,6928060,7557553,-0.369316,unrelated
S24,S82,Alsum18-2023,C5-2023,0,1825459,3566062,6928060,7539134,-0.366807,unrelated
S24,S83,Alsum18-2023,C5-2023,0,1775501,3702784,6928060,7418769,-0.392426,unrelated
S24,S109,Alsum18-2023,C44-L15-2023,0,1788174,3812201,6928060,7182952,-0.413594,unrelated
S24,S110,Alsum18-2023,C44-L15-2023,0,1838092,3514281,6928060,7579950,-0.357766,unrelated
S24,S111,Alsum18-2023,C44-L15-2023,0,2048715,3591922,6928060,8035390,-0.343178,unrelated
S24,S112,Alsum18-2023,C44-L15-2023,0,1771516,3543589,6928060,7532210,-0.367605,unrelated
S24,S113,Alsum18-2023,C44-L15-2023,0,1730595,3679439,6928060,7281389,-0.396094,unrelated
S24,S114,Alsum18-2023,C44-L15-2023,0,1810106,3554885,6928060,7409290,-0.369640,unrelated
S24,S115,Alsum18-2023,C44-L15-2023,0,1845777,3584399,6928060,7776122,-0.362007,unrelated
S24,S133,Alsum18-2023,Aartz-2023,0,1799956,3637770,6928060,7481338,-0.380001,unrelated
S24,S134,Alsum18-2023,Aartz-2023,0,1901141,3753219,6928060,7342694,-0.392782,unrelated
S24,S135,Alsum18-2023,Aartz-2023,0,1748055,3902340,6928060,7171059,-0.429575,unrelated
S24,S136,Alsum18-2023,Aartz-2023,0,1942384,3441143,6928060,7775212,-0.335973,unrelated
S24,S137,Alsum18-2023,Aartz-2023,0,1832071,3429376,6928060,7535158,-0.347549,unrelated
S24,S145,Alsum18-2023,XMASBig-2023,0,1999416,3505139,6928060,7857668,-0.338899,unrelated
S24,S146,Alsum18-2023,XMASBig-2023,0,1880650,3526414,6928060,7511950,-0.358184,unrelated
S24,S147,Alsum18-2023,XMASBig-2023,0,1872825,3496891,6928060,7708191,-0.349882,unrelated
S24,S148,Alsum18-2023,XMASBig-2023,0,1922957,3609415,6928060,7944143,-0.356092,unrelated
S24,S149,Alsum18-2023,XMASBig-2023,0,1833535,3610886,6928060,7327686,-0.377969,unrelated
S24,S167,Alsum18-2023,GarrisonNE-2023,0,1976602,3727141,6928060,7689066,-0.374744,unrelated
S24,S168,Alsum18-2023,GarrisonNE-2023,0,1819763,3758778,6928060,7345950,-0.399173,unrelated
S24,S169,Alsum18-2023,GarrisonNE-2023,0,1818833,3703752,6928060,7604273,-0.384568,unrelated
S24,S170,Alsum18-2023,GarrisonNE-2023,0,1936615,3507262,6928060,7764576,-0.345609,unrelated
S24,S171,Alsum18-2023,GarrisonNE-2023,0,1905178,3569922,6928060,7653982,-0.358980,unrelated
S24,S172,Alsum18-2023,GarrisonNE-2023,0,1765296,3577889,6928060,7231927,-0.380684,unrelated
S24,S173,Alsum18-2023,GarrisonNE-2023,0,1738508,3519012,6928060,7337001,-0.371503,unrelated
S24,S185,Alsum18-2023,H10-2023,0,1767416,3489276,6928060,7318923,-0.365771,unrelated
S24,S186,Alsum18-2023,H10-2023,0,1843973,3657562,6928060,7677072,-0.374605,unrelated
S24,S187,Alsum18-2023,H10-2023,0,1806053,3460629,6928060,7514517,-0.354175,unrelated
S24,S188,Alsum18-2023,H10-2023,0,1870104,3601599,6928060,7202055,-0.377428,unrelated
S24,S189,Alsum18-2023,H10-2023,0,1946333,3287390,6928060,8104414,-0.307897,unrelated
S24,S190,Alsum18-2023,H10-2023,0,1887559,3601145,6928060,7760518,-0.361827,unrelated
S24,S191,Alsum18-2023,H10-2023,0,1802260,3823981,6928060,7306259,-0.410677,unrelated
S24,S206,Alsum18-2023,H15-2023,0,1869069,3352633,6928060,7783850,-0.328727,unrelated
S24,S207,Alsum18-2023,H15-2023,0,1881798,3665293,6928060,7707947,-0.372287,unrelated
S24,S208,Alsum18-2023,H15-2023,0,1782348,3695857,6928060,7490866,-0.389028,unrelated
S24,S209,Alsum18-2023,H15-2023,0,1927139,3526191,6928060,7723624,-0.349806,unrelated
S24,S210,Alsum18-2023,H15-2023,0,1792068,3705758,6928060,7739257,-0.383127,unrelated
S24,S211,Alsum18-2023,H15-2023,0,1772167,3672787,6928060,7405367,-0.388840,unrelated
S24,S212,Alsum18-2023,H15-2023,0,728573,4873009,6928060,3113003,-0.898057,unrelated
S24,S219,Alsum18-2023,H41-2023,0,1841923,3398956,6928060,7585961,-0.341462,unrelated
S24,S220,Alsum18-2023,H41-2023,0,1761320,3627947,6928060,7179670,-0.389473,unrelated
S24,S221,Alsum18-2023,H41-2023,0,37235,6048472,6928060,158911,-1.701673,unrelated
S24,S222,Alsum18-2023,H41-2023,0,344801,5533235,6928060,1476333,-1.275722,unrelated
S24,S223,Alsum18-2023,H41-2023,0,901148,4522002,6928060,3926923,-0.750149,unrelated
S24,S224,Alsum18-2023,H41-2023,0,1884260,3392148,6928060,7733862,-0.334201,unrelated
S24,S225,Alsum18-2023,H41-2023,0,1865259,3666775,6928060,7293024,-0.384520,unrelated
S24,S250,Alsum18-2023,H66-2023,0,1838733,3638919,6928060,7497400,-0.377049,unrelated
S24,S251,Alsum18-2023,H66-2023,0,1870984,3626325,6928060,7298189,-0.378291,unrelated
S24,S252,Alsum18-2023,H66-2023,0,1876751,3441161,6928060,7784671,-0.340220,unrelated
S24,S253,Alsum18-2023,H66-2023,0,1921419,3516033,6928060,7828319,-0.346335,unrelated
S24,S254,Alsum18-2023,H66-2023,0,1940897,3562323,6928060,7899268,-0.349608,unrelated
S24,S255,Alsum18-2023,H66-2023,0,1467825,3883232,6928060,6261999,-0.477529,unrelated
S24,S256,Alsum18-2023,H66-2023,0,1761433,3767159,6928060,7050507,-0.412981,unrelated
S24,S257,Alsum18-2023,H66-2023,0,1814625,3761499,6928060,7226941,-0.403276,unrelated
S24,S258,Alsum18-2023,H66-2023,0,1836932,3617445,6928060,7345804,-0.378171,unrelated
S24,S259,Alsum18-2023,H66-2023,0,1851675,3609491,6928060,7685226,-0.367290,unrelated
S24,S260,Alsum18-2023,H66-2023,0,1866341,3546512,6928060,7760564,-0.355832,unrelated
S24,S288,Alsum18-2023,Du-2023,0,1962787,3360328,6928060,7781391,-0.323457,unrelated
S24,S289,Alsum18-2023,Du-2023,0,1948402,3481944,6928060,8243626,-0.330582,unrelated
S24,S290,Alsum18-2023,Du-2023,0,2016437,3388774,6928060,8328446,-0.312071,unrelated
S24,S291,Alsum18-2023,Du-2023,0,2098149,3408957,6928060,8614604,-0.303665,unrelated
S24,S292,Alsum18-2023,Du-2023,0,2166935,3141134,6928060,9175472,-0.255555,unrelated
S24,S293,Alsum18-2023,Du-2023,0,2117564,3308171,6928060,9002064,-0.282407,unrelated
S24,S294,Alsum18-2023,Du-2023,0,2006293,3517742,6928060,8280057,-0.330691,unrelated
S24,S312,Alsum18-2023,OkrayGrosheks40-2023,0,1966965,3463888,6928060,7983456,-0.332683,unrelated
S24,S313,Alsum18-2023,OkrayGrosheks40-2023,0,1849561,3646516,6928060,7465948,-0.378176,unrelated
S24,S314,Alsum18-2023,OkrayGrosheks40-2023,0,1891336,3631508,6928060,7693326,-0.367385,unrelated
S24,S315,Alsum18-2023,OkrayGrosheks40-2023,0,1902100,3473909,6928060,7911196,-0.340025,unrelated
S24,S316,Alsum18-2023,OkrayGrosheks40-2023,0,1910433,3688114,6928060,7767507,-0.371935,unrelated
S24,S317,Alsum18-2023,OkrayGrosheks40-2023,0,2046459,3371410,6928060,8428115,-0.305829,unrelated
S24,S318,Alsum18-2023,OkrayGrosheks40-2023,0,1831768,3646627,6928060,7352916,-0.382431,unrelated
S24,S328,Alsum18-2023,LaszSE-O14-2023,0,1901422,3718754,6928060,7746042,-0.377269,unrelated
S24,S329,Alsum18-2023,LaszSE-O14-2023,0,1961222,3662154,6928060,7797235,-0.364209,unrelated
S24,S330,Alsum18-2023,LaszSE-O14-2023,0,1955507,3691930,6928060,7462058,-0.377228,unrelated
S24,S331,Alsum18-2023,LaszSE-O14-2023,0,1794230,3576188,6928060,7438819,-0.372951,unrelated
S24,S332,Alsum18-2023,LaszSE-O14-2023,0,1983610,3411187,6928060,8314732,-0.317446,unrelated
S24,S370,Alsum18-2023,BrikalskiPats-2023,0,1759912,3808901,6928060,7223088,-0.413952,unrelated
S24,S371,Alsum18-2023,BrikalskiPats-2023,0,1961520,3558171,6928060,7850890,-0.348795,unrelated
S24,S372,Alsum18-2023,BrikalskiPats-2023,0,1890468,3466706,6928060,7962119,-0.338676,unrelated
S24,S373,Alsum18-2023,BrikalskiPats-2023,0,1927172,3619224,6928060,7688767,-0.363367,unrelated
S24,S374,Alsum18-2023,BrikalskiPats-2023,0,1820067,3703531,6928060,7505467,-0.387085,unrelated
S24,S375,Alsum18-2023,BrikalskiPats-2023,0,1806643,3721376,6928060,7610693,-0.387661,unrelated
S24,S376,Alsum18-2023,BrikalskiPats-2023,0,1939902,3621153,6928060,7674386,-0.363118,unrelated
S24,S386,Alsum18-2023,DaveBrilowski-2023,0,1818764,3701145,6928060,7581179,-0.384826,unrelated
S24,S387,Alsum18-2023,DaveBrilowski-2023,0,1810971,3749374,6928060,7340180,-0.398632,unrelated
S24,S388,Alsum18-2023,DaveBrilowski-2023,0,1798963,3710118,6928060,7711070,-0.383990,unrelated
S24,S389,Alsum18-2023,DaveBrilowski-2023,0,1812716,3816942,6928060,7419012,-0.405739,unrelated
S24,S390,Alsum18-2023,DaveBrilowski-2023,0,1812704,3530181,6928060,7664668,-0.359608,unrelated
S24,S391,Alsum18-2023,DaveBrilowski-2023,0,1927710,3642131,6928060,7786721,-0.364025,unrelated
S24,S392,Alsum18-2023,DaveBrilowski-2023,0,1981458,3555142,6928060,7941139,-0.344930,unrelated
S24,S418,Alsum18-2023,Wysocki1129-2023,0,1858201,3608973,6928060,7606408,-0.368761,unrelated
S24,S419,Alsum18-2023,Wysocki1129-2023,0,1712705,3602992,6928060,7110209,-0.391307,unrelated
S24,S420,Alsum18-2023,Wysocki1129-2023,0,1841246,3469203,6928060,7733647,-0.347651,unrelated
S24,S421,Alsum18-2023,Wysocki1129-2023,0,1857638,3508843,6928060,7799266,-0.350372,unrelated
S24,S422,Alsum18-2023,Wysocki1129-2023,0,1835588,3657897,6928060,7735411,-0.373732,unrelated
S24,S423,Alsum18-2023,Wysocki1129-2023,0,1860938,3563761,6928060,7838314,-0.356661,unrelated
S24,S424,Alsum18-2023,Wysocki1129-2023,0,1941821,3694373,6928060,7581744,-0.375396,unrelated
S24,S442,Alsum18-2023,Wedekind_3-2023,0,1483738,4082884,6928060,6337465,-0.503714,unrelated
S24,S443,Alsum18-2023,Wedekind_3-2023,0,1753895,3652298,6928060,7460484,-0.385772,unrelated
S24,S444,Alsum18-2023,Wedekind_3-2023,0,1762506,3820356,6928060,7291631,-0.413385,unrelated
S24,S445,Alsum18-2023,Wedekind_3-2023,0,1903931,3692752,6928060,7860728,-0.370657,unrelated
S24,S446,Alsum18-2023,Wedekind_3-2023,0,1880268,3587288,6928060,7648040,-0.363218,unrelated
S24,S447,Alsum18-2023,Wedekind_3-2023,0,1848477,3617595,6928060,7678231,-0.368794,unrelated
S24,S448,Alsum18-2023,Wedekind_3-2023,0,1798625,3813816,6928060,7296097,-0.409796,unrelated
S24,S474,Alsum18-2023,Airport04-2023,0,1954219,3367529,6928060,7804708,-0.324504,unrelated
S24,S475,Alsum18-2023,Airport04-2023,0,1978719,3395750,6928060,8082784,-0.320620,unrelated
S24,S476,Alsum18-2023,Airport04-2023,0,1824496,3468820,6928060,7482884,-0.354810,unrelated
S24,S477,Alsum18-2023,Airport04-2023,0,1841205,3405921,6928060,7485865,-0.344850,unrelated
S24,S478,Alsum18-2023,Airport04-2023,0,1863710,3500726,6928060,7652969,-0.352358,unrelated
S24,S479,Alsum18-2023,Airport04-2023,0,1802909,3611658,6928060,7412292,-0.377983,unrelated
S24,S480,Alsum18-2023,Airport04-2023,0,1814517,3585476,6928060,6986357,-0.384956,unrelated
S25,S26,Alsum18-2023,Alsum18-2023,1,1999105,3391898,6942334,8096949,-0.318146,unrelated
S25,S27,Alsum18-2023,Alsum18-2023,1,2372462,2887898,6942334,9681654,-0.204724,unrelated
S25,S45,Alsum18-2023,Alsum59-2023,0,1812172,3619560,6942334,7560944,-0.374188,unrelated
S25,S46,Alsum18-2023,Alsum59-2023,0,1883779,3544363,6942334,7952347,-0.349450,unrelated
S25,S47,Alsum18-2023,Alsum59-2023,0,1822602,3682958,6942334,7667572,-0.379422,unrelated
S25,S48,Alsum18-2023,Alsum59-2023,0,1834913,3543729,6942334,7631822,-0.360401,unrelated
S25,S49,Alsum18-2023,Alsum59-2023,0,1740166,3720901,6942334,7264795,-0.401322,unrelated
S25,S50,Alsum18-2023,Alsum59-2023,0,1736882,3757476,6942334,7201669,-0.408517,unrelated
S25,S51,Alsum18-2023,Alsum59-2023,0,1848173,3614765,6942334,7575481,-0.370673,unrelated
S25,S58,Alsum18-2023,Arlington-2023,0,1870504,3446188,6942334,7652045,-0.344096,unrelated
S25,S59,Alsum18-2023,Arlington-2023,0,1736244,3642158,6942334,7062874,-0.396143,unrelated
S25,S60,Alsum18-2023,Arlington-2023,0,1878850,3468828,6942334,7568897,-0.348613,unrelated
S25,S61,Alsum18-2023,Arlington-2023,0,1914413,3463512,6942334,7707594,-0.342159,unrelated
S25,S62,Alsum18-2023,Arlington-2023,0,1817076,3551979,6942334,7384548,-0.369018,unrelated
S25,S63,Alsum18-2023,Arlington-2023,0,1844096,3593792,6942334,7844966,-0.361357,unrelated
S25,S64,Alsum18-2023,Arlington-2023,0,1848961,3512211,6942334,7466015,-0.359199,unrelated
S25,S77,Alsum18-2023,C5-2023,0,1873720,3495219,6942334,7866137,-0.345526,unrelated
S25,S78,Alsum18-2023,C5-2023,0,1766122,3622084,6942334,7194609,-0.387499,unrelated
S25,S79,Alsum18-2023,C5-2023,0,1886392,3465891,6942334,7781078,-0.342678,unrelated
S25,S80,Alsum18-2023,C5-2023,0,1857734,3547438,6942334,7723029,-0.357110,unrelated
S25,S81,Alsum18-2023,C5-2023,0,1794934,3791211,6942334,7557553,-0.399140,unrelated
S25,S82,Alsum18-2023,C5-2023,0,1831898,3541580,6942334,7539134,-0.362619,unrelated
S25,S83,Alsum18-2023,C5-2023,0,1847641,3609132,6942334,7418769,-0.373970,unrelated
S25,S109,Alsum18-2023,C44-L15-2023,0,1753369,3677970,6942334,7182952,-0.396634,unrelated
S25,S110,Alsum18-2023,C44-L15-2023,0,1828018,3571958,6942334,7579950,-0.366051,unrelated
S25,S111,Alsum18-2023,C44-L15-2023,0,1874533,3636145,6942334,8035390,-0.360386,unrelated
S25,S112,Alsum18-2023,C44-L15-2023,0,1834785,3555735,6942334,7532210,-0.364549,unrelated
S25,S113,Alsum18-2023,C44-L15-2023,0,1783429,3550905,6942334,7281389,-0.373909,unrelated
S25,S114,Alsum18-2023,C44-L15-2023,0,1804204,3612039,6942334,7409290,-0.377649,unrelated
S25,S115,Alsum18-2023,C44-L15-2023,0,1890406,3504125,6942334,7776122,-0.347716,unrelated
S25,S133,Alsum18-2023,Aartz-2023,0,1833561,3559568,6942334,7481338,-0.366451,unrelated
S25,S134,Alsum18-2023,Aartz-2023,0,1761511,3626596,6942334,7342694,-0.384436,unrelated
S25,S135,Alsum18-2023,Aartz-2023,0,1742978,3658531,6942334,7171059,-0.394950,unrelated
S25,S136,Alsum18-2023,Aartz-2023,0,1871203,3509187,6942334,7775212,-0.349730,unrelated
S25,S137,Alsum18-2023,Aartz-2023,0,1864342,3477004,6942334,7535158,-0.351557,unrelated
S25,S145,Alsum18-2023,XMASBig-2023,0,1872377,3579342,6942334,7857668,-0.357183,unrelated
S25,S146,Alsum18-2023,XMASBig-2023,0,1772770,3710264,6942334,7511950,-0.390732,unrelated
S25,S147,Alsum18-2023,XMASBig-2023,0,1893340,3504252,6942334,7708191,-0.349145,unrelated
S25,S148,Alsum18-2023,XMASBig-2023,0,1926567,3516139,6942334,7944143,-0.342976,unrelated
S25,S149,Alsum18-2023,XMASBig-2023,0,1767933,3627856,6942334,7327686,-0.384567,unrelated
S25,S167,Alsum18-2023,GarrisonNE-2023,0,1772163,3683526,6942334,7689066,-0.382389,unrelated
S25,S168,Alsum18-2023,GarrisonNE-2023,0,1803641,3541350,6942334,7345950,-0.369468,unrelated
S25,S169,Alsum18-2023,GarrisonNE-2023,0,1828018,3623024,6942334,7604273,-0.372460,unrelated
S25,S170,Alsum18-2023,GarrisonNE-2023,0,1856220,3563345,6942334,7764576,-0.358367,unrelated
S25,S171,Alsum18-2023,GarrisonNE-2023,0,1851527,3629945,6942334,7653982,-0.370529,unrelated
S25,S172,Alsum18-2023,GarrisonNE-2023,0,1757157,3514919,6942334,7231927,-0.371990,unrelated
S25,S173,Alsum18-2023,GarrisonNE-2023,0,1780471,3446153,6942334,7337001,-0.357988,unrelated
S25,S185,Alsum18-2023,H10-2023,0,1810444,3463011,6942334,7318923,-0.358705,unrelated
S25,S186,Alsum18-2023,H10-2023,0,1904691,3471777,6942334,7677072,-0.344669,unrelated
S25,S187,Alsum18-2023,H10-2023,0,1875011,3463435,6942334,7514517,-0.349444,unrelated
S25,S188,Alsum18-2023,H10-2023,0,1706070,3708201,6942334,7202055,-0.403717,unrelated
S25,S189,Alsum18-2023,H10-2023,0,2006398,3303688,6942334,8104414,-0.305779,unrelated
S25,S190,Alsum18-2023,H10-2023,0,1857635,3585304,6942334,7760518,-0.361357,unrelated
S25,S191,Alsum18-2023,H10-2023,0,1745153,3689734,6942334,7306259,-0.395430,unrelated
S25,S206,Alsum18-2023,H15-2023,0,1919563,3296606,6942334,7783850,-0.317370,unrelated
S25,S207,Alsum18-2023,H15-2023,0,1806690,3677457,6942334,7707947,-0.378711,unrelated
S25,S208,Alsum18-2023,H15-2023,0,1839597,3658075,6942334,7490866,-0.379441,unrelated
S25,S209,Alsum18-2023,H15-2023,0,1843902,3631023,6942334,7723624,-0.369437,unrelated
S25,S210,Alsum18-2023,H15-2023,0,1932788,3583442,6942334,7739257,-0.356507,unrelated
S25,S211,Alsum18-2023,H15-2023,0,1802278,3662087,6942334,7405367,-0.384863,unrelated
S25,S212,Alsum18-2023,H15-2023,0,752519,4687497,6942334,3113003,-0.857502,unrelated
S25,S219,Alsum18-2023,H41-2023,0,1832025,3404759,6942334,7585961,-0.342607,unrelated
S25,S220,Alsum18-2023,H41-2023,0,1718705,3479990,6942334,7179670,-0.371142,unrelated
S25,S221,Alsum18-2023,H41-2023,0,39398,5827633,6942334,158911,-1.635751,unrelated
S25,S222,Alsum18-2023,H41-2023,0,358629,5329813,6942334,1476333,-1.223590,unrelated
S25,S223,Alsum18-2023,H41-2023,0,947352,4385117,6942334,3926923,-0.719726,unrelated
S25,S224,Alsum18-2023,H41-2023,0,1892794,3448949,6942334,7733862,-0.341036,unrelated
S25,S225,Alsum18-2023,H41-2023,0,1762457,3642476,6942334,7293024,-0.387942,unrelated
S25,S250,Alsum18-2023,H66-2023,0,1799207,3662551,6942334,7497400,-0.382687,unrelated
S25,S251,Alsum18-2023,H66-2023,0,1720996,3753473,6942334,7298189,-0.406302,unrelated
S25,S252,Alsum18-2023,H66-2023,0,1888945,3494466,6942334,7784671,-0.346302,unrelated
S25,S253,Alsum18-2023,H66-2023,0,1841526,3578427,6942334,7828319,-0.359857,unrelated
S25,S254,Alsum18-2023,H66-2023,0,1887269,3559428,6942334,7899268,-0.352495,unrelated
S25,S255,Alsum18-2023,H66-2023,0,1493987,3994845,6942334,6261999,-0.491937,unrelated
S25,S256,Alsum18-2023,H66-2023,0,1712498,3688507,6942334,7050507,-0.404815,unrelated
S25,S257,Alsum18-2023,H66-2023,0,1769379,3606000,6942334,7226941,-0.384114,unrelated
S25,S258,Alsum18-2023,H66-2023,0,1812726,3530918,6942334,7345804,-0.367375,unrelated
S25,S259,Alsum18-2023,H66-2023,0,1911207,3445567,6942334,7685226,-0.340448,unrelated
S25,S260,Alsum18-2023,H66-2023,0,1919002,3468023,6942334,7760564,-0.341228,unrelated
S25,S288,Alsum18-2023,Du-2023,0,1905773,3444404,6942334,7781391,-0.338436,unrelated
S25,S289,Alsum18-2023,Du-2023,0,2022999,3397937,6942334,8243626,-0.314295,unrelated
S25,S290,Alsum18-2023,Du-2023,0,2058087,3276563,6942334,8328446,-0.294356,unrelated
S25,S291,Alsum18-2023,Du-2023,0,2045887,3311743,6942334,8614604,-0.294248,unrelated
S25,S292,Alsum18-2023,Du-2023,0,2208889,3166646,6942334,9175472,-0.255891,unrelated
S25,S293,Alsum18-2023,Du-2023,0,2181218,3180028,6942334,9002064,-0.262088,unrelated
S25,S294,Alsum18-2023,Du-2023,0,2010380,3451767,6942334,8280057,-0.321445,unrelated
S25,S312,Alsum18-2023,OkrayGrosheks40-2023,0,1965321,3437861,6942334,7983456,-0.328988,unrelated
S25,S313,Alsum18-2023,OkrayGrosheks40-2023,0,1802620,3505522,6942334,7465948,-0.361488,unrelated
S25,S314,Alsum18-2023,OkrayGrosheks40-2023,0,1851909,3539423,6942334,7693326,-0.357137,unrelated
S25,S315,Alsum18-2023,OkrayGrosheks40-2023,0,1938960,3450420,6942334,7911196,-0.334054,unrelated
S25,S316,Alsum18-2023,OkrayGrosheks40-2023,0,1882651,3512387,6942334,7767507,-0.349570,unrelated
S25,S317,Alsum18-2023,OkrayGrosheks40-2023,0,2007697,3386996,6942334,8428115,-0.310095,unrelated
S25,S318,Alsum18-2023,OkrayGrosheks40-2023,0,1788903,3637374,6942334,7352916,-0.383753,unrelated
S25,S328,Alsum18-2023,LaszSE-O14-2023,0,1870435,3594210,6942334,7746042,-0.362054,unrelated
S25,S329,Alsum18-2023,LaszSE-O14-2023,0,1847042,3560171,6942334,7797235,-0.357765,unrelated
S25,S330,Alsum18-2023,LaszSE-O14-2023,0,1771918,3691021,6942334,7462058,-0.389473,unrelated
S25,S331,Alsum18-2023,LaszSE-O14-2023,0,1811368,3647659,6942334,7438819,-0.381329,unrelated
S25,S332,Alsum18-2023,LaszSE-O14-2023,0,2010825,3364964,6942334,8314732,-0.309306,unrelated
S25,S370,Alsum18-2023,BrikalskiPats-2023,0,1729674,3754052,6942334,7223088,-0.407925,unrelated
S25,S371,Alsum18-2023,BrikalskiPats-2023,0,1866198,3527787,6942334,7850890,-0.350794,unrelated
S25,S372,Alsum18-2023,BrikalskiPats-2023,0,1936510,3484972,6942334,7962119,-0.337713,unrelated
S25,S373,Alsum18-2023,BrikalskiPats-2023,0,1844959,3602994,6942334,7688767,-0.366413,unrelated
S25,S374,Alsum18-2023,BrikalskiPats-2023,0,1821624,3707635,6942334,7505467,-0.387162,unrelated
S25,S375,Alsum18-2023,BrikalskiPats-2023,0,1848711,3647376,6942334,7610693,-0.374220,unrelated
S25,S376,Alsum18-2023,BrikalskiPats-2023,0,1775110,3794368,6942334,7674386,-0.397738,unrelated
S25,S386,Alsum18-2023,DaveBrilowski-2023,0,1855177,3610736,6942334,7581179,-0.369490,unrelated
S25,S387,Alsum18-2023,DaveBrilowski-2023,0,1761098,3685500,6942334,7340180,-0.392781,unrelated
S25,S388,Alsum18-2023,DaveBrilowski-2023,0,1865379,3579895,6942334,7711070,-0.361309,unrelated
S25,S389,Alsum18-2023,DaveBrilowski-2023,0,1773600,3706679,6942334,7419012,-0.392704,unrelated
S25,S390,Alsum18-2023,DaveBrilowski-2023,0,1848892,3567245,6942334,7664668,-0.361854,unrelated
S25,S391,Alsum18-2023,DaveBrilowski-2023,0,1869128,3607054,6942334,7786721,-0.362887,unrelated
S25,S392,Alsum18-2023,DaveBrilowski-2023,0,1889308,3542778,6942334,7941139,-0.349129,unrelated
S25,S418,Alsum18-2023,Wysocki1129-2023,0,1834571,3603334,6942334,7606408,-0.369248,unrelated
S25,S419,Alsum18-2023,Wysocki1129-2023,0,1734247,3665882,6942334,7110209,-0.398328,unrelated
S25,S420,Alsum18-2023,Wysocki1129-2023,0,1882547,3519776,6942334,7733647,-0.351391,unrelated
S25,S421,Alsum18-2023,Wysocki1129-2023,0,1895102,3514453,6942334,7799266,-0.348253,unrelated
S25,S422,Alsum18-2023,Wysocki1129-2023,0,1891675,3776893,6942334,7735411,-0.385762,unrelated
S25,S423,Alsum18-2023,Wysocki1129-2023,0,1902861,3503350,6942334,7838314,-0.345305,unrelated
S25,S424,Alsum18-2023,Wysocki1129-2023,0,1811290,3677381,6942334,7581744,-0.381675,unrelated
S25,S442,Alsum18-2023,Wedekind_3-2023,0,1549862,3911104,6942334,6337465,-0.472322,unrelated
S25,S443,Alsum18-2023,Wedekind_3-2023,0,1804942,3584267,6942334,7460484,-0.372399,unrelated
S25,S444,Alsum18-2023,Wedekind_3-2023,0,1779468,3706924,6942334,7291631,-0.395841,unrelated
S25,S445,Alsum18-2023,Wedekind_3-2023,0,1876360,3634007,6942334,7860728,-0.364226,unrelated
S25,S446,Alsum18-2023,Wedekind_3-2023,0,1851625,3547355,6942334,7648040,-0.359352,unrelated
S25,S447,Alsum18-2023,Wedekind_3-2023,0,1864841,3555377,6942334,7678231,-0.358804,unrelated
S25,S448,Alsum18-2023,Wedekind_3-2023,0,1780977,3667536,6942334,7296097,-0.390078,unrelated
S25,S474,Alsum18-2023,Airport04-2023,0,1858040,3506359,6942334,7804708,-0.349540,unrelated
S25,S475,Alsum18-2023,Airport04-2023,0,2021305,3274226,6942334,8082784,-0.301305,unrelated
S25,S476,Alsum18-2023,Airport04-2023,0,1853958,3469614,6942334,7482884,-0.352526,unrelated
S25,S477,Alsum18-2023,Airport04-2023,0,1858475,3427921,6942334,7485865,-0.346361,unrelated
S25,S478,Alsum18-2023,Airport04-2023,0,1872517,3451098,6942334,7652969,-0.344609,unrelated
S25,S479,Alsum18-2023,Airport04-2023,0,1838243,3566090,6942334,7412292,-0.368797,unrelated
S25,S480,Alsum18-2023,Airport04-2023,0,1681355,3664307,6942334,6986357,-0.405441,unrelated
S26,S27,Alsum18-2023,Alsum18-2023,1,5639759,543968,8096949,9681654,0.256028,1st
S26,S45,Alsum18-2023,Alsum59-2023,0,2147616,3238752,8096949,7560944,-0.276531,unrelated
S26,S46,Alsum18-2023,Alsum59-2023,0,2209037,3215579,8096949,7952347,-0.263072,unrelated
S26,S47,Alsum18-2023,Alsum59-2023,0,2128357,3350995,8096949,7667572,-0.290122,unrelated
S26,S48,Alsum18-2023,Alsum59-2023,0,2159235,3296743,8096949,7631822,-0.281920,unrelated
S26,S49,Alsum18-2023,Alsum59-2023,0,2029367,3429862,8096949,7264795,-0.314441,unrelated
S26,S50,Alsum18-2023,Alsum59-2023,0,2050027,3388553,8096949,7201669,-0.308987,unrelated
S26,S51,Alsum18-2023,Alsum59-2023,0,2155083,3282287,8096949,7575481,-0.281353,unrelated
S26,S58,Alsum18-2023,Arlington-2023,0,2207369,3166374,8096949,7652045,-0.261946,unrelated
S26,S59,Alsum18-2023,Arlington-2023,0,2012570,3343346,8096949,7062874,-0.308323,unrelated
S26,S60,Alsum18-2023,Arlington-2023,0,2170434,3207132,8096949,7568897,-0.270897,unrelated
S26,S61,Alsum18-2023,Arlington-2023,0,2226025,3157935,8096949,7707594,-0.258777,unrelated
S26,S62,Alsum18-2023,Arlington-2023,0,2096610,3342964,8096949,7384548,-0.296439,unrelated
S26,S63,Alsum18-2023,Arlington-2023,0,2181646,3274000,8096949,7844966,-0.273891,unrelated
S26,S64,Alsum18-2023,Arlington-2023,0,2153971,3286216,8096949,7466015,-0.283909,unrelated
S26,S77,Alsum18-2023,C5-2023,0,2210173,3243783,8096949,7866137,-0.267955,unrelated
S26,S78,Alsum18-2023,C5-2023,0,2055885,3337990,8096949,7194609,-0.302134,unrelated
S26,S79,Alsum18-2023,C5-2023,0,2248852,3106841,8096949,7781078,-0.249705,unrelated
S26,S80,Alsum18-2023,C5-2023,0,2188763,3274438,8096949,7723029,-0.275608,unrelated
S26,S81,Alsum18-2023,C5-2023,0,2142848,3418034,8096949,7557553,-0.299800,unrelated
S26,S82,Alsum18-2023,C5-2023,0,2158696,3241631,8096949,7539134,-0.276576,unrelated
S26,S83,Alsum18-2023,C5-2023,0,2153643,3304437,8096949,7418769,-0.287143,unrelated
S26,S109,Alsum18-2023,C44-L15-2023,0,2047974,3402347,8096949,7182952,-0.311306,unrelated
S26,S110,Alsum18-2023,C44-L15-2023,0,2168460,3257526,8096949,7579950,-0.277261,unrelated
S26,S111,Alsum18-2023,C44-L15-2023,0,2226246,3295654,8096949,8035390,-0.270578,unrelated
S26,S112,Alsum18-2023,C44-L15-2023,0,2152660,3227344,8096949,7532210,-0.275257,unrelated
S26,S113,Alsum18-2023,C44-L15-2023,0,2100467,3267220,8096949,7281389,-0.288326,unrelated
S26,S114,Alsum18-2023,C44-L15-2023,0,2118989,3236658,8096949,7409290,-0.280811,unrelated
S26,S115,Alsum18-2023,C44-L15-2023,0,2197299,3256589,8096949,7776122,-0.271899,unrelated
S26,S133,Alsum18-2023,Aartz-2023,0,2140596,3263757,8096949,7481338,-0.281605,unrelated
S26,S134,Alsum18-2023,Aartz-2023,0,2037589,3483553,8096949,7342694,-0.319277,unrelated
S26,S135,Alsum18-2023,Aartz-2023,0,2028644,3507363,8096949,7171059,-0.326571,unrelated
S26,S136,Alsum18-2023,Aartz-2023,0,2192940,3213736,8096949,7775212,-0.266790,unrelated
S26,S137,Alsum18-2023,Aartz-2023,0,2157513,3220958,8096949,7535158,-0.274077,unrelated
S26,S145,Alsum18-2023,XMASBig-2023,0,2238326,3163274,8096949,7857668,-0.256241,unrelated
S26,S146,Alsum18-2023,XMASBig-2023,0,2086462,3412260,8096949,7511950,-0.303549,unrelated
S26,S147,Alsum18-2023,XMASBig-2023,0,2216641,3220082,8096949,7708191,-0.267225,unrelated
S26,S148,Alsum18-2023,XMASBig-2023,0,2246033,3201078,8096949,7944143,-0.259092,unrelated
S26,S149,Alsum18-2023,XMASBig-2023,0,2075361,3360789,8096949,7327686,-0.301221,unrelated
S26,S167,Alsum18-2023,GarrisonNE-2023,0,2119500,3391735,8096949,7689066,-0.295449,unrelated
S26,S168,Alsum18-2023,GarrisonNE-2023,0,2122411,3259688,8096949,7345950,-0.284724,unrelated
S26,S169,Alsum18-2023,GarrisonNE-2023,0,2131172,3320505,8096949,7604273,-0.287228,unrelated
S26,S170,Alsum18-2023,GarrisonNE-2023,0,2163707,3247329,8096949,7764576,-0.273048,unrelated
S26,S171,Alsum18-2023,GarrisonNE-2023,0,2135074,3335894,8096949,7653982,-0.288028,unrelated
S26,S172,Alsum18-2023,GarrisonNE-2023,0,2040659,3256954,8096949,7231927,-0.291818,unrelated
S26,S173,Alsum18-2023,GarrisonNE-2023,0,2033488,3244607,8096949,7337001,-0.288696,unrelated
S26,S185,Alsum18-2023,H10-2023,0,2104880,3204688,8096949,7318923,-0.279225,unrelated
S26,S186,Alsum18-2023,H10-2023,0,2163022,3281333,8096949,7677072,-0.278917,unrelated
S26,S187,Alsum18-2023,H10-2023,0,2149001,3190731,8096949,7514517,-0.271112,unrelated
S26,S188,Alsum18-2023,H10-2023,0,2007478,3375831,8096949,7202055,-0.310098,unrelated
S26,S189,Alsum18-2023,H10-2023,0,2322444,2953140,8096949,8104414,-0.221206,unrelated
S26,S190,Alsum18-2023,H10-2023,0,2145714,3350451,8096949,7760518,-0.287258,unrelated
S26,S191,Alsum18-2023,H10-2023,0,2077299,3371593,8096949,7306259,-0.302917,unrelated
S26,S206,Alsum18-2023,H15-2023,0,2223350,2971538,8096949,7783850,-0.234228,unrelated
S26,S207,Alsum18-2023,H15-2023,0,2130487,3354440,8096949,7707947,-0.289682,unrelated
S26,S208,Alsum18-2023,H15-2023,0,2130291,3355360,8096949,7490866,-0.293847,unrelated
S26,S209,Alsum18-2023,H15-2023,0,2167229,3214544,8096949,7723624,-0.269387,unrelated
S26,S210,Alsum18-2023,H15-2023,0,2263186,3214155,8096949,7739257,-0.263013,unrelated
S26,S211,Alsum18-2023,H15-2023,0,2131590,3337967,8096949,7405367,-0.293140,unrelated
S26,S212,Alsum18-2023,H15-2023,0,843920,4523701,8096949,3113003,-0.731803,unrelated
S26,S219,Alsum18-2023,H41-2023,0,2102546,3167456,8096949,7585961,-0.269871,unrelated
S26,S220,Alsum18-2023,H41-2023,0,2008319,3278319,8096949,7179670,-0.297731,unrelated
S26,S221,Alsum18-2023,H41-2023,0,43975,5649218,8096949,158911,-1.363209,unrelated
S26,S222,Alsum18-2023,H41-2023,0,404577,5162509,8096949,1476333,-1.036263,unrelated
S26,S223,Alsum18-2023,H41-2023,0,1069004,4235592,8096949,3926923,-0.615624,unrelated
S26,S224,Alsum18-2023,H41-2023,0,2237310,3154692,8096949,7733862,-0.257225,unrelated
S26,S225,Alsum18-2023,H41-2023,0,2044511,3350822,8096949,7293024,-0.302608,unrelated
S26,S250,Alsum18-2023,H66-2023,0,2154103,3262403,8096949,7497400,-0.280275,unrelated
S26,S251,Alsum18-2023,H66-2023,0,2031934,3411259,8096949,7298189,-0.311175,unrelated
S26,S252,Alsum18-2023,H66-2023,0,2197536,3146924,8096949,7784671,-0.257928,unrelated
S26,S253,Alsum18-2023,H66-2023,0,2182681,3154771,8096949,7828319,-0.259139,unrelated
S26,S254,Alsum18-2023,H66-2023,0,2203305,3241644,8096949,7899268,-0.267562,unrelated
S26,S255,Alsum18-2023,H66-2023,0,1671855,3765356,8096949,6261999,-0.408028,unrelated
S26,S256,Alsum18-2023,H66-2023,0,1998745,3409551,8096949,7050507,-0.318229,unrelated
S26,S257,Alsum18-2023,H66-2023,0,2087455,3371234,8096949,7226941,-0.303775,unrelated
S26,S258,Alsum18-2023,H66-2023,0,2084737,3261461,8096949,7345804,-0.287396,unrelated
S26,S259,Alsum18-2023,H66-2023,0,2183419,3287501,8096949,7685226,-0.278262,unrelated
S26,S260,Alsum18-2023,H66-2023,0,2227064,3212037,8096949,7760564,-0.264670,unrelated
S26,S288,Alsum18-2023,Du-2023,0,2275320,3036780,8096949,7781391,-0.239209,unrelated
S26,S289,Alsum18-2023,Du-2023,0,2349692,3163350,8096949,8243626,-0.243382,unrelated
S26,S290,Alsum18-2023,Du-2023,0,2377099,3076423,8096949,8328446,-0.229873,unrelated
S26,S291,Alsum18-2023,Du-2023,0,2448452,3012380,8096949,8614604,-0.214002,unrelated
S26,S292,Alsum18-2023,Du-2023,0,2629728,2820252,8096949,9175472,-0.174311,unrelated
S26,S293,Alsum18-2023,Du-2023,0,2576490,2855036,8096949,9002064,-0.183261,unrelated
S26,S294,Alsum18-2023,Du-2023,0,2337284,3191752,8096949,8280057,-0.247067,unrelated
S26,S312,Alsum18-2023,OkrayGrosheks40-2023,0,2232735,3226865,8096949,7983456,-0.262493,unrelated
S26,S313,Alsum18-2023,OkrayGrosheks40-2023,0,2123423,3238751,8096949,7465948,-0.279773,unrelated
S26,S314,Alsum18-2023,OkrayGrosheks40-2023,0,2182575,3229289,8096949,7693326,-0.270800,unrelated
S26,S315,Alsum18-2023,OkrayGrosheks40-2023,0,2264494,3156179,8096949,7911196,-0.252863,unrelated
S26,S316,Alsum18-2023,OkrayGrosheks40-2023,0,2204272,3251468,8096949,7767507,-0.270962,unrelated
S26,S317,Alsum18-2023,OkrayGrosheks40-2023,0,2311929,3098616,8096949,8428115,-0.235116,unrelated
S26,S318,Alsum18-2023,OkrayGrosheks40-2023,0,2082285,3241481,8096949,7352916,-0.284836,unrelated
S26,S328,Alsum18-2023,LaszSE-O14-2023,0,2199146,3265227,8096949,7746042,-0.273390,unrelated
S26,S329,Alsum18-2023,LaszSE-O14-2023,0,2156223,3332696,8096949,7797235,-0.283699,unrelated
S26,S330,Alsum18-2023,LaszSE-O14-2023,0,2064793,3378710,8096949,7462058,-0.301602,unrelated
S26,S331,Alsum18-2023,LaszSE-O14-2023,0,2114469,3351948,8096949,7438819,-0.295410,unrelated
S26,S332,Alsum18-2023,LaszSE-O14-2023,0,2338468,3088668,8096949,8314732,-0.233911,unrelated
S26,S370,Alsum18-2023,BrikalskiPats-2023,0,2066956,3365842,8096949,7223088,-0.304485,unrelated
S26,S371,Alsum18-2023,BrikalskiPats-2023,0,2202866,3243165,8096949,7850890,-0.268592,unrelated
S26,S372,Alsum18-2023,BrikalskiPats-2023,0,2243664,3254849,8096949,7962119,-0.265646,unrelated
S26,S373,Alsum18-2023,BrikalskiPats-2023,0,2118520,3286853,8096949,7688767,-0.282229,unrelated
S26,S374,Alsum18-2023,BrikalskiPats-2023,0,2111804,3415036,8096949,7505467,-0.302406,unrelated
S26,S375,Alsum18-2023,BrikalskiPats-2023,0,2161502,3393537,8096949,7610693,-0.294479,unrelated
S26,S376,Alsum18-2023,BrikalskiPats-2023,0,2118809,3425767,8096949,7674386,-0.300084,unrelated
S26,S386,Alsum18-2023,DaveBrilowski-2023,0,2185620,3327647,8096949,7581179,-0.285090,unrelated
S26,S387,Alsum18-2023,DaveBrilowski-2023,0,2076842,3301738,8096949,7340180,-0.293230,unrelated
S26,S388,Alsum18-2023,DaveBrilowski-2023,0,2174254,3297176,8096949,7711070,-0.279611,unrelated
S26,S389,Alsum18-2023,DaveBrilowski-2023,0,2068648,3406044,8096949,7419012,-0.305714,unrelated
S26,S390,Alsum18-2023,DaveBrilowski-2023,0,2142407,3259809,8096949,7664668,-0.277713,unrelated
S26,S391,Alsum18-2023,DaveBrilowski-2023,0,2150268,3346944,8096949,7786721,-0.286056,unrelated
S26,S392,Alsum18-2023,DaveBrilowski-2023,0,2198860,3259737,8096949,7941139,-0.269397,unrelated
S26,S418,Alsum18-2023,Wysocki1129-2023,0,2167345,3239569,8096949,7606408,-0.274578,unrelated
S26,S419,Alsum18-2023,Wysocki1129-2023,0,2038022,3328995,8096949,7110209,-0.303802,unrelated
S26,S420,Alsum18-2023,Wysocki1129-2023,0,2193380,3184367,8096949,7733647,-0.263752,unrelated
S26,S421,Alsum18-2023,Wysocki1129-2023,0,2214440,3223615,8096949,7799266,-0.266277,unrelated
S26,S422,Alsum18-2023,Wysocki1129-2023,0,2161540,3495433,8096949,7735411,-0.305029,unrelated
S26,S423,Alsum18-2023,Wysocki1129-2023,0,2228529,3213684,8096949,7838314,-0.263494,unrelated
S26,S424,Alsum18-2023,Wysocki1129-2023,0,2107731,3402158,8096949,7581744,-0.299552,unrelated
S26,S442,Alsum18-2023,Wedekind_3-2023,0,1763775,3672282,8096949,6337465,-0.386631,unrelated
S26,S443,Alsum18-2023,Wedekind_3-2023,0,2103331,3287623,8096949,7460484,-0.287446,unrelated
S26,S444,Alsum18-2023,Wedekind_3-2023,0,2085141,3354895,8096949,7291631,-0.300525,unrelated
S26,S445,Alsum18-2023,Wedekind_3-2023,0,2190976,3338651,8096949,7860728,-0.281139,unrelated
S26,S446,Alsum18-2023,Wedekind_3-2023,0,2152664,3287020,8096949,7648040,-0.280812,unrelated
S26,S447,Alsum18-2023,Wedekind_3-2023,0,2176856,3276802,8096949,7678231,-0.277445,unrelated
S26,S448,Alsum18-2023,Wedekind_3-2023,0,2072111,3346593,8096949,7296097,-0.300205,unrelated
S26,S474,Alsum18-2023,Airport04-2023,0,2219347,3165186,8096949,7804708,-0.258528,unrelated
S26,S475,Alsum18-2023,Airport04-2023,0,2302212,3081468,8096949,8082784,-0.238615,unrelated
S26,S476,Alsum18-2023,Airport04-2023,0,2165739,3215099,8096949,7482884,-0.273717,unrelated
S26,S477,Alsum18-2023,Airport04-2023,0,2222601,3086881,8096949,7485865,-0.253559,unrelated
S26,S478,Alsum18-2023,Airport04-2023,0,2217797,3118484,8096949,7652969,-0.255187,unrelated
S26,S479,Alsum18-2023,Airport04-2023,0,2080413,3334777,8096949,7412292,-0.295897,unrelated
S26,S480,Alsum18-2023,Airport04-2023,0,1964286,3329018,8096949,6986357,-0.311188,unrelated
S27,S45,Alsum18-2023,Alsum59-2023,0,2516432,2794609,9681654,7560944,-0.178209,unrelated
S27,S46,Alsum18-2023,Alsum59-2023,0,2644886,2750729,9681654,7952347,-0.161992,unrelated
S27,S47,Alsum18-2023,Alsum59-2023,0,2527696,2885049,9681654,7667572,-0.186890,unrelated
S27,S48,Alsum18-2023,Alsum59-2023,0,2530692,2786444,9681654,7631822,-0.175713,unrelated
S27,S49,Alsum18-2023,Alsum59-2023,0,2387410,2933662,9681654,7264795,-0.205348,unrelated
S27,S50,Alsum18-2023,Alsum59-2023,0,2387406,2898487,9681654,7201669,-0.201949,unrelated
S27,S51,Alsum18-2023,Alsum59-2023,0,2519594,2796425,9681654,7575481,-0.178086,unrelated
S27,S58,Alsum18-2023,Arlington-2023,0,2608349,2693631,9681654,7652045,-0.160319,unrelated
S27,S59,Alsum18-2023,Arlington-2023,0,2394669,2846188,9681654,7062874,-0.196942,unrelated
S27,S60,Alsum18-2023,Arlington-2023,0,2541286,2749184,9681654,7568897,-0.171420,unrelated
S27,S61,Alsum18-2023,Arlington-2023,0,2616519,2708984,9681654,7707594,-0.161102,unrelated
S27,S62,Alsum18-2023,Arlington-2023,0,2479216,2862052,9681654,7384548,-0.190135,unrelated
S27,S63,Alsum18-2023,Arlington-2023,0,2602220,2770379,9681654,7844966,-0.167661,unrelated
S27,S64,Alsum18-2023,Arlington-2023,0,2515991,2793923,9681654,7466015,-0.179141,unrelated
S27,S77,Alsum18-2023,C5-2023,0,2647387,2748456,9681654,7866137,-0.162387,unrelated
S27,S78,Alsum18-2023,C5-2023,0,2423609,2859255,9681654,7194609,-0.195239,unrelated
S27,S79,Alsum18-2023,C5-2023,0,2625345,2671813,9681654,7781078,-0.155662,unrelated
S27,S80,Alsum18-2023,C5-2023,0,2565447,2797154,9681654,7723029,-0.174026,unrelated
S27,S81,Alsum18-2023,C5-2023,0,2525208,2889395,9681654,7557553,-0.188732,unrelated
S27,S82,Alsum18-2023,C5-2023,0,2523984,2787722,9681654,7539134,-0.177196,unrelated
S27,S83,Alsum18-2023,C5-2023,0,2522592,2809581,9681654,7418769,-0.181081,unrelated
S27,S109,Alsum18-2023,C44-L15-2023,0,2403350,2904800,9681654,7182952,-0.201976,unrelated
S27,S110,Alsum18-2023,C44-L15-2023,0,2534508,2791587,9681654,7579950,-0.176615,unrelated
S27,S111,Alsum18-2023,C44-L15-2023,0,2673382,2803623,9681654,8035390,-0.165596,unrelated
S27,S112,Alsum18-2023,C44-L15-2023,0,2519975,2765668,9681654,7532210,-0.174938,unrelated
S27,S113,Alsum18-2023,C44-L15-2023,0,2460053,2787901,9681654,7281389,-0.183679,unrelated
S27,S114,Alsum18-2023,C44-L15-2023,0,2471597,2776455,9681654,7409290,-0.180289,unrelated
S27,S115,Alsum18-2023,C44-L15-2023,0,2593001,2764166,9681654,7776122,-0.168139,unrelated
S27,S133,Alsum18-2023,Aartz-2023,0,2507894,2799064,9681654,7481338,-0.180052,unrelated
S27,S134,Alsum18-2023,Aartz-2023,0,2439278,2971920,9681654,7342694,-0.205856,unrelated
S27,S135,Alsum18-2023,Aartz-2023,0,2380418,2973180,9681654,7171059,-0.211595,unrelated
S27,S136,Alsum18-2023,Aartz-2023,0,2643854,2719993,9681654,7775212,-0.160174,unrelated
S27,S137,Alsum18-2023,Aartz-2023,0,2554738,2740613,9681654,7535158,-0.169979,unrelated
S27,S145,Alsum18-2023,XMASBig-2023,0,2646628,2723157,9681654,7857668,-0.159623,unrelated
S27,S146,Alsum18-2023,XMASBig-2023,0,2490114,2908196,9681654,7511950,-0.193460,unrelated
S27,S147,Alsum18-2023,XMASBig-2023,0,2586799,2743632,9681654,7708191,-0.166791,unrelated
S27,S148,Alsum18-2023,XMASBig-2023,0,2634603,2738458,9681654,7944143,-0.161259,unrelated
S27,S149,Alsum18-2023,XMASBig-2023,0,2446300,2876444,9681654,7327686,-0.194398,unrelated
S27,S167,Alsum18-2023,GarrisonNE-2023,0,2528056,2878248,9681654,7689066,-0.185855,unrelated
S27,S168,Alsum18-2023,GarrisonNE-2023,0,2494963,2785730,9681654,7345950,-0.180677,unrelated
S27,S169,Alsum18-2023,GarrisonNE-2023,0,2523842,2839322,9681654,7604273,-0.182507,unrelated
S27,S170,Alsum18-2023,GarrisonNE-2023,0,2605123,2762055,9681654,7764576,-0.167313,unrelated
S27,S171,Alsum18-2023,GarrisonNE-2023,0,2524088,2850967,9681654,7653982,-0.183313,unrelated
S27,S172,Alsum18-2023,GarrisonNE-2023,0,2447187,2765377,9681654,7231927,-0.182313,unrelated
S27,S173,Alsum18-2023,GarrisonNE-2023,0,2445498,2737427,9681654,7337001,-0.178002,unrelated
S27,S185,Alsum18-2023,H10-2023,0,2490929,2737979,9681654,7318923,-0.175584,unrelated
S27,S186,Alsum18-2023,H10-2023,0,2564376,2781340,9681654,7677072,-0.172726,unrelated
S27,S187,Alsum18-2023,H10-2023,0,2554825,2711476,9681654,7514517,-0.166789,unrelated
S27,S188,Alsum18-2023,H10-2023,0,2408262,2872972,9681654,7202055,-0.197687,unrelated
S27,S189,Alsum18-2023,H10-2023,0,2779804,2521609,9681654,8104414,-0.127258,unrelated
S27,S190,Alsum18-2023,H10-2023,0,2572538,2849927,9681654,7760518,-0.179296,unrelated
S27,S191,Alsum18-2023,H10-2023,0,2431464,2896483,9681654,7306259,-0.197876,unrelated
S27,S206,Alsum18-2023,H15-2023,0,2644548,2543128,9681654,7783850,-0.139802,unrelated
S27,S207,Alsum18-2023,H15-2023,0,2545341,2848211,9681654,7707947,-0.181205,unrelated
S27,S208,Alsum18-2023,H15-2023,0,2502811,2856730,9681654,7490866,-0.186964,unrelated
S27,S209,Alsum18-2023,H15-2023,0,2584274,2753405,9681654,7723624,-0.167911,unrelated
S27,S210,Alsum18-2023,H15-2023,0,2637473,2746258,9681654,7739257,-0.163886,unrelated
S27,S211,Alsum18-2023,H15-2023,0,2497633,2838335,9681654,7405367,-0.186050,unrelated
S27,S212,Alsum18-2023,H15-2023,0,1041845,3820980,9681654,3113003,-0.515849,unrelated
S27,S219,Alsum18-2023,H41-2023,0,2543701,2670225,9681654,7585961,-0.161965,unrelated
S27,S220,Alsum18-2023,H41-2023,0,2416681,2759218,9681654,7179670,-0.183957,unrelated
S27,S221,Alsum18-2023,H41-2023,0,54457,4837925,9681654,158911,-0.977728,unrelated
S27,S222,Alsum18-2023,H41-2023,0,498050,4393689,9681654,1476333,-0.742905,unrelated
S27,S223,Alsum18-2023,H41-2023,0,1315127,3555195,9681654,3926923,-0.425854,unrelated
S27,S224,Alsum18-2023,H41-2023,0,2633443,2686880,9681654,7733862,-0.157349,unrelated
S27,S225,Alsum18-2023,H41-2023,0,2461056,2846132,9681654,7293024,-0.190355,unrelated
S27,S250,Alsum18-2023,H66-2023,0,2517748,2810730,9681654,7497400,-0.180668,unrelated
S27,S251,Alsum18-2023,H66-2023,0,2433917,2915631,9681654,7298189,-0.200081,unrelated
S27,S252,Alsum18-2023,H66-2023,0,2613272,2688374,9681654,7784671,-0.158217,unrelated
S27,S253,Alsum18-2023,H66-2023,0,2603024,2706946,9681654,7828319,-0.160530,unrelated
S27,S254,Alsum18-2023,H66-2023,0,2626496,2765876,9681654,7899268,-0.165250,unrelated
S27,S255,Alsum18-2023,H66-2023,0,2061394,3158435,9681654,6261999,-0.266907,unrelated
S27,S256,Alsum18-2023,H66-2023,0,2367815,2906176,9681654,7050507,-0.205863,unrelated
S27,S257,Alsum18-2023,H66-2023,0,2429943,2887496,9681654,7226941,-0.197831,unrelated
S27,S258,Alsum18-2023,H66-2023,0,2465190,2777731,9681654,7345804,-0.181488,unrelated
S27,S259,Alsum18-2023,H66-2023,0,2564085,2806806,9681654,7685226,-0.175594,unrelated
S27,S260,Alsum18-2023,H66-2023,0,2602592,2752308,9681654,7760564,-0.166379,unrelated
S27,S288,Alsum18-2023,Du-2023,0,2649410,2619736,9681654,7781391,-0.148317,unrelated
S27,S289,Alsum18-2023,Du-2023,0,2766342,2694909,9681654,8243626,-0.146356,unrelated
S27,S290,Alsum18-2023,Du-2023,0,2774156,2622141,9681654,8328446,-0.137152,unrelated
S27,S291,Alsum18-2023,Du-2023,0,2932898,2549623,9681654,8614604,-0.118404,unrelated
S27,S292,Alsum18-2023,Du-2023,0,3084731,2414579,9681654,9175472,-0.092508,unrelated
S27,S293,Alsum18-2023,Du-2023,0,3009394,2447077,9681654,9002064,-0.100877,unrelated
S27,S294,Alsum18-2023,Du-2023,0,2795214,2695350,9681654,8280057,-0.144501,unrelated
S27,S312,Alsum18-2023,OkrayGrosheks40-2023,0,2668613,2735827,9681654,7983456,-0.158677,unrelated
S27,S313,Alsum18-2023,OkrayGrosheks40-2023,0,2486428,2757117,9681654,7465948,-0.176573,unrelated
S27,S314,Alsum18-2023,OkrayGrosheks40-2023,0,2565086,2763322,9681654,7693326,-0.170450,unrelated
S27,S315,Alsum18-2023,OkrayGrosheks40-2023,0,2660743,2707712,9681654,7911196,-0.156580,unrelated
S27,S316,Alsum18-2023,OkrayGrosheks40-2023,0,2581582,2779120,9681654,7767507,-0.170590,unrelated
S27,S317,Alsum18-2023,OkrayGrosheks40-2023,0,2782829,2623703,9681654,8428115,-0.136091,unrelated
S27,S318,Alsum18-2023,OkrayGrosheks40-2023,0,2452642,2792216,9681654,7352916,-0.183849,unrelated
S27,S328,Alsum18-2023,LaszSE-O14-2023,0,2584567,2801579,9681654,7746042,-0.173207,unrelated
S27,S329,Alsum18-2023,LaszSE-O14-2023,0,2557179,2839885,9681654,7797235,-0.178649,unrelated
S27,S330,Alsum18-2023,LaszSE-O14-2023,0,2468403,2881830,9681654,7462058,-0.192214,unrelated
S27,S331,Alsum18-2023,LaszSE-O14-2023,0,2484680,2867338,9681654,7438819,-0.189831,unrelated
S27,S332,Alsum18-2023,LaszSE-O14-2023,0,2769551,2632684,9681654,8314732,-0.138684,unrelated
S27,S370,Alsum18-2023,BrikalskiPats-2023,0,2421962,2893337,9681654,7223088,-0.199040,unrelated
S27,S371,Alsum18-2023,BrikalskiPats-2023,0,2622850,2761438,9681654,7850890,-0.165408,unrelated
S27,S372,Alsum18-2023,BrikalskiPats-2023,0,2614982,2782436,9681654,7962119,-0.167192,unrelated
S27,S373,Alsum18-2023,BrikalskiPats-2023,0,2546239,2797453,9681654,7688767,-0.175509,unrelated
S27,S374,Alsum18-2023,BrikalskiPats-2023,0,2467287,2903274,9681654,7505467,-0.194289,unrelated
S27,S375,Alsum18-2023,BrikalskiPats-2023,0,2535439,2880017,9681654,7610693,-0.186475,unrelated
S27,S376,Alsum18-2023,BrikalskiPats-2023,0,2528789,2913094,9681654,7674386,-0.189986,unrelated
S27,S386,Alsum18-2023,DaveBrilowski-2023,0,2557497,2837731,9681654,7581179,-0.180617,unrelated
S27,S387,Alsum18-2023,DaveBrilowski-2023,0,2436614,2835150,9681654,7340180,-0.189973,unrelated
S27,S388,Alsum18-2023,DaveBrilowski-2023,0,2541771,2832594,9681654,7711070,-0.179582,unrelated
S27,S389,Alsum18-2023,DaveBrilowski-2023,0,2439146,2920312,9681654,7419012,-0.198909,unrelated
S27,S390,Alsum18-2023,DaveBrilowski-2023,0,2516115,2790934,9681654,7664668,-0.176738,unrelated
S27,S391,Alsum18-2023,DaveBrilowski-2023,0,2580573,2844894,9681654,7786721,-0.177991,unrelated
S27,S392,Alsum18-2023,DaveBrilowski-2023,0,2611967,2794693,9681654,7941139,-0.168953,unrelated
S27,S418,Alsum18-2023,Wysocki1129-2023,0,2544507,2770284,9681654,7606408,-0.173302,unrelated
S27,S419,Alsum18-2023,Wysocki1129-2023,0,2376359,2847301,9681654,7110209,-0.197610,unrelated
S27,S420,Alsum18-2023,Wysocki1129-2023,0,2573605,2721801,9681654,7733647,-0.164797,unrelated
S27,S421,Alsum18-2023,Wysocki1129-2023,0,2579184,2749384,9681654,7799266,-0.167015,unrelated
S27,S422,Alsum18-2023,Wysocki1129-2023,0,2553918,2959752,9681654,7735411,-0.193235,unrelated
S27,S423,Alsum18-2023,Wysocki1129-2023,0,2609271,2732722,9681654,7838314,-0.163024,unrelated
S27,S424,Alsum18-2023,Wysocki1129-2023,0,2526140,2901182,9681654,7581744,-0.189779,unrelated
S27,S442,Alsum18-2023,Wedekind_3-2023,0,2084562,3137460,9681654,6337465,-0.261585,unrelated
S27,S443,Alsum18-2023,Wedekind_3-2023,0,2486333,2814362,9681654,7460484,-0.183314,unrelated
S27,S444,Alsum18-2023,Wedekind_3-2023,0,2452525,2870743,9681654,7291631,-0.193773,unrelated
S27,S445,Alsum18-2023,Wedekind_3-2023,0,2608135,2828122,9681654,7860728,-0.173757,unrelated
S27,S446,Alsum18-2023,Wedekind_3-2023,0,2553377,2789396,9681654,7648040,-0.174580,unrelated
S27,S447,Alsum18-2023,Wedekind_3-2023,0,2543147,2802564,9681654,7678231,-0.176383,unrelated
S27,S448,Alsum18-2023,Wedekind_3-2023,0,2426526,2891143,9681654,7296097,-0.197656,unrelated
S27,S474,Alsum18-2023,Airport04-2023,0,2644141,2704862,9681654,7804708,-0.158157,unrelated
S27,S475,Alsum18-2023,Airport04-2023,0,2749217,2604925,9681654,8082784,-0.138515,unrelated
S27,S476,Alsum18-2023,Airport04-2023,0,2544509,2753713,9681654,7482884,-0.172619,unrelated
S27,S477,Alsum18-2023,Airport04-2023,0,2595426,2653984,9681654,7485865,-0.158004,unrelated
S27,S478,Alsum18-2023,Airport04-2023,0,2618951,2665298,9681654,7652969,-0.156429,unrelated
S27,S479,Alsum18-2023,Airport04-2023,0,2473024,2816593,9681654,7412292,-0.184870,unrelated
S27,S480,Alsum18-2023,Airport04-2023,0,2367695,2844835,9681654,6986357,-0.199302,unrelated
S45,S46,Alsum59-2023,Alsum59-2023,1,2184355,3410296,7560944,7952347,-0.298856,unrelated
S45,S47,Alsum59-2023,Alsum59-2023,1,2083949,3517561,7560944,7667572,-0.325125,unrelated
S45,S48,Alsum59-2023,Alsum59-2023,1,2121211,3529594,7560944,7631822,-0.325022,unrelated
S45,S49,Alsum59-2023,Alsum59-2023,1,2017197,3569237,7560944,7264795,-0.345431,unrelated
S45,S50,Alsum59-2023,Alsum59-2023,1,1995972,3547166,7560944,7201669,-0.345356,unrelated
S45,S51,Alsum59-2023,Alsum59-2023,1,1993974,3427960,7560944,7575481,-0.321208,unrelated
S45,S58,Alsum59-2023,Arlington-2023,0,2050433,3329093,7560944,7652045,-0.302883,unrelated
S45,S59,Alsum59-2023,Arlington-2023,0,1958484,3536730,7560944,7062874,-0.349770,unrelated
S45,S60,Alsum59-2023,Arlington-2023,0,1998033,3430348,7560944,7568897,-0.321396,unrelated
S45,S61,Alsum59-2023,Arlington-2023,0,2068647,3376923,7560944,7707594,-0.306853,unrelated
S45,S62,Alsum59-2023,Arlington-2023,0,2059726,3548860,7560944,7384548,-0.337091,unrelated
S45,S63,Alsum59-2023,Arlington-2023,0,2134541,3503358,7560944,7844966,-0.316254,unrelated
S45,S64,Alsum59-2023,Arlington-2023,0,2044931,3581447,7560944,7466015,-0.340585,unrelated
S45,S77,Alsum59-2023,C5-2023,0,2079624,3420166,7560944,7866137,-0.308594,unrelated
S45,S78,Alsum59-2023,C5-2023,0,1901652,3551397,7560944,7194609,-0.352487,unrelated
S45,S79,Alsum59-2023,C5-2023,0,2084144,3374194,7560944,7781078,-0.304018,unrelated
S45,S80,Alsum59-2023,C5-2023,0,2121324,3464989,7560944,7723029,-0.314621,unrelated
S45,S81,Alsum59-2023,C5-2023,0,2024325,3607773,7560944,7557553,-0.343369,unrelated
S45,S82,Alsum59-2023,C5-2023,0,2014468,3428523,7560944,7539134,-0.320699,unrelated
S45,S83,Alsum59-2023,C5-2023,0,1992003,3371425,7560944,7418769,-0.317152,unrelated
S45,S109,Alsum59-2023,C44-L15-2023,0,2010528,3630639,7560944,7182952,-0.356130,unrelated
S45,S110,Alsum59-2023,C44-L15-2023,0,2057276,3416955,7560944,7579950,-0.315479,unrelated
S45,S111,Alsum59-2023,C44-L15-2023,0,2192317,3480340,7560944,8035390,-0.305736,unrelated
S45,S112,Alsum59-2023,C44-L15-2023,0,2036912,3397337,7560944,7532210,-0.315226,unrelated
S45,S113,Alsum59-2023,C44-L15-2023,0,1901414,3566959,7560944,7281389,-0.352539,unrelated
S45,S114,Alsum59-2023,C44-L15-2023,0,2035320,3420662,7560944,7409290,-0.321037,unrelated
S45,S115,Alsum59-2023,C44-L15-2023,0,2103341,3384657,7560944,7776122,-0.304229,unrelated
S45,S133,Alsum59-2023,Aartz-2023,0,1992044,3467837,7560944,7481338,-0.328649,unrelated
S45,S134,Alsum59-2023,Aartz-2023,0,1984257,3641989,7560944,7342694,-0.355599,unrelated
S45,S135,Alsum59-2023,Aartz-2023,0,1988989,3710072,7560944,7171059,-0.368664,unrelated
S45,S136,Alsum59-2023,Aartz-2023,0,2084445,3352646,7560944,7775212,-0.301304,unrelated
S45,S137,Alsum59-2023,Aartz-2023,0,1989310,3453890,7560944,7535158,-0.325811,unrelated
S45,S145,Alsum59-2023,XMASBig-2023,0,2088581,3357626,7560944,7857668,-0.300071,unrelated
S45,S146,Alsum59-2023,XMASBig-2023,0,1983811,3550397,7560944,7511950,-0.339482,unrelated
S45,S147,Alsum59-2023,XMASBig-2023,0,2063392,3452887,7560944,7708191,-0.317135,unrelated
S45,S148,Alsum59-2023,XMASBig-2023,0,2217139,3383855,7560944,7944143,-0.293489,unrelated
S45,S149,Alsum59-2023,XMASBig-2023,0,2037969,3605955,7560944,7327686,-0.347510,unrelated
S45,S167,Alsum59-2023,GarrisonNE-2023,0,2079390,3594048,7560944,7689066,-0.334997,unrelated
S45,S168,Alsum59-2023,GarrisonNE-2023,0,2062870,3504699,7560944,7345950,-0.331828,unrelated
S45,S169,Alsum59-2023,GarrisonNE-2023,0,2030341,3530653,7560944,7604273,-0.331744,unrelated
S45,S170,Alsum59-2023,GarrisonNE-2023,0,2015265,3474394,7560944,7764576,-0.321916,unrelated
S45,S171,Alsum59-2023,GarrisonNE-2023,0,2141342,3527963,7560944,7653982,-0.323011,unrelated
S45,S172,Alsum59-2023,GarrisonNE-2023,0,1917673,3480491,7560944,7231927,-0.340928,unrelated
S45,S173,Alsum59-2023,GarrisonNE-2023,0,1889064,3434290,7560944,7337001,-0.334242,unrelated
S45,S185,Alsum59-2023,H10-2023,0,1947764,3418830,7560944,7318923,-0.328625,unrelated
S45,S186,Alsum59-2023,H10-2023,0,2017824,3385263,7560944,7677072,-0.311898,unrelated
S45,S187,Alsum59-2023,H10-2023,0,1989817,3351515,7560944,7514517,-0.312641,unrelated
S45,S188,Alsum59-2023,H10-2023,0,1919671,3670090,7560944,7202055,-0.367169,unrelated
S45,S189,Alsum59-2023,H10-2023,0,2188323,3144407,7560944,8104414,-0.261755,unrelated
S45,S190,Alsum59-2023,H10-2023,0,2059879,3498121,7560944,7760518,-0.322186,unrelated
S45,S191,Alsum59-2023,H10-2023,0,2040553,3558520,7560944,7306259,-0.341455,unrelated
S45,S206,Alsum59-2023,H15-2023,0,2022123,3179110,7560944,7783850,-0.282578,unrelated
S45,S207,Alsum59-2023,H15-2023,0,2014674,3495400,7560944,7707947,-0.325900,unrelated
S45,S208,Alsum59-2023,H15-2023,0,2021538,3423177,7560944,7490866,-0.320547,unrelated
S45,S209,Alsum59-2023,H15-2023,0,2047654,3451782,7560944,7723624,-0.317700,unrelated
S45,S210,Alsum59-2023,H15-2023,0,2059375,3369327,7560944,7739257,-0.305831,unrelated
S45,S211,Alsum59-2023,H15-2023,0,1983604,3471159,7560944,7405367,-0.331325,unrelated
S45,S212,Alsum59-2023,H15-2023,0,789622,4770029,7560944,3113003,-0.819794,unrelated
S45,S219,Alsum59-2023,H41-2023,0,2032776,3385185,7560944,7585961,-0.312776,unrelated
S45,S220,Alsum59-2023,H41-2023,0,1937934,3503615,7560944,7179670,-0.343900,unrelated
S45,S221,Alsum59-2023,H41-2023,0,39281,5900734,7560944,158911,-1.523628,unrelated
S45,S222,Alsum59-2023,H41-2023,0,375102,5400461,7560944,1476333,-1.153646,unrelated
S45,S223,Alsum59-2023,H41-2023,0,977243,4439329,7560944,3926923,-0.687805,unrelated
S45,S224,Alsum59-2023,H41-2023,0,2057247,3370668,7560944,7733862,-0.306254,unrelated
S45,S225,Alsum59-2023,H41-2023,0,1980513,3557638,7560944,7293024,-0.345683,unrelated
S45,S250,Alsum59-2023,H66-2023,0,2075107,3605224,7560944,7497400,-0.341030,unrelated
S45,S251,Alsum59-2023,H66-2023,0,2015919,3617098,7560944,7298189,-0.351183,unrelated
S45,S252,Alsum59-2023,H66-2023,0,2080098,3295244,7560944,7784671,-0.293920,unrelated
S45,S253,Alsum59-2023,H66-2023,0,2072933,3425819,7560944,7828319,-0.310522,unrelated
S45,S254,Alsum59-2023,H66-2023,0,2036613,3395738,7560944,7899268,-0.307555,unrelated
S45,S255,Alsum59-2023,H66-2023,0,1589103,3839034,7560944,6261999,-0.440497,unrelated
S45,S256,Alsum59-2023,H66-2023,0,1973674,3624242,7560944,7050507,-0.361005,unrelated
S45,S257,Alsum59-2023,H66-2023,0,1972876,3700104,7560944,7226941,-0.367012,unrelated
S45,S258,Alsum59-2023,H66-2023,0,2028642,3475368,7560944,7345804,-0.330192,unrelated
S45,S259,Alsum59-2023,H66-2023,0,2009202,3496837,7560944,7685226,-0.326933,unrelated
S45,S260,Alsum59-2023,H66-2023,0,2043378,3379022,7560944,7760564,-0.307716,unrelated
S45,S288,Alsum59-2023,Du-2023,0,2171006,3339451,7560944,7781391,-0.293821,unrelated
S45,S289,Alsum59-2023,Du-2023,0,2238251,3313077,7560944,8243626,-0.277635,unrelated
S45,S290,Alsum59-2023,Du-2023,0,2171257,3357659,7560944,8328446,-0.285981,unrelated
S45,S291,Alsum59-2023,Du-2023,0,2264324,3245847,7560944,8614604,-0.261343,unrelated
S45,S292,Alsum59-2023,Du-2023,0,2460629,3021875,7560944,9175472,-0.214091,unrelated
S45,S293,Alsum59-2023,Du-2023,0,2389015,2991533,7560944,9002064,-0.216993,unrelated
S45,S294,Alsum59-2023,Du-2023,0,2116513,3285910,7560944,8280057,-0.281252,unrelated
S45,S312,Alsum59-2023,OkrayGrosheks40-2023,0,2099899,3401221,7560944,7983456,-0.302523,unrelated
S45,S313,Alsum59-2023,OkrayGrosheks40-2023,0,2030752,3544081,7560944,7465948,-0.336557,unrelated
S45,S314,Alsum59-2023,OkrayGrosheks40-2023,0,2148236,3472342,7560944,7693326,-0.314433,unrelated
S45,S315,Alsum59-2023,OkrayGrosheks40-2023,0,2116230,3364777,7560944,7911196,-0.298170,unrelated
S45,S316,Alsum59-2023,OkrayGrosheks40-2023,0,2124723,3507860,7560944,7767507,-0.319080,unrelated
S45,S317,Alsum59-2023,OkrayGrosheks40-2023,0,2147421,3220304,7560944,8428115,-0.268508,unrelated
S45,S318,Alsum59-2023,OkrayGrosheks40-2023,0,2007840,3519850,7560944,7352916,-0.337395,unrelated
S45,S328,Alsum59-2023,LaszSE-O14-2023,0,2199067,3439767,7560944,7746042,-0.305773,unrelated
S45,S329,Alsum59-2023,LaszSE-O14-2023,0,2087582,3544434,7560944,7797235,-0.325643,unrelated
S45,S330,Alsum59-2023,LaszSE-O14-2023,0,2023741,3640882,7560944,7462058,-0.349998,unrelated
S45,S331,Alsum59-2023,LaszSE-O14-2023,0,2040553,3542508,7560944,7438819,-0.336303,unrelated
S45,S332,Alsum59-2023,LaszSE-O14-2023,0,2203418,3263355,7560944,8314732,-0.272322,unrelated
S45,S370,Alsum59-2023,BrikalskiPats-2023,0,2034820,3436928,7560944,7223088,-0.327315,unrelated
S45,S371,Alsum59-2023,BrikalskiPats-2023,0,2023992,3393181,7560944,7850890,-0.309007,unrelated
S45,S372,Alsum59-2023,BrikalskiPats-2023,0,2112189,3380898,7560944,7962119,-0.299529,unrelated
S45,S373,Alsum59-2023,BrikalskiPats-2023,0,2043028,3487712,7560944,7688767,-0.323442,unrelated
S45,S374,Alsum59-2023,BrikalskiPats-2023,0,2034783,3381619,7560944,7505467,-0.313841,unrelated
S45,S375,Alsum59-2023,BrikalskiPats-2023,0,1993449,3409159,7560944,7610693,-0.318019,unrelated
S45,S376,Alsum59-2023,BrikalskiPats-2023,0,2073854,3538675,7560944,7674386,-0.328414,unrelated
S45,S386,Alsum59-2023,DaveBrilowski-2023,0,2021026,3357861,7560944,7581179,-0.310042,unrelated
S45,S387,Alsum59-2023,DaveBrilowski-2023,0,2055713,3496926,7560944,7340180,-0.331394,unrelated
S45,S388,Alsum59-2023,DaveBrilowski-2023,0,2069895,3362842,7560944,7711070,-0.304858,unrelated
S45,S389,Alsum59-2023,DaveBrilowski-2023,0,2055667,3649496,7560944,7419012,-0.350023,unrelated
S45,S390,Alsum59-2023,DaveBrilowski-2023,0,2045133,3330008,7560944,7664668,-0.303100,unrelated
S45,S391,Alsum59-2023,DaveBrilowski-2023,0,2026770,3383362,7560944,7786721,-0.308839,unrelated
S45,S392,Alsum59-2023,DaveBrilowski-2023,0,2075535,3299647,7560944,7941139,-0.291816,unrelated
S45,S418,Alsum59-2023,Wysocki1129-2023,0,2039206,3326923,7560944,7606408,-0.304248,unrelated
S45,S419,Alsum59-2023,Wysocki1129-2023,0,1900683,3512372,7560944,7110209,-0.349261,unrelated
S45,S420,Alsum59-2023,Wysocki1129-2023,0,2118654,3238947,7560944,7733647,-0.285018,unrelated
S45,S421,Alsum59-2023,Wysocki1129-2023,0,2027439,3450275,7560944,7799266,-0.317255,unrelated
S45,S422,Alsum59-2023,Wysocki1129-2023,0,2054796,3563237,7560944,7735411,-0.331561,unrelated
S45,S423,Alsum59-2023,Wysocki1129-2023,0,2082215,3407609,7560944,7838314,-0.307353,unrelated
S45,S424,Alsum59-2023,Wysocki1129-2023,0,2082510,3442519,7560944,7581744,-0.317152,unrelated
S45,S442,Alsum59-2023,Wedekind_3-2023,0,1657593,3777025,7560944,6337465,-0.424254,unrelated
S45,S443,Alsum59-2023,Wedekind_3-2023,0,1989652,3428135,7560944,7460484,-0.323978,unrelated
S45,S444,Alsum59-2023,Wedekind_3-2023,0,1946728,3428685,7560944,7291631,-0.330626,unrelated
S45,S445,Alsum59-2023,Wedekind_3-2023,0,2048438,3362712,7560944,7860728,-0.303274,unrelated
S45,S446,Alsum59-2023,Wedekind_3-2023,0,1993662,3387114,7560944,7648040,-0.314325,unrelated
S45,S447,Alsum59-2023,Wedekind_3-2023,0,2075500,3298456,7560944,7678231,-0.296697,unrelated
S45,S448,Alsum59-2023,Wedekind_3-2023,0,2011374,3470669,7560944,7296097,-0.331827,unrelated
S45,S474,Alsum59-2023,Airport04-2023,0,2024872,3383935,7560944,7804708,-0.308675,unrelated
S45,S475,Alsum59-2023,Airport04-2023,0,2141033,3253308,7560944,8082784,-0.279063,unrelated
S45,S476,Alsum59-2023,Airport04-2023,0,1960203,3319039,7560944,7482884,-0.310950,unrelated
S45,S477,Alsum59-2023,Airport04-2023,0,2003721,3342103,7560944,7485865,-0.311062,unrelated
S45,S478,Alsum59-2023,Airport04-2023,0,2095655,3207812,7560944,7652969,-0.283949,unrelated
S45,S479,Alsum59-2023,Airport04-2023,0,1933623,3357558,7560944,7412292,-0.319336,unrelated
S45,S480,Alsum59-2023,Airport04-2023,0,1902134,3560087,7560944,6986357,-0.358695,unrelated
S46,S47,Alsum59-2023,Alsum59-2023,1,2291771,3484988,7952347,7667572,-0.299503,unrelated
S46,S48,Alsum59-2023,Alsum59-2023,1,2222921,3485355,7952347,7631822,-0.304655,unrelated
S46,S49,Alsum59-2023,Alsum59-2023,1,2090853,3599413,7952347,7264795,-0.335672,unrelated
S46,S50,Alsum59-2023,Alsum59-2023,1,2054343,3488481,7952347,7201669,-0.324839,unrelated
S46,S51,Alsum59-2023,Alsum59-2023,1,2065663,3363134,7952347,7575481,-0.300145,unrelated
S46,S58,Alsum59-2023,Arlington-2023,0,2127194,3329819,7952347,7652045,-0.290460,unrelated
S46,S59,Alsum59-2023,Arlington-2023,0,2047738,3576423,7952347,7062874,-0.339996,unrelated
S46,S60,Alsum59-2023,Arlington-2023,0,2091542,3365584,7952347,7568897,-0.298921,unrelated
S46,S61,Alsum59-2023,Arlington-2023,0,2121543,3285223,7952347,7707594,-0.284094,unrelated
S46,S62,Alsum59-2023,Arlington-2023,0,2211000,3470080,7952347,7384548,-0.308352,unrelated
S46,S63,Alsum59-2023,Arlington-2023,0,2333868,3422449,7952347,7844966,-0.285557,unrelated
S46,S64,Alsum59-2023,Arlington-2023,0,2144085,3563294,7952347,7466015,-0.323154,unrelated
S46,S77,Alsum59-2023,C5-2023,0,2238370,3275184,7952347,7866137,-0.272592,unrelated
S46,S78,Alsum59-2023,C5-2023,0,1954454,3496361,7952347,7194609,-0.332626,unrelated
S46,S79,Alsum59-2023,C5-2023,0,2163386,3331750,7952347,7781078,-0.286023,unrelated
S46,S80,Alsum59-2023,C5-2023,0,2165048,3340389,7952347,7723029,-0.288078,unrelated
S46,S81,Alsum59-2023,C5-2023,0,2102313,3455011,7952347,7557553,-0.309977,unrelated
S46,S82,Alsum59-2023,C5-2023,0,2084891,3383274,7952347,7539134,-0.302208,unrelated
S46,S83,Alsum59-2023,C5-2023,0,2019362,3404885,7952347,7418769,-0.311650,unrelated
S46,S109,Alsum59-2023,C44-L15-2023,0,2064012,3612290,7952347,7182952,-0.340962,unrelated
S46,S110,Alsum59-2023,C44-L15-2023,0,2135653,3411982,7952347,7579950,-0.301843,unrelated
S46,S111,Alsum59-2023,C44-L15-2023,0,2387984,3456802,7952347,8035390,-0.283068,unrelated
S46,S112,Alsum59-2023,C44-L15-2023,0,2089395,3407384,7952347,7532210,-0.305167,unrelated
S46,S113,Alsum59-2023,C44-L15-2023,0,2006788,3497930,7952347,7281389,-0.327502,unrelated
S46,S114,Alsum59-2023,C44-L15-2023,0,2127418,3306772,7952347,7409290,-0.292034,unrelated
S46,S115,Alsum59-2023,C44-L15-2023,0,2179902,3324406,7952347,7776122,-0.284129,unrelated
S46,S133,Alsum59-2023,Aartz-2023,0,2072748,3452291,7952347,7481338,-0.313071,unrelated
S46,S134,Alsum59-2023,Aartz-2023,0,2157380,3634759,7952347,7342694,-0.334235,unrelated
S46,S135,Alsum59-2023,Aartz-2023,0,2089958,3590636,7952347,7171059,-0.336651,unrelated
S46,S136,Alsum59-2023,Aartz-2023,0,2242257,3285812,7952347,7775212,-0.275273,unrelated
S46,S137,Alsum59-2023,Aartz-2023,0,2020929,3414414,7952347,7535158,-0.310437,unrelated
S46,S145,Alsum59-2023,XMASBig-2023,0,2244859,3342000,7952347,7857668,-0.280780,unrelated
S46,S146,Alsum59-2023,XMASBig-2023,0,2200045,3462236,7952347,7511950,-0.305505,unrelated
S46,S147,Alsum59-2023,XMASBig-2023,0,2130487,3374193,7952347,7708191,-0.294875,unrelated
S46,S148,Alsum59-2023,XMASBig-2023,0,2270346,3328698,7952347,7944143,-0.275976,unrelated
S46,S149,Alsum59-2023,XMASBig-2023,0,2113745,3529826,7952347,7327686,-0.323684,unrelated
S46,S167,Alsum59-2023,GarrisonNE-2023,0,2267520,3522556,7952347,7689066,-0.305445,unrelated
S46,S168,Alsum59-2023,GarrisonNE-2023,0,2138761,3451041,7952347,7345950,-0.311363,unrelated
S46,S169,Alsum59-2023,GarrisonNE-2023,0,2172516,3434364,7952347,7604273,-0.301879,unrelated
S46,S170,Alsum59-2023,GarrisonNE-2023,0,2210305,3339687,7952347,7764576,-0.284348,unrelated
S46,S171,Alsum59-2023,GarrisonNE-2023,0,2204325,3532204,7952347,7653982,-0.311417,unrelated
S46,S172,Alsum59-2023,GarrisonNE-2023,0,2009456,3385741,7952347,7231927,-0.313616,unrelated
S46,S173,Alsum59-2023,GarrisonNE-2023,0,1943180,3393712,7952347,7337001,-0.316838,unrelated
S46,S185,Alsum59-2023,H10-2023,0,2010905,3422922,7952347,7318923,-0.316604,unrelated
S46,S186,Alsum59-2023,H10-2023,0,2104614,3291713,7952347,7677072,-0.286563,unrelated
S46,S187,Alsum59-2023,H10-2023,0,2142542,3226361,7952347,7514517,-0.278672,unrelated
S46,S188,Alsum59-2023,H10-2023,0,2106149,3510805,7952347,7202055,-0.324359,unrelated
S46,S189,Alsum59-2023,H10-2023,0,2242782,3188608,7952347,8104414,-0.257489,unrelated
S46,S190,Alsum59-2023,H10-2023,0,2225246,3364337,7952347,7760518,-0.286608,unrelated
S46,S191,Alsum59-2023,H10-2023,0,2140568,3538304,7952347,7306259,-0.323492,unrelated
S46,S206,Alsum59-2023,H15-2023,0,2085889,3202078,7952347,7783850,-0.274416,unrelated
S46,S207,Alsum59-2023,H15-2023,0,2171013,3507379,7952347,7707947,-0.309301,unrelated
S46,S208,Alsum59-2023,H15-2023,0,2046705,3352399,7952347,7490866,-0.301627,unrelated
S46,S209,Alsum59-2023,H15-2023,0,2240505,3341212,7952347,7723624,-0.283358,unrelated
S46,S210,Alsum59-2023,H15-2023,0,2146043,3310355,7952347,7739257,-0.285163,unrelated
S46,S211,Alsum59-2023,H15-2023,0,2063479,3365863,7952347,7405367,-0.303968,unrelated
S46,S212,Alsum59-2023,H15-2023,0,808955,4764405,7952347,3113003,-0.788032,unrelated
S46,S219,Alsum59-2023,H41-2023,0,2094433,3294809,7952347,7585961,-0.289297,unrelated
S46,S220,Alsum59-2023,H41-2023,0,2049048,3313843,7952347,7179670,-0.302579,unrelated
S46,S221,Alsum59-2023,H41-2023,0,40880,5922951,7952347,158911,-1.455387,unrelated
S46,S222,Alsum59-2023,H41-2023,0,386121,5413998,7952347,1476333,-1.107459,unrelated
S46,S223,Alsum59-2023,H41-2023,0,1007337,4431478,7952347,3926923,-0.661288,unrelated
S46,S224,Alsum59-2023,H41-2023,0,2149685,3304925,7952347,7733862,-0.284337,unrelated
S46,S225,Alsum59-2023,H41-2023,0,2148391,3511381,7952347,7293024,-0.319728,unrelated
S46,S250,Alsum59-2023,H66-2023,0,2154535,3515272,7952347,7497400,-0.315604,unrelated
S46,S251,Alsum59-2023,H66-2023,0,2180816,3483413,7952347,7298189,-0.313826,unrelated
S46,S252,Alsum59-2023,H66-2023,0,2144649,3338990,7952347,7784671,-0.288068,unrelated
S46,S253,Alsum59-2023,H66-2023,0,2255612,3340876,7952347,7828319,-0.280479,unrelated
S46,S254,Alsum59-2023,H66-2023,0,2209390,3399577,7952347,7899268,-0.289546,unrelated
S46,S255,Alsum59-2023,H66-2023,0,1667432,3706248,7952347,6261999,-0.404174,unrelated
S46,S256,Alsum59-2023,H66-2023,0,2053496,3633817,7952347,7050507,-0.347543,unrelated
S46,S257,Alsum59-2023,H66-2023,0,2048291,3650116,7952347,7226941,-0.345994,unrelated
S46,S258,Alsum59-2023,H66-2023,0,2108432,3480789,7952347,7345804,-0.317237,unrelated
S46,S259,Alsum59-2023,H66-2023,0,2116691,3381057,7952347,7685226,-0.297068,unrelated
S46,S260,Alsum59-2023,H66-2023,0,2153699,3339457,7952347,7760564,-0.287993,unrelated
S46,S288,Alsum59-2023,Du-2023,0,2247670,3243145,7952347,7781391,-0.269397,unrelated
S46,S289,Alsum59-2023,Du-2023,0,2272491,3227977,7952347,8243626,-0.258303,unrelated
S46,S290,Alsum59-2023,Du-2023,0,2273164,3204359,7952347,8328446,-0.254014,unrelated
S46,S291,Alsum59-2023,Du-2023,0,2510539,3190224,7952347,8614604,-0.233592,unrelated
S46,S292,Alsum59-2023,Du-2023,0,2611202,2913364,7952347,9175472,-0.187737,unrelated
S46,S293,Alsum59-2023,Du-2023,0,2459240,3044119,7952347,9002064,-0.214044,unrelated
S46,S294,Alsum59-2023,Du-2023,0,2327553,3197394,7952347,8280057,-0.250563,unrelated
S46,S312,Alsum59-2023,OkrayGrosheks40-2023,0,2304452,3225702,7952347,7983456,-0.260229,unrelated
S46,S313,Alsum59-2023,OkrayGrosheks40-2023,0,2107508,3519635,7952347,7465948,-0.319864,unrelated
S46,S314,Alsum59-2023,OkrayGrosheks40-2023,0,2207869,3527942,7952347,7693326,-0.309863,unrelated
S46,S315,Alsum59-2023,OkrayGrosheks40-2023,0,2209546,3318342,7952347,7911196,-0.279076,unrelated
S46,S316,Alsum59-2023,OkrayGrosheks40-2023,0,2232917,3442192,7952347,7767507,-0.295898,unrelated
S46,S317,Alsum59-2023,OkrayGrosheks40-2023,0,2332072,3218144,7952347,8428115,-0.250556,unrelated
S46,S318,Alsum59-2023,OkrayGrosheks40-2023,0,2116367,3421015,7952347,7352916,-0.308761,unrelated
S46,S328,Alsum59-2023,LaszSE-O14-2023,0,2241016,3460612,7952347,7746042,-0.298133,unrelated
S46,S329,Alsum59-2023,LaszSE-O14-2023,0,2244249,3483524,7952347,7797235,-0.299868,unrelated
S46,S330,Alsum59-2023,LaszSE-O14-2023,0,2222136,3475537,7952347,7462058,-0.306787,unrelated
S46,S331,Alsum59-2023,LaszSE-O14-2023,0,2131345,3436557,7952347,7438819,-0.308084,unrelated
S46,S332,Alsum59-2023,LaszSE-O14-2023,0,2357760,3209913,7952347,8314732,-0.249711,unrelated
S46,S370,Alsum59-2023,BrikalskiPats-2023,0,2093260,3522459,7952347,7223088,-0.326294,unrelated
S46,S371,Alsum59-2023,BrikalskiPats-2023,0,2217526,3408295,7952347,7850890,-0.291020,unrelated
S46,S372,Alsum59-2023,BrikalskiPats-2023,0,2177692,3351287,7952347,7962119,-0.284325,unrelated
S46,S373,Alsum59-2023,BrikalskiPats-2023,0,2232508,3324168,7952347,7688767,-0.282322,unrelated
S46,S374,Alsum59-2023,BrikalskiPats-2023,0,2048421,3451783,7952347,7505467,-0.314090,unrelated
S46,S375,Alsum59-2023,BrikalskiPats-2023,0,2110334,3412517,7952347,7610693,-0.302942,unrelated
S46,S376,Alsum59-2023,BrikalskiPats-2023,0,2291728,3397801,7952347,7674386,-0.288216,unrelated
S46,S386,Alsum59-2023,DaveBrilowski-2023,0,2086960,3413526,7952347,7581179,-0.305152,unrelated
S46,S387,Alsum59-2023,DaveBrilowski-2023,0,2163412,3481119,7952347,7340180,-0.313802,unrelated
S46,S388,Alsum59-2023,DaveBrilowski-2023,0,2121979,3419718,7952347,7711070,-0.301177,unrelated
S46,S389,Alsum59-2023,DaveBrilowski-2023,0,2128515,3601961,7952347,7419012,-0.330186,unrelated
S46,S390,Alsum59-2023,DaveBrilowski-2023,0,2065125,3418682,7952347,7664668,-0.305579,unrelated
S46,S391,Alsum59-2023,DaveBrilowski-2023,0,2200589,3391325,7952347,7786721,-0.291127,unrelated
S46,S392,Alsum59-2023,DaveBrilowski-2023,0,2238383,3412107,7952347,7941139,-0.288535,unrelated
S46,S418,Alsum59-2023,Wysocki1129-2023,0,2177372,3402717,7952347,7606408,-0.297457,unrelated
S46,S419,Alsum59-2023,Wysocki1129-2023,0,1959495,3443290,7952347,7110209,-0.327108,unrelated
S46,S420,Alsum59-2023,Wysocki1129-2023,0,2172515,3308102,7952347,7733647,-0.283290,unrelated
S46,S421,Alsum59-2023,Wysocki1129-2023,0,2124471,3363795,7952347,7799266,-0.292232,unrelated
S46,S422,Alsum59-2023,Wysocki1129-2023,0,2145834,3432590,7952347,7735411,-0.300830,unrelated
S46,S423,Alsum59-2023,Wysocki1129-2023,0,2164895,3336914,7952347,7838314,-0.285544,unrelated
S46,S424,Alsum59-2023,Wysocki1129-2023,0,2250696,3486671,7952347,7581744,-0.304018,unrelated
S46,S442,Alsum59-2023,Wedekind_3-2023,0,1733865,3705778,7952347,6337465,-0.397324,unrelated
S46,S443,Alsum59-2023,Wedekind_3-2023,0,2060620,3420711,7952347,7460484,-0.310183,unrelated
S46,S444,Alsum59-2023,Wedekind_3-2023,0,2022836,3482565,7952347,7291631,-0.324213,unrelated
S46,S445,Alsum59-2023,Wedekind_3-2023,0,2256381,3262602,7952347,7860728,-0.269955,unrelated
S46,S446,Alsum59-2023,Wedekind_3-2023,0,2137334,3385118,7952347,7648040,-0.296974,unrelated
S46,S447,Alsum59-2023,Wedekind_3-2023,0,2134900,3382769,7952347,7678231,-0.296255,unrelated
S46,S448,Alsum59-2023,Wedekind_3-2023,0,2105850,3538127,7952347,7296097,-0.325961,unrelated
S46,S474,Alsum59-2023,Airport04-2023,0,2178524,3329458,7952347,7804708,-0.284342,unrelated
S46,S475,Alsum59-2023,Airport04-2023,0,2221496,3211943,7952347,8082784,-0.262074,unrelated
S46,S476,Alsum59-2023,Airport04-2023,0,2014694,3403492,7952347,7482884,-0.310477,unrelated
S46,S477,Alsum59-2023,Airport04-2023,0,2073837,3332183,7952347,7485865,-0.297348,unrelated
S46,S478,Alsum59-2023,Airport04-2023,0,2159914,3280980,7952347,7652969,-0.282086,unrelated
S46,S479,Alsum59-2023,Airport04-2023,0,2022034,3404599,7952347,7412292,-0.311570,unrelated
S46,S480,Alsum59-2023,Airport04-2023,0,2056821,3520808,7952347,6986357,-0.333683,unrelated
S47,S48,Alsum59-2023,Alsum59-2023,1,2139004,3556412,7667572,7631822,-0.325099,unrelated
S47,S49,Alsum59-2023,Alsum59-2023,1,2019965,3599951,7667572,7264795,-0.346893,unrelated
S47,S50,Alsum59-2023,Alsum59-2023,1,1983229,3565592,7667572,7201669,-0.346215,unrelated
S47,S51,Alsum59-2023,Alsum59-2023,1,1977991,3483753,7667572,7575481,-0.327330,unrelated
S47,S58,Alsum59-2023,Arlington-2023,0,2018596,3395391,7667572,7652045,-0.311508,unrelated
S47,S59,Alsum59-2023,Arlington-2023,0,1999415,3603110,7667572,7062874,-0.353472,unrelated
S47,S60,Alsum59-2023,Arlington-2023,0,2000635,3454685,7667572,7568897,-0.322170,unrelated
S47,S61,Alsum59-2023,Arlington-2023,0,2014608,3457725,7667572,7707594,-0.318751,unrelated
S47,S62,Alsum59-2023,Arlington-2023,0,2096628,3601080,7667572,7384548,-0.339190,unrelated
S47,S63,Alsum59-2023,Arlington-2023,0,2315461,3564449,7667572,7844966,-0.310293,unrelated
S47,S64,Alsum59-2023,Arlington-2023,0,2077353,3608356,7667572,7466015,-0.339600,unrelated
S47,S77,Alsum59-2023,C5-2023,0,2192473,3490903,7667572,7866137,-0.308319,unrelated
S47,S78,Alsum59-2023,C5-2023,0,1908083,3543040,7667572,7194609,-0.348401,unrelated
S47,S79,Alsum59-2023,C5-2023,0,2099076,3419883,7667572,7781078,-0.306868,unrelated
S47,S80,Alsum59-2023,C5-2023,0,2100527,3487208,7667572,7723029,-0.316680,unrelated
S47,S81,Alsum59-2023,C5-2023,0,2064202,3533311,7667572,7557553,-0.328563,unrelated
S47,S82,Alsum59-2023,C5-2023,0,1992071,3486744,7667572,7539134,-0.327580,unrelated
S47,S83,Alsum59-2023,C5-2023,0,1955609,3458545,7667572,7418769,-0.328872,unrelated
S47,S109,Alsum59-2023,C44-L15-2023,0,1992059,3602028,7667572,7182952,-0.350964,unrelated
S47,S110,Alsum59-2023,C44-L15-2023,0,2049206,3522559,7667572,7579950,-0.327654,unrelated
S47,S111,Alsum59-2023,C44-L15-2023,0,2298179,3618548,7667572,8035390,-0.314521,unrelated
S47,S112,Alsum59-2023,C44-L15-2023,0,1979022,3558300,7667572,7532210,-0.338003,unrelated
S47,S113,Alsum59-2023,C44-L15-2023,0,1966670,3519019,7667572,7281389,-0.339246,unrelated
S47,S114,Alsum59-2023,C44-L15-2023,0,2031513,3528896,7667572,7409290,-0.333377,unrelated
S47,S115,Alsum59-2023,C44-L15-2023,0,2089845,3430447,7667572,7776122,-0.308932,unrelated
S47,S133,Alsum59-2023,Aartz-2023,0,1961145,3597917,7667572,7481338,-0.345549,unrelated
S47,S134,Alsum59-2023,Aartz-2023,0,2108828,3650344,7667572,7342694,-0.345887,unrelated
S47,S135,Alsum59-2023,Aartz-2023,0,1969879,3787895,7667572,7171059,-0.377792,unrelated
S47,S136,Alsum59-2023,Aartz-2023,0,2205955,3296808,7667572,7775212,-0.284124,unrelated
S47,S137,Alsum59-2023,Aartz-2023,0,1947246,3557439,7667572,7535158,-0.339915,unrelated
S47,S145,Alsum59-2023,XMASBig-2023,0,2150161,3458065,7667572,7857668,-0.306982,unrelated
S47,S146,Alsum59-2023,XMASBig-2023,0,2127721,3534559,7667572,7511950,-0.325530,unrelated
S47,S147,Alsum59-2023,XMASBig-2023,0,2031465,3478136,7667572,7708191,-0.320297,unrelated
S47,S148,Alsum59-2023,XMASBig-2023,0,2164277,3544279,7667572,7944143,-0.315422,unrelated
S47,S149,Alsum59-2023,XMASBig-2023,0,2060134,3616832,7667572,7327686,-0.345011,unrelated
S47,S167,Alsum59-2023,GarrisonNE-2023,0,2250404,3559019,7667572,7689066,-0.316973,unrelated
S47,S168,Alsum59-2023,GarrisonNE-2023,0,2051660,3624397,7667572,7345950,-0.346164,unrelated
S47,S169,Alsum59-2023,GarrisonNE-2023,0,2051614,3553120,7667572,7604273,-0.330977,unrelated
S47,S170,Alsum59-2023,GarrisonNE-2023,0,2134796,3450922,7667572,7764576,-0.308904,unrelated
S47,S171,Alsum59-2023,GarrisonNE-2023,0,2102746,3646363,7667572,7653982,-0.338737,unrelated
S47,S172,Alsum59-2023,GarrisonNE-2023,0,1935681,3516050,7667572,7231927,-0.342053,unrelated
S47,S173,Alsum59-2023,GarrisonNE-2023,0,1913055,3414549,7667572,7337001,-0.327636,unrelated
S47,S185,Alsum59-2023,H10-2023,0,1953897,3512976,7667572,7318923,-0.338442,unrelated
S47,S186,Alsum59-2023,H10-2023,0,2016186,3464459,7667572,7677072,-0.320159,unrelated
S47,S187,Alsum59-2023,H10-2023,0,1981029,3470136,7667572,7514517,-0.326651,unrelated
S47,S188,Alsum59-2023,H10-2023,0,2026177,3697660,7667572,7202055,-0.361081,unrelated
S47,S189,Alsum59-2023,H10-2023,0,2149587,3262323,7667572,8104414,-0.277394,unrelated
S47,S190,Alsum59-2023,H10-2023,0,2192560,3488133,7667572,7760518,-0.310065,unrelated
S47,S191,Alsum59-2023,H10-2023,0,2027209,3659002,7667572,7306259,-0.353336,unrelated
S47,S206,Alsum59-2023,H15-2023,0,2006514,3227051,7667572,7783850,-0.287843,unrelated
S47,S207,Alsum59-2023,H15-2023,0,2145029,3454832,7667572,7707947,-0.309884,unrelated
S47,S208,Alsum59-2023,H15-2023,0,1961368,3492399,7667572,7490866,-0.331395,unrelated
S47,S209,Alsum59-2023,H15-2023,0,2172804,3516600,7667572,7723624,-0.315791,unrelated
S47,S210,Alsum59-2023,H15-2023,0,2021016,3476625,7667572,7739257,-0.320133,unrelated
S47,S211,Alsum59-2023,H15-2023,0,2003072,3551767,7667572,7405367,-0.338385,unrelated
S47,S212,Alsum59-2023,H15-2023,0,789159,4875585,7667572,3113003,-0.831311,unrelated
S47,S219,Alsum59-2023,H41-2023,0,2041620,3372854,7667572,7585961,-0.308393,unrelated
S47,S220,Alsum59-2023,H41-2023,0,1952659,3512400,7667572,7179670,-0.341622,unrelated
S47,S221,Alsum59-2023,H41-2023,0,40283,6044064,7667572,158911,-1.539369,unrelated
S47,S222,Alsum59-2023,H41-2023,0,369696,5528646,7667572,1476333,-1.168822,unrelated
S47,S223,Alsum59-2023,H41-2023,0,966552,4536285,7667572,3926923,-0.699126,unrelated
S47,S224,Alsum59-2023,H41-2023,0,2056854,3465972,7667572,7733862,-0.316535,unrelated
S47,S225,Alsum59-2023,H41-2023,0,2011442,3681964,7667572,7293024,-0.357772,unrelated
S47,S250,Alsum59-2023,H66-2023,0,2071416,3616376,7667572,7497400,-0.340346,unrelated
S47,S251,Alsum59-2023,H66-2023,0,2122202,3608606,7667572,7298189,-0.340444,unrelated
S47,S252,Alsum59-2023,H66-2023,0,2113981,3372067,7667572,7784671,-0.299643,unrelated
S47,S253,Alsum59-2023,H66-2023,0,2156659,3444754,7667572,7828319,-0.305426,unrelated
S47,S254,Alsum59-2023,H66-2023,0,2130694,3468883,7667572,7899268,-0.308802,unrelated
S47,S255,Alsum59-2023,H66-2023,0,1627240,3802065,7667572,6261999,-0.429079,unrelated
S47,S256,Alsum59-2023,H66-2023,0,1948500,3755685,7667572,7050507,-0.377962,unrelated
S47,S257,Alsum59-2023,H66-2023,0,1997644,3670505,7667572,7226941,-0.358747,unrelated
S47,S258,Alsum59-2023,H66-2023,0,1996387,3611004,7667572,7345804,-0.348064,unrelated
S47,S259,Alsum59-2023,H66-2023,0,2036291,3433722,7667572,7685226,-0.314676,unrelated
S47,S260,Alsum59-2023,H66-2023,0,2053452,3452429,7667572,7760564,-0.314452,unrelated
S47,S288,Alsum59-2023,Du-2023,0,2166439,3471573,7667572,7781391,-0.309193,unrelated
S47,S289,Alsum59-2023,Du-2023,0,2236683,3306616,7667572,8243626,-0.275061,unrelated
S47,S290,Alsum59-2023,Du-2023,0,2188781,3342145,7667572,8328446,-0.281039,unrelated
S47,S291,Alsum59-2023,Du-2023,0,2351760,3302945,7667572,8614604,-0.261275,unrelated
S47,S292,Alsum59-2023,Du-2023,0,2469145,3076941,7667572,9175472,-0.218769,unrelated
S47,S293,Alsum59-2023,Du-2023,0,2374020,3081650,7667572,9002064,-0.227316,unrelated
S47,S294,Alsum59-2023,Du-2023,0,2267056,3242019,7667572,8280057,-0.264427,unrelated
S47,S312,Alsum59-2023,OkrayGrosheks40-2023,0,2171096,3436593,7667572,7983456,-0.300433,unrelated
S47,S313,Alsum59-2023,OkrayGrosheks40-2023,0,2016981,3644489,7667572,7465948,-0.348366,unrelated
S47,S314,Alsum59-2023,OkrayGrosheks40-2023,0,2098264,3627480,7667572,7693326,-0.335703,unrelated
S47,S315,Alsum59-2023,OkrayGrosheks40-2023,0,2084446,3477242,7667572,7911196,-0.312607,unrelated
S47,S316,Alsum59-2023,OkrayGrosheks40-2023,0,2117754,3577281,7667572,7767507,-0.326322,unrelated
S47,S317,Alsum59-2023,OkrayGrosheks40-2023,0,2260740,3332707,7667572,8428115,-0.273656,unrelated
S47,S318,Alsum59-2023,OkrayGrosheks40-2023,0,1990743,3660587,7667572,7352916,-0.354877,unrelated
S47,S328,Alsum59-2023,LaszSE-O14-2023,0,2131161,3601736,7667572,7746042,-0.329080,unrelated
S47,S329,Alsum59-2023,LaszSE-O14-2023,0,2207236,3581977,7667572,7797235,-0.320516,unrelated
S47,S330,Alsum59-2023,LaszSE-O14-2023,0,2117548,3645720,7667572,7462058,-0.341971,unrelated
S47,S331,Alsum59-2023,LaszSE-O14-2023,0,2045697,3552339,7667572,7438819,-0.334890,unrelated
S47,S332,Alsum59-2023,LaszSE-O14-2023,0,2254549,3252141,7667572,8314732,-0.265902,unrelated
S47,S370,Alsum59-2023,BrikalskiPats-2023,0,1986012,3581476,7667572,7223088,-0.347664,unrelated
S47,S371,Alsum59-2023,BrikalskiPats-2023,0,2181905,3401053,7667572,7850890,-0.297723,unrelated
S47,S372,Alsum59-2023,BrikalskiPats-2023,0,2104217,3468979,7667572,7962119,-0.309267,unrelated
S47,S373,Alsum59-2023,BrikalskiPats-2023,0,2183992,3479139,7667572,7688767,-0.310900,unrelated
S47,S374,Alsum59-2023,BrikalskiPats-2023,0,1991884,3533534,7667572,7505467,-0.334487,unrelated
S47,S375,Alsum59-2023,BrikalskiPats-2023,0,2037305,3473783,7667572,7610693,-0.321389,unrelated
S47,S376,Alsum59-2023,BrikalskiPats-2023,0,2172996,3594480,7667572,7674386,-0.326944,unrelated
S47,S386,Alsum59-2023,DaveBrilowski-2023,0,2034363,3435174,7667572,7581179,-0.317140,unrelated
S47,S387,Alsum59-2023,DaveBrilowski-2023,0,2092164,3575727,7667572,7340180,-0.337112,unrelated
S47,S388,Alsum59-2023,DaveBrilowski-2023,0,2081712,3443027,7667572,7711070,-0.312404,unrelated
S47,S389,Alsum59-2023,DaveBrilowski-2023,0,2092056,3557801,7667572,7419012,-0.332981,unrelated
S47,S390,Alsum59-2023,DaveBrilowski-2023,0,2033150,3419795,7667572,7664668,-0.313486,unrelated
S47,S391,Alsum59-2023,DaveBrilowski-2023,0,2131132,3514761,7667572,7786721,-0.316960,unrelated
S47,S392,Alsum59-2023,DaveBrilowski-2023,0,2183394,3420276,7667572,7941139,-0.298369,unrelated
S47,S418,Alsum59-2023,Wysocki1129-2023,0,2074959,3449353,7667572,7606408,-0.315815,unrelated
S47,S419,Alsum59-2023,Wysocki1129-2023,0,1898626,3518825,7667572,7110209,-0.347753,unrelated
S47,S420,Alsum59-2023,Wysocki1129-2023,0,2068846,3422960,7667572,7733647,-0.310175,unrelated
S47,S421,Alsum59-2023,Wysocki1129-2023,0,2029155,3462555,7667572,7799266,-0.316545,unrelated
S47,S422,Alsum59-2023,Wysocki1129-2023,0,2052714,3506668,7667572,7735411,-0.322056,unrelated
S47,S423,Alsum59-2023,Wysocki1129-2023,0,2080339,3470590,7667572,7838314,-0.313484,unrelated
S47,S424,Alsum59-2023,Wysocki1129-2023,0,2123278,3683863,7667572,7581744,-0.343914,unrelated
S47,S442,Alsum59-2023,Wedekind_3-2023,0,1675057,3829168,7667572,6337465,-0.427223,unrelated
S47,S443,Alsum59-2023,Wedekind_3-2023,0,2003381,3454674,7667572,7460484,-0.324296,unrelated
S47,S444,Alsum59-2023,Wedekind_3-2023,0,1954950,3537851,7667572,7291631,-0.342314,unrelated
S47,S445,Alsum59-2023,Wedekind_3-2023,0,2190949,3432108,7667572,7860728,-0.300952,unrelated
S47,S446,Alsum59-2023,Wedekind_3-2023,0,2089074,3408911,7667572,7648040,-0.308753,unrelated
S47,S447,Alsum59-2023,Wedekind_3-2023,0,2070967,3406618,7667572,7678231,-0.309027,unrelated
S47,S448,Alsum59-2023,Wedekind_3-2023,0,2010437,3570571,7667572,7296097,-0.342877,unrelated
S47,S474,Alsum59-2023,Airport04-2023,0,2133464,3356451,7667572,7804708,-0.295977,unrelated
S47,S475,Alsum59-2023,Airport04-2023,0,2161286,3282586,7667572,8082784,-0.279605,unrelated
S47,S476,Alsum59-2023,Airport04-2023,0,1980459,3434244,7667572,7482884,-0.322632,unrelated
S47,S477,Alsum59-2023,Airport04-2023,0,1955100,3448388,7667572,7485865,-0.326109,unrelated
S47,S478,Alsum59-2023,Airport04-2023,0,2035462,3415718,7667572,7652969,-0.313042,unrelated
S47,S479,Alsum59-2023,Airport04-2023,0,1913140,3398289,7667572,7412292,-0.323838,unrelated
S47,S480,Alsum59-2023,Airport04-2023,0,1949624,3662316,7667572,6986357,-0.366796,unrelated
S48,S49,Alsum59-2023,Alsum59-2023,1,2024308,3671906,7631822,7264795,-0.357095,unrelated
S48,S50,Alsum59-2023,Alsum59-2023,1,2014133,3533648,7631822,7201669,-0.340659,unrelated
S48,S51,Alsum59-2023,Alsum59-2023,1,2051431,3339803,7631822,7575481,-0.304339,unrelated
S48,S58,Alsum59-2023,Arlington-2023,0,2067137,3324416,7631822,7652045,-0.299773,unrelated
S48,S59,Alsum59-2023,Arlington-2023,0,1988805,3470594,7631822,7062874,-0.337018,unrelated
S48,S60,Alsum59-2023,Arlington-2023,0,2000061,3506518,7631822,7568897,-0.329785,unrelated
S48,S61,Alsum59-2023,Arlington-2023,0,2067922,3318247,7631822,7707594,-0.297832,unrelated
S48,S62,Alsum59-2023,Arlington-2023,0,2089636,3553095,7631822,7384548,-0.334072,unrelated
S48,S63,Alsum59-2023,Arlington-2023,0,2180033,3361402,7631822,7844966,-0.293522,unrelated
S48,S64,Alsum59-2023,Arlington-2023,0,2047011,3500620,7631822,7466015,-0.328142,unrelated
S48,S77,Alsum59-2023,C5-2023,0,2094006,3367898,7631822,7866137,-0.299510,unrelated
S48,S78,Alsum59-2023,C5-2023,0,1918279,3515855,7631822,7194609,-0.344886,unrelated
S48,S79,Alsum59-2023,C5-2023,0,2140193,3280321,7631822,7781078,-0.286802,unrelated
S48,S80,Alsum59-2023,C5-2023,0,2105203,3459974,7631822,7723029,-0.313565,unrelated
S48,S81,Alsum59-2023,C5-2023,0,2033325,3672001,7631822,7557553,-0.349631,unrelated
S48,S82,Alsum59-2023,C5-2023,0,2043375,3453766,7631822,7539134,-0.320623,unrelated
S48,S83,Alsum59-2023,C5-2023,0,1981313,3417510,7631822,7418769,-0.322493,unrelated
S48,S109,Alsum59-2023,C44-L15-2023,0,2044823,3506152,7631822,7182952,-0.335306,unrelated
S48,S110,Alsum59-2023,C44-L15-2023,0,2068155,3392101,7631822,7579950,-0.310026,unrelated
S48,S111,Alsum59-2023,C44-L15-2023,0,2203977,3512375,7631822,8035390,-0.307698,unrelated
S48,S112,Alsum59-2023,C44-L15-2023,0,2035683,3421575,7631822,7532210,-0.317031,unrelated
S48,S113,Alsum59-2023,C44-L15-2023,0,1925659,3517119,7631822,7281389,-0.342554,unrelated
S48,S114,Alsum59-2023,C44-L15-2023,0,2064482,3435971,7631822,7409290,-0.319621,unrelated
S48,S115,Alsum59-2023,C44-L15-2023,0,2102898,3397377,7631822,7776122,-0.304509,unrelated
S48,S133,Alsum59-2023,Aartz-2023,0,2000896,3491019,7631822,7481338,-0.329590,unrelated
S48,S134,Alsum59-2023,Aartz-2023,0,1992590,3602030,7631822,7342694,-0.348023,unrelated
S48,S135,Alsum59-2023,Aartz-2023,0,2034411,3549793,7631822,7171059,-0.342175,unrelated
S48,S136,Alsum59-2023,Aartz-2023,0,2059696,3364200,7631822,7775212,-0.303024,unrelated
S48,S137,Alsum59-2023,Aartz-2023,0,2004853,3368904,7631822,7535158,-0.312057,unrelated
S48,S145,Alsum59-2023,XMASBig-2023,0,2082850,3481699,7631822,7857668,-0.315088,unrelated
S48,S146,Alsum59-2023,XMASBig-2023,0,2055595,3541862,7631822,7511950,-0.332026,unrelated
S48,S147,Alsum59-2023,XMASBig-2023,0,2095351,3400202,7631822,7708191,-0.306718,unrelated
S48,S148,Alsum59-2023,XMASBig-2023,0,2208787,3425038,7631822,7944143,-0.297978,unrelated
S48,S149,Alsum59-2023,XMASBig-2023,0,2069542,3543530,7631822,7327686,-0.335407,unrelated
S48,S167,Alsum59-2023,GarrisonNE-2023,0,2102838,3489737,7631822,7689066,-0.318300,unrelated
S48,S168,Alsum59-2023,GarrisonNE-2023,0,2098945,3487373,7631822,7345950,-0.325536,unrelated
S48,S169,Alsum59-2023,GarrisonNE-2023,0,2143830,3418976,7631822,7604273,-0.308092,unrelated
S48,S170,Alsum59-2023,GarrisonNE-2023,0,2044516,3386109,7631822,7764576,-0.307065,unrelated
S48,S171,Alsum59-2023,GarrisonNE-2023,0,2159285,3459566,7631822,7653982,-0.311390,unrelated
S48,S172,Alsum59-2023,GarrisonNE-2023,0,1956584,3427671,7631822,7231927,-0.329578,unrelated
S48,S173,Alsum59-2023,GarrisonNE-2023,0,1913772,3363601,7631822,7337001,-0.321564,unrelated
S48,S185,Alsum59-2023,H10-2023,0,1970342,3376845,7631822,7318923,-0.319940,unrelated
S48,S186,Alsum59-2023,H10-2023,0,2037881,3324119,7631822,7677072,-0.301155,unrelated
S48,S187,Alsum59-2023,H10-2023,0,2020525,3350397,7631822,7514517,-0.309003,unrelated
S48,S188,Alsum59-2023,H10-2023,0,1934330,3649171,7631822,7202055,-0.361606,unrelated
S48,S189,Alsum59-2023,H10-2023,0,2214638,3143126,7631822,8104414,-0.258741,unrelated
S48,S190,Alsum59-2023,H10-2023,0,2042070,3503710,7631822,7760518,-0.322586,unrelated
S48,S191,Alsum59-2023,H10-2023,0,2096272,3537326,7631822,7306259,-0.333268,unrelated
S48,S206,Alsum59-2023,H15-2023,0,2057523,3207936,7631822,7783850,-0.282722,unrelated
S48,S207,Alsum59-2023,H15-2023,0,2079771,3481946,7631822,7707947,-0.318396,unrelated
S48,S208,Alsum59-2023,H15-2023,0,2020112,3373454,7631822,7490866,-0.312563,unrelated
S48,S209,Alsum59-2023,H15-2023,0,2064671,3481804,7631822,7723624,-0.319036,unrelated
S48,S210,Alsum59-2023,H15-2023,0,2070012,3349245,7631822,7739257,-0.301116,unrelated
S48,S211,Alsum59-2023,H15-2023,0,1991033,3471272,7631822,7405367,-0.329284,unrelated
S48,S212,Alsum59-2023,H15-2023,0,795532,4763958,7631822,3113003,-0.812706,unrelated
S48,S219,Alsum59-2023,H41-2023,0,2047320,3341654,7631822,7585961,-0.304643,unrelated
S48,S220,Alsum59-2023,H41-2023,0,2000511,3341026,7631822,7179670,-0.316075,unrelated
S48,S221,Alsum59-2023,H41-2023,0,40417,5907786,7631822,158911,-1.511431,unrelated
S48,S222,Alsum59-2023,H41-2023,0,374755,5400949,7631822,1476333,-1.144814,unrelated
S48,S223,Alsum59-2023,H41-2023,0,991091,4413627,7631822,3926923,-0.677942,unrelated
S48,S224,Alsum59-2023,H41-2023,0,2128136,3347982,7631822,7733862,-0.297275,unrelated
S48,S225,Alsum59-2023,H41-2023,0,1959543,3597434,7631822,7293024,-0.350779,unrelated
S48,S250,Alsum59-2023,H66-2023,0,2090869,3578967,7631822,7497400,-0.334919,unrelated
S48,S251,Alsum59-2023,H66-2023,0,2025325,3623182,7631822,7298189,-0.349701,unrelated
S48,S252,Alsum59-2023,H66-2023,0,2112702,3369378,7631822,7784671,-0.300072,unrelated
S48,S253,Alsum59-2023,H66-2023,0,2082449,3456817,7631822,7828319,-0.312493,unrelated
S48,S254,Alsum59-2023,H66-2023,0,2054523,3437968,7631822,7899268,-0.310436,unrelated
S48,S255,Alsum59-2023,H66-2023,0,1599724,3855281,7631822,6261999,-0.439824,unrelated
S48,S256,Alsum59-2023,H66-2023,0,1993861,3534502,7631822,7050507,-0.345663,unrelated
S48,S257,Alsum59-2023,H66-2023,0,2007581,3640048,7631822,7226941,-0.354842,unrelated
S48,S258,Alsum59-2023,H66-2023,0,2049767,3514182,7631822,7345804,-0.332402,unrelated
S48,S259,Alsum59-2023,H66-2023,0,2037516,3386436,7631822,7685226,-0.309156,unrelated
S48,S260,Alsum59-2023,H66-2023,0,2093508,3393725,7631822,7760564,-0.304952,unrelated
S48,S288,Alsum59-2023,Du-2023,0,2160422,3398327,7631822,7781391,-0.300796,unrelated
S48,S289,Alsum59-2023,Du-2023,0,2208961,3259036,7631822,8243626,-0.271432,unrelated
S48,S290,Alsum59-2023,Du-2023,0,2192910,3260465,7631822,8328446,-0.271175,unrelated
S48,S291,Alsum59-2023,Du-2023,0,2344297,3078166,7631822,8614604,-0.234638,unrelated
S48,S292,Alsum59-2023,Du-2023,0,2458007,3053352,7631822,9175472,-0.217090,unrelated
S48,S293,Alsum59-2023,Du-2023,0,2353612,3152639,7631822,9002064,-0.237567,unrelated
S48,S294,Alsum59-2023,Du-2023,0,2206403,3165232,7631822,8280057,-0.259181,unrelated
S48,S312,Alsum59-2023,OkrayGrosheks40-2023,0,2121689,3363711,7631822,7983456,-0.294950,unrelated
S48,S313,Alsum59-2023,OkrayGrosheks40-2023,0,2079330,3418808,7631822,7465948,-0.315165,unrelated
S48,S314,Alsum59-2023,OkrayGrosheks40-2023,0,2188713,3378148,7631822,7693326,-0.298045,unrelated
S48,S315,Alsum59-2023,OkrayGrosheks40-2023,0,2153945,3336993,7631822,7911196,-0.290808,unrelated
S48,S316,Alsum59-2023,OkrayGrosheks40-2023,0,2196896,3417635,7631822,7767507,-0.301206,unrelated
S48,S317,Alsum59-2023,OkrayGrosheks40-2023,0,2188625,3287302,7631822,8428115,-0.273101,unrelated
S48,S318,Alsum59-2023,OkrayGrosheks40-2023,0,2061064,3516676,7631822,7352916,-0.331823,unrelated
S48,S328,Alsum59-2023,LaszSE-O14-2023,0,2194343,3490676,7631822,7746042,-0.311292,unrelated
S48,S329,Alsum59-2023,LaszSE-O14-2023,0,2108713,3456592,7631822,7797235,-0.311391,unrelated
S48,S330,Alsum59-2023,LaszSE-O14-2023,0,2033822,3610714,7631822,7462058,-0.343689,unrelated
S48,S331,Alsum59-2023,LaszSE-O14-2023,0,2069517,3516766,7631822,7438819,-0.329383,unrelated
S48,S332,Alsum59-2023,LaszSE-O14-2023,0,2262770,3258225,7631822,8314732,-0.266746,unrelated
S48,S370,Alsum59-2023,BrikalskiPats-2023,0,2036209,3568847,7631822,7223088,-0.343421,unrelated
S48,S371,Alsum59-2023,BrikalskiPats-2023,0,2066784,3446520,7631822,7850890,-0.311719,unrelated
S48,S372,Alsum59-2023,BrikalskiPats-2023,0,2159195,3337992,7631822,7962119,-0.289650,unrelated
S48,S373,Alsum59-2023,BrikalskiPats-2023,0,2064103,3519912,7631822,7688767,-0.324773,unrelated
S48,S374,Alsum59-2023,BrikalskiPats-2023,0,2029298,3430257,7631822,7505467,-0.319160,unrelated
S48,S375,Alsum59-2023,BrikalskiPats-2023,0,2057449,3386021,7631822,7610693,-0.309305,unrelated
S48,S376,Alsum59-2023,BrikalskiPats-2023,0,2101676,3490815,7631822,7674386,-0.318822,unrelated
S48,S386,Alsum59-2023,DaveBrilowski-2023,0,2051280,3398820,7631822,7581179,-0.311994,unrelated
S48,S387,Alsum59-2023,DaveBrilowski-2023,0,2094157,3533263,7631822,7340180,-0.332111,unrelated
S48,S388,Alsum59-2023,DaveBrilowski-2023,0,2079580,3427833,7631822,7711070,-0.311290,unrelated
S48,S389,Alsum59-2023,DaveBrilowski-2023,0,2098975,3566818,7631822,7419012,-0.334510,unrelated
S48,S390,Alsum59-2023,DaveBrilowski-2023,0,2051054,3388831,7631822,7664668,-0.309000,unrelated
S48,S391,Alsum59-2023,DaveBrilowski-2023,0,2085652,3406115,7631822,7786721,-0.306552,unrelated
S48,S392,Alsum59-2023,DaveBrilowski-2023,0,2097165,3490305,7631822,7941139,-0.313585,unrelated
S48,S418,Alsum59-2023,Wysocki1129-2023,0,2083479,3469394,7631822,7606408,-0.318627,unrelated
S48,S419,Alsum59-2023,Wysocki1129-2023,0,1912905,3514413,7631822,7110209,-0.347030,unrelated
S48,S420,Alsum59-2023,Wysocki1129-2023,0,2110564,3332255,7631822,7733647,-0.296375,unrelated
S48,S421,Alsum59-2023,Wysocki1129-2023,0,2075630,3371923,7631822,7799266,-0.302520,unrelated
S48,S422,Alsum59-2023,Wysocki1129-2023,0,2100014,3643482,7631822,7735411,-0.337533,unrelated
S48,S423,Alsum59-2023,Wysocki1129-2023,0,2089513,3389484,7631822,7838314,-0.303130,unrelated
S48,S424,Alsum59-2023,Wysocki1129-2023,0,2091145,3572527,7631822,7581744,-0.332198,unrelated
S48,S442,Alsum59-2023,Wedekind_3-2023,0,1695325,3744620,7631822,6337465,-0.414761,unrelated
S48,S443,Alsum59-2023,Wedekind_3-2023,0,2030788,3425491,7631822,7460484,-0.319381,unrelated
S48,S444,Alsum59-2023,Wedekind_3-2023,0,1996342,3465813,7631822,7291631,-0.330707,unrelated
S48,S445,Alsum59-2023,Wedekind_3-2023,0,2073333,3401398,7631822,7860728,-0.305273,unrelated
S48,S446,Alsum59-2023,Wedekind_3-2023,0,1984545,3492437,7631822,7648040,-0.327250,unrelated
S48,S447,Alsum59-2023,Wedekind_3-2023,0,2112515,3482261,7631822,7678231,-0.316916,unrelated
S48,S448,Alsum59-2023,Wedekind_3-2023,0,2074019,3559910,7631822,7296097,-0.338011,unrelated
S48,S474,Alsum59-2023,Airport04-2023,0,2008578,3424789,7631822,7804708,-0.313607,unrelated
S48,S475,Alsum59-2023,Airport04-2023,0,2156761,3174165,7631822,8082784,-0.266731,unrelated
S48,S476,Alsum59-2023,Airport04-2023,0,1970008,3420198,7631822,7482884,-0.322228,unrelated
S48,S477,Alsum59-2023,Airport04-2023,0,2022200,3380207,7631822,7485865,-0.313422,unrelated
S48,S478,Alsum59-2023,Airport04-2023,0,2053522,3361481,7631822,7652969,-0.305496,unrelated
S48,S479,Alsum59-2023,Airport04-2023,0,1954281,3399465,7631822,7412292,-0.322030,unrelated
S48,S480,Alsum59-2023,Airport04-2023,0,1881703,3598816,7631822,6986357,-0.363652,unrelated
S49,S50,Alsum59-2023,Alsum59-2023,1,1871593,3751807,7264795,7201669,-0.389316,unrelated
S49,S51,Alsum59-2023,Alsum59-2023,1,1944990,3525693,7264795,7575481,-0.344090,unrelated
S49,S58,Alsum59-2023,Arlington-2023,0,1941181,3488622,7264795,7652045,-0.337609,unrelated
S49,S59,Alsum59-2023,Arlington-2023,0,1906806,3665223,7264795,7062874,-0.378543,unrelated
S49,S60,Alsum59-2023,Arlington-2023,0,1909291,3572627,7264795,7568897,-0.352978,unrelated
S49,S61,Alsum59-2023,Arlington-2023,0,1963616,3538705,7264795,7707594,-0.341548,unrelated
S49,S62,Alsum59-2023,Arlington-2023,0,1988080,3661011,7264795,7384548,-0.364108,unrelated
S49,S63,Alsum59-2023,Arlington-2023,0,2061849,3602025,7264795,7844966,-0.340323,unrelated
S49,S64,Alsum59-2023,Arlington-2023,0,1964950,3644310,7264795,7466015,-0.361397,unrelated
S49,S77,Alsum59-2023,C5-2023,0,1999429,3528766,7264795,7866137,-0.334289,unrelated
S49,S78,Alsum59-2023,C5-2023,0,1819553,3691962,7264795,7194609,-0.384827,unrelated
S49,S79,Alsum59-2023,C5-2023,0,1998256,3433911,7264795,7781078,-0.323648,unrelated
S49,S80,Alsum59-2023,C5-2023,0,2009782,3540721,7264795,7723029,-0.338385,unrelated
S49,S81,Alsum59-2023,C5-2023,0,1922936,3789152,7264795,7557553,-0.381543,unrelated
S49,S82,Alsum59-2023,C5-2023,0,1906496,3645486,7264795,7539134,-0.363719,unrelated
S49,S83,Alsum59-2023,C5-2023,0,1878538,3542047,7264795,7418769,-0.354516,unrelated
S49,S109,Alsum59-2023,C44-L15-2023,0,1931002,3739868,7264795,7182952,-0.384055,unrelated
S49,S110,Alsum59-2023,C44-L15-2023,0,1939600,3530683,7264795,7579950,-0.345022,unrelated
S49,S111,Alsum59-2023,C44-L15-2023,0,2091806,3604636,7264795,8035390,-0.334471,unrelated
S49,S112,Alsum59-2023,C44-L15-2023,0,1958268,3493760,7264795,7532210,-0.339883,unrelated
S49,S113,Alsum59-2023,C44-L15-2023,0,1839999,3638265,7264795,7281389,-0.373743,unrelated
S49,S114,Alsum59-2023,C44-L15-2023,0,1942095,3641229,7264795,7409290,-0.363932,unrelated
S49,S115,Alsum59-2023,C44-L15-2023,0,1997384,3514111,7264795,7776122,-0.334477,unrelated
S49,S133,Alsum59-2023,Aartz-2023,0,1920490,3529892,7264795,7481338,-0.348518,unrelated
S49,S134,Alsum59-2023,Aartz-2023,0,1888621,3828320,7264795,7342694,-0.394867,unrelated
S49,S135,Alsum59-2023,Aartz-2023,0,1940647,3761360,7264795,7171059,-0.386681,unrelated
S49,S136,Alsum59-2023,Aartz-2023,0,1972709,3490684,7264795,7775212,-0.333022,unrelated
S49,S137,Alsum59-2023,Aartz-2023,0,1872414,3529367,7264795,7535158,-0.350428,unrelated
S49,S145,Alsum59-2023,XMASBig-2023,0,2015000,3489490,7264795,7857668,-0.328252,unrelated
S49,S146,Alsum59-2023,XMASBig-2023,0,1899613,3716808,7264795,7511950,-0.374508,unrelated
S49,S147,Alsum59-2023,XMASBig-2023,0,1955627,3522991,7264795,7708191,-0.339969,unrelated
S49,S148,Alsum59-2023,XMASBig-2023,0,2122399,3474916,7264795,7944143,-0.317408,unrelated
S49,S149,Alsum59-2023,XMASBig-2023,0,1940788,3716944,7264795,7327686,-0.376434,unrelated
S49,S167,Alsum59-2023,GarrisonNE-2023,0,1976675,3756672,7264795,7689066,-0.370250,unrelated
S49,S168,Alsum59-2023,GarrisonNE-2023,0,2018446,3614688,7264795,7345950,-0.356651,unrelated
S49,S169,Alsum59-2023,GarrisonNE-2023,0,1953493,3647983,7264795,7604273,-0.359301,unrelated
S49,S170,Alsum59-2023,GarrisonNE-2023,0,1927151,3575091,7264795,7764576,-0.347522,unrelated
S49,S171,Alsum59-2023,GarrisonNE-2023,0,2046763,3703410,7264795,7653982,-0.359283,unrelated
S49,S172,Alsum59-2023,GarrisonNE-2023,0,1900814,3505721,7264795,7231927,-0.352537,unrelated
S49,S173,Alsum59-2023,GarrisonNE-2023,0,1859807,3415021,7264795,7337001,-0.340385,unrelated
S49,S185,Alsum59-2023,H10-2023,0,1870537,3521349,7264795,7318923,-0.354653,unrelated
S49,S186,Alsum59-2023,H10-2023,0,1963371,3491970,7264795,7677072,-0.336007,unrelated
S49,S187,Alsum59-2023,H10-2023,0,1929866,3479239,7264795,7514517,-0.340247,unrelated
S49,S188,Alsum59-2023,H10-2023,0,1866119,3731099,7264795,7202055,-0.386821,unrelated
S49,S189,Alsum59-2023,H10-2023,0,2075336,3346387,7264795,8104414,-0.300434,unrelated
S49,S190,Alsum59-2023,H10-2023,0,1950380,3614667,7264795,7760518,-0.351337,unrelated
S49,S191,Alsum59-2023,H10-2023,0,1950660,3672527,7264795,7306259,-0.370213,unrelated
S49,S206,Alsum59-2023,H15-2023,0,1961378,3302980,7264795,7783850,-0.308638,unrelated
S49,S207,Alsum59-2023,H15-2023,0,1935768,3622958,7264795,7707947,-0.354654,unrelated
S49,S208,Alsum59-2023,H15-2023,0,1866175,3615411,7264795,7490866,-0.363565,unrelated
S49,S209,Alsum59-2023,H15-2023,0,1978444,3574655,7264795,7723624,-0.344991,unrelated
S49,S210,Alsum59-2023,H15-2023,0,1993813,3454938,7264795,7739257,-0.327649,unrelated
S49,S211,Alsum59-2023,H15-2023,0,1907134,3569779,7264795,7405367,-0.356671,unrelated
S49,S212,Alsum59-2023,H15-2023,0,768720,4829868,7264795,3113003,-0.856734,unrelated
S49,S219,Alsum59-2023,H41-2023,0,1963614,3468933,7264795,7585961,-0.334949,unrelated
S49,S220,Alsum59-2023,H41-2023,0,1870039,3579690,7264795,7179670,-0.366185,unrelated
S49,S221,Alsum59-2023,H41-2023,0,39656,5982517,7264795,158911,-1.606391,unrelated
S49,S222,Alsum59-2023,H41-2023,0,365047,5465939,7264795,1476333,-1.208864,unrelated
S49,S223,Alsum59-2023,H41-2023,0,943385,4522699,7264795,3926923,-0.723929,unrelated
S49,S224,Alsum59-2023,H41-2023,0,1976216,3502687,7264795,7733862,-0.335307,unrelated
S49,S225,Alsum59-2023,H41-2023,0,1894041,3657774,7264795,7293024,-0.372412,unrelated
S49,S250,Alsum59-2023,H66-2023,0,2017707,3623535,7264795,7497400,-0.354240,unrelated
S49,S251,Alsum59-2023,H66-2023,0,1902220,3786895,7264795,7298189,-0.389451,unrelated
S49,S252,Alsum59-2023,H66-2023,0,2005247,3359152,7264795,7784671,-0.313171,unrelated
S49,S253,Alsum59-2023,H66-2023,0,1958735,3529985,7264795,7828319,-0.337984,unrelated
S49,S254,Alsum59-2023,H66-2023,0,1946248,3521813,7264795,7899268,-0.336149,unrelated
S49,S255,Alsum59-2023,H66-2023,0,1509725,4008611,7264795,6261999,-0.481082,unrelated
S49,S256,Alsum59-2023,H66-2023,0,1894566,3700848,7264795,7050507,-0.384702,unrelated
S49,S257,Alsum59-2023,H66-2023,0,1879192,3748083,7264795,7226941,-0.387598,unrelated
S49,S258,Alsum59-2023,H66-2023,0,1910313,3709621,7264795,7345804,-0.377050,unrelated
S49,S259,Alsum59-2023,H66-2023,0,1965463,3495220,7264795,7685226,-0.336118,unrelated
S49,S260,Alsum59-2023,H66-2023,0,1984756,3575022,7264795,7760564,-0.343771,unrelated
S49,S288,Alsum59-2023,Du-2023,0,2064031,3440859,7264795,7781391,-0.320193,unrelated
S49,S289,Alsum59-2023,Du-2023,0,2100546,3453784,7264795,8243626,-0.309962,unrelated
S49,S290,Alsum59-2023,Du-2023,0,2097932,3380596,7264795,8328446,-0.299056,unrelated
S49,S291,Alsum59-2023,Du-2023,0,2198155,3334841,7264795,8614604,-0.281593,unrelated
S49,S292,Alsum59-2023,Du-2023,0,2389293,3095033,7264795,9175472,-0.231187,unrelated
S49,S293,Alsum59-2023,Du-2023,0,2274636,3201033,7264795,9002064,-0.253732,unrelated
S49,S294,Alsum59-2023,Du-2023,0,2047617,3333420,7264795,8280057,-0.297155,unrelated
S49,S312,Alsum59-2023,OkrayGrosheks40-2023,0,1997098,3499735,7264795,7983456,-0.328062,unrelated
S49,S313,Alsum59-2023,OkrayGrosheks40-2023,0,1956513,3682232,7264795,7465948,-0.367120,unrelated
S49,S314,Alsum59-2023,OkrayGrosheks40-2023,0,2049001,3619633,7264795,7693326,-0.346986,unrelated
S49,S315,Alsum59-2023,OkrayGrosheks40-2023,0,2030820,3513979,7264795,7911196,-0.329279,unrelated
S49,S316,Alsum59-2023,OkrayGrosheks40-2023,0,2032929,3619712,7264795,7767507,-0.346354,unrelated
S49,S317,Alsum59-2023,OkrayGrosheks40-2023,0,2062994,3319207,7264795,8428115,-0.291560,unrelated
S49,S318,Alsum59-2023,OkrayGrosheks40-2023,0,1953566,3686111,7264795,7352916,-0.370691,unrelated
S49,S328,Alsum59-2023,LaszSE-O14-2023,0,2073262,3618285,7264795,7746042,-0.343972,unrelated
S49,S329,Alsum59-2023,LaszSE-O14-2023,0,1984453,3726825,7264795,7797235,-0.363112,unrelated
S49,S330,Alsum59-2023,LaszSE-O14-2023,0,1928411,3758562,7264795,7462058,-0.379491,unrelated
S49,S331,Alsum59-2023,LaszSE-O14-2023,0,1939385,3665260,7264795,7438819,-0.366654,unrelated
S49,S332,Alsum59-2023,LaszSE-O14-2023,0,2172324,3335840,7264795,8314732,-0.288799,unrelated
S49,S370,Alsum59-2023,BrikalskiPats-2023,0,1926489,3588072,7264795,7223088,-0.362348,unrelated
S49,S371,Alsum59-2023,BrikalskiPats-2023,0,1978753,3439181,7264795,7850890,-0.324141,unrelated
S49,S372,Alsum59-2023,BrikalskiPats-2023,0,1996363,3509631,7264795,7962119,-0.329870,unrelated
S49,S373,Alsum59-2023,BrikalskiPats-2023,0,1934118,3660891,7264795,7688767,-0.360293,unrelated
S49,S374,Alsum59-2023,BrikalskiPats-2023,0,1894593,3586240,7264795,7505467,-0.357332,unrelated
S49,S375,Alsum59-2023,BrikalskiPats-2023,0,1926792,3487741,7264795,7610693,-0.339397,unrelated
S49,S376,Alsum59-2023,BrikalskiPats-2023,0,2002649,3700392,7264795,7674386,-0.361341,unrelated
S49,S386,Alsum59-2023,DaveBrilowski-2023,0,1941035,3480204,7264795,7581179,-0.338097,unrelated
S49,S387,Alsum59-2023,DaveBrilowski-2023,0,1971396,3645795,7264795,7340180,-0.364273,unrelated
S49,S388,Alsum59-2023,DaveBrilowski-2023,0,1985838,3459323,7264795,7711070,-0.329384,unrelated
S49,S389,Alsum59-2023,DaveBrilowski-2023,0,1976470,3742320,7264795,7419012,-0.375119,unrelated
S49,S390,Alsum59-2023,DaveBrilowski-2023,0,1918672,3550969,7264795,7664668,-0.347184,unrelated
S49,S391,Alsum59-2023,DaveBrilowski-2023,0,1949903,3477263,7264795,7786721,-0.332500,unrelated
S49,S392,Alsum59-2023,DaveBrilowski-2023,0,1995403,3472445,7264795,7941139,-0.325497,unrelated
S49,S418,Alsum59-2023,Wysocki1129-2023,0,1966037,3461201,7264795,7606408,-0.333286,unrelated
S49,S419,Alsum59-2023,Wysocki1129-2023,0,1812693,3658227,7264795,7110209,-0.382870,unrelated
S49,S420,Alsum59-2023,Wysocki1129-2023,0,1984840,3445930,7264795,7733647,-0.327169,unrelated
S49,S421,Alsum59-2023,Wysocki1129-2023,0,1948280,3533641,7264795,7799266,-0.339816,unrelated
S49,S422,Alsum59-2023,Wysocki1129-2023,0,1958460,3762947,7264795,7735411,-0.371157,unrelated
S49,S423,Alsum59-2023,Wysocki1129-2023,0,1985698,3424273,7264795,7838314,-0.321977,unrelated
S49,S424,Alsum59-2023,Wysocki1129-2023,0,1937730,3659144,7264795,7581744,-0.362412,unrelated
S49,S442,Alsum59-2023,Wedekind_3-2023,0,1593513,3860493,7264795,6337465,-0.450475,unrelated
S49,S443,Alsum59-2023,Wedekind_3-2023,0,1905595,3562935,7264795,7460484,-0.354511,unrelated
S49,S444,Alsum59-2023,Wedekind_3-2023,0,1906227,3478026,7264795,7291631,-0.346914,unrelated
S49,S445,Alsum59-2023,Wedekind_3-2023,0,1970778,3531001,7264795,7860728,-0.336598,unrelated
S49,S446,Alsum59-2023,Wedekind_3-2023,0,1903094,3504924,7264795,7648040,-0.342440,unrelated
S49,S447,Alsum59-2023,Wedekind_3-2023,0,1992622,3483984,7264795,7678231,-0.332954,unrelated
S49,S448,Alsum59-2023,Wedekind_3-2023,0,1928726,3602044,7264795,7296097,-0.362297,unrelated
S49,S474,Alsum59-2023,Airport04-2023,0,1934267,3510275,7264795,7804708,-0.337522,unrelated
S49,S475,Alsum59-2023,Airport04-2023,0,2079296,3310395,7264795,8082784,-0.295909,unrelated
S49,S476,Alsum59-2023,Airport04-2023,0,1874052,3447312,7264795,7482884,-0.340431,unrelated
S49,S477,Alsum59-2023,Airport04-2023,0,1904890,3486128,7264795,7485865,-0.343535,unrelated
S49,S478,Alsum59-2023,Airport04-2023,0,2003015,3319568,7264795,7652969,-0.310779,unrelated
S49,S479,Alsum59-2023,Airport04-2023,0,1853660,3464654,7264795,7412292,-0.345821,unrelated
S49,S480,Alsum59-2023,Airport04-2023,0,1824480,3706637,7264795,6986357,-0.392164,unrelated
S50,S51,Alsum59-2023,Alsum59-2023,1,1942310,3376746,7201669,7575481,-0.325583,unrelated
S50,S58,Alsum59-2023,Arlington-2023,0,1928448,3428311,7201669,7652045,-0.331781,unrelated
S50,S59,Alsum59-2023,Arlington-2023,0,1850364,3620001,7201669,7062874,-0.377835,unrelated
S50,S60,Alsum59-2023,Arlington-2023,0,1934266,3464033,7201669,7568897,-0.338091,unrelated
S50,S61,Alsum59-2023,Arlington-2023,0,1946699,3440087,7201669,7707594,-0.330900,unrelated
S50,S62,Alsum59-2023,Arlington-2023,0,1921551,3627011,7201669,7384548,-0.365583,unrelated
S50,S63,Alsum59-2023,Arlington-2023,0,1990561,3565570,7201669,7844966,-0.341643,unrelated
S50,S64,Alsum59-2023,Arlington-2023,0,1931728,3736851,7201669,7466015,-0.377836,unrelated
S50,S77,Alsum59-2023,C5-2023,0,1926152,3473894,7201669,7866137,-0.333269,unrelated
S50,S78,Alsum59-2023,C5-2023,0,1814002,3642266,7201669,7194609,-0.379996,unrelated
S50,S79,Alsum59-2023,C5-2023,0,1961929,3454968,7201669,7781078,-0.330247,unrelated
S50,S80,Alsum59-2023,C5-2023,0,1959071,3461339,7201669,7723029,-0.332577,unrelated
S50,S81,Alsum59-2023,C5-2023,0,1914538,3676198,7201669,7557553,-0.368438,unrelated
S50,S82,Alsum59-2023,C5-2023,0,1932980,3533869,7201669,7539134,-0.348336,unrelated
S50,S83,Alsum59-2023,C5-2023,0,1916050,3424206,7201669,7418769,-0.337361,unrelated
S50,S109,Alsum59-2023,C44-L15-2023,0,1902176,3676595,7201669,7182952,-0.378947,unrelated
S50,S110,Alsum59-2023,C44-L15-2023,0,1924383,3435792,7201669,7579950,-0.334686,unrelated
S50,S111,Alsum59-2023,C44-L15-2023,0,2029914,3571059,7201669,8035390,-0.335511,unrelated
S50,S112,Alsum59-2023,C44-L15-2023,0,1879416,3430055,7201669,7532210,-0.338044,unrelated
S50,S113,Alsum59-2023,C44-L15-2023,0,1837551,3642272,7201669,7281389,-0.376094,unrelated
S50,S114,Alsum59-2023,C44-L15-2023,0,1883123,3447890,7201669,7409290,-0.343075,unrelated
S50,S115,Alsum59-2023,C44-L15-2023,0,1943081,3505050,7201669,7776122,-0.338302,unrelated
S50,S133,Alsum59-2023,Aartz-2023,0,1860118,3683696,7201669,7481338,-0.375078,unrelated
S50,S134,Alsum59-2023,Aartz-2023,0,1869100,3847057,7201669,7342694,-0.400500,unrelated
S50,S135,Alsum59-2023,Aartz-2023,0,1862077,3743991,7201669,7171059,-0.391429,unrelated
S50,S136,Alsum59-2023,Aartz-2023,0,1933678,3392510,7201669,7775212,-0.323922,unrelated
S50,S137,Alsum59-2023,Aartz-2023,0,1876820,3550119,7201669,7535158,-0.354447,unrelated
S50,S145,Alsum59-2023,XMASBig-2023,0,1968343,3585809,7201669,7857668,-0.345518,unrelated
S50,S146,Alsum59-2023,XMASBig-2023,0,1907899,3469097,7201669,7511950,-0.341880,unrelated
S50,S147,Alsum59-2023,XMASBig-2023,0,1938580,3536389,7201669,7708191,-0.344349,unrelated
S50,S148,Alsum59-2023,XMASBig-2023,0,2049383,3510777,7201669,7944143,-0.328287,unrelated
S50,S149,Alsum59-2023,XMASBig-2023,0,1933655,3552801,7201669,7327686,-0.355965,unrelated
S50,S167,Alsum59-2023,GarrisonNE-2023,0,1963310,3687151,7201669,7689066,-0.363380,unrelated
S50,S168,Alsum59-2023,GarrisonNE-2023,0,1935067,3635665,7201669,7345950,-0.366813,unrelated
S50,S169,Alsum59-2023,GarrisonNE-2023,0,1927459,3583609,7201669,7604273,-0.353896,unrelated
S50,S170,Alsum59-2023,GarrisonNE-2023,0,1908453,3549617,7201669,7764576,-0.346833,unrelated
S50,S171,Alsum59-2023,GarrisonNE-2023,0,2036355,3463958,7201669,7653982,-0.329273,unrelated
S50,S172,Alsum59-2023,GarrisonNE-2023,0,1811357,3538318,7201669,7231927,-0.364793,unrelated
S50,S173,Alsum59-2023,GarrisonNE-2023,0,1811031,3405612,7201669,7337001,-0.343924,unrelated
S50,S185,Alsum59-2023,H10-2023,0,1832278,3485534,7201669,7318923,-0.353897,unrelated
S50,S186,Alsum59-2023,H10-2023,0,1958041,3387120,7201669,7677072,-0.323697,unrelated
S50,S187,Alsum59-2023,H10-2023,0,1886441,3333117,7201669,7514517,-0.324798,unrelated
S50,S188,Alsum59-2023,H10-2023,0,1885294,3603376,7201669,7202055,-0.369450,unrelated
S50,S189,Alsum59-2023,H10-2023,0,2045094,3161786,7201669,8104414,-0.279528,unrelated
S50,S190,Alsum59-2023,H10-2023,0,1932103,3557958,7201669,7760518,-0.346461,unrelated
S50,S191,Alsum59-2023,H10-2023,0,1894071,3673742,7201669,7306259,-0.375892,unrelated
S50,S206,Alsum59-2023,H15-2023,0,1948265,3316620,7201669,7783850,-0.312633,unrelated
S50,S207,Alsum59-2023,H15-2023,0,1890655,3591848,7201669,7707947,-0.355009,unrelated
S50,S208,Alsum59-2023,H15-2023,0,1925032,3435769,7201669,7490866,-0.336668,unrelated
S50,S209,Alsum59-2023,H15-2023,0,1926151,3505803,7201669,7723624,-0.340727,unrelated
S50,S210,Alsum59-2023,H15-2023,0,1958612,3422972,7201669,7739257,-0.327110,unrelated
S50,S211,Alsum59-2023,H15-2023,0,1920230,3417558,7201669,7405367,-0.336474,unrelated
S50,S212,Alsum59-2023,H15-2023,0,753422,4877066,7201669,3113003,-0.872612,unrelated
S50,S219,Alsum59-2023,H41-2023,0,1922738,3304858,7201669,7585961,-0.316953,unrelated
S50,S220,Alsum59-2023,H41-2023,0,1843522,3524102,7201669,7179670,-0.361905,unrelated
S50,S221,Alsum59-2023,H41-2023,0,38914,6055743,7201669,158911,-1.640166,unrelated
S50,S222,Alsum59-2023,H41-2023,0,359705,5536778,7201669,1476333,-1.234599,unrelated
S50,S223,Alsum59-2023,H41-2023,0,924300,4535613,7201669,3926923,-0.732072,unrelated
S50,S224,Alsum59-2023,H41-2023,0,1953431,3360028,7201669,7733862,-0.319147,unrelated
S50,S225,Alsum59-2023,H41-2023,0,1856471,3642354,7201669,7293024,-0.374498,unrelated
S50,S250,Alsum59-2023,H66-2023,0,1972328,3529015,7201669,7497400,-0.345988,unrelated
S50,S251,Alsum59-2023,H66-2023,0,1895666,3595142,7201669,7298189,-0.365150,unrelated
S50,S252,Alsum59-2023,H66-2023,0,1952911,3349562,7201669,7784671,-0.316703,unrelated
S50,S253,Alsum59-2023,H66-2023,0,1921939,3471754,7201669,7828319,-0.334103,unrelated
S50,S254,Alsum59-2023,H66-2023,0,1963908,3576292,7201669,7899268,-0.343600,unrelated
S50,S255,Alsum59-2023,H66-2023,0,1523060,3912078,7201669,6261999,-0.468007,unrelated
S50,S256,Alsum59-2023,H66-2023,0,1867297,3676414,7201669,7050507,-0.384891,unrelated
S50,S257,Alsum59-2023,H66-2023,0,1893152,3796036,7201669,7226941,-0.394974,unrelated
S50,S258,Alsum59-2023,H66-2023,0,1916805,3682116,7201669,7345804,-0.374459,unrelated
S50,S259,Alsum59-2023,H66-2023,0,1889990,3648741,7201669,7685226,-0.363238,unrelated
S50,S260,Alsum59-2023,H66-2023,0,2017199,3466015,7201669,7760564,-0.328482,unrelated
S50,S288,Alsum59-2023,Du-2023,0,2043172,3471997,7201669,7781391,-0.327091,unrelated
S50,S289,Alsum59-2023,Du-2023,0,2034529,3385086,7201669,8243626,-0.306607,unrelated
S50,S290,Alsum59-2023,Du-2023,0,2075838,3422299,7201669,8328446,-0.307065,unrelated
S50,S291,Alsum59-2023,Du-2023,0,2141939,3254771,7201669,8614604,-0.276146,unrelated
S50,S292,Alsum59-2023,Du-2023,0,2298877,3012935,7201669,9175472,-0.227573,unrelated
S50,S293,Alsum59-2023,Du-2023,0,2206824,3245447,7201669,9002064,-0.264388,unrelated
S50,S294,Alsum59-2023,Du-2023,0,2079782,3233806,7201669,8280057,-0.283420,unrelated
S50,S312,Alsum59-2023,OkrayGrosheks40-2023,0,1968192,3428829,7201669,7983456,-0.321991,unrelated
S50,S313,Alsum59-2023,OkrayGrosheks40-2023,0,1954028,3700578,7201669,7465948,-0.371371,unrelated
S50,S314,Alsum59-2023,OkrayGrosheks40-2023,0,2018272,3528672,7201669,7693326,-0.338306,unrelated
S50,S315,Alsum59-2023,OkrayGrosheks40-2023,0,2009729,3359677,7201669,7911196,-0.311630,unrelated
S50,S316,Alsum59-2023,OkrayGrosheks40-2023,0,2032358,3552849,7201669,7767507,-0.338919,unrelated
S50,S317,Alsum59-2023,OkrayGrosheks40-2023,0,2062346,3400691,7201669,8428115,-0.303205,unrelated
S50,S318,Alsum59-2023,OkrayGrosheks40-2023,0,1890639,3762925,7201669,7352916,-0.387178,unrelated
S50,S328,Alsum59-2023,LaszSE-O14-2023,0,2035415,3604245,7201669,7746042,-0.346078,unrelated
S50,S329,Alsum59-2023,LaszSE-O14-2023,0,1989871,3664116,7201669,7797235,-0.355917,unrelated
S50,S330,Alsum59-2023,LaszSE-O14-2023,0,1881603,3764658,7201669,7462058,-0.385149,unrelated
S50,S331,Alsum59-2023,LaszSE-O14-2023,0,1933522,3505632,7201669,7438819,-0.346829,unrelated
S50,S332,Alsum59-2023,LaszSE-O14-2023,0,2065497,3329219,7201669,8314732,-0.296006,unrelated
S50,S370,Alsum59-2023,BrikalskiPats-2023,0,1883852,3698223,7201669,7223088,-0.382162,unrelated
S50,S371,Alsum59-2023,BrikalskiPats-2023,0,1934834,3612973,7201669,7850890,-0.351509,unrelated
S50,S372,Alsum59-2023,BrikalskiPats-2023,0,2012887,3452833,7201669,7962119,-0.322662,unrelated
S50,S373,Alsum59-2023,BrikalskiPats-2023,0,1924421,3538706,7201669,7688767,-0.346060,unrelated
S50,S374,Alsum59-2023,BrikalskiPats-2023,0,1941522,3470769,7201669,7505467,-0.339972,unrelated
S50,S375,Alsum59-2023,BrikalskiPats-2023,0,1950631,3432330,7201669,7610693,-0.331752,unrelated
S50,S376,Alsum59-2023,BrikalskiPats-2023,0,2007431,3470660,7201669,7674386,-0.331666,unrelated
S50,S386,Alsum59-2023,DaveBrilowski-2023,0,1919840,3469985,7201669,7581179,-0.339592,unrelated
S50,S387,Alsum59-2023,DaveBrilowski-2023,0,1945298,3604995,7201669,7340180,-0.362037,unrelated
S50,S388,Alsum59-2023,DaveBrilowski-2023,0,1897059,3626078,7201669,7711070,-0.359095,unrelated
S50,S389,Alsum59-2023,DaveBrilowski-2023,0,1980261,3612913,7201669,7419012,-0.358777,unrelated
S50,S390,Alsum59-2023,DaveBrilowski-2023,0,1924628,3544188,7201669,7664668,-0.347345,unrelated
S50,S391,Alsum59-2023,DaveBrilowski-2023,0,1930953,3503634,7201669,7786721,-0.338683,unrelated
S50,S392,Alsum59-2023,DaveBrilowski-2023,0,1970146,3615409,7201669,7941139,-0.347404,unrelated
S50,S418,Alsum59-2023,Wysocki1129-2023,0,1930187,3482397,7201669,7606408,-0.339991,unrelated
S50,S419,Alsum59-2023,Wysocki1129-2023,0,1797076,3652400,7201669,7110209,-0.384836,unrelated
S50,S420,Alsum59-2023,Wysocki1129-2023,0,1982303,3361325,7201669,7733647,-0.317392,unrelated
S50,S421,Alsum59-2023,Wysocki1129-2023,0,1976529,3458857,7201669,7799266,-0.329392,unrelated
S50,S422,Alsum59-2023,Wysocki1129-2023,0,1957037,3701106,7201669,7735411,-0.364541,unrelated
S50,S423,Alsum59-2023,Wysocki1129-2023,0,1960297,3567030,7201669,7838314,-0.344001,unrelated
S50,S424,Alsum59-2023,Wysocki1129-2023,0,1937639,3743732,7201669,7581744,-0.375409,unrelated
S50,S442,Alsum59-2023,Wedekind_3-2023,0,1593965,3791003,7201669,6337465,-0.442277,unrelated
S50,S443,Alsum59-2023,Wedekind_3-2023,0,1872562,3538404,7201669,7460484,-0.354944,unrelated
S50,S444,Alsum59-2023,Wedekind_3-2023,0,1896063,3456385,7201669,7291631,-0.346140,unrelated
S50,S445,Alsum59-2023,Wedekind_3-2023,0,1964584,3420239,7201669,7860728,-0.323713,unrelated
S50,S446,Alsum59-2023,Wedekind_3-2023,0,1911520,3616931,7201669,7648040,-0.358414,unrelated
S50,S447,Alsum59-2023,Wedekind_3-2023,0,1922847,3495500,7201669,7678231,-0.340604,unrelated
S50,S448,Alsum59-2023,Wedekind_3-2023,0,1908577,3714396,7201669,7296097,-0.380763,unrelated
S50,S474,Alsum59-2023,Airport04-2023,0,1898530,3546767,7201669,7804708,-0.346186,unrelated
S50,S475,Alsum59-2023,Airport04-2023,0,2014882,3316644,7201669,8082784,-0.302164,unrelated
S50,S476,Alsum59-2023,Airport04-2023,0,1868145,3567648,7201669,7482884,-0.358687,unrelated
S50,S477,Alsum59-2023,Airport04-2023,0,1908375,3455720,7201669,7485865,-0.340633,unrelated
S50,S478,Alsum59-2023,Airport04-2023,0,1892009,3472364,7201669,7652969,-0.340144,unrelated
S50,S479,Alsum59-2023,Airport04-2023,0,1899208,3370351,7201669,7412292,-0.331292,unrelated
S50,S480,Alsum59-2023,Airport04-2023,0,1786793,3699658,7201669,6986357,-0.395582,unrelated
S51,S58,Alsum59-2023,Arlington-2023,0,2034621,3321530,7575481,7652045,-0.302639,unrelated
S51,S59,Alsum59-2023,Arlington-2023,0,1860898,3507225,7575481,7062874,-0.352058,unrelated
S51,S60,Alsum59-2023,Arlington-2023,0,2024672,3502586,7575481,7568897,-0.328868,unrelated
S51,S61,Alsum59-2023,Arlington-2023,0,2089941,3345551,7575481,7707594,-0.301063,unrelated
S51,S62,Alsum59-2023,Arlington-2023,0,1970298,3490199,7575481,7384548,-0.334899,unrelated
S51,S63,Alsum59-2023,Arlington-2023,0,2015337,3429993,7575481,7844966,-0.314170,unrelated
S51,S64,Alsum59-2023,Arlington-2023,0,1988073,3544366,7575481,7466015,-0.339106,unrelated
S51,S77,Alsum59-2023,C5-2023,0,2104090,3315368,7575481,7866137,-0.293146,unrelated
S51,S78,Alsum59-2023,C5-2023,0,1952666,3573461,7575481,7194609,-0.351674,unrelated
S51,S79,Alsum59-2023,C5-2023,0,2075155,3330962,7575481,7781078,-0.298685,unrelated
S51,S80,Alsum59-2023,C5-2023,0,2065098,3318939,7575481,7723029,-0.298904,unrelated
S51,S81,Alsum59-2023,C5-2023,0,1986596,3584725,7575481,7557553,-0.342486,unrelated
S51,S82,Alsum59-2023,C5-2023,0,2079069,3441719,7575481,7539134,-0.317862,unrelated
S51,S83,Alsum59-2023,C5-2023,0,2035370,3315130,7575481,7418769,-0.306443,unrelated
S51,S109,Alsum59-2023,C44-L15-2023,0,1913514,3579616,7575481,7182952,-0.355439,unrelated
S51,S110,Alsum59-2023,C44-L15-2023,0,2001016,3414144,7575481,7579950,-0.318518,unrelated
S51,S111,Alsum59-2023,C44-L15-2023,0,2086369,3360791,7575481,8035390,-0.296922,unrelated
S51,S112,Alsum59-2023,C44-L15-2023,0,2016748,3369851,7575481,7532210,-0.312619,unrelated
S51,S113,Alsum59-2023,C44-L15-2023,0,1941053,3555496,7575481,7281389,-0.347983,unrelated
S51,S114,Alsum59-2023,C44-L15-2023,0,1976267,3362917,7575481,7409290,-0.316960,unrelated
S51,S115,Alsum59-2023,C44-L15-2023,0,2066108,3369366,7575481,7776122,-0.304374,unrelated
S51,S133,Alsum59-2023,Aartz-2023,0,2034914,3495139,7575481,7481338,-0.329111,unrelated
S51,S134,Alsum59-2023,Aartz-2023,0,1872541,3743847,7575481,7342694,-0.376397,unrelated
S51,S135,Alsum59-2023,Aartz-2023,0,1892369,3614112,7575481,7171059,-0.361838,unrelated
S51,S136,Alsum59-2023,Aartz-2023,0,2037072,3331641,7575481,7775212,-0.301368,unrelated
S51,S137,Alsum59-2023,Aartz-2023,0,2002695,3449086,7575481,7535158,-0.323976,unrelated
S51,S145,Alsum59-2023,XMASBig-2023,0,2081969,3459606,7575481,7857668,-0.313432,unrelated
S51,S146,Alsum59-2023,XMASBig-2023,0,1947440,3475294,7575481,7511950,-0.331610,unrelated
S51,S147,Alsum59-2023,XMASBig-2023,0,2086602,3402326,7575481,7708191,-0.308699,unrelated
S51,S148,Alsum59-2023,XMASBig-2023,0,2103103,3325251,7575481,7944143,-0.293010,unrelated
S51,S149,Alsum59-2023,XMASBig-2023,0,1931455,3452952,7575481,7327686,-0.333785,unrelated
S51,S167,Alsum59-2023,GarrisonNE-2023,0,2005094,3483490,7575481,7689066,-0.325059,unrelated
S51,S168,Alsum59-2023,GarrisonNE-2023,0,1964222,3475346,7575481,7345950,-0.334182,unrelated
S51,S169,Alsum59-2023,GarrisonNE-2023,0,2010259,3401202,7575481,7604273,-0.315693,unrelated
S51,S170,Alsum59-2023,GarrisonNE-2023,0,2056037,3417863,7575481,7764576,-0.311582,unrelated
S51,S171,Alsum59-2023,GarrisonNE-2023,0,2031885,3440387,7575481,7653982,-0.318389,unrelated
S51,S172,Alsum59-2023,GarrisonNE-2023,0,1902090,3330466,7575481,7231927,-0.321383,unrelated
S51,S173,Alsum59-2023,GarrisonNE-2023,0,1928921,3287309,7575481,7337001,-0.311531,unrelated
S51,S185,Alsum59-2023,H10-2023,0,1930150,3387890,7575481,7318923,-0.325332,unrelated
S51,S186,Alsum59-2023,H10-2023,0,2093002,3203162,7575481,7677072,-0.282793,unrelated
S51,S187,Alsum59-2023,H10-2023,0,1997773,3282383,7575481,7514517,-0.302650,unrelated
S51,S188,Alsum59-2023,H10-2023,0,1860510,3632306,7575481,7202055,-0.365697,unrelated
S51,S189,Alsum59-2023,H10-2023,0,2151776,3120316,7575481,8104414,-0.260771,unrelated
S51,S190,Alsum59-2023,H10-2023,0,2019627,3408232,7575481,7760518,-0.312783,unrelated
S51,S191,Alsum59-2023,H10-2023,0,1958482,3459396,7575481,7306259,-0.333315,unrelated
S51,S206,Alsum59-2023,H15-2023,0,2051151,3208687,7575481,7783850,-0.284272,unrelated
S51,S207,Alsum59-2023,H15-2023,0,2025521,3424503,7575481,7707947,-0.315602,unrelated
S51,S208,Alsum59-2023,H15-2023,0,2063801,3278893,7575481,7490866,-0.298280,unrelated
S51,S209,Alsum59-2023,H15-2023,0,2026575,3397158,7575481,7723624,-0.311635,unrelated
S51,S210,Alsum59-2023,H15-2023,0,2095723,3244122,7575481,7739257,-0.286817,unrelated
S51,S211,Alsum59-2023,H15-2023,0,2021241,3383552,7575481,7405367,-0.316795,unrelated
S51,S212,Alsum59-2023,H15-2023,0,795722,4714518,7575481,3113003,-0.807721,unrelated
S51,S219,Alsum59-2023,H41-2023,0,1971615,3261182,7575481,7585961,-0.300153,unrelated
S51,S220,Alsum59-2023,H41-2023,0,1862754,3402850,7575481,7179670,-0.334998,unrelated
S51,S221,Alsum59-2023,H41-2023,0,40590,5861536,7575481,158911,-1.510459,unrelated
S51,S222,Alsum59-2023,H41-2023,0,380238,5352519,7575481,1476333,-1.140633,unrelated
S51,S223,Alsum59-2023,H41-2023,0,1016411,4399379,7575481,3926923,-0.676584,unrelated
S51,S224,Alsum59-2023,H41-2023,0,2075415,3283128,7575481,7733862,-0.293340,unrelated
S51,S225,Alsum59-2023,H41-2023,0,1903671,3500167,7575481,7293024,-0.342782,unrelated
S51,S250,Alsum59-2023,H66-2023,0,1976093,3456218,7575481,7497400,-0.327498,unrelated
S51,S251,Alsum59-2023,H66-2023,0,1878409,3532032,7575481,7298189,-0.348647,unrelated
S51,S252,Alsum59-2023,H66-2023,0,2100659,3245149,7575481,7784671,-0.285781,unrelated
S51,S253,Alsum59-2023,H66-2023,0,2064738,3343282,7575481,7828319,-0.300045,unrelated
S51,S254,Alsum59-2023,H66-2023,0,2032236,3545429,7575481,7899268,-0.326895,unrelated
S51,S255,Alsum59-2023,H66-2023,0,1587337,3880837,7575481,6261999,-0.446204,unrelated
S51,S256,Alsum59-2023,H66-2023,0,1891241,3496364,7575481,7050507,-0.348796,unrelated
S51,S257,Alsum59-2023,H66-2023,0,1960972,3516991,7575481,7226941,-0.342715,unrelated
S51,S258,Alsum59-2023,H66-2023,0,1962806,3540994,7575481,7345804,-0.343079,unrelated
S51,S259,Alsum59-2023,H66-2023,0,2064932,3386246,7575481,7685226,-0.308476,unrelated
S51,S260,Alsum59-2023,H66-2023,0,2069589,3434804,7575481,7760564,-0.312989,unrelated
S51,S288,Alsum59-2023,Du-2023,0,2084795,3322730,7575481,7781391,-0.296979,unrelated
S51,S289,Alsum59-2023,Du-2023,0,2162418,3266075,7575481,8243626,-0.276231,unrelated
S51,S290,Alsum59-2023,Du-2023,0,2248188,3253579,7575481,8328446,-0.267794,unrelated
S51,S291,Alsum59-2023,Du-2023,0,2210526,3194645,7575481,8614604,-0.258106,unrelated
S51,S292,Alsum59-2023,Du-2023,0,2402120,2901500,7575481,9175472,-0.203026,unrelated
S51,S293,Alsum59-2023,Du-2023,0,2390942,3038353,7575481,9002064,-0.222335,unrelated
S51,S294,Alsum59-2023,Du-2023,0,2170464,3151377,7575481,8280057,-0.260621,unrelated
S51,S312,Alsum59-2023,OkrayGrosheks40-2023,0,2110304,3321378,7575481,7983456,-0.291309,unrelated
S51,S313,Alsum59-2023,OkrayGrosheks40-2023,0,1952180,3603958,7575481,7465948,-0.349417,unrelated
S51,S314,Alsum59-2023,OkrayGrosheks40-2023,0,2024533,3470695,7575481,7693326,-0.322020,unrelated
S51,S315,Alsum59-2023,OkrayGrosheks40-2023,0,2107003,3321667,7575481,7911196,-0.292918,unrelated
S51,S316,Alsum59-2023,OkrayGrosheks40-2023,0,2043942,3366579,7575481,7767507,-0.305626,unrelated
S51,S317,Alsum59-2023,OkrayGrosheks40-2023,0,2168133,3325001,7575481,8428115,-0.280054,unrelated
S51,S318,Alsum59-2023,OkrayGrosheks40-2023,0,1940256,3537229,7575481,7352916,-0.343922,unrelated
S51,S328,Alsum59-2023,LaszSE-O14-2023,0,2056545,3455465,7575481,7746042,-0.316834,unrelated
S51,S329,Alsum59-2023,LaszSE-O14-2023,0,2026442,3540859,7575481,7797235,-0.328847,unrelated
S51,S330,Alsum59-2023,LaszSE-O14-2023,0,1979127,3534906,7575481,7462058,-0.338532,unrelated
S51,S331,Alsum59-2023,LaszSE-O14-2023,0,1993506,3481868,7575481,7438819,-0.331033,unrelated
S51,S332,Alsum59-2023,LaszSE-O14-2023,0,2234173,3166916,7575481,8314732,-0.257999,unrelated
S51,S370,Alsum59-2023,BrikalskiPats-2023,0,1950517,3492683,7575481,7223088,-0.340225,unrelated
S51,S371,Alsum59-2023,BrikalskiPats-2023,0,2083818,3412838,7575481,7850890,-0.307386,unrelated
S51,S372,Alsum59-2023,BrikalskiPats-2023,0,2120640,3394114,7575481,7962119,-0.300406,unrelated
S51,S373,Alsum59-2023,BrikalskiPats-2023,0,2061714,3248172,7575481,7688767,-0.290524,unrelated
S51,S374,Alsum59-2023,BrikalskiPats-2023,0,2039373,3373678,7575481,7505467,-0.312181,unrelated
S51,S375,Alsum59-2023,BrikalskiPats-2023,0,2088828,3277583,7575481,7610693,-0.294106,unrelated
S51,S376,Alsum59-2023,BrikalskiPats-2023,0,2030896,3411256,7575481,7674386,-0.314207,unrelated
S51,S386,Alsum59-2023,DaveBrilowski-2023,0,2059899,3288164,7575481,7581179,-0.297983,unrelated
S51,S387,Alsum59-2023,DaveBrilowski-2023,0,1939446,3499202,7575481,7340180,-0.339171,unrelated
S51,S388,Alsum59-2023,DaveBrilowski-2023,0,2035727,3406924,7575481,7711070,-0.312570,unrelated
S51,S389,Alsum59-2023,DaveBrilowski-2023,0,1938299,3600810,7575481,7419012,-0.351017,unrelated
S51,S390,Alsum59-2023,DaveBrilowski-2023,0,2069012,3456179,7575481,7664668,-0.317802,unrelated
S51,S391,Alsum59-2023,DaveBrilowski-2023,0,2050694,3358951,7575481,7786721,-0.303811,unrelated
S51,S392,Alsum59-2023,DaveBrilowski-2023,0,2086026,3475619,7575481,7941139,-0.313548,unrelated
S51,S418,Alsum59-2023,Wysocki1129-2023,0,2047032,3358865,7575481,7606408,-0.307649,unrelated
S51,S419,Alsum59-2023,Wysocki1129-2023,0,1928930,3530343,7575481,7110209,-0.349439,unrelated
S51,S420,Alsum59-2023,Wysocki1129-2023,0,2080834,3312623,7575481,7733647,-0.296843,unrelated
S51,S421,Alsum59-2023,Wysocki1129-2023,0,2089049,3391603,7575481,7799266,-0.305316,unrelated
S51,S422,Alsum59-2023,Wysocki1129-2023,0,2050166,3589699,7575481,7735411,-0.335005,unrelated
S51,S423,Alsum59-2023,Wysocki1129-2023,0,2104165,3464638,7575481,7838314,-0.313038,unrelated
S51,S424,Alsum59-2023,Wysocki1129-2023,0,1976522,3572481,7575481,7581744,-0.340989,unrelated
S51,S442,Alsum59-2023,Wedekind_3-2023,0,1715997,3641918,7575481,6337465,-0.400191,unrelated
S51,S443,Alsum59-2023,Wedekind_3-2023,0,1997975,3350703,7575481,7460484,-0.312812,unrelated
S51,S444,Alsum59-2023,Wedekind_3-2023,0,2004299,3294095,7575481,7291631,-0.308324,unrelated
S51,S445,Alsum59-2023,Wedekind_3-2023,0,2115722,3283703,7575481,7860728,-0.288392,unrelated
S51,S446,Alsum59-2023,Wedekind_3-2023,0,1983000,3533024,7575481,7648040,-0.333894,unrelated
S51,S447,Alsum59-2023,Wedekind_3-2023,0,2041695,3388665,7575481,7678231,-0.310458,unrelated
S51,S448,Alsum59-2023,Wedekind_3-2023,0,1934527,3533207,7575481,7296097,-0.345080,unrelated
S51,S474,Alsum59-2023,Airport04-2023,0,2064854,3429296,7575481,7804708,-0.311683,unrelated
S51,S475,Alsum59-2023,Airport04-2023,0,2161012,3168962,7575481,8082784,-0.266754,unrelated
S51,S476,Alsum59-2023,Airport04-2023,0,2030275,3466439,7575481,7482884,-0.325573,unrelated
S51,S477,Alsum59-2023,Airport04-2023,0,2025482,3341678,7575481,7485865,-0.309260,unrelated
S51,S478,Alsum59-2023,Airport04-2023,0,2024146,3306915,7575481,7652969,-0.301389,unrelated
S51,S479,Alsum59-2023,Airport04-2023,0,1985434,3275860,7575481,7412292,-0.304667,unrelated
S51,S480,Alsum59-2023,Airport04-2023,0,1849267,3580174,7575481,6986357,-0.364726,unrelated
S58,S59,Arlington-2023,Arlington-2023,1,1996872,3336982,7652045,7062874,-0.317847,unrelated
S58,S60,Arlington-2023,Arlington-2023,1,2048814,3283727,7652045,7568897,-0.296870,unrelated
S58,S61,Arlington-2023,Arlington-2023,1,2079188,3264105,7652045,7707594,-0.289657,unrelated
S58,S62,Arlington-2023,Arlington-2023,1,2063687,3330539,7652045,7384548,-0.305747,unrelated
S58,S63,Arlington-2023,Arlington-2023,1,2118084,3399678,7652045,7844966,-0.302076,unrelated
S58,S64,Arlington-2023,Arlington-2023,1,2010709,3398346,7652045,7466015,-0.316574,unrelated
S58,S77,Arlington-2023,C5-2023,0,2124089,3284591,7652045,7866137,-0.286444,unrelated
S58,S78,Arlington-2023,C5-2023,0,1924263,3390840,7652045,7194609,-0.327173,unrelated
S58,S79,Arlington-2023,C5-2023,0,2117832,3252481,7652045,7781078,-0.284267,unrelated
S58,S80,Arlington-2023,C5-2023,0,2109848,3307717,7652045,7723029,-0.293045,unrelated
S58,S81,Arlington-2023,C5-2023,0,2031772,3560744,7652045,7557553,-0.334638,unrelated
S58,S82,Arlington-2023,C5-2023,0,2026727,3354298,7652045,7539134,-0.308197,unrelated
S58,S83,Arlington-2023,C5-2023,0,2035709,3312499,7652045,7418769,-0.304515,unrelated
S58,S109,Arlington-2023,C44-L15-2023,0,1979049,3444328,7652045,7182952,-0.330948,unrelated
S58,S110,Arlington-2023,C44-L15-2023,0,2054613,3339761,7652045,7579950,-0.303631,unrelated
S58,S111,Arlington-2023,C44-L15-2023,0,2138095,3252818,7652045,8035390,-0.278410,unrelated
S58,S112,Arlington-2023,C44-L15-2023,0,2085617,3285385,7652045,7532210,-0.295382,unrelated
S58,S113,Arlington-2023,C44-L15-2023,0,1960396,3360142,7652045,7281389,-0.318740,unrelated
S58,S114,Arlington-2023,C44-L15-2023,0,2026522,3363562,7652045,7409290,-0.312097,unrelated
S58,S115,Arlington-2023,C44-L15-2023,0,2144955,3252575,7652045,7776122,-0.282613,unrelated
S58,S133,Arlington-2023,Aartz-2023,0,2023428,3389387,7652045,7481338,-0.314229,unrelated
S58,S134,Arlington-2023,Aartz-2023,0,1868973,3594573,7652045,7342694,-0.354803,unrelated
S58,S135,Arlington-2023,Aartz-2023,0,1966246,3446879,7652045,7171059,-0.332421,unrelated
S58,S136,Arlington-2023,Aartz-2023,0,2103908,3280665,7652045,7775212,-0.288932,unrelated
S58,S137,Arlington-2023,Aartz-2023,0,2059427,3292767,7652045,7535158,-0.298021,unrelated
S58,S145,Arlington-2023,XMASBig-2023,0,2062093,3348424,7652045,7857668,-0.298829,unrelated
S58,S146,Arlington-2023,XMASBig-2023,0,2024227,3386417,7652045,7511950,-0.313150,unrelated
S58,S147,Arlington-2023,XMASBig-2023,0,2068403,3325491,7652045,7708191,-0.298340,unrelated
S58,S148,Arlington-2023,XMASBig-2023,0,2175818,3196356,7652045,7944143,-0.270380,unrelated
S58,S149,Arlington-2023,XMASBig-2023,0,2038663,3375316,7652045,7327686,-0.314556,unrelated
S58,S167,Arlington-2023,GarrisonNE-2023,0,2021062,3388328,7652045,7689066,-0.309990,unrelated
S58,S168,Arlington-2023,GarrisonNE-2023,0,2026005,3353517,7652045,7345950,-0.312110,unrelated
S58,S169,Arlington-2023,GarrisonNE-2023,0,2120945,3246876,7652045,7604273,-0.286623,unrelated
S58,S170,Arlington-2023,GarrisonNE-2023,0,2033960,3339585,7652045,7764576,-0.301312,unrelated
S58,S171,Arlington-2023,GarrisonNE-2023,0,2078162,3375241,7652045,7653982,-0.305260,unrelated
S58,S172,Arlington-2023,GarrisonNE-2023,0,2024614,3223629,7652045,7231927,-0.297141,unrelated
S58,S173,Arlington-2023,GarrisonNE-2023,0,2037941,3182792,7652045,7337001,-0.288720,unrelated
S58,S185,Arlington-2023,H10-2023,0,2063634,3262046,7652045,7318923,-0.297941,unrelated
S58,S186,Arlington-2023,H10-2023,0,2120415,3154083,7652045,7677072,-0.273189,unrelated
S58,S187,Arlington-2023,H10-2023,0,2126878,3181649,7652045,7514517,-0.279326,unrelated
S58,S188,Arlington-2023,H10-2023,0,1883155,3468017,7652045,7202055,-0.340167,unrelated
S58,S189,Arlington-2023,H10-2023,0,2225224,3083541,7652045,8104414,-0.250174,unrelated
S58,S190,Arlington-2023,H10-2023,0,2058522,3389649,7652045,7760518,-0.306294,unrelated
S58,S191,Arlington-2023,H10-2023,0,1988292,3426370,7652045,7306259,-0.325201,unrelated
S58,S206,Arlington-2023,H15-2023,0,2178805,3027478,7652045,7783850,-0.251113,unrelated
S58,S207,Arlington-2023,H15-2023,0,2061154,3381440,7652045,7707947,-0.306102,unrelated
S58,S208,Arlington-2023,H15-2023,0,2018314,3289834,7652045,7490866,-0.301220,unrelated
S58,S209,Arlington-2023,H15-2023,0,2043176,3342371,7652045,7723624,-0.301877,unrelated
S58,S210,Arlington-2023,H15-2023,0,2070200,3298520,7652045,7739257,-0.294117,unrelated
S58,S211,Arlington-2023,H15-2023,0,2003121,3387679,7652045,7405367,-0.316936,unrelated
S58,S212,Arlington-2023,H15-2023,0,835652,4535129,7652045,3113003,-0.764939,unrelated
S58,S219,Arlington-2023,H41-2023,0,2084807,3156270,7652045,7585961,-0.277447,unrelated
S58,S220,Arlington-2023,H41-2023,0,1982762,3226095,7652045,7179670,-0.301343,unrelated
S58,S221,Arlington-2023,H41-2023,0,43424,5685943,7652045,158911,-1.450330,unrelated
S58,S222,Arlington-2023,H41-2023,0,395776,5188721,7652045,1476333,-1.093476,unrelated
S58,S223,Arlington-2023,H41-2023,0,1050240,4241741,7652045,3926923,-0.641961,unrelated
S58,S224,Arlington-2023,H41-2023,0,2160462,3202775,7652045,7733862,-0.275908,unrelated
S58,S225,Arlington-2023,H41-2023,0,1942087,3440485,7652045,7293024,-0.330469,unrelated
S58,S250,Arlington-2023,H66-2023,0,2002302,3430794,7652045,7497400,-0.320757,unrelated
S58,S251,Arlington-2023,H66-2023,0,1961261,3503270,7652045,7298189,-0.337472,unrelated
S58,S252,Arlington-2023,H66-2023,0,2088155,3312919,7652045,7784671,-0.293954,unrelated
S58,S253,Arlington-2023,H66-2023,0,2116714,3344952,7652045,7828319,-0.295419,unrelated
S58,S254,Arlington-2023,H66-2023,0,2051999,3354615,7652045,7899268,-0.299475,unrelated
S58,S255,Arlington-2023,H66-2023,0,1670948,3708122,7652045,6261999,-0.412913,unrelated
S58,S256,Arlington-2023,H66-2023,0,1918426,3455294,7652045,7050507,-0.339544,unrelated
S58,S257,Arlington-2023,H66-2023,0,1948848,3395553,7652045,7226941,-0.325443,unrelated
S58,S258,Arlington-2023,H66-2023,0,1959588,3376611,7652045,7345804,-0.319621,unrelated
S58,S259,Arlington-2023,H66-2023,0,2113636,3288100,7652045,7685226,-0.290962,unrelated
S58,S260,Arlington-2023,H66-2023,0,2094984,3291860,7652045,7760564,-0.291238,unrelated
S58,S288,Arlington-2023,Du-2023,0,2104858,3247509,7652045,7781391,-0.284458,unrelated
S58,S289,Arlington-2023,Du-2023,0,2268847,3108104,7652045,8243626,-0.248329,unrelated
S58,S290,Arlington-2023,Du-2023,0,2275200,3041528,7652045,8328446,-0.238282,unrelated
S58,S291,Arlington-2023,Du-2023,0,2383658,3035444,7652045,8614604,-0.226674,unrelated
S58,S292,Arlington-2023,Du-2023,0,2498964,2912715,7652045,9175472,-0.197680,unrelated
S58,S293,Arlington-2023,Du-2023,0,2457860,2869239,7652045,9002064,-0.196986,unrelated
S58,S294,Arlington-2023,Du-2023,0,2234675,3123899,7652045,8280057,-0.251889,unrelated
S58,S312,Arlington-2023,OkrayGrosheks40-2023,0,2101089,3313983,7652045,7983456,-0.289526,unrelated
S58,S313,Arlington-2023,OkrayGrosheks40-2023,0,1962896,3392462,7652045,7465948,-0.318960,unrelated
S58,S314,Arlington-2023,OkrayGrosheks40-2023,0,2059199,3378241,7652045,7693326,-0.306104,unrelated
S58,S315,Arlington-2023,OkrayGrosheks40-2023,0,2203671,3226376,7652045,7911196,-0.273020,unrelated
S58,S316,Arlington-2023,OkrayGrosheks40-2023,0,2104640,3300341,7652045,7767507,-0.291581,unrelated
S58,S317,Arlington-2023,OkrayGrosheks40-2023,0,2186290,3177848,7652045,8428115,-0.259289,unrelated
S58,S318,Arlington-2023,OkrayGrosheks40-2023,0,1938716,3422427,7652045,7352916,-0.326968,unrelated
S58,S328,Arlington-2023,LaszSE-O14-2023,0,2095283,3325561,7652045,7746042,-0.295870,unrelated
S58,S329,Arlington-2023,LaszSE-O14-2023,0,1978661,3404831,7652045,7797235,-0.312701,unrelated
S58,S330,Arlington-2023,LaszSE-O14-2023,0,1953626,3404140,7652045,7462058,-0.321200,unrelated
S58,S331,Arlington-2023,LaszSE-O14-2023,0,2050426,3360544,7652045,7438819,-0.309503,unrelated
S58,S332,Arlington-2023,LaszSE-O14-2023,0,2266143,3131857,7652045,8314732,-0.250368,unrelated
S58,S370,Arlington-2023,BrikalskiPats-2023,0,1964320,3466016,7652045,7223088,-0.333961,unrelated
S58,S371,Arlington-2023,BrikalskiPats-2023,0,2064338,3320967,7652045,7850890,-0.295273,unrelated
S58,S372,Arlington-2023,BrikalskiPats-2023,0,2129348,3282344,7652045,7962119,-0.284059,unrelated
S58,S373,Arlington-2023,BrikalskiPats-2023,0,2056553,3319095,7652045,7688767,-0.298657,unrelated
S58,S374,Arlington-2023,BrikalskiPats-2023,0,2035748,3355082,7652045,7505467,-0.308389,unrelated
S58,S375,Arlington-2023,BrikalskiPats-2023,0,2090744,3286446,7652045,7610693,-0.293666,unrelated
S58,S376,Arlington-2023,BrikalskiPats-2023,0,1991118,3431970,7652045,7674386,-0.317936,unrelated
S58,S386,Arlington-2023,DaveBrilowski-2023,0,2043175,3314380,7652045,7581179,-0.301025,unrelated
S58,S387,Arlington-2023,DaveBrilowski-2023,0,2002060,3411778,7652045,7340180,-0.321600,unrelated
S58,S388,Arlington-2023,DaveBrilowski-2023,0,2058981,3319683,7652045,7711070,-0.298142,unrelated
S58,S389,Arlington-2023,DaveBrilowski-2023,0,2032778,3315707,7652045,7419012,-0.305130,unrelated
S58,S390,Arlington-2023,DaveBrilowski-2023,0,2088082,3321938,7652045,7664668,-0.297439,unrelated
S58,S391,Arlington-2023,DaveBrilowski-2023,0,2049224,3332100,7652045,7786721,-0.298921,unrelated
S58,S392,Arlington-2023,DaveBrilowski-2023,0,2056609,3330860,7652045,7941139,-0.295328,unrelated
S58,S418,Arlington-2023,Wysocki1129-2023,0,2070394,3306082,7652045,7606408,-0.297656,unrelated
S58,S419,Arlington-2023,Wysocki1129-2023,0,1899141,3485323,7652045,7110209,-0.343545,unrelated
S58,S420,Arlington-2023,Wysocki1129-2023,0,2152813,3249035,7652045,7733647,-0.282422,unrelated
S58,S421,Arlington-2023,Wysocki1129-2023,0,2116165,3245024,7652045,7799266,-0.283075,unrelated
S58,S422,Arlington-2023,Wysocki1129-2023,0,2096802,3563117,7652045,7735411,-0.326853,unrelated
S58,S423,Arlington-2023,Wysocki1129-2023,0,2102013,3274679,7652045,7838314,-0.287104,unrelated
S58,S424,Arlington-2023,Wysocki1129-2023,0,2012369,3378999,7652045,7581744,-0.311520,unrelated
S58,S442,Arlington-2023,Wedekind_3-2023,0,1723325,3577677,7652045,6337465,-0.388293,unrelated
S58,S443,Arlington-2023,Wedekind_3-2023,0,2047296,3314333,7652045,7460484,-0.303150,unrelated
S58,S444,Arlington-2023,Wedekind_3-2023,0,1949564,3339015,7652045,7291631,-0.316419,unrelated
S58,S445,Arlington-2023,Wedekind_3-2023,0,2055789,3337789,7652045,7860728,-0.297805,unrelated
S58,S446,Arlington-2023,Wedekind_3-2023,0,2030336,3363220,7652045,7648040,-0.306933,unrelated
S58,S447,Arlington-2023,Wedekind_3-2023,0,2070397,3326858,7652045,7678231,-0.298972,unrelated
S58,S448,Arlington-2023,Wedekind_3-2023,0,1936929,3430191,7652045,7296097,-0.329369,unrelated
S58,S474,Arlington-2023,Airport04-2023,0,2056731,3199544,7652045,7804708,-0.280936,unrelated
S58,S475,Arlington-2023,Airport04-2023,0,2252672,3095590,7652045,8082784,-0.250305,unrelated
S58,S476,Arlington-2023,Airport04-2023,0,2033859,3257211,7652045,7482884,-0.296041,unrelated
S58,S477,Arlington-2023,Airport04-2023,0,2012894,3295719,7652045,7485865,-0.302455,unrelated
S58,S478,Arlington-2023,Airport04-2023,0,2163625,3193544,7652045,7652969,-0.275953,unrelated
S58,S479,Arlington-2023,Airport04-2023,0,2015680,3214117,7652045,7412292,-0.292914,unrelated
S58,S480,Arlington-2023,Airport04-2023,0,1865320,3477223,7652045,6986357,-0.347656,unrelated
S59,S60,Arlington-2023,Arlington-2023,1,1885072,3498928,7062874,7568897,-0.349430,unrelated
S59,S61,Arlington-2023,Arlington-2023,1,1956404,3340464,7062874,7707594,-0.319863,unrelated
S59,S62,Arlington-2023,Arlington-2023,1,1968317,3592978,7062874,7384548,-0.361147,unrelated
S59,S63,Arlington-2023,Arlington-2023,1,2057640,3547419,7062874,7844966,-0.337889,unrelated
S59,S64,Arlington-2023,Arlington-2023,1,1964453,3523424,7062874,7466015,-0.349813,unrelated
S59,S77,Arlington-2023,C5-2023,0,1944704,3481652,7062874,7866137,-0.336164,unrelated
S59,S78,Arlington-2023,C5-2023,0,1786458,3557319,7062874,7194609,-0.373711,unrelated
S59,S79,Arlington-2023,C5-2023,0,1974493,3345813,7062874,7781078,-0.317781,unrelated
S59,S80,Arlington-2023,C5-2023,0,1955123,3510264,7062874,7723029,-0.342583,unrelated
S59,S81,Arlington-2023,C5-2023,0,1894251,3720673,7062874,7557553,-0.379407,unrelated
S59,S82,Arlington-2023,C5-2023,0,1904661,3467352,7062874,7539134,-0.344476,unrelated
S59,S83,Arlington-2023,C5-2023,0,1865198,3456639,7062874,7418769,-0.348585,unrelated
S59,S109,Arlington-2023,C44-L15-2023,0,1874595,3634014,7062874,7182952,-0.378597,unrelated
S59,S110,Arlington-2023,C44-L15-2023,0,1929047,3447339,7062874,7579950,-0.339117,unrelated
S59,S111,Arlington-2023,C44-L15-2023,0,2044022,3579884,7062874,8035390,-0.338830,unrelated
S59,S112,Arlington-2023,C44-L15-2023,0,1908351,3441116,7062874,7532210,-0.340792,unrelated
S59,S113,Arlington-2023,C44-L15-2023,0,1846884,3457333,7062874,7281389,-0.353297,unrelated
S59,S114,Arlington-2023,C44-L15-2023,0,1896304,3540087,7062874,7409290,-0.358196,unrelated
S59,S115,Arlington-2023,C44-L15-2023,0,1934024,3464400,7062874,7776122,-0.336598,unrelated
S59,S133,Arlington-2023,Aartz-2023,0,1842560,3554764,7062874,7481338,-0.362135,unrelated
S59,S134,Arlington-2023,Aartz-2023,0,1860548,3576592,7062874,7342694,-0.367402,unrelated
S59,S135,Arlington-2023,Aartz-2023,0,1874046,3618949,7062874,7171059,-0.376836,unrelated
S59,S136,Arlington-2023,Aartz-2023,0,1968586,3366812,7062874,7775212,-0.321136,unrelated
S59,S137,Arlington-2023,Aartz-2023,0,1905022,3444532,7062874,7535158,-0.341419,unrelated
S59,S145,Arlington-2023,XMASBig-2023,0,1944369,3490681,7062874,7857668,-0.337588,unrelated
S59,S146,Arlington-2023,XMASBig-2023,0,1896391,3632282,7062874,7511950,-0.368318,unrelated
S59,S147,Arlington-2023,XMASBig-2023,0,1948451,3439534,7062874,7708191,-0.333802,unrelated
S59,S148,Arlington-2023,XMASBig-2023,0,2062246,3488659,7062874,7944143,-0.327518,unrelated
S59,S149,Arlington-2023,XMASBig-2023,0,1932187,3596567,7062874,7327686,-0.365583,unrelated
S59,S167,Arlington-2023,GarrisonNE-2023,0,1963710,3560821,7062874,7689066,-0.349644,unrelated
S59,S168,Arlington-2023,GarrisonNE-2023,0,1930961,3539547,7062874,7345950,-0.357290,unrelated
S59,S169,Arlington-2023,GarrisonNE-2023,0,1905514,3517773,7062874,7604273,-0.349763,unrelated
S59,S170,Arlington-2023,GarrisonNE-2023,0,1887126,3485716,7062874,7764576,-0.342898,unrelated
S59,S171,Arlington-2023,GarrisonNE-2023,0,1984462,3607798,7062874,7653982,-0.355452,unrelated
S59,S172,Arlington-2023,GarrisonNE-2023,0,1898961,3405626,7062874,7231927,-0.343642,unrelated
S59,S173,Arlington-2023,GarrisonNE-2023,0,1858571,3295218,7062874,7337001,-0.328605,unrelated
S59,S185,Arlington-2023,H10-2023,0,1878183,3452023,7062874,7318923,-0.349460,unrelated
S59,S186,Arlington-2023,H10-2023,0,1936083,3394301,7062874,7677072,-0.329209,unrelated
S59,S187,Arlington-2023,H10-2023,0,1947369,3358085,7062874,7514517,-0.327137,unrelated
S59,S188,Arlington-2023,H10-2023,0,1833618,3710409,7062874,7202055,-0.391674,unrelated
S59,S189,Arlington-2023,H10-2023,0,2081655,3199300,7062874,8104414,-0.284622,unrelated
S59,S190,Arlington-2023,H10-2023,0,1922539,3539660,7062874,7760518,-0.347881,unrelated
S59,S191,Arlington-2023,H10-2023,0,1923450,3632571,7062874,7306259,-0.371748,unrelated
S59,S206,Arlington-2023,H15-2023,0,1974719,3215751,7062874,7783850,-0.300186,unrelated
S59,S207,Arlington-2023,H15-2023,0,1868704,3569011,7062874,7707947,-0.356738,unrelated
S59,S208,Arlington-2023,H15-2023,0,1847352,3479303,7062874,7490866,-0.351199,unrelated
S59,S209,Arlington-2023,H15-2023,0,1867161,3608816,7062874,7723624,-0.361848,unrelated
S59,S210,Arlington-2023,H15-2023,0,1923455,3343867,7062874,7739257,-0.321864,unrelated
S59,S211,Arlington-2023,H15-2023,0,1878034,3550259,7062874,7405367,-0.360962,unrelated
S59,S212,Arlington-2023,H15-2023,0,774469,4761102,7062874,3113003,-0.859654,unrelated
S59,S219,Arlington-2023,H41-2023,0,2005236,3380591,7062874,7585961,-0.324664,unrelated
S59,S220,Arlington-2023,H41-2023,0,1901674,3403381,7062874,7179670,-0.344397,unrelated
S59,S221,Arlington-2023,H41-2023,0,40130,5940259,7062874,158911,-1.639538,unrelated
S59,S222,Arlington-2023,H41-2023,0,363566,5420287,7062874,1476333,-1.226930,unrelated
S59,S223,Arlington-2023,H41-2023,0,948935,4436015,7062874,3926923,-0.720950,unrelated
S59,S224,Arlington-2023,H41-2023,0,1984513,3384863,7062874,7733862,-0.323397,unrelated
S59,S225,Arlington-2023,H41-2023,0,1898219,3571277,7062874,7293024,-0.365309,unrelated
S59,S250,Arlington-2023,H66-2023,0,1954094,3590431,7062874,7497400,-0.358975,unrelated
S59,S251,Arlington-2023,H66-2023,0,1876409,3660408,7062874,7298189,-0.379109,unrelated
S59,S252,Arlington-2023,H66-2023,0,1955640,3473902,7062874,7784671,-0.336228,unrelated
S59,S253,Arlington-2023,H66-2023,0,1942907,3480690,7062874,7828319,-0.337009,unrelated
S59,S254,Arlington-2023,H66-2023,0,1872079,3506460,7062874,7899268,-0.343590,unrelated
S59,S255,Arlington-2023,H66-2023,0,1529063,3918003,7062874,6261999,-0.473321,unrelated
S59,S256,Arlington-2023,H66-2023,0,1870497,3608811,7062874,7050507,-0.378869,unrelated
S59,S257,Arlington-2023,H66-2023,0,1859162,3664825,7062874,7226941,-0.382824,unrelated
S59,S258,Arlington-2023,H66-2023,0,1889055,3588726,7062874,7345804,-0.367029,unrelated
S59,S259,Arlington-2023,H66-2023,0,1903688,3454785,7062874,7685226,-0.339426,unrelated
S59,S260,Arlington-2023,H66-2023,0,1944948,3393452,7062874,7760564,-0.326642,unrelated
S59,S288,Arlington-2023,Du-2023,0,2022720,3475365,7062874,7781391,-0.331981,unrelated
S59,S289,Arlington-2023,Du-2023,0,2138081,3177609,7062874,8243626,-0.275513,unrelated
S59,S290,Arlington-2023,Du-2023,0,2095028,3198878,7062874,8328446,-0.279555,unrelated
S59,S291,Arlington-2023,Du-2023,0,2158844,3221364,7062874,8614604,-0.273251,unrelated
S59,S292,Arlington-2023,Du-2023,0,2346456,3050760,7062874,9175472,-0.231247,unrelated
S59,S293,Arlington-2023,Du-2023,0,2247730,3106715,7062874,9002064,-0.246854,unrelated
S59,S294,Arlington-2023,Du-2023,0,2062986,3189690,7062874,8280057,-0.281328,unrelated
S59,S312,Arlington-2023,OkrayGrosheks40-2023,0,1960941,3453584,7062874,7983456,-0.328733,unrelated
S59,S313,Arlington-2023,OkrayGrosheks40-2023,0,1898840,3544491,7062874,7465948,-0.357231,unrelated
S59,S314,Arlington-2023,OkrayGrosheks40-2023,0,1984638,3482659,7062874,7693326,-0.337531,unrelated
S59,S315,Arlington-2023,OkrayGrosheks40-2023,0,1995922,3426138,7062874,7911196,-0.324318,unrelated
S59,S316,Arlington-2023,OkrayGrosheks40-2023,0,2008506,3540576,7062874,7767507,-0.342044,unrelated
S59,S317,Arlington-2023,OkrayGrosheks40-2023,0,1999424,3372490,7062874,8428115,-0.306343,unrelated
S59,S318,Arlington-2023,OkrayGrosheks40-2023,0,1864754,3678700,7062874,7352916,-0.381016,unrelated
S59,S328,Arlington-2023,LaszSE-O14-2023,0,2002304,3521379,7062874,7746042,-0.340366,unrelated
S59,S329,Arlington-2023,LaszSE-O14-2023,0,1948540,3534396,7062874,7797235,-0.344564,unrelated
S59,S330,Arlington-2023,LaszSE-O14-2023,0,1865269,3744132,7062874,7462058,-0.387127,unrelated
S59,S331,Arlington-2023,LaszSE-O14-2023,0,1881247,3570903,7062874,7438819,-0.362755,unrelated
S59,S332,Arlington-2023,LaszSE-O14-2023,0,2096165,3261275,7062874,8314732,-0.287846,unrelated
S59,S370,Arlington-2023,BrikalskiPats-2023,0,1878492,3636596,7062874,7223088,-0.377622,unrelated
S59,S371,Arlington-2023,BrikalskiPats-2023,0,1890214,3551428,7062874,7850890,-0.349519,unrelated
S59,S372,Arlington-2023,BrikalskiPats-2023,0,1966047,3447333,7062874,7962119,-0.328028,unrelated
S59,S373,Arlington-2023,BrikalskiPats-2023,0,1951349,3503569,7062874,7688767,-0.342727,unrelated
S59,S374,Arlington-2023,BrikalskiPats-2023,0,1865851,3530623,7062874,7505467,-0.356622,unrelated
S59,S375,Arlington-2023,BrikalskiPats-2023,0,1890933,3444946,7062874,7610693,-0.340678,unrelated
S59,S376,Arlington-2023,BrikalskiPats-2023,0,1907251,3600625,7062874,7674386,-0.359225,unrelated
S59,S386,Arlington-2023,DaveBrilowski-2023,0,1898206,3463642,7062874,7581179,-0.343421,unrelated
S59,S387,Arlington-2023,DaveBrilowski-2023,0,1896424,3639296,7062874,7340180,-0.373682,unrelated
S59,S388,Arlington-2023,DaveBrilowski-2023,0,1912614,3470803,7062874,7711070,-0.340396,unrelated
S59,S389,Arlington-2023,DaveBrilowski-2023,0,1954923,3663333,7062874,7419012,-0.370928,unrelated
S59,S390,Arlington-2023,DaveBrilowski-2023,0,1879888,3507547,7062874,7664668,-0.348680,unrelated
S59,S391,Arlington-2023,DaveBrilowski-2023,0,1908703,3483837,7062874,7786721,-0.340681,unrelated
S59,S392,Arlington-2023,DaveBrilowski-2023,0,1930513,3512159,7062874,7941139,-0.339496,unrelated
S59,S418,Arlington-2023,Wysocki1129-2023,0,1959119,3479965,7062874,7606408,-0.340904,unrelated
S59,S419,Arlington-2023,Wysocki1129-2023,0,1780901,3626752,7062874,7110209,-0.386127,unrelated
S59,S420,Arlington-2023,Wysocki1129-2023,0,1920289,3482679,7062874,7733647,-0.340963,unrelated
S59,S421,Arlington-2023,Wysocki1129-2023,0,1902745,3447331,7062874,7799266,-0.335881,unrelated
S59,S422,Arlington-2023,Wysocki1129-2023,0,1916170,3750683,7062874,7735411,-0.377422,unrelated
S59,S423,Arlington-2023,Wysocki1129-2023,0,1925409,3495164,7062874,7838314,-0.339900,unrelated
S59,S424,Arlington-2023,Wysocki1129-2023,0,1904503,3663345,7062874,7581744,-0.370251,unrelated
S59,S442,Arlington-2023,Wedekind_3-2023,0,1567178,3840691,7062874,6337465,-0.456272,unrelated
S59,S443,Arlington-2023,Wedekind_3-2023,0,1819194,3583896,7062874,7460484,-0.368276,unrelated
S59,S444,Arlington-2023,Wedekind_3-2023,0,1843038,3517673,7062874,7291631,-0.361720,unrelated
S59,S445,Arlington-2023,Wedekind_3-2023,0,1910016,3437272,7062874,7860728,-0.332663,unrelated
S59,S446,Arlington-2023,Wedekind_3-2023,0,1869378,3530584,7062874,7648040,-0.352921,unrelated
S59,S447,Arlington-2023,Wedekind_3-2023,0,1951481,3426226,7062874,7678231,-0.332470,unrelated
S59,S448,Arlington-2023,Wedekind_3-2023,0,1878709,3637250,7062874,7296097,-0.375778,unrelated
S59,S474,Arlington-2023,Airport04-2023,0,1935962,3400861,7062874,7804708,-0.327273,unrelated
S59,S475,Arlington-2023,Airport04-2023,0,2063735,3209468,7062874,8082784,-0.287554,unrelated
S59,S476,Arlington-2023,Airport04-2023,0,1890708,3411950,7062874,7482884,-0.339150,unrelated
S59,S477,Arlington-2023,Airport04-2023,0,1903759,3440523,7062874,7485865,-0.342111,unrelated
S59,S478,Arlington-2023,Airport04-2023,0,1995159,3347802,7062874,7652969,-0.319414,unrelated
S59,S479,Arlington-2023,Airport04-2023,0,1874064,3390634,7062874,7412292,-0.339008,unrelated
S59,S480,Arlington-2023,Airport04-2023,0,1822456,3612063,7062874,6986357,-0.384482,unrelated
S60,S61,Arlington-2023,Arlington-2023,1,2120043,3229351,7568897,7707594,-0.284009,unrelated
S60,S62,Arlington-2023,Arlington-2023,1,1977217,3430663,7568897,7384548,-0.326621,unrelated
S60,S63,Arlington-2023,Arlington-2023,1,2036796,3428585,7568897,7844966,-0.312730,unrelated
S60,S64,Arlington-2023,Arlington-2023,1,2014243,3412292,7568897,7466015,-0.319945,unrelated
S60,S77,Arlington-2023,C5-2023,0,2084999,3350043,7568897,7866137,-0.299001,unrelated
S60,S78,Arlington-2023,C5-2023,0,1955391,3406772,7568897,7194609,-0.329065,unrelated
S60,S79,Arlington-2023,C5-2023,0,2065238,3297580,7568897,7781078,-0.295109,unrelated
S60,S80,Arlington-2023,C5-2023,0,2101949,3301967,7568897,7723029,-0.294403,unrelated
S60,S81,Arlington-2023,C5-2023,0,2011618,3537394,7568897,7557553,-0.334723,unrelated
S60,S82,Arlington-2023,C5-2023,0,2109529,3257873,7568897,7539134,-0.291647,unrelated
S60,S83,Arlington-2023,C5-2023,0,2011726,3492204,7568897,7418769,-0.331785,unrelated
S60,S109,Arlington-2023,C44-L15-2023,0,1894759,3574385,7568897,7182952,-0.356159,unrelated
S60,S110,Arlington-2023,C44-L15-2023,0,2054711,3362891,7568897,7579950,-0.308345,unrelated
S60,S111,Arlington-2023,C44-L15-2023,0,2097619,3361690,7568897,8035390,-0.296442,unrelated
S60,S112,Arlington-2023,C44-L15-2023,0,2020906,3381341,7568897,7532210,-0.314002,unrelated
S60,S113,Arlington-2023,C44-L15-2023,0,1947821,3414326,7568897,7281389,-0.328669,unrelated
S60,S114,Arlington-2023,C44-L15-2023,0,1978313,3364735,7568897,7409290,-0.317205,unrelated
S60,S115,Arlington-2023,C44-L15-2023,0,2088947,3308993,7568897,7776122,-0.295147,unrelated
S60,S133,Arlington-2023,Aartz-2023,0,2005193,3446179,7568897,7481338,-0.324724,unrelated
S60,S134,Arlington-2023,Aartz-2023,0,1920861,3568352,7568897,7342694,-0.349784,unrelated
S60,S135,Arlington-2023,Aartz-2023,0,1887891,3580821,7568897,7171059,-0.357786,unrelated
S60,S136,Arlington-2023,Aartz-2023,0,2049841,3346323,7568897,7775212,-0.302579,unrelated
S60,S137,Arlington-2023,Aartz-2023,0,2099606,3200903,7568897,7535158,-0.284837,unrelated
S60,S145,Arlington-2023,XMASBig-2023,0,2105763,3343815,7568897,7857668,-0.297011,unrelated
S60,S146,Arlington-2023,XMASBig-2023,0,2009152,3381712,7568897,7511950,-0.315252,unrelated
S60,S147,Arlington-2023,XMASBig-2023,0,2126975,3307159,7568897,7708191,-0.293730,unrelated
S60,S148,Arlington-2023,XMASBig-2023,0,2122245,3282235,7568897,7944143,-0.286354,unrelated
S60,S149,Arlington-2023,XMASBig-2023,0,1968825,3395196,7568897,7327686,-0.323669,unrelated
S60,S167,Arlington-2023,GarrisonNE-2023,0,1961271,3553124,7568897,7689066,-0.337199,unrelated
S60,S168,Arlington-2023,GarrisonNE-2023,0,1936651,3478751,7568897,7345950,-0.336634,unrelated
S60,S169,Arlington-2023,GarrisonNE-2023,0,1999432,3465186,7568897,7604273,-0.324978,unrelated
S60,S170,Arlington-2023,GarrisonNE-2023,0,2063422,3370103,7568897,7764576,-0.305005,unrelated
S60,S171,Arlington-2023,GarrisonNE-2023,0,2036629,3378199,7568897,7653982,-0.310044,unrelated
S60,S172,Arlington-2023,GarrisonNE-2023,0,1945280,3332020,7568897,7231927,-0.318817,unrelated
S60,S173,Arlington-2023,GarrisonNE-2023,0,1923367,3334232,7568897,7337001,-0.318337,unrelated
S60,S185,Arlington-2023,H10-2023,0,1960298,3303670,7568897,7318923,-0.312137,unrelated
S60,S186,Arlington-2023,H10-2023,0,2053417,3399118,7568897,7677072,-0.311218,unrelated
S60,S187,Arlington-2023,H10-2023,0,2029784,3288421,7568897,7514517,-0.301461,unrelated
S60,S188,Arlington-2023,H10-2023,0,1866083,3424599,7568897,7202055,-0.337359,unrelated
S60,S189,Arlington-2023,H10-2023,0,2193662,3110618,7568897,8104414,-0.256970,unrelated
S60,S190,Arlington-2023,H10-2023,0,2029274,3427078,7568897,7760518,-0.314747,unrelated
S60,S191,Arlington-2023,H10-2023,0,1938619,3491626,7568897,7306259,-0.339131,unrelated
S60,S206,Arlington-2023,H15-2023,0,2072759,3174871,7568897,7783850,-0.278581,unrelated
S60,S207,Arlington-2023,H15-2023,0,2026347,3413809,7568897,7707947,-0.314284,unrelated
S60,S208,Arlington-2023,H15-2023,0,1994364,3488824,7568897,7490866,-0.330901,unrelated
S60,S209,Arlington-2023,H15-2023,0,2018415,3401199,7568897,7723624,-0.312832,unrelated
S60,S210,Arlington-2023,H15-2023,0,2061575,3480835,7568897,7739257,-0.320097,unrelated
S60,S211,Arlington-2023,H15-2023,0,2037081,3452651,7568897,7405367,-0.325106,unrelated
S60,S212,Arlington-2023,H15-2023,0,800787,4593425,7568897,3113003,-0.785072,unrelated
S60,S219,Arlington-2023,H41-2023,0,2010048,3143735,7568897,7585961,-0.282248,unrelated
S60,S220,Arlington-2023,H41-2023,0,1891948,3360307,7568897,7179670,-0.327399,unrelated
S60,S221,Arlington-2023,H41-2023,0,41548,5720261,7568897,158911,-1.475059,unrelated
S60,S222,Arlington-2023,H41-2023,0,380651,5231023,7568897,1476333,-1.114554,unrelated
S60,S223,Arlington-2023,H41-2023,0,1015961,4284834,7568897,3926923,-0.657083,unrelated
S60,S224,Arlington-2023,H41-2023,0,2168369,3154114,7568897,7733862,-0.270530,unrelated
S60,S225,Arlington-2023,H41-2023,0,1901686,3482612,7568897,7293024,-0.340705,unrelated
S60,S250,Arlington-2023,H66-2023,0,1988686,3380080,7568897,7497400,-0.316699,unrelated
S60,S251,Arlington-2023,H66-2023,0,1891595,3497399,7568897,7298189,-0.343255,unrelated
S60,S252,Arlington-2023,H66-2023,0,2096195,3242419,7568897,7784671,-0.285839,unrelated
S60,S253,Arlington-2023,H66-2023,0,2068108,3407968,7568897,7828319,-0.308356,unrelated
S60,S254,Arlington-2023,H66-2023,0,2105883,3334262,7568897,7899268,-0.294970,unrelated
S60,S255,Arlington-2023,H66-2023,0,1614061,3775170,7568897,6261999,-0.429204,unrelated
S60,S256,Arlington-2023,H66-2023,0,1878351,3573049,7568897,7050507,-0.360326,unrelated
S60,S257,Arlington-2023,H66-2023,0,1942398,3483766,7568897,7226941,-0.339632,unrelated
S60,S258,Arlington-2023,H66-2023,0,1986116,3368678,7568897,7345804,-0.318561,unrelated
S60,S259,Arlington-2023,H66-2023,0,2059397,3390676,7568897,7685226,-0.309553,unrelated
S60,S260,Arlington-2023,H66-2023,0,2108989,3346997,7568897,7760564,-0.299098,unrelated
S60,S288,Arlington-2023,Du-2023,0,2084423,3242202,7568897,7781391,-0.286638,unrelated
S60,S289,Arlington-2023,Du-2023,0,2167570,3246173,7568897,8243626,-0.273503,unrelated
S60,S290,Arlington-2023,Du-2023,0,2242567,3116883,7568897,8328446,-0.251061,unrelated
S60,S291,Arlington-2023,Du-2023,0,2240822,3180897,7568897,8614604,-0.254640,unrelated
S60,S292,Arlington-2023,Du-2023,0,2422189,2957284,7568897,9175472,-0.208570,unrelated
S60,S293,Arlington-2023,Du-2023,0,2397174,3017316,7568897,9002064,-0.219508,unrelated
S60,S294,Arlington-2023,Du-2023,0,2177466,3293875,7568897,8280057,-0.278270,unrelated
S60,S312,Arlington-2023,OkrayGrosheks40-2023,0,2094178,3352453,7568897,7983456,-0.296465,unrelated
S60,S313,Arlington-2023,OkrayGrosheks40-2023,0,1977402,3428518,7568897,7465948,-0.324555,unrelated
S60,S314,Arlington-2023,OkrayGrosheks40-2023,0,2018179,3423873,7568897,7693326,-0.316439,unrelated
S60,S315,Arlington-2023,OkrayGrosheks40-2023,0,2116189,3271095,7568897,7911196,-0.285916,unrelated
S60,S316,Arlington-2023,OkrayGrosheks40-2023,0,2057039,3409147,7568897,7767507,-0.310454,unrelated
S60,S317,Arlington-2023,OkrayGrosheks40-2023,0,2185683,3201162,7568897,8428115,-0.263589,unrelated
S60,S318,Arlington-2023,OkrayGrosheks40-2023,0,1990223,3389918,7568897,7352916,-0.320981,unrelated
S60,S328,Arlington-2023,LaszSE-O14-2023,0,2026071,3436279,7568897,7746042,-0.316455,unrelated
S60,S329,Arlington-2023,LaszSE-O14-2023,0,2033206,3402707,7568897,7797235,-0.310567,unrelated
S60,S330,Arlington-2023,LaszSE-O14-2023,0,1957776,3409389,7568897,7462058,-0.323399,unrelated
S60,S331,Arlington-2023,LaszSE-O14-2023,0,2026325,3326648,7568897,7438819,-0.308306,unrelated
S60,S332,Arlington-2023,LaszSE-O14-2023,0,2187484,3250187,7568897,8314732,-0.271531,unrelated
S60,S370,Arlington-2023,BrikalskiPats-2023,0,1920887,3490985,7568897,7223088,-0.342150,unrelated
S60,S371,Arlington-2023,BrikalskiPats-2023,0,2087812,3298869,7568897,7850890,-0.292477,unrelated
S60,S372,Arlington-2023,BrikalskiPats-2023,0,2176674,3293216,7568897,7962119,-0.283932,unrelated
S60,S373,Arlington-2023,BrikalskiPats-2023,0,2013842,3443319,7568897,7688767,-0.319367,unrelated
S60,S374,Arlington-2023,BrikalskiPats-2023,0,1997936,3537622,7568897,7505467,-0.336817,unrelated
S60,S375,Arlington-2023,BrikalskiPats-2023,0,2049749,3494180,7568897,7610693,-0.325345,unrelated
S60,S376,Arlington-2023,BrikalskiPats-2023,0,2017888,3460726,7568897,7674386,-0.321687,unrelated
S60,S386,Arlington-2023,DaveBrilowski-2023,0,2015983,3519801,7568897,7581179,-0.331590,unrelated
S60,S387,Arlington-2023,DaveBrilowski-2023,0,1955579,3467796,7568897,7340180,-0.334026,unrelated
S60,S388,Arlington-2023,DaveBrilowski-2023,0,2058451,3407982,7568897,7711070,-0.311356,unrelated
S60,S389,Arlington-2023,DaveBrilowski-2023,0,1997163,3452305,7568897,7419012,-0.327427,unrelated
S60,S390,Arlington-2023,DaveBrilowski-2023,0,2088092,3300987,7568897,7664668,-0.296312,unrelated
S60,S391,Arlington-2023,DaveBrilowski-2023,0,2016995,3518792,7568897,7786721,-0.326955,unrelated
S60,S392,Arlington-2023,DaveBrilowski-2023,0,2084567,3366792,7568897,7941139,-0.299743,unrelated
S60,S418,Arlington-2023,Wysocki1129-2023,0,2030188,3411925,7568897,7606408,-0.315886,unrelated
S60,S419,Arlington-2023,Wysocki1129-2023,0,1962624,3399424,7568897,7110209,-0.329463,unrelated
S60,S420,Arlington-2023,Wysocki1129-2023,0,2063550,3317253,7568897,7733647,-0.298706,unrelated
S60,S421,Arlington-2023,Wysocki1129-2023,0,2120341,3270512,7568897,7799266,-0.287652,unrelated
S60,S422,Arlington-2023,Wysocki1129-2023,0,2040993,3632348,7568897,7735411,-0.341322,unrelated
S60,S423,Arlington-2023,Wysocki1129-2023,0,2127606,3266229,7568897,7838314,-0.285895,unrelated
S60,S424,Arlington-2023,Wysocki1129-2023,0,1975831,3510918,7568897,7581744,-0.333056,unrelated
S60,S442,Arlington-2023,Wedekind_3-2023,0,1686400,3804449,7568897,6337465,-0.425884,unrelated
S60,S443,Arlington-2023,Wedekind_3-2023,0,1963489,3425641,7568897,7460484,-0.325216,unrelated
S60,S444,Arlington-2023,Wedekind_3-2023,0,1980752,3529084,7568897,7291631,-0.341671,unrelated
S60,S445,Arlington-2023,Wedekind_3-2023,0,2030871,3510007,7568897,7860728,-0.323348,unrelated
S60,S446,Arlington-2023,Wedekind_3-2023,0,1992133,3408916,7568897,7648040,-0.317127,unrelated
S60,S447,Arlington-2023,Wedekind_3-2023,0,2091410,3374463,7568897,7678231,-0.305468,unrelated
S60,S448,Arlington-2023,Wedekind_3-2023,0,1974341,3457555,7568897,7296097,-0.332376,unrelated
S60,S474,Arlington-2023,Airport04-2023,0,2128439,3230301,7568897,7804708,-0.281792,unrelated
S60,S475,Arlington-2023,Airport04-2023,0,2162650,3179950,7568897,8082784,-0.268166,unrelated
S60,S476,Arlington-2023,Airport04-2023,0,2015344,3286185,7568897,7482884,-0.302757,unrelated
S60,S477,Arlington-2023,Airport04-2023,0,2040576,3239727,7568897,7485865,-0.294849,unrelated
S60,S478,Arlington-2023,Airport04-2023,0,2090472,3238870,7568897,7652969,-0.288221,unrelated
S60,S479,Arlington-2023,Airport04-2023,0,2003186,3425861,7568897,7412292,-0.323642,unrelated
S60,S480,Arlington-2023,Airport04-2023,0,1846129,3476733,7568897,6986357,-0.350893,unrelated
S61,S62,Arlington-2023,Arlington-2023,1,2001824,3443866,7707594,7384548,-0.323739,unrelated
S61,S63,Arlington-2023,Arlington-2023,1,2090081,3338986,7707594,7844966,-0.294993,unrelated
S61,S64,Arlington-2023,Arlington-2023,1,2046577,3366350,7707594,7466015,-0.308834,unrelated
S61,S77,Arlington-2023,C5-2023,0,2098713,3329686,7707594,7866137,-0.292843,unrelated
S61,S78,Arlington-2023,C5-2023,0,1999138,3386593,7707594,7194609,-0.320359,unrelated
S61,S79,Arlington-2023,C5-2023,0,2143095,3239162,7707594,7781078,-0.279897,unrelated
S61,S80,Arlington-2023,C5-2023,0,2132972,3247950,7707594,7723029,-0.282745,unrelated
S61,S81,Arlington-2023,C5-2023,0,2018284,3575383,7707594,7557553,-0.336222,unrelated
S61,S82,Arlington-2023,C5-2023,0,2099109,3289000,7707594,7539134,-0.293761,unrelated
S61,S83,Arlington-2023,C5-2023,0,2039564,3466040,7707594,7418769,-0.323443,unrelated
S61,S109,Arlington-2023,C44-L15-2023,0,1999798,3391043,7707594,7182952,-0.321163,unrelated
S61,S110,Arlington-2023,C44-L15-2023,0,2084511,3319013,7707594,7579950,-0.297858,unrelated
S61,S111,Arlington-2023,C44-L15-2023,0,2112900,3387166,7707594,8035390,-0.296096,unrelated
S61,S112,Arlington-2023,C44-L15-2023,0,2086736,3251961,7707594,7532210,-0.289845,unrelated
S61,S113,Arlington-2023,C44-L15-2023,0,1992707,3367151,7707594,7281389,-0.316339,unrelated
S61,S114,Arlington-2023,C44-L15-2023,0,2037327,3275433,7707594,7409290,-0.298576,unrelated
S61,S115,Arlington-2023,C44-L15-2023,0,2153757,3260510,7707594,7776122,-0.282055,unrelated
S61,S133,Arlington-2023,Aartz-2023,0,2058146,3334125,7707594,7481338,-0.303517,unrelated
S61,S134,Arlington-2023,Aartz-2023,0,1967267,3421164,7707594,7342694,-0.323918,unrelated
S61,S135,Arlington-2023,Aartz-2023,0,1937337,3473090,7707594,7171059,-0.336646,unrelated
S61,S136,Arlington-2023,Aartz-2023,0,2125071,3256480,7707594,7775212,-0.283404,unrelated
S61,S137,Arlington-2023,Aartz-2023,0,2083466,3264975,7707594,7535158,-0.291711,unrelated
S61,S145,Arlington-2023,XMASBig-2023,0,2118974,3330552,7707594,7857668,-0.291812,unrelated
S61,S146,Arlington-2023,XMASBig-2023,0,2007495,3391352,7707594,7511950,-0.313755,unrelated
S61,S147,Arlington-2023,XMASBig-2023,0,2151081,3238317,7707594,7708191,-0.280592,unrelated
S61,S148,Arlington-2023,XMASBig-2023,0,2184655,3223760,7707594,7944143,-0.272357,unrelated
S61,S149,Arlington-2023,XMASBig-2023,0,1992640,3376215,7707594,7327686,-0.316575,unrelated
S61,S167,Arlington-2023,GarrisonNE-2023,0,2009980,3461869,7707594,7689066,-0.319144,unrelated
S61,S168,Arlington-2023,GarrisonNE-2023,0,1987143,3354102,7707594,7345950,-0.313618,unrelated
S61,S169,Arlington-2023,GarrisonNE-2023,0,2035158,3396668,7707594,7604273,-0.310751,unrelated
S61,S170,Arlington-2023,GarrisonNE-2023,0,2119833,3364175,7707594,7764576,-0.297858,unrelated
S61,S171,Arlington-2023,GarrisonNE-2023,0,2088620,3321073,7707594,7653982,-0.296423,unrelated
S61,S172,Arlington-2023,GarrisonNE-2023,0,1962844,3291755,7707594,7231927,-0.309291,unrelated
S61,S173,Arlington-2023,GarrisonNE-2023,0,1959536,3276551,7707594,7337001,-0.305330,unrelated
S61,S185,Arlington-2023,H10-2023,0,2025105,3248623,7707594,7318923,-0.297617,unrelated
S61,S186,Arlington-2023,H10-2023,0,2091316,3339139,7707594,7677072,-0.298152,unrelated
S61,S187,Arlington-2023,H10-2023,0,2077726,3247376,7707594,7514517,-0.290172,unrelated
S61,S188,Arlington-2023,H10-2023,0,1930267,3366044,7707594,7202055,-0.322061,unrelated
S61,S189,Arlington-2023,H10-2023,0,2288017,3052156,7707594,8104414,-0.241354,unrelated
S61,S190,Arlington-2023,H10-2023,0,2081276,3337981,7707594,7760518,-0.297042,unrelated
S61,S191,Arlington-2023,H10-2023,0,1952530,3492853,7707594,7306259,-0.335235,unrelated
S61,S206,Arlington-2023,H15-2023,0,2114015,3112244,7707594,7783850,-0.265338,unrelated
S61,S207,Arlington-2023,H15-2023,0,2035751,3402694,7707594,7707947,-0.309404,unrelated
S61,S208,Arlington-2023,H15-2023,0,2047763,3426051,7707594,7490866,-0.316107,unrelated
S61,S209,Arlington-2023,H15-2023,0,2062909,3396818,7707594,7723624,-0.306569,unrelated
S61,S210,Arlington-2023,H15-2023,0,2134626,3372259,7707594,7739257,-0.298436,unrelated
S61,S211,Arlington-2023,H15-2023,0,2033370,3421826,7707594,7405367,-0.318289,unrelated
S61,S212,Arlington-2023,H15-2023,0,815976,4610282,7707594,3113003,-0.776721,unrelated
S61,S219,Arlington-2023,H41-2023,0,2063558,3132200,7707594,7585961,-0.274681,unrelated
S61,S220,Arlington-2023,H41-2023,0,1938529,3167841,7707594,7179670,-0.295363,unrelated
S61,S221,Arlington-2023,H41-2023,0,41401,5743769,7707594,158911,-1.455047,unrelated
S61,S222,Arlington-2023,H41-2023,0,386642,5246444,7707594,1476333,-1.100428,unrelated
S61,S223,Arlington-2023,H41-2023,0,1039546,4285816,7707594,3926923,-0.647391,unrelated
S61,S224,Arlington-2023,H41-2023,0,2128275,3154958,7707594,7733862,-0.270806,unrelated
S61,S225,Arlington-2023,H41-2023,0,1955099,3444561,7707594,7293024,-0.328921,unrelated
S61,S250,Arlington-2023,H66-2023,0,2041197,3398080,7707594,7497400,-0.312724,unrelated
S61,S251,Arlington-2023,H66-2023,0,1943219,3429147,7707594,7298189,-0.327545,unrelated
S61,S252,Arlington-2023,H66-2023,0,2108611,3312981,7707594,7784671,-0.291588,unrelated
S61,S253,Arlington-2023,H66-2023,0,2080135,3388504,7707594,7828319,-0.302324,unrelated
S61,S254,Arlington-2023,H66-2023,0,2107425,3307804,7707594,7899268,-0.288859,unrelated
S61,S255,Arlington-2023,H66-2023,0,1661928,3710889,7707594,6261999,-0.412313,unrelated
S61,S256,Arlington-2023,H66-2023,0,1931609,3385352,7707594,7050507,-0.327894,unrelated
S61,S257,Arlington-2023,H66-2023,0,1962579,3470788,7707594,7226941,-0.333388,unrelated
S61,S258,Arlington-2023,H66-2023,0,2029108,3348813,7707594,7345804,-0.310131,unrelated
S61,S259,Arlington-2023,H66-2023,0,2128859,3300577,7707594,7685226,-0.290544,unrelated
S61,S260,Arlington-2023,H66-2023,0,2128063,3263730,7707594,7760564,-0.284416,unrelated
S61,S288,Arlington-2023,Du-2023,0,2141200,3202454,7707594,7781391,-0.275274,unrelated
S61,S289,Arlington-2023,Du-2023,0,2264279,3116068,7707594,8243626,-0.248749,unrelated
S61,S290,Arlington-2023,Du-2023,0,2293383,3134077,7707594,8328446,-0.247865,unrelated
S61,S291,Arlington-2023,Du-2023,0,2264168,3147655,7707594,8614604,-0.246973,unrelated
S61,S292,Arlington-2023,Du-2023,0,2484434,2922707,7707594,9175472,-0.199074,unrelated
S61,S293,Arlington-2023,Du-2023,0,2421875,2931340,7707594,9002064,-0.205917,unrelated
S61,S294,Arlington-2023,Du-2023,0,2222298,3229112,7707594,8280057,-0.264950,unrelated
S61,S312,Arlington-2023,OkrayGrosheks40-2023,0,2200451,3288728,7707594,7983456,-0.278949,unrelated
S61,S313,Arlington-2023,OkrayGrosheks40-2023,0,2003560,3323978,7707594,7465948,-0.306085,unrelated
S61,S314,Arlington-2023,OkrayGrosheks40-2023,0,2067563,3327957,7707594,7693326,-0.297927,unrelated
S61,S315,Arlington-2023,OkrayGrosheks40-2023,0,2156524,3271075,7707594,7911196,-0.280792,unrelated
S61,S316,Arlington-2023,OkrayGrosheks40-2023,0,2084994,3364190,7707594,7767507,-0.300055,unrelated
S61,S317,Arlington-2023,OkrayGrosheks40-2023,0,2199186,3208162,7707594,8428115,-0.261354,unrelated
S61,S318,Arlington-2023,OkrayGrosheks40-2023,0,1983558,3377440,7707594,7352916,-0.316810,unrelated
S61,S328,Arlington-2023,LaszSE-O14-2023,0,2098614,3365496,7707594,7746042,-0.299760,unrelated
S61,S329,Arlington-2023,LaszSE-O14-2023,0,2078655,3281999,7707594,7797235,-0.289287,unrelated
S61,S330,Arlington-2023,LaszSE-O14-2023,0,1974277,3463237,7707594,7462058,-0.326454,unrelated
S61,S331,Arlington-2023,LaszSE-O14-2023,0,2051159,3384586,7707594,7438819,-0.311494,unrelated
S61,S332,Arlington-2023,LaszSE-O14-2023,0,2238161,3188669,7707594,8314732,-0.258338,unrelated
S61,S370,Arlington-2023,BrikalskiPats-2023,0,1962606,3483236,7707594,7223088,-0.335140,unrelated
S61,S371,Arlington-2023,BrikalskiPats-2023,0,2107186,3316540,7707594,7850890,-0.290896,unrelated
S61,S372,Arlington-2023,BrikalskiPats-2023,0,2205358,3223888,7707594,7962119,-0.270740,unrelated
S61,S373,Arlington-2023,BrikalskiPats-2023,0,2069639,3327142,7707594,7688767,-0.297775,unrelated
S61,S374,Arlington-2023,BrikalskiPats-2023,0,2053240,3453014,7707594,7505467,-0.318988,unrelated
S61,S375,Arlington-2023,BrikalskiPats-2023,0,2095163,3329324,7707594,7610693,-0.297911,unrelated
S61,S376,Arlington-2023,BrikalskiPats-2023,0,2034013,3444820,7707594,7674386,-0.315670,unrelated
S61,S386,Arlington-2023,DaveBrilowski-2023,0,2037690,3426575,7707594,7581179,-0.314967,unrelated
S61,S387,Arlington-2023,DaveBrilowski-2023,0,2004681,3413941,7707594,7340180,-0.320526,unrelated
S61,S388,Arlington-2023,DaveBrilowski-2023,0,2072515,3358000,7707594,7711070,-0.301160,unrelated
S61,S389,Arlington-2023,DaveBrilowski-2023,0,1973426,3509025,7707594,7419012,-0.333493,unrelated
S61,S390,Arlington-2023,DaveBrilowski-2023,0,2117729,3276903,7707594,7664668,-0.288577,unrelated
S61,S391,Arlington-2023,DaveBrilowski-2023,0,2068966,3419805,7707594,7786721,-0.307896,unrelated
S61,S392,Arlington-2023,DaveBrilowski-2023,0,2120902,3313021,7707594,7941139,-0.287892,unrelated
S61,S418,Arlington-2023,Wysocki1129-2023,0,2081476,3306687,7707594,7606408,-0.295932,unrelated
S61,S419,Arlington-2023,Wysocki1129-2023,0,1942106,3452390,7707594,7110209,-0.334913,unrelated
S61,S420,Arlington-2023,Wysocki1129-2023,0,2132608,3260480,7707594,7733647,-0.284197,unrelated
S61,S421,Arlington-2023,Wysocki1129-2023,0,2151736,3211379,7707594,7799266,-0.275428,unrelated
S61,S422,Arlington-2023,Wysocki1129-2023,0,2077491,3562519,7707594,7735411,-0.326850,unrelated
S61,S423,Arlington-2023,Wysocki1129-2023,0,2126049,3332730,7707594,7838314,-0.292000,unrelated
S61,S424,Arlington-2023,Wysocki1129-2023,0,2023872,3400600,7707594,7581744,-0.312461,unrelated
S61,S442,Arlington-2023,Wedekind_3-2023,0,1705006,3745945,7707594,6337465,-0.412023,unrelated
S61,S443,Arlington-2023,Wedekind_3-2023,0,1995416,3432869,7707594,7460484,-0.321090,unrelated
S61,S444,Arlington-2023,Wedekind_3-2023,0,1997261,3461415,7707594,7291631,-0.328388,unrelated
S61,S445,Arlington-2023,Wedekind_3-2023,0,2101208,3388842,7707594,7860728,-0.300384,unrelated
S61,S446,Arlington-2023,Wedekind_3-2023,0,2066375,3377170,7707594,7648040,-0.305293,unrelated
S61,S447,Arlington-2023,Wedekind_3-2023,0,2097280,3275513,7707594,7678231,-0.289471,unrelated
S61,S448,Arlington-2023,Wedekind_3-2023,0,1975750,3467333,7707594,7296097,-0.330513,unrelated
S61,S474,Arlington-2023,Airport04-2023,0,2096970,3246242,7707594,7804708,-0.283357,unrelated
S61,S475,Arlington-2023,Airport04-2023,0,2255688,3072209,7707594,8082784,-0.246272,unrelated
S61,S476,Arlington-2023,Airport04-2023,0,2031817,3306483,7707594,7482884,-0.301580,unrelated
S61,S477,Arlington-2023,Airport04-2023,0,2067780,3251427,7707594,7485865,-0.291907,unrelated
S61,S478,Arlington-2023,Airport04-2023,0,2115597,3204001,7707594,7652969,-0.279443,unrelated
S61,S479,Arlington-2023,Airport04-2023,0,2045336,3328091,7707594,7412292,-0.304952,unrelated
S61,S480,Arlington-2023,Airport04-2023,0,1898988,3401351,7707594,6986357,-0.333723,unrelated
S62,S63,Arlington-2023,Arlington-2023,1,2137975,3589451,7384548,7844966,-0.330997,unrelated
S62,S64,Arlington-2023,Arlington-2023,1,2044437,3583511,7384548,7466015,-0.344942,unrelated
S62,S77,Arlington-2023,C5-2023,0,2050640,3389158,7384548,7866137,-0.309998,unrelated
S62,S78,Arlington-2023,C5-2023,0,1843112,3615454,7384548,7194609,-0.369555,unrelated
S62,S79,Arlington-2023,C5-2023,0,2076153,3372639,7384548,7781078,-0.307876,unrelated
S62,S80,Arlington-2023,C5-2023,0,2044054,3514545,7384548,7723029,-0.329969,unrelated
S62,S81,Arlington-2023,C5-2023,0,1987458,3707962,7384548,7557553,-0.363300,unrelated
S62,S82,Arlington-2023,C5-2023,0,1987029,3478085,7384548,7539134,-0.332970,unrelated
S62,S83,Arlington-2023,C5-2023,0,1895331,3484321,7384548,7418769,-0.342714,unrelated
S62,S109,Arlington-2023,C44-L15-2023,0,1939522,3706266,7384548,7182952,-0.375700,unrelated
S62,S110,Arlington-2023,C44-L15-2023,0,2011630,3498293,7384548,7579950,-0.333119,unrelated
S62,S111,Arlington-2023,C44-L15-2023,0,2165306,3478979,7384548,8035390,-0.310809,unrelated
S62,S112,Arlington-2023,C44-L15-2023,0,2004180,3445608,7384548,7532210,-0.327621,unrelated
S62,S113,Arlington-2023,C44-L15-2023,0,1892550,3498885,7384548,7281389,-0.348100,unrelated
S62,S114,Arlington-2023,C44-L15-2023,0,2019482,3517860,7384548,7409290,-0.339076,unrelated
S62,S115,Arlington-2023,C44-L15-2023,0,2048582,3438371,7384548,7776122,-0.318466,unrelated
S62,S133,Arlington-2023,Aartz-2023,0,1948045,3506846,7384548,7481338,-0.340756,unrelated
S62,S134,Arlington-2023,Aartz-2023,0,1894723,3776927,7384548,7342694,-0.384263,unrelated
S62,S135,Arlington-2023,Aartz-2023,0,1999248,3620577,7384548,7171059,-0.360130,unrelated
S62,S136,Arlington-2023,Aartz-2023,0,2014875,3441211,7384548,7775212,-0.321083,unrelated
S62,S137,Arlington-2023,Aartz-2023,0,1969624,3373186,7384548,7535158,-0.320164,unrelated
S62,S145,Arlington-2023,XMASBig-2023,0,2014000,3500210,7384548,7857668,-0.327145,unrelated
S62,S146,Arlington-2023,XMASBig-2023,0,1943090,3627349,7384548,7511950,-0.356568,unrelated
S62,S147,Arlington-2023,XMASBig-2023,0,2003522,3475322,7384548,7708191,-0.327782,unrelated
S62,S148,Arlington-2023,XMASBig-2023,0,2155594,3476584,7384548,7944143,-0.312980,unrelated
S62,S149,Arlington-2023,XMASBig-2023,0,2043048,3612971,7384548,7327686,-0.352285,unrelated
S62,S167,Arlington-2023,GarrisonNE-2023,0,2038204,3659161,7384548,7689066,-0.350289,unrelated
S62,S168,Arlington-2023,GarrisonNE-2023,0,2029455,3547061,7384548,7345950,-0.343822,unrelated
S62,S169,Arlington-2023,GarrisonNE-2023,0,2043178,3430712,7384548,7604273,-0.321456,unrelated
S62,S170,Arlington-2023,GarrisonNE-2023,0,1992009,3485632,7384548,7764576,-0.328683,unrelated
S62,S171,Arlington-2023,GarrisonNE-2023,0,2086831,3566276,7384548,7653982,-0.335520,unrelated
S62,S172,Arlington-2023,GarrisonNE-2023,0,1937000,3426835,7384548,7231927,-0.336379,unrelated
S62,S173,Arlington-2023,GarrisonNE-2023,0,1929097,3355971,7384548,7337001,-0.324887,unrelated
S62,S185,Arlington-2023,H10-2023,0,1954335,3424445,7384548,7318923,-0.332884,unrelated
S62,S186,Arlington-2023,H10-2023,0,2014575,3300011,7384548,7677072,-0.304446,unrelated
S62,S187,Arlington-2023,H10-2023,0,1996813,3394834,7384548,7514517,-0.321688,unrelated
S62,S188,Arlington-2023,H10-2023,0,1885389,3646040,7384548,7202055,-0.370661,unrelated
S62,S189,Arlington-2023,H10-2023,0,2137625,3240405,7384548,8104414,-0.280405,unrelated
S62,S190,Arlington-2023,H10-2023,0,2018996,3490422,7384548,7760518,-0.327621,unrelated
S62,S191,Arlington-2023,H10-2023,0,2031294,3595046,7384548,7306259,-0.351158,unrelated
S62,S206,Arlington-2023,H15-2023,0,2026248,3244197,7384548,7783850,-0.294174,unrelated
S62,S207,Arlington-2023,H15-2023,0,1987496,3517885,7384548,7707947,-0.334489,unrelated
S62,S208,Arlington-2023,H15-2023,0,1962959,3451309,7384548,7490866,-0.332069,unrelated
S62,S209,Arlington-2023,H15-2023,0,1998248,3509702,7384548,7723624,-0.332347,unrelated
S62,S210,Arlington-2023,H15-2023,0,1988517,3418327,7384548,7739257,-0.320563,unrelated
S62,S211,Arlington-2023,H15-2023,0,1959076,3457505,7384548,7405367,-0.335089,unrelated
S62,S212,Arlington-2023,H15-2023,0,794264,4735738,7384548,3113003,-0.826594,unrelated
S62,S219,Arlington-2023,H41-2023,0,2026385,3354010,7384548,7585961,-0.312724,unrelated
S62,S220,Arlington-2023,H41-2023,0,1953674,3456055,7384548,7179670,-0.340453,unrelated
S62,S221,Arlington-2023,H41-2023,0,40195,5877276,7384548,158911,-1.552916,unrelated
S62,S222,Arlington-2023,H41-2023,0,375490,5371015,7384548,1476333,-1.169922,unrelated
S62,S223,Arlington-2023,H41-2023,0,976394,4407418,7384548,3926923,-0.692964,unrelated
S62,S224,Arlington-2023,H41-2023,0,2072219,3334368,7384548,7733862,-0.304034,unrelated
S62,S225,Arlington-2023,H41-2023,0,1955576,3578190,7384548,7293024,-0.354337,unrelated
S62,S250,Arlington-2023,H66-2023,0,2038181,3640390,7384548,7497400,-0.352279,unrelated
S62,S251,Arlington-2023,H66-2023,0,1968088,3702975,7384548,7298189,-0.370358,unrelated
S62,S252,Arlington-2023,H66-2023,0,2046829,3374919,7384548,7784671,-0.310036,unrelated
S62,S253,Arlington-2023,H66-2023,0,2028520,3463661,7384548,7828319,-0.322017,unrelated
S62,S254,Arlington-2023,H66-2023,0,1977411,3474623,7384548,7899268,-0.325301,unrelated
S62,S255,Arlington-2023,H66-2023,0,1551147,3951205,7384548,6261999,-0.465412,unrelated
S62,S256,Arlington-2023,H66-2023,0,1962113,3692830,7384548,7050507,-0.375721,unrelated
S62,S257,Arlington-2023,H66-2023,0,1957410,3605848,7384548,7226941,-0.359600,unrelated
S62,S258,Arlington-2023,H66-2023,0,2008614,3521021,7384548,7345804,-0.341705,unrelated
S62,S259,Arlington-2023,H66-2023,0,2016987,3420397,7384548,7685226,-0.320098,unrelated
S62,S260,Arlington-2023,H66-2023,0,2037551,3428735,7384548,7760564,-0.318249,unrelated
S62,S288,Arlington-2023,Du-2023,0,2092025,3449282,7384548,7781391,-0.316930,unrelated
S62,S289,Arlington-2023,Du-2023,0,2171877,3274071,7384548,8243626,-0.280024,unrelated
S62,S290,Arlington-2023,Du-2023,0,2174290,3175765,7384548,8328446,-0.265846,unrelated
S62,S291,Arlington-2023,Du-2023,0,2303483,3213173,7384548,8614604,-0.257693,unrelated
S62,S292,Arlington-2023,Du-2023,0,2410709,3129137,7384548,9175472,-0.232341,unrelated
S62,S293,Arlington-2023,Du-2023,0,2371182,3064743,7384548,9002064,-0.229352,unrelated
S62,S294,Arlington-2023,Du-2023,0,2146758,3214739,7384548,8280057,-0.273401,unrelated
S62,S312,Arlington-2023,OkrayGrosheks40-2023,0,2088015,3379861,7384548,7983456,-0.303989,unrelated
S62,S313,Arlington-2023,OkrayGrosheks40-2023,0,2011217,3532155,7384548,7465948,-0.340264,unrelated
S62,S314,Arlington-2023,OkrayGrosheks40-2023,0,2102426,3518996,7384548,7693326,-0.327338,unrelated
S62,S315,Arlington-2023,OkrayGrosheks40-2023,0,2106436,3380884,7384548,7911196,-0.304355,unrelated
S62,S316,Arlington-2023,OkrayGrosheks40-2023,0,2097353,3514374,7384548,7767507,-0.325460,unrelated
S62,S317,Arlington-2023,OkrayGrosheks40-2023,0,2125437,3300733,7384548,8428115,-0.283066,unrelated
S62,S318,Arlington-2023,OkrayGrosheks40-2023,0,1986685,3618166,7384548,7352916,-0.356211,unrelated
S62,S328,Arlington-2023,LaszSE-O14-2023,0,2115482,3499140,7384548,7746042,-0.322710,unrelated
S62,S329,Arlington-2023,LaszSE-O14-2023,0,2040154,3567981,7384548,7797235,-0.335653,unrelated
S62,S330,Arlington-2023,LaszSE-O14-2023,0,1987333,3612057,7384548,7462058,-0.352726,unrelated
S62,S331,Arlington-2023,LaszSE-O14-2023,0,1990282,3582529,7384548,7438819,-0.349096,unrelated
S62,S332,Arlington-2023,LaszSE-O14-2023,0,2221761,3200545,7384548,8314732,-0.266212,unrelated
S62,S370,Arlington-2023,BrikalskiPats-2023,0,1988203,3570698,7384548,7223088,-0.352774,unrelated
S62,S371,Arlington-2023,BrikalskiPats-2023,0,1999319,3532334,7384548,7850890,-0.332472,unrelated
S62,S372,Arlington-2023,BrikalskiPats-2023,0,2066144,3423461,7384548,7962119,-0.311519,unrelated
S62,S373,Arlington-2023,BrikalskiPats-2023,0,1998668,3550884,7384548,7688767,-0.338552,unrelated
S62,S374,Arlington-2023,BrikalskiPats-2023,0,1955720,3545729,7384548,7505467,-0.344912,unrelated
S62,S375,Arlington-2023,BrikalskiPats-2023,0,2022379,3375876,7384548,7610693,-0.315392,unrelated
S62,S376,Arlington-2023,BrikalskiPats-2023,0,2045017,3613330,7384548,7674386,-0.344091,unrelated
S62,S386,Arlington-2023,DaveBrilowski-2023,0,1956700,3493638,7384548,7581179,-0.336140,unrelated
S62,S387,Arlington-2023,DaveBrilowski-2023,0,2037425,3576583,7384548,7340180,-0.347425,unrelated
S62,S388,Arlington-2023,DaveBrilowski-2023,0,1995519,3510928,7384548,7711070,-0.332967,unrelated
S62,S389,Arlington-2023,DaveBrilowski-2023,0,2035521,3496420,7384548,7419012,-0.334873,unrelated
S62,S390,Arlington-2023,DaveBrilowski-2023,0,1977769,3478592,7384548,7664668,-0.330875,unrelated
S62,S391,Arlington-2023,DaveBrilowski-2023,0,2004968,3497818,7384548,7786721,-0.328955,unrelated
S62,S392,Arlington-2023,DaveBrilowski-2023,0,2017686,3517154,7384548,7941139,-0.327334,unrelated
S62,S418,Arlington-2023,Wysocki1129-2023,0,2079020,3449238,7384548,7606408,-0.321491,unrelated
S62,S419,Arlington-2023,Wysocki1129-2023,0,1830953,3620591,7384548,7110209,-0.373254,unrelated
S62,S420,Arlington-2023,Wysocki1129-2023,0,2015123,3432464,7384548,7733647,-0.320793,unrelated
S62,S421,Arlington-2023,Wysocki1129-2023,0,2049836,3344652,7384548,7799266,-0.305554,unrelated
S62,S422,Arlington-2023,Wysocki1129-2023,0,2024129,3678351,7384548,7735411,-0.352684,unrelated
S62,S423,Arlington-2023,Wysocki1129-2023,0,2028272,3330886,7384548,7838314,-0.304378,unrelated
S62,S424,Arlington-2023,Wysocki1129-2023,0,2007084,3672401,7384548,7581744,-0.356649,unrelated
S62,S442,Arlington-2023,Wedekind_3-2023,0,1653965,3673202,7384548,6337465,-0.414840,unrelated
S62,S443,Arlington-2023,Wedekind_3-2023,0,1957721,3515161,7384548,7460484,-0.341704,unrelated
S62,S444,Arlington-2023,Wedekind_3-2023,0,1933987,3501423,7384548,7291631,-0.345380,unrelated
S62,S445,Arlington-2023,Wedekind_3-2023,0,1998721,3491638,7384548,7860728,-0.326957,unrelated
S62,S446,Arlington-2023,Wedekind_3-2023,0,1953794,3454726,7384548,7648040,-0.329661,unrelated
S62,S447,Arlington-2023,Wedekind_3-2023,0,2064365,3459270,7384548,7678231,-0.322263,unrelated
S62,S448,Arlington-2023,Wedekind_3-2023,0,2006168,3542370,7384548,7296097,-0.345937,unrelated
S62,S474,Arlington-2023,Airport04-2023,0,1998495,3383738,7384548,7804708,-0.313971,unrelated
S62,S475,Arlington-2023,Airport04-2023,0,2105474,3254513,7384548,8082784,-0.284700,unrelated
S62,S476,Arlington-2023,Airport04-2023,0,1950111,3399214,7384548,7482884,-0.326103,unrelated
S62,S477,Arlington-2023,Airport04-2023,0,1947182,3451523,7384548,7485865,-0.333270,unrelated
S62,S478,Arlington-2023,Airport04-2023,0,2043719,3374730,7384548,7652969,-0.312933,unrelated
S62,S479,Arlington-2023,Airport04-2023,0,1922351,3437129,7384548,7412292,-0.334660,unrelated
S62,S480,Arlington-2023,Airport04-2023,0,1834339,3699320,7384548,6986357,-0.387192,unrelated
S63,S64,Arlington-2023,Arlington-2023,1,2136587,3493411,7844966,7466015,-0.316781,unrelated
S63,S77,Arlington-2023,C5-2023,0,2245238,3396914,7844966,7866137,-0.289514,unrelated
S63,S78,Arlington-2023,C5-2023,0,1920514,3552453,7844966,7194609,-0.344717,unrelated
S63,S79,Arlington-2023,C5-2023,0,2173492,3325492,7844966,7781078,-0.286540,unrelated
S63,S80,Arlington-2023,C5-2023,0,2143151,3474230,7844966,7723029,-0.308666,unrelated
S63,S81,Arlington-2023,C5-2023,0,2113550,3429935,7844966,7557553,-0.308152,unrelated
S63,S82,Arlington-2023,C5-2023,0,2072339,3450398,7844966,7539134,-0.313860,unrelated
S63,S83,Arlington-2023,C5-2023,0,1985189,3440898,7844966,7418769,-0.320800,unrelated
S63,S109,Arlington-2023,C44-L15-2023,0,2025555,3536515,7844966,7182952,-0.335873,unrelated
S63,S110,Arlington-2023,C44-L15-2023,0,2094956,3467909,7844966,7579950,-0.313834,unrelated
S63,S111,Arlington-2023,C44-L15-2023,0,2394487,3377471,7844966,8035390,-0.274582,unrelated
S63,S112,Arlington-2023,C44-L15-2023,0,2063285,3421890,7844966,7532210,-0.310883,unrelated
S63,S113,Arlington-2023,C44-L15-2023,0,1946198,3544919,7844966,7281389,-0.340045,unrelated
S63,S114,Arlington-2023,C44-L15-2023,0,2054537,3495263,7844966,7409290,-0.323581,unrelated
S63,S115,Arlington-2023,C44-L15-2023,0,2114808,3448770,7844966,7776122,-0.306172,unrelated
S63,S133,Arlington-2023,Aartz-2023,0,2039710,3475385,7844966,7481338,-0.320433,unrelated
S63,S134,Arlington-2023,Aartz-2023,0,2183454,3589533,7844966,7342694,-0.328926,unrelated
S63,S135,Arlington-2023,Aartz-2023,0,2037558,3609930,7844966,7171059,-0.345118,unrelated
S63,S136,Arlington-2023,Aartz-2023,0,2245463,3362615,7844966,7775212,-0.286794,unrelated
S63,S137,Arlington-2023,Aartz-2023,0,2061790,3383764,7844966,7535158,-0.305962,unrelated
S63,S145,Arlington-2023,XMASBig-2023,0,2203474,3399757,7844966,7857668,-0.292692,unrelated
S63,S146,Arlington-2023,XMASBig-2023,0,2151169,3550489,7844966,7511950,-0.322318,unrelated
S63,S147,Arlington-2023,XMASBig-2023,0,2123989,3413307,7844966,7708191,-0.302358,unrelated
S63,S148,Arlington-2023,XMASBig-2023,0,2265930,3370708,7844966,7944143,-0.283454,unrelated
S63,S149,Arlington-2023,XMASBig-2023,0,2102616,3631970,7844966,7327686,-0.340173,unrelated
S63,S167,Arlington-2023,GarrisonNE-2023,0,2286205,3439035,7844966,7689066,-0.295600,unrelated
S63,S168,Arlington-2023,GarrisonNE-2023,0,2095717,3511841,7844966,7345950,-0.324402,unrelated
S63,S169,Arlington-2023,GarrisonNE-2023,0,2117169,3493302,7844966,7604273,-0.315189,unrelated
S63,S170,Arlington-2023,GarrisonNE-2023,0,2153243,3355779,7844966,7764576,-0.292021,unrelated
S63,S171,Arlington-2023,GarrisonNE-2023,0,2193011,3496343,7844966,7653982,-0.309677,unrelated
S63,S172,Arlington-2023,GarrisonNE-2023,0,2005393,3470708,7844966,7231927,-0.327390,unrelated
S63,S173,Arlington-2023,GarrisonNE-2023,0,1966935,3390726,7844966,7337001,-0.317121,unrelated
S63,S185,Arlington-2023,H10-2023,0,2018655,3424999,7844966,7318923,-0.318608,unrelated
S63,S186,Arlington-2023,H10-2023,0,2093397,3328832,7844966,7677072,-0.294051,unrelated
S63,S187,Arlington-2023,H10-2023,0,2065895,3387891,7844966,7514517,-0.306644,unrelated
S63,S188,Arlington-2023,H10-2023,0,2103149,3628121,7844966,7202055,-0.342466,unrelated
S63,S189,Arlington-2023,H10-2023,0,2263112,3079494,7844966,8104414,-0.244265,unrelated
S63,S190,Arlington-2023,H10-2023,0,2280194,3423443,7844966,7760518,-0.292634,unrelated
S63,S191,Arlington-2023,H10-2023,0,2054805,3570986,7844966,7306259,-0.335759,unrelated
S63,S206,Arlington-2023,H15-2023,0,2062995,3250546,7844966,7783850,-0.283969,unrelated
S63,S207,Arlington-2023,H15-2023,0,2140523,3524876,7844966,7707947,-0.315647,unrelated
S63,S208,Arlington-2023,H15-2023,0,1999096,3412869,7844966,7490866,-0.314730,unrelated
S63,S209,Arlington-2023,H15-2023,0,2246442,3435059,7844966,7723624,-0.296987,unrelated
S63,S210,Arlington-2023,H15-2023,0,2071843,3317517,7844966,7739257,-0.292808,unrelated
S63,S211,Arlington-2023,H15-2023,0,2031766,3439642,7844966,7405367,-0.317863,unrelated
S63,S212,Arlington-2023,H15-2023,0,806489,4828123,7844966,3113003,-0.807609,unrelated
S63,S219,Arlington-2023,H41-2023,0,2085994,3377281,7844966,7585961,-0.302546,unrelated
S63,S220,Arlington-2023,H41-2023,0,2002339,3330258,7844966,7179670,-0.310036,unrelated
S63,S221,Arlington-2023,H41-2023,0,42136,5984335,7844966,158911,-1.490095,unrelated
S63,S222,Arlington-2023,H41-2023,0,379614,5468541,7844966,1476333,-1.132618,unrelated
S63,S223,Arlington-2023,H41-2023,0,995382,4493805,7844966,3926923,-0.678925,unrelated
S63,S224,Arlington-2023,H41-2023,0,2153914,3417895,7844966,7733862,-0.300528,unrelated
S63,S225,Arlington-2023,H41-2023,0,2186442,3521762,7844966,7293024,-0.320854,unrelated
S63,S250,Arlington-2023,H66-2023,0,2139465,3581342,7844966,7497400,-0.327408,unrelated
S63,S251,Arlington-2023,H66-2023,0,2233874,3482459,7844966,7298189,-0.312421,unrelated
S63,S252,Arlington-2023,H66-2023,0,2132434,3369721,7844966,7784671,-0.294761,unrelated
S63,S253,Arlington-2023,H66-2023,0,2222017,3372341,7844966,7828319,-0.288559,unrelated
S63,S254,Arlington-2023,H66-2023,0,2186728,3417819,7844966,7899268,-0.295277,unrelated
S63,S255,Arlington-2023,H66-2023,0,1665898,3709475,7844966,6261999,-0.407816,unrelated
S63,S256,Arlington-2023,H66-2023,0,2028745,3523183,7844966,7050507,-0.336855,unrelated
S63,S257,Arlington-2023,H66-2023,0,2006567,3706604,7844966,7226941,-0.358723,unrelated
S63,S258,Arlington-2023,H66-2023,0,2041012,3556364,7844966,7345804,-0.333868,unrelated
S63,S259,Arlington-2023,H66-2023,0,2086042,3458846,7844966,7685226,-0.311113,unrelated
S63,S260,Arlington-2023,H66-2023,0,2085668,3428792,7844966,7760564,-0.305784,unrelated
S63,S288,Arlington-2023,Du-2023,0,2210430,3338265,7844966,7781391,-0.285806,unrelated
S63,S289,Arlington-2023,Du-2023,0,2277381,3280238,7844966,8243626,-0.266219,unrelated
S63,S290,Arlington-2023,Du-2023,0,2260317,3223208,7844966,8328446,-0.258826,unrelated
S63,S291,Arlington-2023,Du-2023,0,2488133,3137837,7844966,8614604,-0.230112,unrelated
S63,S292,Arlington-2023,Du-2023,0,2535008,3099604,7844966,9175472,-0.215282,unrelated
S63,S293,Arlington-2023,Du-2023,0,2423384,3079558,7844966,9002064,-0.221744,unrelated
S63,S294,Arlington-2023,Du-2023,0,2282686,3173662,7844966,8280057,-0.252070,unrelated
S63,S312,Arlington-2023,OkrayGrosheks40-2023,0,2256101,3256984,7844966,7983456,-0.269001,unrelated
S63,S313,Arlington-2023,OkrayGrosheks40-2023,0,2075724,3438781,7844966,7465948,-0.313622,unrelated
S63,S314,Arlington-2023,OkrayGrosheks40-2023,0,2140286,3541281,7844966,7693326,-0.318071,unrelated
S63,S315,Arlington-2023,OkrayGrosheks40-2023,0,2187078,3363347,7844966,7911196,-0.288117,unrelated
S63,S316,Arlington-2023,OkrayGrosheks40-2023,0,2185199,3499440,7844966,7767507,-0.308323,unrelated
S63,S317,Arlington-2023,OkrayGrosheks40-2023,0,2339634,3214951,7844966,8428115,-0.251352,unrelated
S63,S318,Arlington-2023,OkrayGrosheks40-2023,0,2036240,3573256,7844966,7352916,-0.336249,unrelated
S63,S328,Arlington-2023,LaszSE-O14-2023,0,2144466,3610450,7844966,7746042,-0.325600,unrelated
S63,S329,Arlington-2023,LaszSE-O14-2023,0,2254875,3477669,7844966,7797235,-0.300499,unrelated
S63,S330,Arlington-2023,LaszSE-O14-2023,0,2202476,3531841,7844966,7462058,-0.317580,unrelated
S63,S331,Arlington-2023,LaszSE-O14-2023,0,2082177,3531601,7844966,7438819,-0.325903,unrelated
S63,S332,Arlington-2023,LaszSE-O14-2023,0,2276000,3297549,7844966,8314732,-0.267276,unrelated
S63,S370,Arlington-2023,BrikalskiPats-2023,0,2051670,3515110,7844966,7223088,-0.330404,unrelated
S63,S371,Arlington-2023,BrikalskiPats-2023,0,2231322,3400951,7844966,7850890,-0.291197,unrelated
S63,S372,Arlington-2023,BrikalskiPats-2023,0,2139260,3416014,7844966,7962119,-0.296878,unrelated
S63,S373,Arlington-2023,BrikalskiPats-2023,0,2228539,3461468,7844966,7688767,-0.302207,unrelated
S63,S374,Arlington-2023,BrikalskiPats-2023,0,2018543,3459144,7844966,7505467,-0.319193,unrelated
S63,S375,Arlington-2023,BrikalskiPats-2023,0,2052560,3448764,7844966,7610693,-0.313475,unrelated
S63,S376,Arlington-2023,BrikalskiPats-2023,0,2244939,3491932,7844966,7674386,-0.305356,unrelated
S63,S386,Arlington-2023,DaveBrilowski-2023,0,2054663,3449360,7844966,7581179,-0.314016,unrelated
S63,S387,Arlington-2023,DaveBrilowski-2023,0,2093974,3596564,7844966,7340180,-0.335799,unrelated
S63,S388,Arlington-2023,DaveBrilowski-2023,0,2079573,3478984,7844966,7711070,-0.313601,unrelated
S63,S389,Arlington-2023,DaveBrilowski-2023,0,2097739,3635962,7844966,7419012,-0.338980,unrelated
S63,S390,Arlington-2023,DaveBrilowski-2023,0,2028761,3480943,7844966,7664668,-0.318068,unrelated
S63,S391,Arlington-2023,DaveBrilowski-2023,0,2204640,3437416,7844966,7786721,-0.298764,unrelated
S63,S392,Arlington-2023,DaveBrilowski-2023,0,2226262,3433845,7844966,7941139,-0.294020,unrelated
S63,S418,Arlington-2023,Wysocki1129-2023,0,2142593,3380782,7844966,7606408,-0.298936,unrelated
S63,S419,Arlington-2023,Wysocki1129-2023,0,1939526,3526746,7844966,7110209,-0.341953,unrelated
S63,S420,Arlington-2023,Wysocki1129-2023,0,2099416,3368128,7844966,7733647,-0.297641,unrelated
S63,S421,Arlington-2023,Wysocki1129-2023,0,2054285,3480646,7844966,7799266,-0.313662,unrelated
S63,S422,Arlington-2023,Wysocki1129-2023,0,2117608,3322043,7844966,7735411,-0.290524,unrelated
S63,S423,Arlington-2023,Wysocki1129-2023,0,2119204,3355595,7844966,7838314,-0.292795,unrelated
S63,S424,Arlington-2023,Wysocki1129-2023,0,2222740,3513904,7844966,7581744,-0.311477,unrelated
S63,S442,Arlington-2023,Wedekind_3-2023,0,1699577,3749589,7844966,6337465,-0.408929,unrelated
S63,S443,Arlington-2023,Wedekind_3-2023,0,2010709,3485034,7844966,7460484,-0.324026,unrelated
S63,S444,Arlington-2023,Wedekind_3-2023,0,1996031,3490875,7844966,7291631,-0.329382,unrelated
S63,S445,Arlington-2023,Wedekind_3-2023,0,2245971,3351103,7844966,7860728,-0.283734,unrelated
S63,S446,Arlington-2023,Wedekind_3-2023,0,2118609,3427718,7844966,7648040,-0.305740,unrelated
S63,S447,Arlington-2023,Wedekind_3-2023,0,2128219,3501036,7844966,7678231,-0.313972,unrelated
S63,S448,Arlington-2023,Wedekind_3-2023,0,2054073,3603267,7844966,7296097,-0.340297,unrelated
S63,S474,Arlington-2023,Airport04-2023,0,2204496,3336525,7844966,7804708,-0.285537,unrelated
S63,S475,Arlington-2023,Airport04-2023,0,2178013,3231893,7844966,8082784,-0.269076,unrelated
S63,S476,Arlington-2023,Airport04-2023,0,1993175,3431644,7844966,7482884,-0.317730,unrelated
S63,S477,Arlington-2023,Airport04-2023,0,2049532,3390414,7844966,7485865,-0.308613,unrelated
S63,S478,Arlington-2023,Airport04-2023,0,2127629,3376042,7844966,7652969,-0.298392,unrelated
S63,S479,Arlington-2023,Airport04-2023,0,2005070,3367411,7844966,7412292,-0.310000,unrelated
S63,S480,Arlington-2023,Airport04-2023,0,2017743,3581188,7844966,6986357,-0.346876,unrelated
S64,S77,Arlington-2023,C5-2023,0,2026904,3463730,7466015,7866137,-0.319626,unrelated
S64,S78,Arlington-2023,C5-2023,0,1896700,3481678,7466015,7194609,-0.345596,unrelated
S64,S79,Arlington-2023,C5-2023,0,2067433,3343003,7466015,7781078,-0.302915,unrelated
S64,S80,Arlington-2023,C5-2023,0,2041830,3481924,7466015,7723029,-0.324051,unrelated
S64,S81,Arlington-2023,C5-2023,0,1956342,3710568,7466015,7557553,-0.363748,unrelated
S64,S82,Arlington-2023,C5-2023,0,2006711,3465542,7466015,7539134,-0.328179,unrelated
S64,S83,Arlington-2023,C5-2023,0,1958296,3558548,7466015,7418769,-0.346582,unrelated
S64,S109,Arlington-2023,C44-L15-2023,0,1994081,3530965,7466015,7182952,-0.345953,unrelated
S64,S110,Arlington-2023,C44-L15-2023,0,2001908,3502095,7466015,7579950,-0.332467,unrelated
S64,S111,Arlington-2023,C44-L15-2023,0,2139223,3524707,7466015,8035390,-0.316758,unrelated
S64,S112,Arlington-2023,C44-L15-2023,0,1975385,3472957,7466015,7532210,-0.331408,unrelated
S64,S113,Arlington-2023,C44-L15-2023,0,1949737,3453360,7466015,7281389,-0.336126,unrelated
S64,S114,Arlington-2023,C44-L15-2023,0,1966364,3551088,7466015,7409290,-0.345258,unrelated
S64,S115,Arlington-2023,C44-L15-2023,0,2042830,3460486,7466015,7776122,-0.320043,unrelated
S64,S133,Arlington-2023,Aartz-2023,0,2004990,3448454,7466015,7481338,-0.327277,unrelated
S64,S134,Arlington-2023,Aartz-2023,0,2008460,3529608,7466015,7342694,-0.341067,unrelated
S64,S135,Arlington-2023,Aartz-2023,0,1964294,3555125,7466015,7171059,-0.351570,unrelated
S64,S136,Arlington-2023,Aartz-2023,0,2031204,3405213,7466015,7775212,-0.313572,unrelated
S64,S137,Arlington-2023,Aartz-2023,0,1983683,3360765,7466015,7535158,-0.315832,unrelated
S64,S145,Arlington-2023,XMASBig-2023,0,2067805,3418387,7466015,7857668,-0.311216,unrelated
S64,S146,Arlington-2023,XMASBig-2023,0,1961502,3585596,7466015,7511950,-0.347824,unrelated
S64,S147,Arlington-2023,XMASBig-2023,0,2080181,3373949,7466015,7708191,-0.307609,unrelated
S64,S148,Arlington-2023,XMASBig-2023,0,2182548,3436896,7466015,7944143,-0.304425,unrelated
S64,S149,Arlington-2023,XMASBig-2023,0,2029825,3588197,7466015,7327686,-0.347889,unrelated
S64,S167,Arlington-2023,GarrisonNE-2023,0,2064050,3575298,7466015,7689066,-0.335633,unrelated
S64,S168,Arlington-2023,GarrisonNE-2023,0,2017149,3510354,7466015,7345950,-0.337805,unrelated
S64,S169,Arlington-2023,GarrisonNE-2023,0,2011106,3502949,7466015,7604273,-0.331433,unrelated
S64,S170,Arlington-2023,GarrisonNE-2023,0,2015598,3407983,7466015,7764576,-0.315179,unrelated
S64,S171,Arlington-2023,GarrisonNE-2023,0,2120649,3551769,7466015,7653982,-0.329556,unrelated
S64,S172,Arlington-2023,GarrisonNE-2023,0,1919096,3426078,7466015,7231927,-0.335629,unrelated
S64,S173,Arlington-2023,GarrisonNE-2023,0,1878560,3397335,7466015,7337001,-0.332102,unrelated
S64,S185,Arlington-2023,H10-2023,0,1941796,3435974,7466015,7318923,-0.333458,unrelated
S64,S186,Arlington-2023,H10-2023,0,2052118,3438704,7466015,7677072,-0.318646,unrelated
S64,S187,Arlington-2023,H10-2023,0,1985543,3400708,7466015,7514517,-0.321475,unrelated
S64,S188,Arlington-2023,H10-2023,0,1932798,3617420,7466015,7202055,-0.361468,unrelated
S64,S189,Arlington-2023,H10-2023,0,2117963,3180327,7466015,8104414,-0.272484,unrelated
S64,S190,Arlington-2023,H10-2023,0,2003885,3498027,7466015,7760518,-0.327860,unrelated
S64,S191,Arlington-2023,H10-2023,0,2040797,3562947,7466015,7306259,-0.344233,unrelated
S64,S206,Arlington-2023,H15-2023,0,2066518,3201970,7466015,7783850,-0.284424,unrelated
S64,S207,Arlington-2023,H15-2023,0,1954361,3599660,7466015,7707947,-0.345655,unrelated
S64,S208,Arlington-2023,H15-2023,0,1960232,3570612,7466015,7490866,-0.346395,unrelated
S64,S209,Arlington-2023,H15-2023,0,2015117,3502611,7466015,7723624,-0.328520,unrelated
S64,S210,Arlington-2023,H15-2023,0,2035762,3429911,7466015,7739257,-0.317262,unrelated
S64,S211,Arlington-2023,H15-2023,0,1987180,3548943,7466015,7405367,-0.343660,unrelated
S64,S212,Arlington-2023,H15-2023,0,786265,4786855,7466015,3113003,-0.830648,unrelated
S64,S219,Arlington-2023,H41-2023,0,2031914,3319353,7466015,7585961,-0.306059,unrelated
S64,S220,Arlington-2023,H41-2023,0,1940414,3394473,7466015,7179670,-0.331055,unrelated
S64,S221,Arlington-2023,H41-2023,0,41357,5950697,7466015,158911,-1.555430,unrelated
S64,S222,Arlington-2023,H41-2023,0,371402,5436342,7466015,1476333,-1.174332,unrelated
S64,S223,Arlington-2023,H41-2023,0,964423,4470609,7466015,3926923,-0.700153,unrelated
S64,S224,Arlington-2023,H41-2023,0,2057956,3376813,7466015,7733862,-0.308928,unrelated
S64,S225,Arlington-2023,H41-2023,0,1961910,3644062,7466015,7293024,-0.360878,unrelated
S64,S250,Arlington-2023,H66-2023,0,2060959,3549329,7466015,7497400,-0.336668,unrelated
S64,S251,Arlington-2023,H66-2023,0,1982469,3616424,7466015,7298189,-0.355615,unrelated
S64,S252,Arlington-2023,H66-2023,0,2065263,3365314,7466015,7784671,-0.305912,unrelated
S64,S253,Arlington-2023,H66-2023,0,2029809,3433413,7466015,7828319,-0.316262,unrelated
S64,S254,Arlington-2023,H66-2023,0,2032204,3429768,7466015,7899268,-0.314171,unrelated
S64,S255,Arlington-2023,H66-2023,0,1553776,3922440,7466015,6261999,-0.458268,unrelated
S64,S256,Arlington-2023,H66-2023,0,1937689,3594076,7466015,7050507,-0.361689,unrelated
S64,S257,Arlington-2023,H66-2023,0,2008001,3592441,7466015,7226941,-0.352338,unrelated
S64,S258,Arlington-2023,H66-2023,0,2019778,3467644,7466015,7345804,-0.331864,unrelated
S64,S259,Arlington-2023,H66-2023,0,2063592,3334015,7466015,7685226,-0.303898,unrelated
S64,S260,Arlington-2023,H66-2023,0,2049065,3362589,7466015,7760564,-0.307102,unrelated
S64,S288,Arlington-2023,Du-2023,0,2215542,3325858,7466015,7781391,-0.290946,unrelated
S64,S289,Arlington-2023,Du-2023,0,2145643,3310379,7466015,8243626,-0.284864,unrelated
S64,S290,Arlington-2023,Du-2023,0,2245784,3184128,7466015,8328446,-0.261007,unrelated
S64,S291,Arlington-2023,Du-2023,0,2231360,3173456,7466015,8614604,-0.255932,unrelated
S64,S292,Arlington-2023,Du-2023,0,2460279,3018624,7466015,9175472,-0.214943,unrelated
S64,S293,Arlington-2023,Du-2023,0,2391420,3013920,7466015,9002064,-0.220816,unrelated
S64,S294,Arlington-2023,Du-2023,0,2159918,3349058,7466015,8280057,-0.288211,unrelated
S64,S312,Arlington-2023,OkrayGrosheks40-2023,0,2027548,3397953,7466015,7983456,-0.308642,unrelated
S64,S313,Arlington-2023,OkrayGrosheks40-2023,0,2036246,3449509,7466015,7465948,-0.325662,unrelated
S64,S314,Arlington-2023,OkrayGrosheks40-2023,0,2113284,3478880,7466015,7693326,-0.319570,unrelated
S64,S315,Arlington-2023,OkrayGrosheks40-2023,0,2057866,3402570,7466015,7911196,-0.308721,unrelated
S64,S316,Arlington-2023,OkrayGrosheks40-2023,0,2137517,3469293,7466015,7767507,-0.315165,unrelated
S64,S317,Arlington-2023,OkrayGrosheks40-2023,0,2148340,3237520,7466015,8428115,-0.272220,unrelated
S64,S318,Arlington-2023,OkrayGrosheks40-2023,0,2034219,3540179,7466015,7352916,-0.340520,unrelated
S64,S328,Arlington-2023,LaszSE-O14-2023,0,2094834,3574299,7466015,7746042,-0.332221,unrelated
S64,S329,Arlington-2023,LaszSE-O14-2023,0,2088896,3451051,7466015,7797235,-0.315346,unrelated
S64,S330,Arlington-2023,LaszSE-O14-2023,0,2041316,3585831,7466015,7462058,-0.343671,unrelated
S64,S331,Arlington-2023,LaszSE-O14-2023,0,1997558,3529883,7466015,7438819,-0.339635,unrelated
S64,S332,Arlington-2023,LaszSE-O14-2023,0,2225474,3232861,7466015,8314732,-0.268698,unrelated
S64,S370,Arlington-2023,BrikalskiPats-2023,0,1986107,3629558,7466015,7223088,-0.358974,unrelated
S64,S371,Arlington-2023,BrikalskiPats-2023,0,2042853,3492882,7466015,7850890,-0.322710,unrelated
S64,S372,Arlington-2023,BrikalskiPats-2023,0,2131337,3370063,7466015,7962119,-0.298726,unrelated
S64,S373,Arlington-2023,BrikalskiPats-2023,0,1997128,3593415,7466015,7688767,-0.342446,unrelated
S64,S374,Arlington-2023,BrikalskiPats-2023,0,1961830,3649479,7466015,7505467,-0.356486,unrelated
S64,S375,Arlington-2023,BrikalskiPats-2023,0,2006195,3536188,7466015,7610693,-0.336027,unrelated
S64,S376,Arlington-2023,BrikalskiPats-2023,0,2070133,3661965,7466015,7674386,-0.347005,unrelated
S64,S386,Arlington-2023,DaveBrilowski-2023,0,2001440,3564375,7466015,7581179,-0.340749,unrelated
S64,S387,Arlington-2023,DaveBrilowski-2023,0,1967104,3648170,7466015,7340180,-0.359933,unrelated
S64,S388,Arlington-2023,DaveBrilowski-2023,0,2018210,3485717,7466015,7711070,-0.326362,unrelated
S64,S389,Arlington-2023,DaveBrilowski-2023,0,2041588,3637813,7466015,7419012,-0.351631,unrelated
S64,S390,Arlington-2023,DaveBrilowski-2023,0,2040102,3409244,7466015,7664668,-0.315808,unrelated
S64,S391,Arlington-2023,DaveBrilowski-2023,0,2012016,3556106,7466015,7786721,-0.334379,unrelated
S64,S392,Arlington-2023,DaveBrilowski-2023,0,2101444,3379757,7466015,7941139,-0.302332,unrelated
S64,S418,Arlington-2023,Wysocki1129-2023,0,2042454,3460453,7466015,7606408,-0.323667,unrelated
S64,S419,Arlington-2023,Wysocki1129-2023,0,1896986,3448339,7466015,7110209,-0.343003,unrelated
S64,S420,Arlington-2023,Wysocki1129-2023,0,2021486,3446416,7466015,7733647,-0.320490,unrelated
S64,S421,Arlington-2023,Wysocki1129-2023,0,2023539,3402980,7466015,7799266,-0.313287,unrelated
S64,S422,Arlington-2023,Wysocki1129-2023,0,2003671,3695421,7466015,7735411,-0.354386,unrelated
S64,S423,Arlington-2023,Wysocki1129-2023,0,2043122,3415433,7466015,7838314,-0.312836,unrelated
S64,S424,Arlington-2023,Wysocki1129-2023,0,2019086,3615435,7466015,7581744,-0.346350,unrelated
S64,S442,Arlington-2023,Wedekind_3-2023,0,1644431,3889189,7466015,6337465,-0.444377,unrelated
S64,S443,Arlington-2023,Wedekind_3-2023,0,1939791,3467160,7466015,7460484,-0.334608,unrelated
S64,S444,Arlington-2023,Wedekind_3-2023,0,1947632,3612473,7466015,7291631,-0.357599,unrelated
S64,S445,Arlington-2023,Wedekind_3-2023,0,2034034,3531842,7466015,7860728,-0.328162,unrelated
S64,S446,Arlington-2023,Wedekind_3-2023,0,2011477,3426256,7466015,7648040,-0.320300,unrelated
S64,S447,Arlington-2023,Wedekind_3-2023,0,2021700,3442353,7466015,7678231,-0.321112,unrelated
S64,S448,Arlington-2023,Wedekind_3-2023,0,1993251,3641152,7466015,7296097,-0.358286,unrelated
S64,S474,Arlington-2023,Airport04-2023,0,2038327,3356700,7466015,7804708,-0.306146,unrelated
S64,S475,Arlington-2023,Airport04-2023,0,2118653,3220574,7466015,8082784,-0.277995,unrelated
S64,S476,Arlington-2023,Airport04-2023,0,1988925,3427607,7466015,7482884,-0.325528,unrelated
S64,S477,Arlington-2023,Airport04-2023,0,2017161,3369774,7466015,7485865,-0.315839,unrelated
S64,S478,Arlington-2023,Airport04-2023,0,2054800,3381918,7466015,7652969,-0.311465,unrelated
S64,S479,Arlington-2023,Airport04-2023,0,1961933,3484189,7466015,7412292,-0.336493,unrelated
S64,S480,Arlington-2023,Airport04-2023,0,1905286,3606534,7466015,6986357,-0.367260,unrelated
S77,S78,C5-2023,C5-2023,1,1942301,3487863,7866137,7194609,-0.334208,unrelated
S77,S79,C5-2023,C5-2023,1,2114065,3307756,7866137,7781078,-0.287684,unrelated
S77,S80,C5-2023,C5-2023,1,2129443,3337680,7866137,7723029,-0.291607,unrelated
S77,S81,C5-2023,C5-2023,1,2086299,3457123,7866137,7557553,-0.313022,unrelated
S77,S82,C5-2023,C5-2023,1,2051976,3393505,7866137,7539134,-0.307365,unrelated
S77,S83,C5-2023,C5-2023,1,2026577,3410520,7866137,7418769,-0.313673,unrelated
S77,S109,C5-2023,C44-L15-2023,0,1957152,3598433,7866137,7182952,-0.348175,unrelated
S77,S110,C5-2023,C44-L15-2023,0,2121897,3320511,7866137,7579950,-0.292574,unrelated
S77,S111,C5-2023,C44-L15-2023,0,2309594,3372734,7866137,8035390,-0.278959,unrelated
S77,S112,C5-2023,C44-L15-2023,0,2075562,3429677,7866137,7532210,-0.310669,unrelated
S77,S113,C5-2023,C44-L15-2023,0,1984390,3418042,7866137,7281389,-0.320296,unrelated
S77,S114,C5-2023,C44-L15-2023,0,2073223,3343253,7866137,7409290,-0.302007,unrelated
S77,S115,C5-2023,C44-L15-2023,0,2173697,3322404,7866137,7776122,-0.285835,unrelated
S77,S133,C5-2023,Aartz-2023,0,2031192,3407158,7866137,7481338,-0.311655,unrelated
S77,S134,C5-2023,Aartz-2023,0,2036079,3597156,7866137,7342694,-0.339160,unrelated
S77,S135,C5-2023,Aartz-2023,0,1976444,3537879,7866137,7171059,-0.339113,unrelated
S77,S136,C5-2023,Aartz-2023,0,2201480,3332712,7866137,7775212,-0.285394,unrelated
S77,S137,C5-2023,Aartz-2023,0,2092939,3284142,7866137,7535158,-0.290582,unrelated
S77,S145,C5-2023,XMASBig-2023,0,2217802,3344137,7866137,7857668,-0.284312,unrelated
S77,S146,C5-2023,XMASBig-2023,0,2115016,3363480,7866137,7511950,-0.299904,unrelated
S77,S147,C5-2023,XMASBig-2023,0,2097467,3345466,7866137,7708191,-0.294938,unrelated
S77,S148,C5-2023,XMASBig-2023,0,2178729,3263068,7866137,7944143,-0.274973,unrelated
S77,S149,C5-2023,XMASBig-2023,0,2033323,3409291,7866137,7327686,-0.314948,unrelated
S77,S167,C5-2023,GarrisonNE-2023,0,2185138,3471390,7866137,7689066,-0.305855,unrelated
S77,S168,C5-2023,GarrisonNE-2023,0,2007050,3411715,7866137,7345950,-0.316615,unrelated
S77,S169,C5-2023,GarrisonNE-2023,0,2087666,3425757,7866137,7604273,-0.307933,unrelated
S77,S170,C5-2023,GarrisonNE-2023,0,2176459,3346385,7866137,7764576,-0.288938,unrelated
S77,S171,C5-2023,GarrisonNE-2023,0,2097538,3448667,7866137,7653982,-0.309263,unrelated
S77,S172,C5-2023,GarrisonNE-2023,0,2012680,3268169,7866137,7231927,-0.299618,unrelated
S77,S173,C5-2023,GarrisonNE-2023,0,2007991,3299278,7866137,7337001,-0.301949,unrelated
S77,S185,C5-2023,H10-2023,0,2045984,3364170,7866137,7318923,-0.308353,unrelated
S77,S186,C5-2023,H10-2023,0,2037359,3344552,7866137,7677072,-0.299278,unrelated
S77,S187,C5-2023,H10-2023,0,2116202,3224168,7866137,7514517,-0.281661,unrelated
S77,S188,C5-2023,H10-2023,0,2017356,3471550,7866137,7202055,-0.326897,unrelated
S77,S189,C5-2023,H10-2023,0,2227515,3190104,7866137,8104414,-0.260022,unrelated
S77,S190,C5-2023,H10-2023,0,2257395,3313735,7866137,7760518,-0.279655,unrelated
S77,S191,C5-2023,H10-2023,0,1968354,3539038,7866137,7306259,-0.336778,unrelated
S77,S206,C5-2023,H15-2023,0,2116684,3138442,7866137,7783850,-0.265828,unrelated
S77,S207,C5-2023,H15-2023,0,2167071,3395834,7866137,7707947,-0.296942,unrelated
S77,S208,C5-2023,H15-2023,0,2011374,3408211,7866137,7490866,-0.312890,unrelated
S77,S209,C5-2023,H15-2023,0,2213181,3398314,7866137,7723624,-0.294004,unrelated
S77,S210,C5-2023,H15-2023,0,2120924,3329352,7866137,7739257,-0.290783,unrelated
S77,S211,C5-2023,H15-2023,0,2092240,3361346,7866137,7405367,-0.303209,unrelated
S77,S212,C5-2023,H15-2023,0,827008,4554245,7866137,3113003,-0.754292,unrelated
S77,S219,C5-2023,H41-2023,0,2051594,3187470,7866137,7585961,-0.279790,unrelated
S77,S220,C5-2023,H41-2023,0,1953271,3297230,7866137,7179670,-0.308471,unrelated
S77,S221,C5-2023,H41-2023,0,43193,5688358,7866137,158911,-1.412269,unrelated
S77,S222,C5-2023,H41-2023,0,388694,5184526,7866137,1476333,-1.068278,unrelated
S77,S223,C5-2023,H41-2023,0,1047971,4256589,7866137,3926923,-0.633017,unrelated
S77,S224,C5-2023,H41-2023,0,2159206,3225112,7866137,7733862,-0.275065,unrelated
S77,S225,C5-2023,H41-2023,0,2025510,3490492,7866137,7293024,-0.326896,unrelated
S77,S250,C5-2023,H66-2023,0,2037855,3443783,7866137,7497400,-0.315664,unrelated
S77,S251,C5-2023,H66-2023,0,2122869,3412092,7866137,7298189,-0.310025,unrelated
S77,S252,C5-2023,H66-2023,0,2169704,3259493,7866137,7784671,-0.277895,unrelated
S77,S253,C5-2023,H66-2023,0,2212193,3352664,7866137,7828319,-0.286288,unrelated
S77,S254,C5-2023,H66-2023,0,2187971,3353746,7866137,7899268,-0.286673,unrelated
S77,S255,C5-2023,H66-2023,0,1707645,3643176,7866137,6261999,-0.394865,unrelated
S77,S256,C5-2023,H66-2023,0,1925457,3558805,7866137,7050507,-0.348078,unrelated
S77,S257,C5-2023,H66-2023,0,1943743,3493922,7866137,7226941,-0.334200,unrelated
S77,S258,C5-2023,H66-2023,0,1970286,3476748,7866137,7345804,-0.327585,unrelated
S77,S259,C5-2023,H66-2023,0,2073509,3357076,7866137,7685226,-0.298407,unrelated
S77,S260,C5-2023,H66-2023,0,2124487,3356223,7866137,7760564,-0.293597,unrelated
S77,S288,C5-2023,Du-2023,0,2109378,3267302,7866137,7781391,-0.282807,unrelated
S77,S289,C5-2023,Du-2023,0,2267704,3162618,7866137,8243626,-0.251868,unrelated
S77,S290,C5-2023,Du-2023,0,2250869,3176575,7866137,8328446,-0.253312,unrelated
S77,S291,C5-2023,Du-2023,0,2449847,3141831,7866137,8614604,-0.232624,unrelated
S77,S292,C5-2023,Du-2023,0,2531688,2944895,7866137,9175472,-0.197053,unrelated
S77,S293,C5-2023,Du-2023,0,2392750,3028033,7866137,9002064,-0.217173,unrelated
S77,S294,C5-2023,Du-2023,0,2304443,3185137,7866137,8280057,-0.251814,unrelated
S77,S312,C5-2023,OkrayGrosheks40-2023,0,2246872,3289024,7866137,7983456,-0.273267,unrelated
S77,S313,C5-2023,OkrayGrosheks40-2023,0,2007952,3454314,7866137,7465948,-0.319635,unrelated
S77,S314,C5-2023,OkrayGrosheks40-2023,0,2081979,3414929,7866137,7693326,-0.305144,unrelated
S77,S315,C5-2023,OkrayGrosheks40-2023,0,2192072,3295407,7866137,7911196,-0.278801,unrelated
S77,S316,C5-2023,OkrayGrosheks40-2023,0,2095340,3418798,7866137,7767507,-0.303337,unrelated
S77,S317,C5-2023,OkrayGrosheks40-2023,0,2338914,3196009,7866137,8428115,-0.248744,unrelated
S77,S318,C5-2023,OkrayGrosheks40-2023,0,1986382,3400989,7866137,7352916,-0.316419,unrelated
S77,S328,C5-2023,LaszSE-O14-2023,0,2125478,3393803,7866137,7746042,-0.298621,unrelated
S77,S329,C5-2023,LaszSE-O14-2023,0,2181564,3389288,7866137,7797235,-0.293488,unrelated
S77,S330,C5-2023,LaszSE-O14-2023,0,2093299,3463824,7866137,7462058,-0.315389,unrelated
S77,S331,C5-2023,LaszSE-O14-2023,0,2066036,3401591,7866137,7438819,-0.309517,unrelated
S77,S332,C5-2023,LaszSE-O14-2023,0,2268193,3217174,7866137,8314732,-0.257474,unrelated
S77,S370,C5-2023,BrikalskiPats-2023,0,1988341,3550826,7866137,7223088,-0.338872,unrelated
S77,S371,C5-2023,BrikalskiPats-2023,0,2187270,3371912,7866137,7850890,-0.289912,unrelated
S77,S372,C5-2023,BrikalskiPats-2023,0,2171266,3314317,7866137,7962119,-0.281608,unrelated
S77,S373,C5-2023,BrikalskiPats-2023,0,2185018,3315551,7866137,7688767,-0.285832,unrelated
S77,S374,C5-2023,BrikalskiPats-2023,0,2057633,3476503,7866137,7505467,-0.318469,unrelated
S77,S375,C5-2023,BrikalskiPats-2023,0,2067197,3408243,7866137,7610693,-0.306864,unrelated
S77,S376,C5-2023,BrikalskiPats-2023,0,2139530,3387007,7866137,7674386,-0.298219,unrelated
S77,S386,C5-2023,DaveBrilowski-2023,0,2074491,3328447,7866137,7581179,-0.296647,unrelated
S77,S387,C5-2023,DaveBrilowski-2023,0,1984032,3554429,7866137,7340180,-0.337020,unrelated
S77,S388,C5-2023,DaveBrilowski-2023,0,2070744,3457568,7866137,7711070,-0.310992,unrelated
S77,S389,C5-2023,DaveBrilowski-2023,0,2025411,3521412,7866137,7419012,-0.328254,unrelated
S77,S390,C5-2023,DaveBrilowski-2023,0,2112697,3370992,7866137,7664668,-0.298071,unrelated
S77,S391,C5-2023,DaveBrilowski-2023,0,2201219,3385415,7866137,7786721,-0.291935,unrelated
S77,S392,C5-2023,DaveBrilowski-2023,0,2188907,3415029,7866137,7941139,-0.293609,unrelated
S77,S418,C5-2023,Wysocki1129-2023,0,2096962,3404468,7866137,7606408,-0.304538,unrelated
S77,S419,C5-2023,Wysocki1129-2023,0,1952380,3473406,7866137,7110209,-0.333488,unrelated
S77,S420,C5-2023,Wysocki1129-2023,0,2196045,3338483,7866137,7733647,-0.287243,unrelated
S77,S421,C5-2023,Wysocki1129-2023,0,2109400,3332887,7866137,7799266,-0.290856,unrelated
S77,S422,C5-2023,Wysocki1129-2023,0,2127781,3353311,7866137,7735411,-0.293486,unrelated
S77,S423,C5-2023,Wysocki1129-2023,0,2119487,3330106,7866137,7838314,-0.289136,unrelated
S77,S424,C5-2023,Wysocki1129-2023,0,2150044,3428123,7866137,7581744,-0.304650,unrelated
S77,S442,C5-2023,Wedekind_3-2023,0,1672502,3741671,7866137,6337465,-0.409110,unrelated
S77,S443,C5-2023,Wedekind_3-2023,0,2044919,3393831,7866137,7460484,-0.309445,unrelated
S77,S444,C5-2023,Wedekind_3-2023,0,1996203,3428342,7866137,7291631,-0.320659,unrelated
S77,S445,C5-2023,Wedekind_3-2023,0,2215887,3364930,7866137,7860728,-0.287023,unrelated
S77,S446,C5-2023,Wedekind_3-2023,0,2115621,3414376,7866137,7648040,-0.303795,unrelated
S77,S447,C5-2023,Wedekind_3-2023,0,2114636,3358713,7866137,7678231,-0.296107,unrelated
S77,S448,C5-2023,Wedekind_3-2023,0,1977722,3534943,7866137,7296097,-0.335845,unrelated
S77,S474,C5-2023,Airport04-2023,0,2223777,3262554,7866137,7804708,-0.274480,unrelated
S77,S475,C5-2023,Airport04-2023,0,2172194,3206275,7866137,8082784,-0.265871,unrelated
S77,S476,C5-2023,Airport04-2023,0,2000727,3374318,7866137,7482884,-0.309330,unrelated
S77,S477,C5-2023,Airport04-2023,0,2035933,3283609,7866137,7485865,-0.295159,unrelated
S77,S478,C5-2023,Airport04-2023,0,2095717,3348250,7866137,7652969,-0.296459,unrelated
S77,S479,C5-2023,Airport04-2023,0,1984662,3360369,7866137,7412292,-0.309984,unrelated
S77,S480,C5-2023,Airport04-2023,0,1935521,3494900,7866137,6986357,-0.340298,unrelated
S78,S79,C5-2023,C5-2023,1,1977290,3456057,7194609,7781078,-0.329522,unrelated
S78,S80,C5-2023,C5-2023,1,1948996,3442966,7194609,7723029,-0.330946,unrelated
S78,S81,C5-2023,C5-2023,1,1904788,3697790,7194609,7557553,-0.372203,unrelated
S78,S82,C5-2023,C5-2023,1,1944863,3432890,7194609,7539134,-0.333990,unrelated
S78,S83,C5-2023,C5-2023,1,1917398,3595368,7194609,7418769,-0.360857,unrelated
S78,S109,C5-2023,C44-L15-2023,0,1783508,3639375,7194609,7182952,-0.382210,unrelated
S78,S110,C5-2023,C44-L15-2023,0,1931333,3509157,7194609,7579950,-0.344307,unrelated
S78,S111,C5-2023,C44-L15-2023,0,1984655,3528456,7194609,8035390,-0.333044,unrelated
S78,S112,C5-2023,C44-L15-2023,0,1907189,3528711,7194609,7532210,-0.349718,unrelated
S78,S113,C5-2023,C44-L15-2023,0,1866002,3532339,7194609,7281389,-0.359124,unrelated
S78,S114,C5-2023,C44-L15-2023,0,1857839,3519763,7194609,7409290,-0.354815,unrelated
S78,S115,C5-2023,C44-L15-2023,0,1950388,3486434,7194609,7776122,-0.335487,unrelated
S78,S133,C5-2023,Aartz-2023,0,1913195,3520716,7194609,7481338,-0.349431,unrelated
S78,S134,C5-2023,Aartz-2023,0,1844840,3594989,7194609,7342694,-0.367684,unrelated
S78,S135,C5-2023,Aartz-2023,0,1818544,3624619,7194609,7171059,-0.378033,unrelated
S78,S136,C5-2023,Aartz-2023,0,1951856,3410046,7194609,7775212,-0.325203,unrelated
S78,S137,C5-2023,Aartz-2023,0,1937848,3450878,7194609,7535158,-0.336998,unrelated
S78,S145,C5-2023,XMASBig-2023,0,1964271,3472943,7194609,7857668,-0.330954,unrelated
S78,S146,C5-2023,XMASBig-2023,0,1861307,3601024,7194609,7511950,-0.363154,unrelated
S78,S147,C5-2023,XMASBig-2023,0,1969877,3450643,7194609,7708191,-0.330905,unrelated
S78,S148,C5-2023,XMASBig-2023,0,1980075,3463002,7194609,7944143,-0.326707,unrelated
S78,S149,C5-2023,XMASBig-2023,0,1843682,3537925,7194609,7327686,-0.360285,unrelated
S78,S167,C5-2023,GarrisonNE-2023,0,1888259,3588883,7194609,7689066,-0.355390,unrelated
S78,S168,C5-2023,GarrisonNE-2023,0,1866926,3553320,7194609,7345950,-0.360352,unrelated
S78,S169,C5-2023,GarrisonNE-2023,0,1920983,3519654,7194609,7604273,-0.345859,unrelated
S78,S170,C5-2023,GarrisonNE-2023,0,1960195,3481740,7194609,7764576,-0.334462,unrelated
S78,S171,C5-2023,GarrisonNE-2023,0,1915855,3579705,7194609,7653982,-0.353135,unrelated
S78,S172,C5-2023,GarrisonNE-2023,0,1823973,3379670,7194609,7231927,-0.342103,unrelated
S78,S173,C5-2023,GarrisonNE-2023,0,1822878,3445975,7194609,7337001,-0.348831,unrelated
S78,S185,C5-2023,H10-2023,0,1848155,3452414,7194609,7318923,-0.348411,unrelated
S78,S186,C5-2023,H10-2023,0,1949151,3525453,7194609,7677072,-0.343052,unrelated
S78,S187,C5-2023,H10-2023,0,1921822,3396015,7194609,7514517,-0.331101,unrelated
S78,S188,C5-2023,H10-2023,0,1765764,3594417,7194609,7202055,-0.376689,unrelated
S78,S189,C5-2023,H10-2023,0,2095636,3193694,7194609,8104414,-0.280525,unrelated
S78,S190,C5-2023,H10-2023,0,1919091,3566548,7194609,7760518,-0.348643,unrelated
S78,S191,C5-2023,H10-2023,0,1833907,3626768,7194609,7306259,-0.373745,unrelated
S78,S206,C5-2023,H15-2023,0,1951931,3275030,7194609,7783850,-0.306983,unrelated
S78,S207,C5-2023,H15-2023,0,1912742,3560660,7194609,7707947,-0.349509,unrelated
S78,S208,C5-2023,H15-2023,0,1945376,3596566,7194609,7490866,-0.357343,unrelated
S78,S209,C5-2023,H15-2023,0,1919949,3578568,7194609,7723624,-0.351059,unrelated
S78,S210,C5-2023,H15-2023,0,1984455,3556998,7194609,7739257,-0.343484,unrelated
S78,S211,C5-2023,H15-2023,0,1911931,3606276,7194609,7405367,-0.363057,unrelated
S78,S212,C5-2023,H15-2023,0,760578,4763479,7194609,3113003,-0.850476,unrelated
S78,S219,C5-2023,H41-2023,0,1911266,3282455,7194609,7585961,-0.314849,unrelated
S78,S220,C5-2023,H41-2023,0,1747830,3493161,7194609,7179670,-0.364435,unrelated
S78,S221,C5-2023,H41-2023,0,38845,5931796,7194609,158911,-1.608039,unrelated
S78,S222,C5-2023,H41-2023,0,364162,5419950,7194609,1476333,-1.208143,unrelated
S78,S223,C5-2023,H41-2023,0,966932,4453102,7194609,3926923,-0.713865,unrelated
S78,S224,C5-2023,H41-2023,0,1997582,3349343,7194609,7733862,-0.314909,unrelated
S78,S225,C5-2023,H41-2023,0,1772078,3693043,7194609,7293024,-0.387503,unrelated
S78,S250,C5-2023,H66-2023,0,1875628,3552567,7194609,7497400,-0.355942,unrelated
S78,S251,C5-2023,H66-2023,0,1785902,3614897,7194609,7298189,-0.375627,unrelated
S78,S252,C5-2023,H66-2023,0,1950069,3501547,7194609,7784671,-0.337334,unrelated
S78,S253,C5-2023,H66-2023,0,1932269,3546379,7194609,7828319,-0.343508,unrelated
S78,S254,C5-2023,H66-2023,0,1965550,3463457,7194609,7899268,-0.328700,unrelated
S78,S255,C5-2023,H66-2023,0,1532577,3951069,7194609,6261999,-0.473341,unrelated
S78,S256,C5-2023,H66-2023,0,1797273,3631743,7194609,7050507,-0.383725,unrelated
S78,S257,C5-2023,H66-2023,0,1822035,3628298,7194609,7226941,-0.376836,unrelated
S78,S258,C5-2023,H66-2023,0,1841085,3586870,7194609,7345804,-0.366747,unrelated
S78,S259,C5-2023,H66-2023,0,1977863,3438378,7194609,7685226,-0.329230,unrelated
S78,S260,C5-2023,H66-2023,0,1994905,3429990,7194609,7760564,-0.325311,unrelated
S78,S288,C5-2023,Du-2023,0,1977694,3404002,7194609,7781391,-0.322537,unrelated
S78,S289,C5-2023,Du-2023,0,2085237,3275259,7194609,8243626,-0.289235,unrelated
S78,S290,C5-2023,Du-2023,0,2130229,3243245,7194609,8328446,-0.280632,unrelated
S78,S291,C5-2023,Du-2023,0,2085441,3325516,7194609,8614604,-0.288793,unrelated
S78,S292,C5-2023,Du-2023,0,2310769,3063885,7194609,9175472,-0.233169,unrelated
S78,S293,C5-2023,Du-2023,0,2234247,3103694,7194609,9002064,-0.245306,unrelated
S78,S294,C5-2023,Du-2023,0,2054109,3458896,7194609,8280057,-0.314300,unrelated
S78,S312,C5-2023,OkrayGrosheks40-2023,0,2024146,3461960,7194609,7983456,-0.322819,unrelated
S78,S313,C5-2023,OkrayGrosheks40-2023,0,1886286,3502965,7194609,7465948,-0.349212,unrelated
S78,S314,C5-2023,OkrayGrosheks40-2023,0,1962959,3491567,7194609,7693326,-0.337198,unrelated
S78,S315,C5-2023,OkrayGrosheks40-2023,0,1970268,3454694,7194609,7911196,-0.326968,unrelated
S78,S316,C5-2023,OkrayGrosheks40-2023,0,1968663,3502842,7194609,7767507,-0.336652,unrelated
S78,S317,C5-2023,OkrayGrosheks40-2023,0,2056367,3365715,7194609,8428115,-0.299248,unrelated
S78,S318,C5-2023,OkrayGrosheks40-2023,0,1873296,3542855,7194609,7352916,-0.358302,unrelated
S78,S328,C5-2023,LaszSE-O14-2023,0,1964555,3514002,7194609,7746042,-0.338904,unrelated
S78,S329,C5-2023,LaszSE-O14-2023,0,1899342,3550335,7194609,7797235,-0.346944,unrelated
S78,S330,C5-2023,LaszSE-O14-2023,0,1843745,3631287,7194609,7462058,-0.369718,unrelated
S78,S331,C5-2023,LaszSE-O14-2023,0,1917544,3467883,7194609,7438819,-0.342929,unrelated
S78,S332,C5-2023,LaszSE-O14-2023,0,2073069,3319473,7194609,8314732,-0.294395,unrelated
S78,S370,C5-2023,BrikalskiPats-2023,0,1817868,3683348,7194609,7223088,-0.384862,unrelated
S78,S371,C5-2023,BrikalskiPats-2023,0,1928948,3522205,7194609,7850890,-0.339999,unrelated
S78,S372,C5-2023,BrikalskiPats-2023,0,2021527,3438029,7194609,7962119,-0.320289,unrelated
S78,S373,C5-2023,BrikalskiPats-2023,0,1893795,3543017,7194609,7688767,-0.348862,unrelated
S78,S374,C5-2023,BrikalskiPats-2023,0,1915159,3683206,7194609,7505467,-0.370832,unrelated
S78,S375,C5-2023,BrikalskiPats-2023,0,1924391,3608862,7194609,7610693,-0.357530,unrelated
S78,S376,C5-2023,BrikalskiPats-2023,0,1886643,3693334,7194609,7674386,-0.369899,unrelated
S78,S386,C5-2023,DaveBrilowski-2023,0,1918392,3626549,7194609,7581179,-0.361044,unrelated
S78,S387,C5-2023,DaveBrilowski-2023,0,1828135,3657394,7194609,7340180,-0.377484,unrelated
S78,S388,C5-2023,DaveBrilowski-2023,0,1963865,3477450,7194609,7711070,-0.334841,unrelated
S78,S389,C5-2023,DaveBrilowski-2023,0,1888350,3582574,7194609,7419012,-0.361088,unrelated
S78,S390,C5-2023,DaveBrilowski-2023,0,1975389,3412606,7194609,7664668,-0.326384,unrelated
S78,S391,C5-2023,DaveBrilowski-2023,0,1891103,3660807,7194609,7786721,-0.362485,unrelated
S78,S392,C5-2023,DaveBrilowski-2023,0,1988813,3447170,7194609,7941139,-0.324102,unrelated
S78,S418,C5-2023,Wysocki1129-2023,0,1930028,3465487,7194609,7606408,-0.337879,unrelated
S78,S419,C5-2023,Wysocki1129-2023,0,1814690,3560264,7194609,7110209,-0.370913,unrelated
S78,S420,C5-2023,Wysocki1129-2023,0,1971609,3459128,7194609,7733647,-0.331361,unrelated
S78,S421,C5-2023,Wysocki1129-2023,0,1994137,3362913,7194609,7799266,-0.315575,unrelated
S78,S422,C5-2023,Wysocki1129-2023,0,1966552,3701332,7194609,7735411,-0.364106,unrelated
S78,S423,C5-2023,Wysocki1129-2023,0,1956187,3531499,7194609,7838314,-0.339708,unrelated
S78,S424,C5-2023,Wysocki1129-2023,0,1874434,3624344,7194609,7581744,-0.363706,unrelated
S78,S442,C5-2023,Wedekind_3-2023,0,1611928,3934028,7194609,6337465,-0.462318,unrelated
S78,S443,C5-2023,Wedekind_3-2023,0,1878460,3531670,7194609,7460484,-0.353794,unrelated
S78,S444,C5-2023,Wedekind_3-2023,0,1848803,3693254,7194609,7291631,-0.382273,unrelated
S78,S445,C5-2023,Wedekind_3-2023,0,1935149,3617874,7194609,7860728,-0.352074,unrelated
S78,S446,C5-2023,Wedekind_3-2023,0,1891551,3530823,7194609,7648040,-0.348327,unrelated
S78,S447,C5-2023,Wedekind_3-2023,0,1959463,3442938,7194609,7678231,-0.331236,unrelated
S78,S448,C5-2023,Wedekind_3-2023,0,1843440,3610262,7194609,7296097,-0.371071,unrelated
S78,S474,C5-2023,Airport04-2023,0,1966223,3336398,7194609,7804708,-0.313786,unrelated
S78,S475,C5-2023,Airport04-2023,0,2022779,3288158,7194609,8082784,-0.298057,unrelated
S78,S476,C5-2023,Airport04-2023,0,1926063,3434269,7194609,7482884,-0.336738,unrelated
S78,S477,C5-2023,Airport04-2023,0,1917412,3387178,7194609,7485865,-0.330844,unrelated
S78,S478,C5-2023,Airport04-2023,0,1946418,3337817,7194609,7652969,-0.318518,unrelated
S78,S479,C5-2023,Airport04-2023,0,1865183,3558120,7194609,7412292,-0.359492,unrelated
S78,S480,C5-2023,Airport04-2023,0,1749526,3583231,7194609,6986357,-0.381986,unrelated
S79,S80,C5-2023,C5-2023,1,2134372,3368271,7781078,7723029,-0.296836,unrelated
S79,S81,C5-2023,C5-2023,1,2071308,3522336,7781078,7557553,-0.324238,unrelated
S79,S82,C5-2023,C5-2023,1,2090298,3309808,7781078,7539134,-0.295643,unrelated
S79,S83,C5-2023,C5-2023,1,2051587,3319391,7781078,7418769,-0.301792,unrelated
S79,S109,C5-2023,C44-L15-2023,0,1994092,3490950,7781078,7182952,-0.333320,unrelated
S79,S110,C5-2023,C44-L15-2023,0,2125259,3326437,7781078,7579950,-0.294747,unrelated
S79,S111,C5-2023,C44-L15-2023,0,2182737,3368350,7781078,8035390,-0.287925,unrelated
S79,S112,C5-2023,C44-L15-2023,0,2086188,3322005,7781078,7532210,-0.297638,unrelated
S79,S113,C5-2023,C44-L15-2023,0,1996549,3362522,7781078,7281389,-0.313926,unrelated
S79,S114,C5-2023,C44-L15-2023,0,2092320,3338973,7781078,7409290,-0.301877,unrelated
S79,S115,C5-2023,C44-L15-2023,0,2152109,3291994,7781078,7776122,-0.284876,unrelated
S79,S133,C5-2023,Aartz-2023,0,2064768,3349767,7781078,7481338,-0.303672,unrelated
S79,S134,C5-2023,Aartz-2023,0,1969605,3493203,7781078,7342694,-0.331716,unrelated
S79,S135,C5-2023,Aartz-2023,0,2038036,3413325,7781078,7171059,-0.320263,unrelated
S79,S136,C5-2023,Aartz-2023,0,2108636,3315132,7781078,7775212,-0.290662,unrelated
S79,S137,C5-2023,Aartz-2023,0,2053000,3261317,7781078,7535158,-0.291823,unrelated
S79,S145,C5-2023,XMASBig-2023,0,2106313,3345186,7781078,7857668,-0.293122,unrelated
S79,S146,C5-2023,XMASBig-2023,0,2056449,3446504,7781078,7511950,-0.316259,unrelated
S79,S147,C5-2023,XMASBig-2023,0,2114978,3315639,7781078,7708191,-0.291576,unrelated
S79,S148,C5-2023,XMASBig-2023,0,2191746,3267300,7781078,7944143,-0.276171,unrelated
S79,S149,C5-2023,XMASBig-2023,0,2065855,3418772,7781078,7327686,-0.315823,unrelated
S79,S167,C5-2023,GarrisonNE-2023,0,2098799,3377039,7781078,7689066,-0.300920,unrelated
S79,S168,C5-2023,GarrisonNE-2023,0,2035205,3309451,7781078,7345950,-0.303014,unrelated
S79,S169,C5-2023,GarrisonNE-2023,0,2056928,3433290,7781078,7604273,-0.312612,unrelated
S79,S170,C5-2023,GarrisonNE-2023,0,2103589,3338182,7781078,7764576,-0.294151,unrelated
S79,S171,C5-2023,GarrisonNE-2023,0,2082584,3420753,7781078,7653982,-0.308319,unrelated
S79,S172,C5-2023,GarrisonNE-2023,0,1970972,3340448,7781078,7231927,-0.313723,unrelated
S79,S173,C5-2023,GarrisonNE-2023,0,1994734,3255737,7781078,7337001,-0.298764,unrelated
S79,S185,C5-2023,H10-2023,0,2027319,3274363,7781078,7318923,-0.299431,unrelated
S79,S186,C5-2023,H10-2023,0,2131882,3169883,7781078,7677072,-0.272211,unrelated
S79,S187,C5-2023,H10-2023,0,2087690,3224184,7781078,7514517,-0.285094,unrelated
S79,S188,C5-2023,H10-2023,0,1903421,3484556,7781078,7202055,-0.338093,unrelated
S79,S189,C5-2023,H10-2023,0,2270129,3020747,7781078,8104414,-0.237409,unrelated
S79,S190,C5-2023,H10-2023,0,2100069,3387299,7781078,7760518,-0.300775,unrelated
S79,S191,C5-2023,H10-2023,0,2023240,3455360,7781078,7306259,-0.323946,unrelated
S79,S206,C5-2023,H15-2023,0,2093695,3125523,7781078,7783850,-0.267097,unrelated
S79,S207,C5-2023,H15-2023,0,2111443,3387392,7781078,7707947,-0.301074,unrelated
S79,S208,C5-2023,H15-2023,0,2081620,3290773,7781078,7490866,-0.294653,unrelated
S79,S209,C5-2023,H15-2023,0,2123441,3313839,7781078,7723624,-0.290508,unrelated
S79,S210,C5-2023,H15-2023,0,2147386,3225166,7781078,7739257,-0.277246,unrelated
S79,S211,C5-2023,H15-2023,0,2032762,3370746,7781078,7405367,-0.310061,unrelated
S79,S212,C5-2023,H15-2023,0,815171,4624180,7781078,3113003,-0.774107,unrelated
S79,S219,C5-2023,H41-2023,0,2072628,3222195,7781078,7585961,-0.284490,unrelated
S79,S220,C5-2023,H41-2023,0,1954748,3202700,7781078,7179670,-0.297489,unrelated
S79,S221,C5-2023,H41-2023,0,42632,5769648,7781078,158911,-1.447945,unrelated
S79,S222,C5-2023,H41-2023,0,388655,5263964,7781078,1476333,-1.095260,unrelated
S79,S223,C5-2023,H41-2023,0,1028260,4309061,7781078,3926923,-0.648263,unrelated
S79,S224,C5-2023,H41-2023,0,2134948,3250610,7781078,7733862,-0.281424,unrelated
S79,S225,C5-2023,H41-2023,0,1917138,3469145,7781078,7293024,-0.333098,unrelated
S79,S250,C5-2023,H66-2023,0,2078106,3374600,7781078,7497400,-0.305730,unrelated
S79,S251,C5-2023,H66-2023,0,1970418,3569962,7781078,7298189,-0.342822,unrelated
S79,S252,C5-2023,H66-2023,0,2184120,3208895,7781078,7784671,-0.271986,unrelated
S79,S253,C5-2023,H66-2023,0,2106593,3343934,7781078,7828319,-0.293495,unrelated
S79,S254,C5-2023,H66-2023,0,2113422,3313808,7781078,7899268,-0.287889,unrelated
S79,S255,C5-2023,H66-2023,0,1637446,3810646,7781078,6261999,-0.426106,unrelated
S79,S256,C5-2023,H66-2023,0,1957735,3491195,7781078,7050507,-0.338781,unrelated
S79,S257,C5-2023,H66-2023,0,1990940,3476982,7781078,7226941,-0.330691,unrelated
S79,S258,C5-2023,H66-2023,0,1993351,3420674,7781078,7345804,-0.320489,unrelated
S79,S259,C5-2023,H66-2023,0,2119313,3298964,7781078,7685226,-0.289572,unrelated
S79,S260,C5-2023,H66-2023,0,2153729,3234959,7781078,7760564,-0.277718,unrelated
S79,S288,C5-2023,Du-2023,0,2140640,3247859,7781078,7781391,-0.279845,unrelated
S79,S289,C5-2023,Du-2023,0,2283156,3146855,7781078,8243626,-0.250273,unrelated
S79,S290,C5-2023,Du-2023,0,2272274,3145450,7781078,8328446,-0.249457,unrelated
S79,S291,C5-2023,Du-2023,0,2331782,3068814,7781078,8614604,-0.232125,unrelated
S79,S292,C5-2023,Du-2023,0,2526124,2866392,7781078,9175472,-0.189110,unrelated
S79,S293,C5-2023,Du-2023,0,2448549,2937205,7781078,9002064,-0.204125,unrelated
S79,S294,C5-2023,Du-2023,0,2229127,3144838,7781078,8280057,-0.252818,unrelated
S79,S312,C5-2023,OkrayGrosheks40-2023,0,2170177,3258550,7781078,7983456,-0.275741,unrelated
S79,S313,C5-2023,OkrayGrosheks40-2023,0,2057197,3301749,7781078,7465948,-0.298176,unrelated
S79,S314,C5-2023,OkrayGrosheks40-2023,0,2109833,3328452,7781078,7693326,-0.293845,unrelated
S79,S315,C5-2023,OkrayGrosheks40-2023,0,2215464,3230245,7781078,7911196,-0.270517,unrelated
S79,S316,C5-2023,OkrayGrosheks40-2023,0,2150858,3305246,7781078,7767507,-0.286819,unrelated
S79,S317,C5-2023,OkrayGrosheks40-2023,0,2223599,3180307,7781078,8428115,-0.255226,unrelated
S79,S318,C5-2023,OkrayGrosheks40-2023,0,2020771,3396443,7781078,7352916,-0.315324,unrelated
S79,S328,C5-2023,LaszSE-O14-2023,0,2145184,3374481,7781078,7746042,-0.296499,unrelated
S79,S329,C5-2023,LaszSE-O14-2023,0,2081553,3315903,7781078,7797235,-0.292089,unrelated
S79,S330,C5-2023,LaszSE-O14-2023,0,1969802,3510806,7781078,7462058,-0.331415,unrelated
S79,S331,C5-2023,LaszSE-O14-2023,0,2088760,3400539,7781078,7438819,-0.309616,unrelated
S79,S332,C5-2023,LaszSE-O14-2023,0,2290501,3141563,7781078,8314732,-0.248054,unrelated
S79,S370,C5-2023,BrikalskiPats-2023,0,1990890,3450662,7781078,7223088,-0.327271,unrelated
S79,S371,C5-2023,BrikalskiPats-2023,0,2111664,3357402,7781078,7850890,-0.294470,unrelated
S79,S372,C5-2023,BrikalskiPats-2023,0,2183304,3278063,7781078,7962119,-0.277759,unrelated
S79,S373,C5-2023,BrikalskiPats-2023,0,2103299,3368180,7781078,7688767,-0.299490,unrelated
S79,S374,C5-2023,BrikalskiPats-2023,0,2030318,3359624,7781078,7505467,-0.306736,unrelated
S79,S375,C5-2023,BrikalskiPats-2023,0,2074404,3344229,7781078,7610693,-0.299774,unrelated
S79,S376,C5-2023,BrikalskiPats-2023,0,2074036,3387959,7781078,7674386,-0.304221,unrelated
S79,S386,C5-2023,DaveBrilowski-2023,0,2097682,3301637,7781078,7581179,-0.293290,unrelated
S79,S387,C5-2023,DaveBrilowski-2023,0,2080517,3340282,7781078,7340180,-0.304211,unrelated
S79,S388,C5-2023,DaveBrilowski-2023,0,2150988,3338476,7781078,7711070,-0.292146,unrelated
S79,S389,C5-2023,DaveBrilowski-2023,0,2076298,3451300,7781078,7419012,-0.317518,unrelated
S79,S390,C5-2023,DaveBrilowski-2023,0,2059745,3380864,7781078,7664668,-0.304419,unrelated
S79,S391,C5-2023,DaveBrilowski-2023,0,2084504,3347113,7781078,7786721,-0.296106,unrelated
S79,S392,C5-2023,DaveBrilowski-2023,0,2110260,3296985,7781078,7941139,-0.285183,unrelated
S79,S418,C5-2023,Wysocki1129-2023,0,2125725,3314896,7781078,7606408,-0.292710,unrelated
S79,S419,C5-2023,Wysocki1129-2023,0,1958046,3384538,7781078,7110209,-0.323077,unrelated
S79,S420,C5-2023,Wysocki1129-2023,0,2123865,3280382,7781078,7733647,-0.285980,unrelated
S79,S421,C5-2023,Wysocki1129-2023,0,2102781,3324700,7781078,7799266,-0.291818,unrelated
S79,S422,C5-2023,Wysocki1129-2023,0,2127548,3577826,7781078,7735411,-0.324049,unrelated
S79,S423,C5-2023,Wysocki1129-2023,0,2131475,3295564,7781078,7838314,-0.285520,unrelated
S79,S424,C5-2023,Wysocki1129-2023,0,2013655,3485589,7781078,7581744,-0.322696,unrelated
S79,S442,C5-2023,Wedekind_3-2023,0,1755427,3586827,7781078,6337465,-0.383767,unrelated
S79,S443,C5-2023,Wedekind_3-2023,0,2056125,3328603,7781078,7460484,-0.301877,unrelated
S79,S444,C5-2023,Wedekind_3-2023,0,2000721,3377600,7781078,7291631,-0.315436,unrelated
S79,S445,C5-2023,Wedekind_3-2023,0,2136945,3286304,7781078,7860728,-0.283577,unrelated
S79,S446,C5-2023,Wedekind_3-2023,0,2091524,3316577,7781078,7648040,-0.294354,unrelated
S79,S447,C5-2023,Wedekind_3-2023,0,2126451,3311639,7781078,7678231,-0.290882,unrelated
S79,S448,C5-2023,Wedekind_3-2023,0,1994571,3483633,7781078,7296097,-0.329816,unrelated
S79,S474,C5-2023,Airport04-2023,0,2094962,3252309,7781078,7804708,-0.282928,unrelated
S79,S475,C5-2023,Airport04-2023,0,2225218,3114991,7781078,8082784,-0.252446,unrelated
S79,S476,C5-2023,Airport04-2023,0,2053954,3300483,7781078,7482884,-0.297892,unrelated
S79,S477,C5-2023,Airport04-2023,0,2088451,3188388,7781078,7485865,-0.280890,unrelated
S79,S478,C5-2023,Airport04-2023,0,2117959,3231506,7781078,7652969,-0.281524,unrelated
S79,S479,C5-2023,Airport04-2023,0,2005787,3314139,7781078,7412292,-0.304244,unrelated
S79,S480,C5-2023,Airport04-2023,0,1878856,3439450,7781078,6986357,-0.338586,unrelated
S80,S81,C5-2023,C5-2023,1,2095700,3588543,7723029,7557553,-0.332539,unrelated
S80,S82,C5-2023,C5-2023,1,2067891,3365365,7723029,7539134,-0.305516,unrelated
S80,S83,C5-2023,C5-2023,1,2002369,3459350,7723029,7418769,-0.324686,unrelated
S80,S109,C5-2023,C44-L15-2023,0,1982076,3552040,7723029,7182952,-0.343621,unrelated
S80,S110,C5-2023,C44-L15-2023,0,2119445,3349260,7723029,7579950,-0.299228,unrelated
S80,S111,C5-2023,C44-L15-2023,0,2174688,3463293,7723029,8035390,-0.301547,unrelated
S80,S112,C5-2023,C44-L15-2023,0,2072555,3351344,7723029,7532210,-0.303511,unrelated
S80,S113,C5-2023,C44-L15-2023,0,1958256,3490208,7723029,7281389,-0.334712,unrelated
S80,S114,C5-2023,C44-L15-2023,0,2075834,3409940,7723029,7409290,-0.313504,unrelated
S80,S115,C5-2023,C44-L15-2023,0,2118218,3329450,7723029,7776122,-0.292963,unrelated
S80,S133,C5-2023,Aartz-2023,0,2025589,3432196,7723029,7481338,-0.318251,unrelated
S80,S134,C5-2023,Aartz-2023,0,1962660,3588151,7723029,7342694,-0.346060,unrelated
S80,S135,C5-2023,Aartz-2023,0,1993132,3553799,7723029,7171059,-0.343389,unrelated
S80,S136,C5-2023,Aartz-2023,0,2133771,3275362,7723029,7775212,-0.284997,unrelated
S80,S137,C5-2023,Aartz-2023,0,2017335,3377550,7723029,7535158,-0.310506,unrelated
S80,S145,C5-2023,XMASBig-2023,0,2101573,3401004,7723029,7857668,-0.301683,unrelated
S80,S146,C5-2023,XMASBig-2023,0,2047098,3436190,7723029,7511950,-0.316724,unrelated
S80,S147,C5-2023,XMASBig-2023,0,2111933,3397768,7723029,7708191,-0.303515,unrelated
S80,S148,C5-2023,XMASBig-2023,0,2236106,3246786,7723029,7944143,-0.271744,unrelated
S80,S149,C5-2023,XMASBig-2023,0,2059646,3408336,7723029,7327686,-0.316066,unrelated
S80,S167,C5-2023,GarrisonNE-2023,0,2078351,3471634,7723029,7689066,-0.315656,unrelated
S80,S168,C5-2023,GarrisonNE-2023,0,2019839,3507631,7723029,7345950,-0.331504,unrelated
S80,S169,C5-2023,GarrisonNE-2023,0,2078764,3446511,7723029,7604273,-0.314097,unrelated
S80,S170,C5-2023,GarrisonNE-2023,0,2120053,3361276,7723029,7764576,-0.297173,unrelated
S80,S171,C5-2023,GarrisonNE-2023,0,2109507,3388116,7723029,7653982,-0.303487,unrelated
S80,S172,C5-2023,GarrisonNE-2023,0,1991849,3372876,7723029,7231927,-0.317881,unrelated
S80,S173,C5-2023,GarrisonNE-2023,0,2009273,3263731,7723029,7337001,-0.300012,unrelated
S80,S185,C5-2023,H10-2023,0,2033646,3326704,7723029,7318923,-0.307125,unrelated
S80,S186,C5-2023,H10-2023,0,2136633,3292390,7723029,7677072,-0.288839,unrelated
S80,S187,C5-2023,H10-2023,0,2054193,3311491,7723029,7514517,-0.299838,unrelated
S80,S188,C5-2023,H10-2023,0,1897120,3468752,7723029,7202055,-0.337712,unrelated
S80,S189,C5-2023,H10-2023,0,2269092,3088523,7723029,8104414,-0.246910,unrelated
S80,S190,C5-2023,H10-2023,0,2105793,3382990,7723029,7760518,-0.300977,unrelated
S80,S191,C5-2023,H10-2023,0,2017304,3497137,7723029,7306259,-0.331151,unrelated
S80,S206,C5-2023,H15-2023,0,2125241,3152437,7723029,7783850,-0.269534,unrelated
S80,S207,C5-2023,H15-2023,0,2076417,3483564,7723029,7707947,-0.316941,unrelated
S80,S208,C5-2023,H15-2023,0,2057183,3349825,7723029,7490866,-0.305147,unrelated
S80,S209,C5-2023,H15-2023,0,2105969,3428026,7723029,7723624,-0.307515,unrelated
S80,S210,C5-2023,H15-2023,0,2118234,3327118,7723029,7739257,-0.293359,unrelated
S80,S211,C5-2023,H15-2023,0,2024296,3375975,7723029,7405367,-0.312502,unrelated
S80,S212,C5-2023,H15-2023,0,810019,4725107,7723029,3113003,-0.797358,unrelated
S80,S219,C5-2023,H41-2023,0,2085640,3109890,7723029,7585961,-0.270047,unrelated
S80,S220,C5-2023,H41-2023,0,1995662,3307116,7723029,7179670,-0.309915,unrelated
S80,S221,C5-2023,H41-2023,0,42507,5873641,7723029,158911,-1.485012,unrelated
S80,S222,C5-2023,H41-2023,0,386564,5365198,7723029,1476333,-1.124408,unrelated
S80,S223,C5-2023,H41-2023,0,1019048,4387225,7723029,3926923,-0.665702,unrelated
S80,S224,C5-2023,H41-2023,0,2147958,3240262,7723029,7733862,-0.280300,unrelated
S80,S225,C5-2023,H41-2023,0,1963712,3462062,7723029,7293024,-0.330341,unrelated
S80,S250,C5-2023,H66-2023,0,2117214,3326463,7723029,7497400,-0.298002,unrelated
S80,S251,C5-2023,H66-2023,0,1985693,3460890,7723029,7298189,-0.328608,unrelated
S80,S252,C5-2023,H66-2023,0,2128354,3298512,7723029,7784671,-0.288158,unrelated
S80,S253,C5-2023,H66-2023,0,2123556,3409161,7723029,7828319,-0.301888,unrelated
S80,S254,C5-2023,H66-2023,0,2086287,3425353,7723029,7899268,-0.304976,unrelated
S80,S255,C5-2023,H66-2023,0,1646327,3763590,7723029,6261999,-0.420511,unrelated
S80,S256,C5-2023,H66-2023,0,1954687,3581227,7723029,7050507,-0.352506,unrelated
S80,S257,C5-2023,H66-2023,0,1953692,3595460,7723029,7226941,-0.350317,unrelated
S80,S258,C5-2023,H66-2023,0,2001068,3447757,7723029,7345804,-0.324806,unrelated
S80,S259,C5-2023,H66-2023,0,2101510,3357016,7723029,7685226,-0.299354,unrelated
S80,S260,C5-2023,H66-2023,0,2085194,3392846,7723029,7760564,-0.303579,unrelated
S80,S288,C5-2023,Du-2023,0,2127816,3293942,7723029,7781391,-0.287664,unrelated
S80,S289,C5-2023,Du-2023,0,2268113,3150794,7723029,8243626,-0.252619,unrelated
S80,S290,C5-2023,Du-2023,0,2299686,3139088,7723029,8328446,-0.247858,unrelated
S80,S291,C5-2023,Du-2023,0,2303756,3243999,7723029,8614604,-0.256111,unrelated
S80,S292,C5-2023,Du-2023,0,2526097,2962927,7723029,9175472,-0.201187,unrelated
S80,S293,C5-2023,Du-2023,0,2410455,3034272,7723029,9002064,-0.218719,unrelated
S80,S294,C5-2023,Du-2023,0,2199265,3233685,7723029,8280057,-0.266705,unrelated
S80,S312,C5-2023,OkrayGrosheks40-2023,0,2121107,3364305,7723029,7983456,-0.293350,unrelated
S80,S313,C5-2023,OkrayGrosheks40-2023,0,1998911,3471237,7723029,7465948,-0.325470,unrelated
S80,S314,C5-2023,OkrayGrosheks40-2023,0,2115368,3400349,7723029,7693326,-0.303919,unrelated
S80,S315,C5-2023,OkrayGrosheks40-2023,0,2143281,3353023,7723029,7911196,-0.291845,unrelated
S80,S316,C5-2023,OkrayGrosheks40-2023,0,2125092,3403382,7723029,7767507,-0.302228,unrelated
S80,S317,C5-2023,OkrayGrosheks40-2023,0,2210606,3231986,7723029,8428115,-0.263348,unrelated
S80,S318,C5-2023,OkrayGrosheks40-2023,0,2008426,3424013,7723029,7352916,-0.321015,unrelated
S80,S328,C5-2023,LaszSE-O14-2023,0,2113252,3471132,7723029,7746042,-0.312172,unrelated
S80,S329,C5-2023,LaszSE-O14-2023,0,2043593,3454522,7723029,7797235,-0.313490,unrelated
S80,S330,C5-2023,LaszSE-O14-2023,0,1982950,3516087,7723029,7462058,-0.332512,unrelated
S80,S331,C5-2023,LaszSE-O14-2023,0,2073943,3393028,7723029,7438819,-0.310788,unrelated
S80,S332,C5-2023,LaszSE-O14-2023,0,2297645,3190748,7723029,8314732,-0.254640,unrelated
S80,S370,C5-2023,BrikalskiPats-2023,0,1974854,3580462,7723029,7223088,-0.346984,unrelated
S80,S371,C5-2023,BrikalskiPats-2023,0,2097872,3369573,7723029,7850890,-0.298016,unrelated
S80,S372,C5-2023,BrikalskiPats-2023,0,2163921,3312796,7723029,7962119,-0.284452,unrelated
S80,S373,C5-2023,BrikalskiPats-2023,0,2092799,3406534,7723029,7688767,-0.306276,unrelated
S80,S374,C5-2023,BrikalskiPats-2023,0,2060231,3373124,7723029,7505467,-0.307714,unrelated
S80,S375,C5-2023,BrikalskiPats-2023,0,2069478,3374382,7723029,7610693,-0.305163,unrelated
S80,S376,C5-2023,BrikalskiPats-2023,0,2055491,3360887,7723029,7674386,-0.303056,unrelated
S80,S386,C5-2023,DaveBrilowski-2023,0,2068879,3381760,7723029,7581179,-0.306755,unrelated
S80,S387,C5-2023,DaveBrilowski-2023,0,2048720,3473737,7723029,7340180,-0.325213,unrelated
S80,S388,C5-2023,DaveBrilowski-2023,0,2123955,3372654,7723029,7711070,-0.299425,unrelated
S80,S389,C5-2023,DaveBrilowski-2023,0,2036130,3526290,7723029,7419012,-0.331293,unrelated
S80,S390,C5-2023,DaveBrilowski-2023,0,2107018,3278861,7723029,7664668,-0.289238,unrelated
S80,S391,C5-2023,DaveBrilowski-2023,0,2056919,3435020,7723029,7786721,-0.310329,unrelated
S80,S392,C5-2023,DaveBrilowski-2023,0,2136671,3373943,7723029,7941139,-0.294380,unrelated
S80,S418,C5-2023,Wysocki1129-2023,0,2105599,3363359,7723029,7606408,-0.301454,unrelated
S80,S419,C5-2023,Wysocki1129-2023,0,1955482,3441422,7723029,7110209,-0.332184,unrelated
S80,S420,C5-2023,Wysocki1129-2023,0,2137694,3296347,7723029,7733647,-0.288225,unrelated
S80,S421,C5-2023,Wysocki1129-2023,0,2107506,3309332,7723029,7799266,-0.290624,unrelated
S80,S422,C5-2023,Wysocki1129-2023,0,2113774,3605281,7723029,7735411,-0.329709,unrelated
S80,S423,C5-2023,Wysocki1129-2023,0,2106397,3372893,7723029,7838314,-0.298136,unrelated
S80,S424,C5-2023,Wysocki1129-2023,0,2014745,3537261,7723029,7581744,-0.330601,unrelated
S80,S442,C5-2023,Wedekind_3-2023,0,1701083,3745840,7723029,6337465,-0.411835,unrelated
S80,S443,C5-2023,Wedekind_3-2023,0,2047986,3416207,7723029,7460484,-0.315107,unrelated
S80,S444,C5-2023,Wedekind_3-2023,0,2011532,3416981,7723029,7291631,-0.321181,unrelated
S80,S445,C5-2023,Wedekind_3-2023,0,2097226,3383148,7723029,7860728,-0.299611,unrelated
S80,S446,C5-2023,Wedekind_3-2023,0,2028994,3448017,7723029,7648040,-0.316636,unrelated
S80,S447,C5-2023,Wedekind_3-2023,0,2130291,3378210,7723029,7678231,-0.300373,unrelated
S80,S448,C5-2023,Wedekind_3-2023,0,1985066,3579507,7723029,7296097,-0.344491,unrelated
S80,S474,C5-2023,Airport04-2023,0,2060880,3293679,7723029,7804708,-0.291509,unrelated
S80,S475,C5-2023,Airport04-2023,0,2217009,3197366,7723029,8082784,-0.264316,unrelated
S80,S476,C5-2023,Airport04-2023,0,2037213,3338503,7723029,7482884,-0.305131,unrelated
S80,S477,C5-2023,Airport04-2023,0,2065499,3327524,7723029,7485865,-0.301767,unrelated
S80,S478,C5-2023,Airport04-2023,0,2138152,3250103,7723029,7652969,-0.283692,unrelated
S80,S479,C5-2023,Airport04-2023,0,1996794,3336453,7723029,7412292,-0.308954,unrelated
S80,S480,C5-2023,Airport04-2023,0,1877208,3489553,7723029,6986357,-0.346846,unrelated
S81,S82,C5-2023,C5-2023,1,2002048,3573914,7557553,7539134,-0.340855,unrelated
S81,S83,C5-2023,C5-2023,1,1956785,3688672,7557553,7418769,-0.361942,unrelated
S81,S109,C5-2023,C44-L15-2023,0,1896564,3833842,7557553,7182952,-0.391514,unrelated
S81,S110,C5-2023,C44-L15-2023,0,2023475,3610866,7557553,7579950,-0.343403,unrelated
S81,S111,C5-2023,C44-L15-2023,0,2148467,3475083,7557553,8035390,-0.307941,unrelated
S81,S112,C5-2023,C44-L15-2023,0,2010510,3570880,7557553,7532210,-0.340048,unrelated
S81,S113,C5-2023,C44-L15-2023,0,1895338,3732762,7557553,7281389,-0.375376,unrelated
S81,S114,C5-2023,C44-L15-2023,0,1979392,3646822,7557553,7409290,-0.355068,unrelated
S81,S115,C5-2023,C44-L15-2023,0,2059544,3528442,7557553,7776122,-0.325906,unrelated
S81,S133,C5-2023,Aartz-2023,0,1950319,3660035,7557553,7481338,-0.357058,unrelated
S81,S134,C5-2023,Aartz-2023,0,1942517,3608399,7557553,7342694,-0.353973,unrelated
S81,S135,C5-2023,Aartz-2023,0,1909049,3864698,7557553,7171059,-0.395173,unrelated
S81,S136,C5-2023,Aartz-2023,0,2125661,3304275,7557553,7775212,-0.292373,unrelated
S81,S137,C5-2023,Aartz-2023,0,1921829,3673640,7557553,7535158,-0.359475,unrelated
S81,S145,C5-2023,XMASBig-2023,0,2097322,3363421,7557553,7857668,-0.300321,unrelated
S81,S146,C5-2023,XMASBig-2023,0,1996247,3589064,7557553,7511950,-0.343865,unrelated
S81,S147,C5-2023,XMASBig-2023,0,2037740,3619264,7557553,7708191,-0.340684,unrelated
S81,S148,C5-2023,XMASBig-2023,0,2103150,3537668,7557553,7944143,-0.320751,unrelated
S81,S149,C5-2023,XMASBig-2023,0,1991597,3649264,7557553,7327686,-0.356523,unrelated
S81,S167,C5-2023,GarrisonNE-2023,0,2034517,3552253,7557553,7689066,-0.332532,unrelated
S81,S168,C5-2023,GarrisonNE-2023,0,1960299,3720170,7557553,7345950,-0.367702,unrelated
S81,S169,C5-2023,GarrisonNE-2023,0,1998645,3690953,7557553,7604273,-0.355054,unrelated
S81,S170,C5-2023,GarrisonNE-2023,0,2046131,3477358,7557553,7764576,-0.320359,unrelated
S81,S171,C5-2023,GarrisonNE-2023,0,2039013,3668838,7557553,7653982,-0.348332,unrelated
S81,S172,C5-2023,GarrisonNE-2023,0,1901406,3652541,7557553,7231927,-0.365373,unrelated
S81,S173,C5-2023,GarrisonNE-2023,0,1886930,3556775,7557553,7337001,-0.350908,unrelated
S81,S185,C5-2023,H10-2023,0,1971585,3537641,7557553,7318923,-0.343072,unrelated
S81,S186,C5-2023,H10-2023,0,1970858,3610414,7557553,7677072,-0.344608,unrelated
S81,S187,C5-2023,H10-2023,0,1996501,3564981,7557553,7514517,-0.340594,unrelated
S81,S188,C5-2023,H10-2023,0,1911070,3525626,7557553,7202055,-0.348260,unrelated
S81,S189,C5-2023,H10-2023,0,2187113,3331654,7557553,8104414,-0.285800,unrelated
S81,S190,C5-2023,H10-2023,0,2127976,3395970,7557553,7760518,-0.304475,unrelated
S81,S191,C5-2023,H10-2023,0,1932189,3778418,7557553,7306259,-0.378412,unrelated
S81,S206,C5-2023,H15-2023,0,2015495,3362699,7557553,7783850,-0.307006,unrelated
S81,S207,C5-2023,H15-2023,0,2077843,3487115,7557553,7707947,-0.320749,unrelated
S81,S208,C5-2023,H15-2023,0,1980964,3628402,7557553,7490866,-0.350591,unrelated
S81,S209,C5-2023,H15-2023,0,2092697,3450817,7557553,7723624,-0.314697,unrelated
S81,S210,C5-2023,H15-2023,0,2005274,3595727,7557553,7739257,-0.339037,unrelated
S81,S211,C5-2023,H15-2023,0,1950862,3650612,7557553,7405367,-0.357575,unrelated
S81,S212,C5-2023,H15-2023,0,778700,4923939,7557553,3113003,-0.849926,unrelated
S81,S219,C5-2023,H41-2023,0,1988230,3469389,7557553,7585961,-0.326909,unrelated
S81,S220,C5-2023,H41-2023,0,1848365,3654592,7557553,7179670,-0.370546,unrelated
S81,S221,C5-2023,H41-2023,0,40399,6078237,7557553,158911,-1.570159,unrelated
S81,S222,C5-2023,H41-2023,0,368896,5575759,7557553,1476333,-1.193575,unrelated
S81,S223,C5-2023,H41-2023,0,982800,4607880,7557553,3926923,-0.716877,unrelated
S81,S224,C5-2023,H41-2023,0,2094406,3495464,7557553,7733862,-0.320214,unrelated
S81,S225,C5-2023,H41-2023,0,1916477,3473403,7557553,7293024,-0.338730,unrelated
S81,S250,C5-2023,H66-2023,0,2025966,3634253,7557553,7497400,-0.348227,unrelated
S81,S251,C5-2023,H66-2023,0,1998517,3534994,7557553,7298189,-0.341381,unrelated
S81,S252,C5-2023,H66-2023,0,2088251,3489390,7557553,7784671,-0.318763,unrelated
S81,S253,C5-2023,H66-2023,0,2077913,3475277,7557553,7828319,-0.316696,unrelated
S81,S254,C5-2023,H66-2023,0,2077968,3450890,7557553,7899268,-0.312083,unrelated
S81,S255,C5-2023,H66-2023,0,1637573,3654989,7557553,6261999,-0.410462,unrelated
S81,S256,C5-2023,H66-2023,0,1877694,3797178,7557553,7050507,-0.391336,unrelated
S81,S257,C5-2023,H66-2023,0,1904670,3799319,7557553,7226941,-0.385131,unrelated
S81,S258,C5-2023,H66-2023,0,1921700,3646964,7557553,7345804,-0.360471,unrelated
S81,S259,C5-2023,H66-2023,0,2021300,3643357,7557553,7685226,-0.345437,unrelated
S81,S260,C5-2023,H66-2023,0,2032331,3612505,7557553,7760564,-0.338989,unrelated
S81,S288,C5-2023,Du-2023,0,2035724,3522561,7557553,7781391,-0.326580,unrelated
S81,S289,C5-2023,Du-2023,0,2180332,3423392,7557553,8243626,-0.295323,unrelated
S81,S290,C5-2023,Du-2023,0,2139892,3492060,7557553,8328446,-0.304937,unrelated
S81,S291,C5-2023,Du-2023,0,2293983,3193380,7557553,8614604,-0.253076,unrelated
S81,S292,C5-2023,Du-2023,0,2477939,3152975,7557553,9175472,-0.228770,unrelated
S81,S293,C5-2023,Du-2023,0,2323728,3227572,7557553,9002064,-0.249487,unrelated
S81,S294,C5-2023,Du-2023,0,2146954,3318062,7557553,8280057,-0.283450,unrelated
S81,S312,C5-2023,OkrayGrosheks40-2023,0,2142696,3421636,7557553,7983456,-0.302463,unrelated
S81,S313,C5-2023,OkrayGrosheks40-2023,0,1947578,3627407,7557553,7465948,-0.353262,unrelated
S81,S314,C5-2023,OkrayGrosheks40-2023,0,2065762,3638833,7557553,7693326,-0.341744,unrelated
S81,S315,C5-2023,OkrayGrosheks40-2023,0,2095448,3510959,7557553,7911196,-0.318479,unrelated
S81,S316,C5-2023,OkrayGrosheks40-2023,0,2045126,3632339,7557553,7767507,-0.340589,unrelated
S81,S317,C5-2023,OkrayGrosheks40-2023,0,2191086,3308253,7557553,8428115,-0.276837,unrelated
S81,S318,C5-2023,OkrayGrosheks40-2023,0,1918367,3706042,7557553,7352916,-0.368447,unrelated
S81,S328,C5-2023,LaszSE-O14-2023,0,2071806,3629542,7557553,7746042,-0.338958,unrelated
S81,S329,C5-2023,LaszSE-O14-2023,0,2029712,3516165,7557553,7797235,-0.325802,unrelated
S81,S330,C5-2023,LaszSE-O14-2023,0,1959398,3610754,7557553,7462058,-0.350349,unrelated
S81,S331,C5-2023,LaszSE-O14-2023,0,1975761,3678007,7557553,7438819,-0.358770,unrelated
S81,S332,C5-2023,LaszSE-O14-2023,0,2237909,3415681,7557553,8314732,-0.289401,unrelated
S81,S370,C5-2023,BrikalskiPats-2023,0,1947658,3688876,7557553,7223088,-0.367379,unrelated
S81,S371,C5-2023,BrikalskiPats-2023,0,2078763,3392030,7557553,7850890,-0.305371,unrelated
S81,S372,C5-2023,BrikalskiPats-2023,0,2060191,3611065,7557553,7962119,-0.332606,unrelated
S81,S373,C5-2023,BrikalskiPats-2023,0,2093317,3369449,7557553,7688767,-0.304702,unrelated
S81,S374,C5-2023,BrikalskiPats-2023,0,1983821,3605592,7557553,7505467,-0.347033,unrelated
S81,S375,C5-2023,BrikalskiPats-2023,0,1980733,3637824,7557553,7610693,-0.349079,unrelated
S81,S376,C5-2023,BrikalskiPats-2023,0,2016996,3505561,7557553,7674386,-0.327872,unrelated
S81,S386,C5-2023,DaveBrilowski-2023,0,1968330,3684802,7557553,7581179,-0.356785,unrelated
S81,S387,C5-2023,DaveBrilowski-2023,0,1948297,3734401,7557553,7340180,-0.370560,unrelated
S81,S388,C5-2023,DaveBrilowski-2023,0,2035945,3656069,7557553,7711070,-0.345558,unrelated
S81,S389,C5-2023,DaveBrilowski-2023,0,1998057,3728110,7557553,7419012,-0.364447,unrelated
S81,S390,C5-2023,DaveBrilowski-2023,0,2011559,3628436,7557553,7664668,-0.344583,unrelated
S81,S391,C5-2023,DaveBrilowski-2023,0,2046135,3487385,7557553,7786721,-0.321204,unrelated
S81,S392,C5-2023,DaveBrilowski-2023,0,2069259,3412215,7557553,7941139,-0.306811,unrelated
S81,S418,C5-2023,Wysocki1129-2023,0,2034749,3536064,7557553,7606408,-0.332194,unrelated
S81,S419,C5-2023,Wysocki1129-2023,0,1872602,3704766,7557553,7110209,-0.377490,unrelated
S81,S420,C5-2023,Wysocki1129-2023,0,2080602,3511840,7557553,7733647,-0.323263,unrelated
S81,S421,C5-2023,Wysocki1129-2023,0,2032503,3611248,7557553,7799266,-0.337960,unrelated
S81,S422,C5-2023,Wysocki1129-2023,0,2136089,3229998,7557553,7735411,-0.282738,unrelated
S81,S423,C5-2023,Wysocki1129-2023,0,2030315,3600121,7557553,7838314,-0.335800,unrelated
S81,S424,C5-2023,Wysocki1129-2023,0,1982213,3597548,7557553,7581744,-0.344328,unrelated
S81,S442,C5-2023,Wedekind_3-2023,0,1638829,3987520,7557553,6337465,-0.456006,unrelated
S81,S443,C5-2023,Wedekind_3-2023,0,1974853,3636722,7557553,7460484,-0.352815,unrelated
S81,S444,C5-2023,Wedekind_3-2023,0,1918170,3622015,7557553,7291631,-0.358663,unrelated
S81,S445,C5-2023,Wedekind_3-2023,0,2058910,3432486,7557553,7860728,-0.311712,unrelated
S81,S446,C5-2023,Wedekind_3-2023,0,2002105,3499791,7557553,7648040,-0.328660,unrelated
S81,S447,C5-2023,Wedekind_3-2023,0,2053496,3597737,7557553,7678231,-0.337493,unrelated
S81,S448,C5-2023,Wedekind_3-2023,0,1894091,3746171,7557553,7296097,-0.376894,unrelated
S81,S474,C5-2023,Airport04-2023,0,2040440,3336851,7557553,7804708,-0.301600,unrelated
S81,S475,C5-2023,Airport04-2023,0,2112197,3438427,7557553,8082784,-0.304639,unrelated
S81,S476,C5-2023,Airport04-2023,0,1953633,3586957,7557553,7482884,-0.347083,unrelated
S81,S477,C5-2023,Airport04-2023,0,1990882,3490197,7557553,7485865,-0.331674,unrelated
S81,S478,C5-2023,Airport04-2023,0,2045608,3428619,7557553,7652969,-0.316336,unrelated
S81,S479,C5-2023,Airport04-2023,0,1944318,3538492,7557553,7412292,-0.342867,unrelated
S81,S480,C5-2023,Airport04-2023,0,1839031,3537191,7557553,6986357,-0.359969,unrelated
S82,S83,C5-2023,C5-2023,1,1985551,3507156,7539134,7418769,-0.336194,unrelated
S82,S109,C5-2023,C44-L15-2023,0,1931468,3546120,7539134,7182952,-0.350546,unrelated
S82,S110,C5-2023,C44-L15-2023,0,2082126,3335468,7539134,7579950,-0.303511,unrelated
S82,S111,C5-2023,C44-L15-2023,0,2094188,3444397,7539134,8035390,-0.307849,unrelated
S82,S112,C5-2023,C44-L15-2023,0,2038256,3444124,7539134,7532210,-0.321802,unrelated
S82,S113,C5-2023,C44-L15-2023,0,1985171,3395085,7539134,7281389,-0.324213,unrelated
S82,S114,C5-2023,C44-L15-2023,0,1993240,3334565,7539134,7409290,-0.312802,unrelated
S82,S115,C5-2023,C44-L15-2023,0,2064421,3387621,7539134,7776122,-0.307590,unrelated
S82,S133,C5-2023,Aartz-2023,0,2012752,3412906,7539134,7481338,-0.320433,unrelated
S82,S134,C5-2023,Aartz-2023,0,1948852,3536699,7539134,7342694,-0.344349,unrelated
S82,S135,C5-2023,Aartz-2023,0,1917482,3589313,7539134,7171059,-0.357653,unrelated
S82,S136,C5-2023,Aartz-2023,0,2057906,3346663,7539134,7775212,-0.302685,unrelated
S82,S137,C5-2023,Aartz-2023,0,2034519,3363508,7539134,7535158,-0.311291,unrelated
S82,S145,C5-2023,XMASBig-2023,0,2114913,3340676,7539134,7857668,-0.296584,unrelated
S82,S146,C5-2023,XMASBig-2023,0,1977527,3443571,7539134,7511950,-0.326197,unrelated
S82,S147,C5-2023,XMASBig-2023,0,2085397,3351884,7539134,7708191,-0.302897,unrelated
S82,S148,C5-2023,XMASBig-2023,0,2088402,3389121,7539134,7944143,-0.302897,unrelated
S82,S149,C5-2023,XMASBig-2023,0,1953464,3498756,7539134,7327686,-0.339282,unrelated
S82,S167,C5-2023,GarrisonNE-2023,0,1994553,3562887,7539134,7689066,-0.336955,unrelated
S82,S168,C5-2023,GarrisonNE-2023,0,1968182,3494118,7539134,7345950,-0.337254,unrelated
S82,S169,C5-2023,GarrisonNE-2023,0,2020867,3440581,7539134,7604273,-0.320951,unrelated
S82,S170,C5-2023,GarrisonNE-2023,0,2062643,3354186,7539134,7764576,-0.303569,unrelated
S82,S171,C5-2023,GarrisonNE-2023,0,2039016,3422823,7539134,7653982,-0.316369,unrelated
S82,S172,C5-2023,GarrisonNE-2023,0,1920249,3410764,7539134,7231927,-0.331816,unrelated
S82,S173,C5-2023,GarrisonNE-2023,0,1892821,3368355,7539134,7337001,-0.325615,unrelated
S82,S185,C5-2023,H10-2023,0,1971193,3353012,7539134,7318923,-0.318671,unrelated
S82,S186,C5-2023,H10-2023,0,2077793,3383156,7539134,7677072,-0.308127,unrelated
S82,S187,C5-2023,H10-2023,0,2036394,3317618,7539134,7514517,-0.305497,unrelated
S82,S188,C5-2023,H10-2023,0,1877381,3468828,7539134,7202055,-0.343275,unrelated
S82,S189,C5-2023,H10-2023,0,2187014,3117089,7539134,8104414,-0.258711,unrelated
S82,S190,C5-2023,H10-2023,0,2000497,3491761,7539134,7760518,-0.325695,unrelated
S82,S191,C5-2023,H10-2023,0,1959829,3550080,7539134,7306259,-0.346258,unrelated
S82,S206,C5-2023,H15-2023,0,2060846,3154722,7539134,7783850,-0.277270,unrelated
S82,S207,C5-2023,H15-2023,0,1993229,3479588,7539134,7707947,-0.325698,unrelated
S82,S208,C5-2023,H15-2023,0,1992855,3544323,7539134,7490866,-0.339041,unrelated
S82,S209,C5-2023,H15-2023,0,2013443,3458690,7539134,7723624,-0.321301,unrelated
S82,S210,C5-2023,H15-2023,0,2069847,3463366,7539134,7739257,-0.317892,unrelated
S82,S211,C5-2023,H15-2023,0,2009387,3524563,7539134,7405367,-0.337230,unrelated
S82,S212,C5-2023,H15-2023,0,794901,4681682,7539134,3113003,-0.804389,unrelated
S82,S219,C5-2023,H41-2023,0,2003423,3238672,7539134,7585961,-0.295795,unrelated
S82,S220,C5-2023,H41-2023,0,1872230,3380177,7539134,7179670,-0.332101,unrelated
S82,S221,C5-2023,H41-2023,0,41768,5830182,7539134,158911,-1.509292,unrelated
S82,S222,C5-2023,H41-2023,0,380356,5328870,7539134,1476333,-1.139972,unrelated
S82,S223,C5-2023,H41-2023,0,1007893,4370966,7539134,3926923,-0.674516,unrelated
S82,S224,C5-2023,H41-2023,0,2120555,3230937,7539134,7733862,-0.284248,unrelated
S82,S225,C5-2023,H41-2023,0,1889820,3581801,7539134,7293024,-0.355564,unrelated
S82,S250,C5-2023,H66-2023,0,1978846,3429778,7539134,7497400,-0.324590,unrelated
S82,S251,C5-2023,H66-2023,0,1922534,3450448,7539134,7298189,-0.335530,unrelated
S82,S252,C5-2023,H66-2023,0,2080777,3352014,7539134,7784671,-0.301704,unrelated
S82,S253,C5-2023,H66-2023,0,2044825,3390100,7539134,7828319,-0.308143,unrelated
S82,S254,C5-2023,H66-2023,0,2036200,3471523,7539134,7899268,-0.317834,unrelated
S82,S255,C5-2023,H66-2023,0,1590419,3872986,7539134,6261999,-0.446018,unrelated
S82,S256,C5-2023,H66-2023,0,1913802,3598829,7539134,7050507,-0.362165,unrelated
S82,S257,C5-2023,H66-2023,0,1940348,3562283,7539134,7226941,-0.351090,unrelated
S82,S258,C5-2023,H66-2023,0,1990954,3409710,7539134,7345804,-0.324386,unrelated
S82,S259,C5-2023,H66-2023,0,2072720,3388163,7539134,7685226,-0.308953,unrelated
S82,S260,C5-2023,H66-2023,0,2091694,3346265,7539134,7760564,-0.300714,unrelated
S82,S288,C5-2023,Du-2023,0,2101884,3214066,7539134,7781391,-0.282382,unrelated
S82,S289,C5-2023,Du-2023,0,2194028,3184548,7539134,8243626,-0.264533,unrelated
S82,S290,C5-2023,Du-2023,0,2238386,3191394,7539134,8328446,-0.261187,unrelated
S82,S291,C5-2023,Du-2023,0,2268775,3195511,7539134,8614604,-0.255188,unrelated
S82,S292,C5-2023,Du-2023,0,2451561,2917297,7539134,9175472,-0.202400,unrelated
S82,S293,C5-2023,Du-2023,0,2414891,2980039,7539134,9002064,-0.214325,unrelated
S82,S294,C5-2023,Du-2023,0,2160197,3322243,7539134,8280057,-0.283471,unrelated
S82,S312,C5-2023,OkrayGrosheks40-2023,0,2101757,3374560,7539134,7983456,-0.299394,unrelated
S82,S313,C5-2023,OkrayGrosheks40-2023,0,1984052,3434778,7539134,7465948,-0.325590,unrelated
S82,S314,C5-2023,OkrayGrosheks40-2023,0,2018590,3475941,7539134,7693326,-0.323867,unrelated
S82,S315,C5-2023,OkrayGrosheks40-2023,0,2116349,3316186,7539134,7911196,-0.292293,unrelated
S82,S316,C5-2023,OkrayGrosheks40-2023,0,2054023,3411393,7539134,7767507,-0.311549,unrelated
S82,S317,C5-2023,OkrayGrosheks40-2023,0,2163348,3244513,7539134,8428115,-0.270909,unrelated
S82,S318,C5-2023,OkrayGrosheks40-2023,0,1959529,3451282,7539134,7352916,-0.331924,unrelated
S82,S328,C5-2023,LaszSE-O14-2023,0,2079515,3401116,7539134,7746042,-0.308974,unrelated
S82,S329,C5-2023,LaszSE-O14-2023,0,2028900,3419534,7539134,7797235,-0.313645,unrelated
S82,S330,C5-2023,LaszSE-O14-2023,0,1974704,3489838,7539134,7462058,-0.333638,unrelated
S82,S331,C5-2023,LaszSE-O14-2023,0,1981208,3446087,7539134,7438819,-0.327880,unrelated
S82,S332,C5-2023,LaszSE-O14-2023,0,2214622,3259102,7539134,8314732,-0.271453,unrelated
S82,S370,C5-2023,BrikalskiPats-2023,0,1917724,3548354,7539134,7223088,-0.350827,unrelated
S82,S371,C5-2023,BrikalskiPats-2023,0,2050249,3462549,7539134,7850890,-0.316754,unrelated
S82,S372,C5-2023,BrikalskiPats-2023,0,2159231,3301914,7539134,7962119,-0.286725,unrelated
S82,S373,C5-2023,BrikalskiPats-2023,0,2017845,3445139,7539134,7688767,-0.319967,unrelated
S82,S374,C5-2023,BrikalskiPats-2023,0,2012954,3594573,7539134,7505467,-0.344056,unrelated
S82,S375,C5-2023,BrikalskiPats-2023,0,2047812,3514900,7539134,7610693,-0.328848,unrelated
S82,S376,C5-2023,BrikalskiPats-2023,0,2017975,3539520,7539134,7674386,-0.332669,unrelated
S82,S386,C5-2023,DaveBrilowski-2023,0,2036156,3488403,7539134,7581179,-0.326756,unrelated
S82,S387,C5-2023,DaveBrilowski-2023,0,1957649,3489772,7539134,7340180,-0.337509,unrelated
S82,S388,C5-2023,DaveBrilowski-2023,0,2050067,3443900,7539134,7711070,-0.317224,unrelated
S82,S389,C5-2023,DaveBrilowski-2023,0,1963607,3554373,7539134,7419012,-0.343969,unrelated
S82,S390,C5-2023,DaveBrilowski-2023,0,2051760,3344911,7539134,7664668,-0.305059,unrelated
S82,S391,C5-2023,DaveBrilowski-2023,0,2003464,3535122,7539134,7786721,-0.330603,unrelated
S82,S392,C5-2023,DaveBrilowski-2023,0,2087692,3399021,7539134,7941139,-0.304281,unrelated
S82,S418,C5-2023,Wysocki1129-2023,0,2048175,3407990,7539134,7606408,-0.314799,unrelated
S82,S419,C5-2023,Wysocki1129-2023,0,1931417,3394359,7539134,7110209,-0.331571,unrelated
S82,S420,C5-2023,Wysocki1129-2023,0,2076580,3302928,7539134,7733647,-0.296559,unrelated
S82,S421,C5-2023,Wysocki1129-2023,0,2109015,3315642,7539134,7799266,-0.294833,unrelated
S82,S422,C5-2023,Wysocki1129-2023,0,2053659,3626837,7539134,7735411,-0.340437,unrelated
S82,S423,C5-2023,Wysocki1129-2023,0,2127308,3301624,7539134,7838314,-0.291072,unrelated
S82,S424,C5-2023,Wysocki1129-2023,0,2004626,3526246,7539134,7581744,-0.333834,unrelated
S82,S442,C5-2023,Wedekind_3-2023,0,1684013,3808769,7539134,6337465,-0.427592,unrelated
S82,S443,C5-2023,Wedekind_3-2023,0,1968042,3463664,7539134,7460484,-0.330627,unrelated
S82,S444,C5-2023,Wedekind_3-2023,0,1978450,3526568,7539134,7291631,-0.342173,unrelated
S82,S445,C5-2023,Wedekind_3-2023,0,2075938,3490721,7539134,7860728,-0.318542,unrelated
S82,S446,C5-2023,Wedekind_3-2023,0,1989430,3424976,7539134,7648040,-0.320041,unrelated
S82,S447,C5-2023,Wedekind_3-2023,0,2066150,3370188,7539134,7678231,-0.307164,unrelated
S82,S448,C5-2023,Wedekind_3-2023,0,1958535,3508977,7539134,7296097,-0.341041,unrelated
S82,S474,C5-2023,Airport04-2023,0,2095325,3272811,7539134,7804708,-0.290038,unrelated
S82,S475,C5-2023,Airport04-2023,0,2154906,3183354,7539134,8082784,-0.269609,unrelated
S82,S476,C5-2023,Airport04-2023,0,2007902,3370288,7539134,7482884,-0.315049,unrelated
S82,S477,C5-2023,Airport04-2023,0,2024352,3279787,7539134,7485865,-0.301845,unrelated
S82,S478,C5-2023,Airport04-2023,0,2069204,3248599,7539134,7652969,-0.291467,unrelated
S82,S479,C5-2023,Airport04-2023,0,2032299,3398626,7539134,7412292,-0.318696,unrelated
S82,S480,C5-2023,Airport04-2023,0,1860211,3450868,7539134,6986357,-0.347081,unrelated
S83,S109,C5-2023,C44-L15-2023,0,1895759,3511720,7418769,7182952,-0.351170,unrelated
S83,S110,C5-2023,C44-L15-2023,0,1992506,3444528,7418769,7579950,-0.326465,unrelated
S83,S111,C5-2023,C44-L15-2023,0,2019797,3452507,7418769,8035390,-0.316110,unrelated
S83,S112,C5-2023,C44-L15-2023,0,1949416,3482939,7418769,7532210,-0.335527,unrelated
S83,S113,C5-2023,C44-L15-2023,0,1902406,3543020,7418769,7281389,-0.352624,unrelated
S83,S114,C5-2023,C44-L15-2023,0,1948224,3397492,7418769,7409290,-0.326864,unrelated
S83,S115,C5-2023,C44-L15-2023,0,2036676,3405115,7418769,7776122,-0.314155,unrelated
S83,S133,C5-2023,Aartz-2023,0,1956063,3543027,7418769,7481338,-0.344292,unrelated
S83,S134,C5-2023,Aartz-2023,0,1879689,3696676,7418769,7342694,-0.373517,unrelated
S83,S135,C5-2023,Aartz-2023,0,1842576,3640140,7418769,7171059,-0.372705,unrelated
S83,S136,C5-2023,Aartz-2023,0,2021840,3329907,7418769,7775212,-0.305251,unrelated
S83,S137,C5-2023,Aartz-2023,0,2004018,3449131,7418769,7535158,-0.327288,unrelated
S83,S145,C5-2023,XMASBig-2023,0,2049232,3501079,7418769,7857668,-0.324220,unrelated
S83,S146,C5-2023,XMASBig-2023,0,1927183,3475586,7418769,7511950,-0.336487,unrelated
S83,S147,C5-2023,XMASBig-2023,0,2032447,3425381,7418769,7708191,-0.318525,unrelated
S83,S148,C5-2023,XMASBig-2023,0,2044470,3436829,7418769,7944143,-0.314341,unrelated
S83,S149,C5-2023,XMASBig-2023,0,1900927,3532940,7418769,7327686,-0.350250,unrelated
S83,S167,C5-2023,GarrisonNE-2023,0,1980093,3481252,7418769,7689066,-0.329790,unrelated
S83,S168,C5-2023,GarrisonNE-2023,0,1908668,3450804,7418769,7345950,-0.338167,unrelated
S83,S169,C5-2023,GarrisonNE-2023,0,1965688,3443829,7418769,7604273,-0.327628,unrelated
S83,S170,C5-2023,GarrisonNE-2023,0,2016486,3449288,7418769,7764576,-0.321542,unrelated
S83,S171,C5-2023,GarrisonNE-2023,0,1987709,3480095,7418769,7653982,-0.329899,unrelated
S83,S172,C5-2023,GarrisonNE-2023,0,1867359,3403204,7418769,7231927,-0.337120,unrelated
S83,S173,C5-2023,GarrisonNE-2023,0,1911217,3315942,7418769,7337001,-0.319920,unrelated
S83,S185,C5-2023,H10-2023,0,1883507,3502013,7418769,7318923,-0.347444,unrelated
S83,S186,C5-2023,H10-2023,0,2040622,3278152,7418769,7677072,-0.299134,unrelated
S83,S187,C5-2023,H10-2023,0,1985959,3330781,7418769,7514517,-0.313099,unrelated
S83,S188,C5-2023,H10-2023,0,1824942,3656656,7418769,7202055,-0.375380,unrelated
S83,S189,C5-2023,H10-2023,0,2124190,3144134,7418769,8104414,-0.268249,unrelated
S83,S190,C5-2023,H10-2023,0,1982236,3505372,7418769,7760518,-0.331274,unrelated
S83,S191,C5-2023,H10-2023,0,1909644,3519049,7418769,7306259,-0.348281,unrelated
S83,S206,C5-2023,H15-2023,0,2049086,3212918,7418769,7783850,-0.287894,unrelated
S83,S207,C5-2023,H15-2023,0,1951448,3524253,7418769,7707947,-0.336957,unrelated
S83,S208,C5-2023,H15-2023,0,1984638,3397712,7418769,7490866,-0.322663,unrelated
S83,S209,C5-2023,H15-2023,0,2004608,3383434,7418769,7723624,-0.314499,unrelated
S83,S210,C5-2023,H15-2023,0,2079320,3262310,7418769,7739257,-0.293264,unrelated
S83,S211,C5-2023,H15-2023,0,1934447,3414738,7418769,7405367,-0.330207,unrelated
S83,S212,C5-2023,H15-2023,0,788962,4756690,7418769,3113003,-0.828390,unrelated
S83,S219,C5-2023,H41-2023,0,1950166,3270352,7418769,7585961,-0.305939,unrelated
S83,S220,C5-2023,H41-2023,0,1823761,3408022,7418769,7179670,-0.341974,unrelated
S83,S221,C5-2023,H41-2023,0,41135,5907416,7418769,158911,-1.553734,unrelated
S83,S222,C5-2023,H41-2023,0,376612,5396541,7418769,1476333,-1.171034,unrelated
S83,S223,C5-2023,H41-2023,0,987865,4433201,7418769,3926923,-0.694408,unrelated
S83,S224,C5-2023,H41-2023,0,2029722,3352806,7418769,7733862,-0.308586,unrelated
S83,S225,C5-2023,H41-2023,0,1889212,3460930,7418769,7293024,-0.342083,unrelated
S83,S250,C5-2023,H66-2023,0,1957559,3506818,7418769,7497400,-0.338966,unrelated
S83,S251,C5-2023,H66-2023,0,1889216,3551789,7418769,7298189,-0.354310,unrelated
S83,S252,C5-2023,H66-2023,0,2046911,3283993,7418769,7784671,-0.297372,unrelated
S83,S253,C5-2023,H66-2023,0,2012267,3385595,7418769,7828319,-0.312120,unrelated
S83,S254,C5-2023,H66-2023,0,2018505,3563723,7418769,7899268,-0.333525,unrelated
S83,S255,C5-2023,H66-2023,0,1562614,3962173,7418769,6261999,-0.465013,unrelated
S83,S256,C5-2023,H66-2023,0,1828636,3572742,7418769,7050507,-0.367458,unrelated
S83,S257,C5-2023,H66-2023,0,1910279,3584522,7418769,7226941,-0.359065,unrelated
S83,S258,C5-2023,H66-2023,0,1900883,3601645,7418769,7345804,-0.359130,unrelated
S83,S259,C5-2023,H66-2023,0,2021997,3462933,7418769,7685226,-0.324674,unrelated
S83,S260,C5-2023,H66-2023,0,2051464,3430900,7418769,7760564,-0.316900,unrelated
S83,S288,C5-2023,Du-2023,0,2030207,3402412,7418769,7781391,-0.314116,unrelated
S83,S289,C5-2023,Du-2023,0,2178238,3233507,7418769,8243626,-0.273826,unrelated
S83,S290,C5-2023,Du-2023,0,2160934,3330670,7418769,8328446,-0.285791,unrelated
S83,S291,C5-2023,Du-2023,0,2169875,3199945,7418769,8614604,-0.263826,unrelated
S83,S292,C5-2023,Du-2023,0,2391484,2988136,7418769,9175472,-0.216026,unrelated
S83,S293,C5-2023,Du-2023,0,2333326,3091311,7418769,9002064,-0.234415,unrelated
S83,S294,C5-2023,Du-2023,0,2161390,3149340,7418769,8280057,-0.263541,unrelated
S83,S312,C5-2023,OkrayGrosheks40-2023,0,2047871,3347303,7418769,7983456,-0.301692,unrelated
S83,S313,C5-2023,OkrayGrosheks40-2023,0,1903793,3575007,7418769,7465948,-0.352457,unrelated
S83,S314,C5-2023,OkrayGrosheks40-2023,0,1985698,3448185,7418769,7693326,-0.324950,unrelated
S83,S315,C5-2023,OkrayGrosheks40-2023,0,2075897,3350334,7418769,7911196,-0.301682,unrelated
S83,S316,C5-2023,OkrayGrosheks40-2023,0,2005533,3466831,7418769,7767507,-0.324512,unrelated
S83,S317,C5-2023,OkrayGrosheks40-2023,0,2138554,3310013,7418769,8428115,-0.282798,unrelated
S83,S318,C5-2023,OkrayGrosheks40-2023,0,1869764,3664664,7418769,7352916,-0.369597,unrelated
S83,S328,C5-2023,LaszSE-O14-2023,0,1983161,3469313,7418769,7746042,-0.326774,unrelated
S83,S329,C5-2023,LaszSE-O14-2023,0,1953320,3598383,7418769,7797235,-0.344601,unrelated
S83,S330,C5-2023,LaszSE-O14-2023,0,1880478,3622882,7418769,7462058,-0.360550,unrelated
S83,S331,C5-2023,LaszSE-O14-2023,0,1932497,3498131,7418769,7438819,-0.340820,unrelated
S83,S332,C5-2023,LaszSE-O14-2023,0,2179907,3163465,7418769,8314732,-0.263579,unrelated
S83,S370,C5-2023,BrikalskiPats-2023,0,1895401,3509837,7418769,7223088,-0.349974,unrelated
S83,S371,C5-2023,BrikalskiPats-2023,0,2015099,3524738,7418769,7850890,-0.329698,unrelated
S83,S372,C5-2023,BrikalskiPats-2023,0,2111828,3414538,7418769,7962119,-0.306695,unrelated
S83,S373,C5-2023,BrikalskiPats-2023,0,1981790,3432171,7418769,7688767,-0.323187,unrelated
S83,S374,C5-2023,BrikalskiPats-2023,0,1990083,3458707,7418769,7505467,-0.330156,unrelated
S83,S375,C5-2023,BrikalskiPats-2023,0,2046117,3321181,7418769,7610693,-0.305816,unrelated
S83,S376,C5-2023,BrikalskiPats-2023,0,1958871,3493423,7418769,7674386,-0.333129,unrelated
S83,S386,C5-2023,DaveBrilowski-2023,0,1998788,3390158,7418769,7581179,-0.318770,unrelated
S83,S387,C5-2023,DaveBrilowski-2023,0,1927403,3458878,7418769,7340180,-0.338124,unrelated
S83,S388,C5-2023,DaveBrilowski-2023,0,2017255,3404901,7418769,7711070,-0.316761,unrelated
S83,S389,C5-2023,DaveBrilowski-2023,0,1930294,3547111,7418769,7419012,-0.348026,unrelated
S83,S390,C5-2023,DaveBrilowski-2023,0,2030037,3523874,7418769,7664668,-0.332664,unrelated
S83,S391,C5-2023,DaveBrilowski-2023,0,1991351,3419462,7418769,7786721,-0.318804,unrelated
S83,S392,C5-2023,DaveBrilowski-2023,0,1988133,3548112,7418769,7941139,-0.332560,unrelated
S83,S418,C5-2023,Wysocki1129-2023,0,2007306,3373443,7418769,7606408,-0.315443,unrelated
S83,S419,C5-2023,Wysocki1129-2023,0,1874167,3573491,7418769,7110209,-0.362917,unrelated
S83,S420,C5-2023,Wysocki1129-2023,0,2047355,3387450,7418769,7733647,-0.311999,unrelated
S83,S421,C5-2023,Wysocki1129-2023,0,2049065,3481763,7418769,7799266,-0.322937,unrelated
S83,S422,C5-2023,Wysocki1129-2023,0,2024790,3635790,7418769,7735411,-0.346227,unrelated
S83,S423,C5-2023,Wysocki1129-2023,0,2027562,3470261,7418769,7838314,-0.322012,unrelated
S83,S424,C5-2023,Wysocki1129-2023,0,1930181,3607162,7418769,7581744,-0.352264,unrelated
S83,S442,C5-2023,Wedekind_3-2023,0,1684374,3635360,7418769,6337465,-0.406096,unrelated
S83,S443,C5-2023,Wedekind_3-2023,0,1931714,3430652,7418769,7460484,-0.331306,unrelated
S83,S444,C5-2023,Wedekind_3-2023,0,1934843,3394983,7418769,7291631,-0.330047,unrelated
S83,S445,C5-2023,Wedekind_3-2023,0,2050824,3320620,7418769,7860728,-0.300430,unrelated
S83,S446,C5-2023,Wedekind_3-2023,0,1959096,3528924,7418769,7648040,-0.338410,unrelated
S83,S447,C5-2023,Wedekind_3-2023,0,2011483,3388400,7418769,7678231,-0.315647,unrelated
S83,S448,C5-2023,Wedekind_3-2023,0,1881276,3614175,7418769,7296097,-0.363379,unrelated
S83,S474,C5-2023,Airport04-2023,0,2015176,3441333,7418769,7804708,-0.319736,unrelated
S83,S475,C5-2023,Airport04-2023,0,2131375,3175707,7418769,8082784,-0.272233,unrelated
S83,S476,C5-2023,Airport04-2023,0,1988223,3425739,7418769,7482884,-0.326357,unrelated
S83,S477,C5-2023,Airport04-2023,0,1966446,3369043,7418769,7485865,-0.320145,unrelated
S83,S478,C5-2023,Airport04-2023,0,2006339,3345134,7418769,7652969,-0.310776,unrelated
S83,S479,C5-2023,Airport04-2023,0,1979526,3350654,7418769,7412292,-0.318371,unrelated
S83,S480,C5-2023,Airport04-2023,0,1794182,3605458,7418769,6986357,-0.376028,unrelated
S109,S110,C44-L15-2023,C44-L15-2023,1,1948886,3567861,7182952,7579950,-0.351343,unrelated
S109,S111,C44-L15-2023,C44-L15-2023,1,2078055,3548332,7182952,8035390,-0.329774,unrelated
S109,S112,C44-L15-2023,C44-L15-2023,1,1898947,3586457,7182952,7532210,-0.358404,unrelated
S109,S113,C44-L15-2023,C44-L15-2023,1,1825629,3659813,7182952,7281389,-0.379830,unrelated
S109,S114,C44-L15-2023,C44-L15-2023,1,1923944,3610888,7182952,7409290,-0.363058,unrelated
S109,S115,C44-L15-2023,C44-L15-2023,1,1990579,3517068,7182952,7776122,-0.337157,unrelated
S109,S133,C44-L15-2023,Aartz-2023,0,1906575,3527908,7182952,7481338,-0.351142,unrelated
S109,S134,C44-L15-2023,Aartz-2023,0,1853259,3801215,7182952,7342694,-0.395795,unrelated
S109,S135,C44-L15-2023,Aartz-2023,0,1915309,3640848,7182952,7171059,-0.373860,unrelated
S109,S136,C44-L15-2023,Aartz-2023,0,1988448,3415538,7182952,7775212,-0.323745,unrelated
S109,S137,C44-L15-2023,Aartz-2023,0,1897166,3583212,7182952,7535158,-0.358012,unrelated
S109,S145,C44-L15-2023,XMASBig-2023,0,1993307,3550198,7182952,7857668,-0.339553,unrelated
S109,S146,C44-L15-2023,XMASBig-2023,0,1903306,3642315,7182952,7511950,-0.366203,unrelated
S109,S147,C44-L15-2023,XMASBig-2023,0,1954248,3554550,7182952,7708191,-0.346169,unrelated
S109,S148,C44-L15-2023,XMASBig-2023,0,2082829,3529065,7182952,7944143,-0.328900,unrelated
S109,S149,C44-L15-2023,XMASBig-2023,0,1928654,3715210,7182952,7327686,-0.379154,unrelated
S109,S167,C44-L15-2023,GarrisonNE-2023,0,2015250,3566670,7182952,7689066,-0.344142,unrelated
S109,S168,C44-L15-2023,GarrisonNE-2023,0,1990464,3616872,7182952,7345950,-0.360886,unrelated
S109,S169,C44-L15-2023,GarrisonNE-2023,0,1962605,3537917,7182952,7604273,-0.345787,unrelated
S109,S170,C44-L15-2023,GarrisonNE-2023,0,1898170,3562312,7182952,7764576,-0.349653,unrelated
S109,S171,C44-L15-2023,GarrisonNE-2023,0,2046965,3653105,7182952,7653982,-0.354470,unrelated
S109,S172,C44-L15-2023,GarrisonNE-2023,0,1867944,3558257,7182952,7231927,-0.364108,unrelated
S109,S173,C44-L15-2023,GarrisonNE-2023,0,1822948,3470926,7182952,7337001,-0.352543,unrelated
S109,S185,C44-L15-2023,H10-2023,0,1854623,3562722,7182952,7318923,-0.363458,unrelated
S109,S186,C44-L15-2023,H10-2023,0,1948100,3460930,7182952,7677072,-0.334707,unrelated
S109,S187,C44-L15-2023,H10-2023,0,1930497,3452332,7182952,7514517,-0.338437,unrelated
S109,S188,C44-L15-2023,H10-2023,0,1836525,3733282,7182952,7202055,-0.391382,unrelated
S109,S189,C44-L15-2023,H10-2023,0,2125697,3163933,7182952,8104414,-0.274879,unrelated
S109,S190,C44-L15-2023,H10-2023,0,1950994,3584436,7182952,7760518,-0.349174,unrelated
S109,S191,C44-L15-2023,H10-2023,0,1959937,3659199,7182952,7306259,-0.369824,unrelated
S109,S206,C44-L15-2023,H15-2023,0,1944954,3289839,7182952,7783850,-0.309667,unrelated
S109,S207,C44-L15-2023,H15-2023,0,1899989,3696045,7182952,7707947,-0.368823,unrelated
S109,S208,C44-L15-2023,H15-2023,0,1881058,3571417,7182952,7490866,-0.358583,unrelated
S109,S209,C44-L15-2023,H15-2023,0,1946504,3670939,7182952,7723624,-0.361946,unrelated
S109,S210,C44-L15-2023,H15-2023,0,1923332,3579579,7182952,7739257,-0.350875,unrelated
S109,S211,C44-L15-2023,H15-2023,0,1868905,3652050,7182952,7405367,-0.372572,unrelated
S109,S212,C44-L15-2023,H15-2023,0,765652,4899998,7182952,3113003,-0.877465,unrelated
S109,S219,C44-L15-2023,H41-2023,0,2009823,3333879,7182952,7585961,-0.315388,unrelated
S109,S220,C44-L15-2023,H41-2023,0,1896050,3485519,7182952,7179670,-0.353347,unrelated
S109,S221,C44-L15-2023,H41-2023,0,38190,6068152,7182952,158911,-1.647826,unrelated
S109,S222,C44-L15-2023,H41-2023,0,361817,5547143,7182952,1476333,-1.239417,unrelated
S109,S223,C44-L15-2023,H41-2023,0,939638,4565671,7182952,3926923,-0.737335,unrelated
S109,S224,C44-L15-2023,H41-2023,0,1965327,3524528,7182952,7733862,-0.340805,unrelated
S109,S225,C44-L15-2023,H41-2023,0,1877312,3727833,7182952,7293024,-0.385353,unrelated
S109,S250,C44-L15-2023,H66-2023,0,1971035,3688898,7182952,7497400,-0.368299,unrelated
S109,S251,C44-L15-2023,H66-2023,0,1895663,3751354,7182952,7298189,-0.387196,unrelated
S109,S252,C44-L15-2023,H66-2023,0,1996176,3473782,7182952,7784671,-0.330807,unrelated
S109,S253,C44-L15-2023,H66-2023,0,1939430,3588294,7182952,7828319,-0.348882,unrelated
S109,S254,C44-L15-2023,H66-2023,0,1949644,3525960,7182952,7899268,-0.338297,unrelated
S109,S255,C44-L15-2023,H66-2023,0,1522323,3995991,7182952,6261999,-0.481196,unrelated
S109,S256,C44-L15-2023,H66-2023,0,1875461,3575959,7182952,7050507,-0.370708,unrelated
S109,S257,C44-L15-2023,H66-2023,0,1891709,3770564,7182952,7226941,-0.392051,unrelated
S109,S258,C44-L15-2023,H66-2023,0,1936885,3671234,7182952,7345804,-0.372061,unrelated
S109,S259,C44-L15-2023,H66-2023,0,1945227,3518565,7182952,7685226,-0.342470,unrelated
S109,S260,C44-L15-2023,H66-2023,0,2004663,3434510,7182952,7760564,-0.325516,unrelated
S109,S288,C44-L15-2023,Du-2023,0,2028496,3549727,7182952,7781391,-0.338869,unrelated
S109,S289,C44-L15-2023,Du-2023,0,2098702,3407103,7182952,8243626,-0.305674,unrelated
S109,S290,C44-L15-2023,Du-2023,0,2080718,3359546,7182952,8328446,-0.299030,unrelated
S109,S291,C44-L15-2023,Du-2023,0,2187600,3278345,7182952,8614604,-0.276567,unrelated
S109,S292,C44-L15-2023,Du-2023,0,2344584,3165506,7182952,9175472,-0.243693,unrelated
S109,S293,C44-L15-2023,Du-2023,0,2248568,3180299,7182952,9002064,-0.254064,unrelated
S109,S294,C44-L15-2023,Du-2023,0,2034840,3315993,7182952,8280057,-0.297300,unrelated
S109,S312,C44-L15-2023,OkrayGrosheks40-2023,0,2012867,3461805,7182952,7983456,-0.323791,unrelated
S109,S313,C44-L15-2023,OkrayGrosheks40-2023,0,1921477,3610118,7182952,7465948,-0.361717,unrelated
S109,S314,C44-L15-2023,OkrayGrosheks40-2023,0,2024396,3611471,7182952,7693326,-0.349452,unrelated
S109,S315,C44-L15-2023,OkrayGrosheks40-2023,0,2012028,3481568,7182952,7911196,-0.328015,unrelated
S109,S316,C44-L15-2023,OkrayGrosheks40-2023,0,2044361,3637092,7182952,7767507,-0.349810,unrelated
S109,S317,C44-L15-2023,OkrayGrosheks40-2023,0,2052679,3415556,7182952,8428115,-0.306093,unrelated
S109,S318,C44-L15-2023,OkrayGrosheks40-2023,0,1941907,3685364,7182952,7352916,-0.373478,unrelated
S109,S328,C44-L15-2023,LaszSE-O14-2023,0,2068261,3636201,7182952,7746042,-0.348593,unrelated
S109,S329,C44-L15-2023,LaszSE-O14-2023,0,1976987,3631870,7182952,7797235,-0.352916,unrelated
S109,S330,C44-L15-2023,LaszSE-O14-2023,0,1905532,3719392,7182952,7462058,-0.377825,unrelated
S109,S331,C44-L15-2023,LaszSE-O14-2023,0,1916619,3657290,7182952,7438819,-0.369173,unrelated
S109,S332,C44-L15-2023,LaszSE-O14-2023,0,2128936,3379303,7182952,8314732,-0.298733,unrelated
S109,S370,C44-L15-2023,BrikalskiPats-2023,0,1912797,3702406,7182952,7223088,-0.381230,unrelated
S109,S371,C44-L15-2023,BrikalskiPats-2023,0,1937817,3605382,7182952,7850890,-0.350738,unrelated
S109,S372,C44-L15-2023,BrikalskiPats-2023,0,2010732,3492319,7182952,7962119,-0.328417,unrelated
S109,S373,C44-L15-2023,BrikalskiPats-2023,0,1934161,3629389,7182952,7688767,-0.358036,unrelated
S109,S374,C44-L15-2023,BrikalskiPats-2023,0,1883318,3655127,7182952,7505467,-0.369470,unrelated
S109,S375,C44-L15-2023,BrikalskiPats-2023,0,1928784,3510442,7182952,7610693,-0.344209,unrelated
S109,S376,C44-L15-2023,BrikalskiPats-2023,0,1962545,3656837,7182952,7674386,-0.360167,unrelated
S109,S386,C44-L15-2023,DaveBrilowski-2023,0,1921679,3567916,7182952,7581179,-0.353164,unrelated
S109,S387,C44-L15-2023,DaveBrilowski-2023,0,1984591,3660081,7182952,7340180,-0.367384,unrelated
S109,S388,C44-L15-2023,DaveBrilowski-2023,0,1959862,3514351,7182952,7711070,-0.340327,unrelated
S109,S389,C44-L15-2023,DaveBrilowski-2023,0,1977827,3673477,7182952,7419012,-0.367699,unrelated
S109,S390,C44-L15-2023,DaveBrilowski-2023,0,1920664,3565323,7182952,7664668,-0.350897,unrelated
S109,S391,C44-L15-2023,DaveBrilowski-2023,0,1908738,3590860,7182952,7786721,-0.352244,unrelated
S109,S392,C44-L15-2023,DaveBrilowski-2023,0,1966714,3531937,7182952,7941139,-0.337023,unrelated
S109,S418,C44-L15-2023,Wysocki1129-2023,0,1968288,3540600,7182952,7606408,-0.345716,unrelated
S109,S419,C44-L15-2023,Wysocki1129-2023,0,1798719,3710192,7182952,7110209,-0.393312,unrelated
S109,S420,C44-L15-2023,Wysocki1129-2023,0,1979936,3495416,7182952,7733647,-0.335928,unrelated
S109,S421,C44-L15-2023,Wysocki1129-2023,0,1952267,3510744,7182952,7799266,-0.338349,unrelated
S109,S422,C44-L15-2023,Wysocki1129-2023,0,1938528,3826488,7182952,7735411,-0.383048,unrelated
S109,S423,C44-L15-2023,Wysocki1129-2023,0,1974586,3492892,7182952,7838314,-0.333607,unrelated
S109,S424,C44-L15-2023,Wysocki1129-2023,0,1939949,3773047,7182952,7581744,-0.379699,unrelated
S109,S442,C44-L15-2023,Wedekind_3-2023,0,1597108,3880455,7182952,6337465,-0.455888,unrelated
S109,S443,C44-L15-2023,Wedekind_3-2023,0,1893617,3562093,7182952,7460484,-0.357195,unrelated
S109,S444,C44-L15-2023,Wedekind_3-2023,0,1850025,3696018,7182952,7291631,-0.382879,unrelated
S109,S445,C44-L15-2023,Wedekind_3-2023,0,1935459,3547874,7182952,7860728,-0.343020,unrelated
S109,S446,C44-L15-2023,Wedekind_3-2023,0,1900772,3584442,7182952,7648040,-0.355210,unrelated
S109,S447,C44-L15-2023,Wedekind_3-2023,0,1980750,3554911,7182952,7678231,-0.345132,unrelated
S109,S448,C44-L15-2023,Wedekind_3-2023,0,1912083,3722094,7182952,7296097,-0.382077,unrelated
S109,S474,C44-L15-2023,Airport04-2023,0,1956351,3463177,7182952,7804708,-0.331606,unrelated
S109,S475,C44-L15-2023,Airport04-2023,0,2113896,3263958,7182952,8082784,-0.289146,unrelated
S109,S476,C44-L15-2023,Airport04-2023,0,1880111,3544704,7182952,7482884,-0.355199,unrelated
S109,S477,C44-L15-2023,Airport04-2023,0,1872906,3537757,7182952,7485865,-0.354671,unrelated
S109,S478,C44-L15-2023,Airport04-2023,0,1980389,3455958,7182952,7652969,-0.332405,unrelated
S109,S479,C44-L15-2023,Airport04-2023,0,1882347,3416762,7182952,7412292,-0.339232,unrelated
S109,S480,C44-L15-2023,Airport04-2023,0,1813906,3725453,7182952,6986357,-0.397832,unrelated
S110,S111,C44-L15-2023,C44-L15-2023,1,2153683,3402769,7579950,8035390,-0.297903,unrelated
S110,S112,C44-L15-2023,C44-L15-2023,1,2074025,3371445,7579950,7532210,-0.308948,unrelated
S110,S113,C44-L15-2023,C44-L15-2023,1,1935438,3468791,7579950,7281389,-0.336588,unrelated
S110,S114,C44-L15-2023,C44-L15-2023,1,2057625,3363668,7579950,7409290,-0.311538,unrelated
S110,S115,C44-L15-2023,C44-L15-2023,1,2128037,3356835,7579950,7776122,-0.298620,unrelated
S110,S133,C44-L15-2023,Aartz-2023,0,1989401,3470939,7579950,7481338,-0.328822,unrelated
S110,S134,C44-L15-2023,Aartz-2023,0,1942404,3584353,7579950,7342694,-0.350226,unrelated
S110,S135,C44-L15-2023,Aartz-2023,0,1957247,3616980,7579950,7171059,-0.357719,unrelated
S110,S136,C44-L15-2023,Aartz-2023,0,2133567,3313466,7579950,7775212,-0.292629,unrelated
S110,S137,C44-L15-2023,Aartz-2023,0,2045926,3283580,7579950,7535158,-0.299120,unrelated
S110,S145,C44-L15-2023,XMASBig-2023,0,2096651,3416639,7579950,7857668,-0.306824,unrelated
S110,S146,C44-L15-2023,XMASBig-2023,0,2021411,3448465,7579950,7511950,-0.323055,unrelated
S110,S147,C44-L15-2023,XMASBig-2023,0,2127033,3333901,7579950,7708191,-0.297013,unrelated
S110,S148,C44-L15-2023,XMASBig-2023,0,2149625,3344605,7579950,7944143,-0.292422,unrelated
S110,S149,C44-L15-2023,XMASBig-2023,0,2023384,3471148,7579950,7327686,-0.329959,unrelated
S110,S167,C44-L15-2023,GarrisonNE-2023,0,2034500,3542341,7579950,7689066,-0.330747,unrelated
S110,S168,C44-L15-2023,GarrisonNE-2023,0,2001259,3478048,7579950,7345950,-0.331962,unrelated
S110,S169,C44-L15-2023,GarrisonNE-2023,0,2078522,3387634,7579950,7604273,-0.309318,unrelated
S110,S170,C44-L15-2023,GarrisonNE-2023,0,2077833,3425404,7579950,7764576,-0.311054,unrelated
S110,S171,C44-L15-2023,GarrisonNE-2023,0,2077211,3390097,7579950,7653982,-0.308718,unrelated
S110,S172,C44-L15-2023,GarrisonNE-2023,0,1967471,3351524,7579950,7231927,-0.319715,unrelated
S110,S173,C44-L15-2023,GarrisonNE-2023,0,1932876,3366456,7579950,7337001,-0.321784,unrelated
S110,S185,C44-L15-2023,H10-2023,0,1997952,3359760,7579950,7318923,-0.316908,unrelated
S110,S186,C44-L15-2023,H10-2023,0,2048429,3355924,7579950,7677072,-0.305657,unrelated
S110,S187,C44-L15-2023,H10-2023,0,2091259,3281382,7579950,7514517,-0.296235,unrelated
S110,S188,C44-L15-2023,H10-2023,0,1866289,3497976,7579950,7202055,-0.347021,unrelated
S110,S189,C44-L15-2023,H10-2023,0,2228999,3146488,7579950,8104414,-0.259110,unrelated
S110,S190,C44-L15-2023,H10-2023,0,2069327,3450274,7579950,7760518,-0.314933,unrelated
S110,S191,C44-L15-2023,H10-2023,0,2020400,3445105,7579950,7306259,-0.327136,unrelated
S110,S206,C44-L15-2023,H15-2023,0,2064262,3168402,7579950,7783850,-0.278091,unrelated
S110,S207,C44-L15-2023,H15-2023,0,2043091,3510245,7579950,7707947,-0.325578,unrelated
S110,S208,C44-L15-2023,H15-2023,0,1971814,3467255,7579950,7490866,-0.329292,unrelated
S110,S209,C44-L15-2023,H15-2023,0,2031204,3463676,7579950,7723624,-0.319935,unrelated
S110,S210,C44-L15-2023,H15-2023,0,2044814,3356952,7579950,7739257,-0.304787,unrelated
S110,S211,C44-L15-2023,H15-2023,0,2016606,3396250,7579950,7405367,-0.318705,unrelated
S110,S212,C44-L15-2023,H15-2023,0,801251,4720284,7579950,3113003,-0.807945,unrelated
S110,S219,C44-L15-2023,H41-2023,0,2044661,3185867,7579950,7585961,-0.285316,unrelated
S110,S220,C44-L15-2023,H41-2023,0,1925017,3331806,7579950,7179670,-0.321051,unrelated
S110,S221,C44-L15-2023,H41-2023,0,40214,5879135,7579950,158911,-1.514184,unrelated
S110,S222,C44-L15-2023,H41-2023,0,378806,5375559,7579950,1476333,-1.145317,unrelated
S110,S223,C44-L15-2023,H41-2023,0,1012744,4408831,7579950,3926923,-0.678283,unrelated
S110,S224,C44-L15-2023,H41-2023,0,2115721,3227986,7579950,7733862,-0.283421,unrelated
S110,S225,C44-L15-2023,H41-2023,0,1918863,3471402,7579950,7293024,-0.337790,unrelated
S110,S250,C44-L15-2023,H66-2023,0,2044558,3465672,7579950,7497400,-0.324114,unrelated
S110,S251,C44-L15-2023,H66-2023,0,1949206,3491738,7579950,7298189,-0.338367,unrelated
S110,S252,C44-L15-2023,H66-2023,0,2161687,3271892,7579950,7784671,-0.285207,unrelated
S110,S253,C44-L15-2023,H66-2023,0,2097555,3396692,7579950,7828319,-0.304760,unrelated
S110,S254,C44-L15-2023,H66-2023,0,2046245,3450677,7579950,7899268,-0.313653,unrelated
S110,S255,C44-L15-2023,H66-2023,0,1621830,3848270,7579950,6261999,-0.438862,unrelated
S110,S256,C44-L15-2023,H66-2023,0,1938217,3567658,7579950,7050507,-0.355225,unrelated
S110,S257,C44-L15-2023,H66-2023,0,1924774,3590801,7579950,7226941,-0.355026,unrelated
S110,S258,C44-L15-2023,H66-2023,0,1948708,3453048,7579950,7345804,-0.332137,unrelated
S110,S259,C44-L15-2023,H66-2023,0,2080265,3388849,7579950,7685226,-0.307722,unrelated
S110,S260,C44-L15-2023,H66-2023,0,2072995,3413229,7579950,7760564,-0.309863,unrelated
S110,S288,C44-L15-2023,Du-2023,0,2099503,3261421,7579950,7781391,-0.287953,unrelated
S110,S289,C44-L15-2023,Du-2023,0,2232155,3213123,7579950,8243626,-0.265053,unrelated
S110,S290,C44-L15-2023,Du-2023,0,2230007,3218591,7579950,8328446,-0.264463,unrelated
S110,S291,C44-L15-2023,Du-2023,0,2262594,3210236,7579950,8614604,-0.256745,unrelated
S110,S292,C44-L15-2023,Du-2023,0,2496328,2903059,7579950,9175472,-0.197535,unrelated
S110,S293,C44-L15-2023,Du-2023,0,2360775,3022080,7579950,9002064,-0.222131,unrelated
S110,S294,C44-L15-2023,Du-2023,0,2165276,3216784,7579950,8280057,-0.269123,unrelated
S110,S312,C44-L15-2023,OkrayGrosheks40-2023,0,2123838,3359984,7579950,7983456,-0.295316,unrelated
S110,S313,C44-L15-2023,OkrayGrosheks40-2023,0,1978511,3494008,7579950,7465948,-0.332948,unrelated
S110,S314,C44-L15-2023,OkrayGrosheks40-2023,0,2058342,3445619,7579950,7693326,-0.316428,unrelated
S110,S315,C44-L15-2023,OkrayGrosheks40-2023,0,2176326,3292419,7579950,7911196,-0.284583,unrelated
S110,S316,C44-L15-2023,OkrayGrosheks40-2023,0,2077935,3424181,7579950,7767507,-0.310828,unrelated
S110,S317,C44-L15-2023,OkrayGrosheks40-2023,0,2150609,3297848,7579950,8428115,-0.277678,unrelated
S110,S318,C44-L15-2023,OkrayGrosheks40-2023,0,1971921,3477660,7579950,7352916,-0.333720,unrelated
S110,S328,C44-L15-2023,LaszSE-O14-2023,0,2087275,3433023,7579950,7746042,-0.311808,unrelated
S110,S329,C44-L15-2023,LaszSE-O14-2023,0,2004695,3467405,7579950,7797235,-0.320612,unrelated
S110,S330,C44-L15-2023,LaszSE-O14-2023,0,1935685,3575902,7579950,7462058,-0.346770,unrelated
S110,S331,C44-L15-2023,LaszSE-O14-2023,0,2011477,3435347,7579950,7438819,-0.323543,unrelated
S110,S332,C44-L15-2023,LaszSE-O14-2023,0,2271017,3209410,7579950,8314732,-0.260955,unrelated
S110,S370,C44-L15-2023,BrikalskiPats-2023,0,1973910,3427587,7579950,7223088,-0.329747,unrelated
S110,S371,C44-L15-2023,BrikalskiPats-2023,0,2047718,3441073,7579950,7850890,-0.313296,unrelated
S110,S372,C44-L15-2023,BrikalskiPats-2023,0,2190464,3331349,7579950,7962119,-0.287750,unrelated
S110,S373,C44-L15-2023,BrikalskiPats-2023,0,2039230,3422691,7579950,7688767,-0.314771,unrelated
S110,S374,C44-L15-2023,BrikalskiPats-2023,0,2002397,3438626,7579950,7505467,-0.323150,unrelated
S110,S375,C44-L15-2023,BrikalskiPats-2023,0,2060321,3352815,7579950,7610693,-0.305801,unrelated
S110,S376,C44-L15-2023,BrikalskiPats-2023,0,2008023,3444279,7579950,7674386,-0.319944,unrelated
S110,S386,C44-L15-2023,DaveBrilowski-2023,0,2034629,3409709,7579950,7581179,-0.315596,unrelated
S110,S387,C44-L15-2023,DaveBrilowski-2023,0,1959339,3554464,7579950,7340180,-0.345144,unrelated
S110,S388,C44-L15-2023,DaveBrilowski-2023,0,2106428,3422829,7579950,7711070,-0.309936,unrelated
S110,S389,C44-L15-2023,DaveBrilowski-2023,0,2025604,3543291,7579950,7419012,-0.337422,unrelated
S110,S390,C44-L15-2023,DaveBrilowski-2023,0,2059835,3398060,7579950,7664668,-0.310686,unrelated
S110,S391,C44-L15-2023,DaveBrilowski-2023,0,2083996,3377666,7579950,7786721,-0.303991,unrelated
S110,S392,C44-L15-2023,DaveBrilowski-2023,0,2085506,3408117,7579950,7941139,-0.304794,unrelated
S110,S418,C44-L15-2023,Wysocki1129-2023,0,2084299,3357173,7579950,7606408,-0.304882,unrelated
S110,S419,C44-L15-2023,Wysocki1129-2023,0,1930412,3479363,7579950,7110209,-0.342291,unrelated
S110,S420,C44-L15-2023,Wysocki1129-2023,0,2134872,3325035,7579950,7733647,-0.294849,unrelated
S110,S421,C44-L15-2023,Wysocki1129-2023,0,2082474,3344645,7579950,7799266,-0.299548,unrelated
S110,S422,C44-L15-2023,Wysocki1129-2023,0,2095247,3617652,7579950,7735411,-0.335614,unrelated
S110,S423,C44-L15-2023,Wysocki1129-2023,0,2094995,3350748,7579950,7838314,-0.298769,unrelated
S110,S424,C44-L15-2023,Wysocki1129-2023,0,2005266,3507458,7579950,7581744,-0.330415,unrelated
S110,S442,C44-L15-2023,Wedekind_3-2023,0,1670242,3783520,7579950,6337465,-0.423699,unrelated
S110,S443,C44-L15-2023,Wedekind_3-2023,0,1995371,3437416,7579950,7460484,-0.324423,unrelated
S110,S444,C44-L15-2023,Wedekind_3-2023,0,1939781,3456634,7579950,7291631,-0.334429,unrelated
S110,S445,C44-L15-2023,Wedekind_3-2023,0,2038876,3450921,7579950,7860728,-0.314945,unrelated
S110,S446,C44-L15-2023,Wedekind_3-2023,0,2025265,3434718,7579950,7648040,-0.318110,unrelated
S110,S447,C44-L15-2023,Wedekind_3-2023,0,2109525,3385015,7579950,7678231,-0.305443,unrelated
S110,S448,C44-L15-2023,Wedekind_3-2023,0,1949878,3529163,7579950,7296097,-0.343401,unrelated
S110,S474,C44-L15-2023,Airport04-2023,0,2038665,3329683,7579950,7804708,-0.300345,unrelated
S110,S475,C44-L15-2023,Airport04-2023,0,2196109,3152419,7579950,8082784,-0.262325,unrelated
S110,S476,C44-L15-2023,Airport04-2023,0,1986753,3449287,7579950,7482884,-0.326089,unrelated
S110,S477,C44-L15-2023,Airport04-2023,0,2039162,3289153,7579950,7485865,-0.301288,unrelated
S110,S478,C44-L15-2023,Airport04-2023,0,2171363,3265512,7579950,7652969,-0.286200,unrelated
S110,S479,C44-L15-2023,Airport04-2023,0,2005883,3328271,7579950,7412292,-0.310204,unrelated
S110,S480,C44-L15-2023,Airport04-2023,0,1819722,3527825,7579950,6986357,-0.359455,unrelated
S111,S112,C44-L15-2023,C44-L15-2023,1,2110735,3356260,8035390,7532210,-0.295600,unrelated
S111,S113,C44-L15-2023,C44-L15-2023,1,2003831,3499546,8035390,7281389,-0.326130,unrelated
S111,S114,C44-L15-2023,C44-L15-2023,1,2148946,3381667,8035390,7409290,-0.298769,unrelated
S111,S115,C44-L15-2023,C44-L15-2023,1,2214403,3323377,8035390,7776122,-0.280324,unrelated
S111,S133,C44-L15-2023,Aartz-2023,0,2042809,3404233,8035390,7481338,-0.307130,unrelated
S111,S134,C44-L15-2023,Aartz-2023,0,2202817,3570946,8035390,7342694,-0.321176,unrelated
S111,S135,C44-L15-2023,Aartz-2023,0,2117827,3641080,8035390,7171059,-0.339615,unrelated
S111,S136,C44-L15-2023,Aartz-2023,0,2214419,3344850,8035390,7775212,-0.283056,unrelated
S111,S137,C44-L15-2023,Aartz-2023,0,2069925,3356852,8035390,7535158,-0.298241,unrelated
S111,S145,C44-L15-2023,XMASBig-2023,0,2231619,3409891,8035390,7857668,-0.288690,unrelated
S111,S146,C44-L15-2023,XMASBig-2023,0,2214353,3441559,8035390,7511950,-0.300293,unrelated
S111,S147,C44-L15-2023,XMASBig-2023,0,2164152,3351946,8035390,7708191,-0.288355,unrelated
S111,S148,C44-L15-2023,XMASBig-2023,0,2299076,3395349,8035390,7944143,-0.281086,unrelated
S111,S149,C44-L15-2023,XMASBig-2023,0,2148187,3564133,8035390,7327686,-0.324159,unrelated
S111,S167,C44-L15-2023,GarrisonNE-2023,0,2317774,3630186,8035390,7689066,-0.314326,unrelated
S111,S168,C44-L15-2023,GarrisonNE-2023,0,2187622,3466182,8035390,7345950,-0.308474,unrelated
S111,S169,C44-L15-2023,GarrisonNE-2023,0,2151674,3344001,8035390,7604273,-0.290053,unrelated
S111,S170,C44-L15-2023,GarrisonNE-2023,0,2222877,3353396,8035390,7764576,-0.283793,unrelated
S111,S171,C44-L15-2023,GarrisonNE-2023,0,2228750,3496671,8035390,7653982,-0.303683,unrelated
S111,S172,C44-L15-2023,GarrisonNE-2023,0,2027039,3428154,8035390,7231927,-0.316314,unrelated
S111,S173,C44-L15-2023,GarrisonNE-2023,0,1983772,3378663,8035390,7337001,-0.310528,unrelated
S111,S185,C44-L15-2023,H10-2023,0,2064819,3389253,8035390,7318923,-0.306994,unrelated
S111,S186,C44-L15-2023,H10-2023,0,2120659,3231699,8035390,7677072,-0.276388,unrelated
S111,S187,C44-L15-2023,H10-2023,0,2122827,3316161,8035390,7514517,-0.290001,unrelated
S111,S188,C44-L15-2023,H10-2023,0,2140404,3503143,8035390,7202055,-0.319337,unrelated
S111,S189,C44-L15-2023,H10-2023,0,2268367,3175300,8035390,8104414,-0.252930,unrelated
S111,S190,C44-L15-2023,H10-2023,0,2275714,3483369,8035390,7760518,-0.296977,unrelated
S111,S191,C44-L15-2023,H10-2023,0,2154260,3454136,8035390,7306259,-0.309876,unrelated
S111,S206,C44-L15-2023,H15-2023,0,2081591,3255648,8035390,7783850,-0.280020,unrelated
S111,S207,C44-L15-2023,H15-2023,0,2227725,3463616,8035390,7707947,-0.298508,unrelated
S111,S208,C44-L15-2023,H15-2023,0,2061466,3422839,8035390,7490866,-0.308137,unrelated
S111,S209,C44-L15-2023,H15-2023,0,2270764,3302953,8035390,7723624,-0.275090,unrelated
S111,S210,C44-L15-2023,H15-2023,0,2117012,3349561,8035390,7739257,-0.290473,unrelated
S111,S211,C44-L15-2023,H15-2023,0,2089868,3393573,8035390,7405367,-0.304213,unrelated
S111,S212,C44-L15-2023,H15-2023,0,816817,4787014,8035390,3113003,-0.785513,unrelated
S111,S219,C44-L15-2023,H41-2023,0,2118655,3340128,8035390,7585961,-0.292011,unrelated
S111,S220,C44-L15-2023,H41-2023,0,2036493,3463416,8035390,7179670,-0.321414,unrelated
S111,S221,C44-L15-2023,H41-2023,0,40321,5933680,8035390,158911,-1.443325,unrelated
S111,S222,C44-L15-2023,H41-2023,0,388986,5424094,8035390,1476333,-1.099612,unrelated
S111,S223,C44-L15-2023,H41-2023,0,1012093,4460594,8035390,3926923,-0.661168,unrelated
S111,S224,C44-L15-2023,H41-2023,0,2229155,3308061,8035390,7733862,-0.278198,unrelated
S111,S225,C44-L15-2023,H41-2023,0,2190161,3492910,8035390,7293024,-0.312861,unrelated
S111,S250,C44-L15-2023,H66-2023,0,2239929,3529908,8035390,7497400,-0.310304,unrelated
S111,S251,C44-L15-2023,H66-2023,0,2232771,3568890,8035390,7298189,-0.319887,unrelated
S111,S252,C44-L15-2023,H66-2023,0,2179580,3331443,8035390,7784671,-0.283394,unrelated
S111,S253,C44-L15-2023,H66-2023,0,2275608,3341539,8035390,7828319,-0.277834,unrelated
S111,S254,C44-L15-2023,H66-2023,0,2252013,3377532,8035390,7899268,-0.282595,unrelated
S111,S255,C44-L15-2023,H66-2023,0,1696441,3700607,8035390,6261999,-0.399008,unrelated
S111,S256,C44-L15-2023,H66-2023,0,2051739,3566089,8035390,7050507,-0.336767,unrelated
S111,S257,C44-L15-2023,H66-2023,0,2085613,3596710,8035390,7226941,-0.334668,unrelated
S111,S258,C44-L15-2023,H66-2023,0,2128458,3485277,8035390,7345804,-0.314806,unrelated
S111,S259,C44-L15-2023,H66-2023,0,2131860,3461963,8035390,7685226,-0.304827,unrelated
S111,S260,C44-L15-2023,H66-2023,0,2141297,3442719,8035390,7760564,-0.300339,unrelated
S111,S288,C44-L15-2023,Du-2023,0,2244429,3334715,8035390,7781391,-0.279766,unrelated
S111,S289,C44-L15-2023,Du-2023,0,2301350,3281353,8035390,8243626,-0.261770,unrelated
S111,S290,C44-L15-2023,Du-2023,0,2262587,3218132,8035390,8328446,-0.255055,unrelated
S111,S291,C44-L15-2023,Du-2023,0,2531082,3183056,8035390,8614604,-0.230332,unrelated
S111,S292,C44-L15-2023,Du-2023,0,2639543,3023351,8035390,9175472,-0.197966,unrelated
S111,S293,C44-L15-2023,Du-2023,0,2460690,2961920,8035390,9002064,-0.203267,unrelated
S111,S294,C44-L15-2023,Du-2023,0,2341154,3101588,8035390,8280057,-0.236710,unrelated
S111,S312,C44-L15-2023,OkrayGrosheks40-2023,0,2265546,3381637,8035390,7983456,-0.280777,unrelated
S111,S313,C44-L15-2023,OkrayGrosheks40-2023,0,2119910,3501459,8035390,7465948,-0.315006,unrelated
S111,S314,C44-L15-2023,OkrayGrosheks40-2023,0,2213786,3528768,8035390,7693326,-0.307956,unrelated
S111,S315,C44-L15-2023,OkrayGrosheks40-2023,0,2266897,3300905,8035390,7911196,-0.271840,unrelated
S111,S316,C44-L15-2023,OkrayGrosheks40-2023,0,2240420,3478313,8035390,7767507,-0.298439,unrelated
S111,S317,C44-L15-2023,OkrayGrosheks40-2023,0,2392045,3170806,8035390,8428115,-0.239898,unrelated
S111,S318,C44-L15-2023,OkrayGrosheks40-2023,0,2103535,3570440,8035390,7352916,-0.327349,unrelated
S111,S328,C44-L15-2023,LaszSE-O14-2023,0,2260050,3478698,8035390,7746042,-0.297650,unrelated
S111,S329,C44-L15-2023,LaszSE-O14-2023,0,2281081,3506704,8035390,7797235,-0.298897,unrelated
S111,S330,C44-L15-2023,LaszSE-O14-2023,0,2229929,3564953,8035390,7462058,-0.316180,unrelated
S111,S331,C44-L15-2023,LaszSE-O14-2023,0,2131954,3545739,8035390,7438819,-0.320503,unrelated
S111,S332,C44-L15-2023,LaszSE-O14-2023,0,2348215,3200967,8035390,8314732,-0.247932,unrelated
S111,S370,C44-L15-2023,BrikalskiPats-2023,0,2109498,3481982,8035390,7223088,-0.318149,unrelated
S111,S371,C44-L15-2023,BrikalskiPats-2023,0,2238487,3453944,8035390,7850890,-0.293927,unrelated
S111,S372,C44-L15-2023,BrikalskiPats-2023,0,2188874,3379533,8035390,7962119,-0.285681,unrelated
S111,S373,C44-L15-2023,BrikalskiPats-2023,0,2236891,3472372,8035390,7688767,-0.299403,unrelated
S111,S374,C44-L15-2023,BrikalskiPats-2023,0,2071157,3480703,8035390,7505467,-0.314670,unrelated
S111,S375,C44-L15-2023,BrikalskiPats-2023,0,2093213,3414806,8035390,7610693,-0.302721,unrelated
S111,S376,C44-L15-2023,BrikalskiPats-2023,0,2301733,3470946,8035390,7674386,-0.295368,unrelated
S111,S386,C44-L15-2023,DaveBrilowski-2023,0,2123106,3436814,8035390,7581179,-0.304198,unrelated
S111,S387,C44-L15-2023,DaveBrilowski-2023,0,2178940,3475973,8035390,7340180,-0.310428,unrelated
S111,S388,C44-L15-2023,DaveBrilowski-2023,0,2119729,3468772,8035390,7711070,-0.305962,unrelated
S111,S389,C44-L15-2023,DaveBrilowski-2023,0,2168056,3404048,8035390,7419012,-0.300241,unrelated
S111,S390,C44-L15-2023,DaveBrilowski-2023,0,2106116,3452813,8035390,7664668,-0.305700,unrelated
S111,S391,C44-L15-2023,DaveBrilowski-2023,0,2273623,3309552,8035390,7786721,-0.274646,unrelated
S111,S392,C44-L15-2023,DaveBrilowski-2023,0,2308336,3386701,8035390,7941139,-0.279477,unrelated
S111,S418,C44-L15-2023,Wysocki1129-2023,0,2167152,3408097,8035390,7606408,-0.297219,unrelated
S111,S419,C44-L15-2023,Wysocki1129-2023,0,1974736,3444405,8035390,7110209,-0.324456,unrelated
S111,S420,C44-L15-2023,Wysocki1129-2023,0,2217768,3272495,8035390,7733647,-0.274413,unrelated
S111,S421,C44-L15-2023,Wysocki1129-2023,0,2147995,3332202,8035390,7799266,-0.285223,unrelated
S111,S422,C44-L15-2023,Wysocki1129-2023,0,2164967,3398439,8035390,7735411,-0.293702,unrelated
S111,S423,C44-L15-2023,Wysocki1129-2023,0,2215524,3205874,8035390,7838314,-0.264351,unrelated
S111,S424,C44-L15-2023,Wysocki1129-2023,0,2259878,3573340,8035390,7581744,-0.312913,unrelated
S111,S442,C44-L15-2023,Wedekind_3-2023,0,1716373,3657845,8035390,6337465,-0.389576,unrelated
S111,S443,C44-L15-2023,Wedekind_3-2023,0,2089567,3426876,8035390,7460484,-0.307449,unrelated
S111,S444,C44-L15-2023,Wedekind_3-2023,0,2071123,3429768,8035390,7291631,-0.312416,unrelated
S111,S445,C44-L15-2023,Wedekind_3-2023,0,2259346,3372652,8035390,7860728,-0.282205,unrelated
S111,S446,C44-L15-2023,Wedekind_3-2023,0,2172738,3426859,8035390,7648040,-0.298467,unrelated
S111,S447,C44-L15-2023,Wedekind_3-2023,0,2186809,3441798,8035390,7678231,-0.298899,unrelated
S111,S448,C44-L15-2023,Wedekind_3-2023,0,2106538,3544027,8035390,7296097,-0.324921,unrelated
S111,S474,C44-L15-2023,Airport04-2023,0,2265656,3337127,8035390,7804708,-0.278319,unrelated
S111,S475,C44-L15-2023,Airport04-2023,0,2233323,3156063,8035390,8082784,-0.253056,unrelated
S111,S476,C44-L15-2023,Airport04-2023,0,2047637,3436228,8035390,7482884,-0.310912,unrelated
S111,S477,C44-L15-2023,Airport04-2023,0,2099220,3345182,8035390,7485865,-0.295797,unrelated
S111,S478,C44-L15-2023,Airport04-2023,0,2143197,3309509,8035390,7652969,-0.285296,unrelated
S111,S479,C44-L15-2023,Airport04-2023,0,1996974,3363870,8035390,7412292,-0.306244,unrelated
S111,S480,C44-L15-2023,Airport04-2023,0,2056739,3509964,8035390,6986357,-0.330400,unrelated
S112,S113,C44-L15-2023,C44-L15-2023,1,1945235,3484946,7532210,7281389,-0.339192,unrelated
S112,S114,C44-L15-2023,C44-L15-2023,1,2017362,3355354,7532210,7409290,-0.314115,unrelated
S112,S115,C44-L15-2023,C44-L15-2023,1,2125346,3328082,7532210,7776122,-0.295971,unrelated
S112,S133,C44-L15-2023,Aartz-2023,0,1993650,3425440,7532210,7481338,-0.323523,unrelated
S112,S134,C44-L15-2023,Aartz-2023,0,1875498,3542980,7532210,7342694,-0.350285,unrelated
S112,S135,C44-L15-2023,Aartz-2023,0,1930698,3567526,7532210,7171059,-0.353959,unrelated
S112,S136,C44-L15-2023,Aartz-2023,0,2056649,3354077,7532210,7775212,-0.303873,unrelated
S112,S137,C44-L15-2023,Aartz-2023,0,2050935,3294194,7532210,7535158,-0.301144,unrelated
S112,S145,C44-L15-2023,XMASBig-2023,0,2102008,3350024,7532210,7857668,-0.298770,unrelated
S112,S146,C44-L15-2023,XMASBig-2023,0,1978634,3401394,7532210,7511950,-0.320666,unrelated
S112,S147,C44-L15-2023,XMASBig-2023,0,2028565,3403560,7532210,7708191,-0.313545,unrelated
S112,S148,C44-L15-2023,XMASBig-2023,0,2145826,3301559,7532210,7944143,-0.288007,unrelated
S112,S149,C44-L15-2023,XMASBig-2023,0,1982702,3400848,7532210,7327686,-0.324295,unrelated
S112,S167,C44-L15-2023,GarrisonNE-2023,0,1962206,3586595,7532210,7689066,-0.342349,unrelated
S112,S168,C44-L15-2023,GarrisonNE-2023,0,1952930,3476417,7532210,7345950,-0.336057,unrelated
S112,S169,C44-L15-2023,GarrisonNE-2023,0,2059046,3439873,7532210,7604273,-0.318482,unrelated
S112,S170,C44-L15-2023,GarrisonNE-2023,0,2041537,3444105,7532210,7764576,-0.316843,unrelated
S112,S171,C44-L15-2023,GarrisonNE-2023,0,2060904,3375130,7532210,7653982,-0.308791,unrelated
S112,S172,C44-L15-2023,GarrisonNE-2023,0,1927479,3329266,7532210,7231927,-0.320442,unrelated
S112,S173,C44-L15-2023,GarrisonNE-2023,0,1932497,3303513,7532210,7337001,-0.314376,unrelated
S112,S185,C44-L15-2023,H10-2023,0,1988469,3332614,7532210,7318923,-0.314909,unrelated
S112,S186,C44-L15-2023,H10-2023,0,2021591,3320812,7532210,7677072,-0.303764,unrelated
S112,S187,C44-L15-2023,H10-2023,0,2082995,3319713,7532210,7514517,-0.302819,unrelated
S112,S188,C44-L15-2023,H10-2023,0,1850890,3411429,7532210,7202055,-0.337443,unrelated
S112,S189,C44-L15-2023,H10-2023,0,2199996,3104588,7532210,8104414,-0.256397,unrelated
S112,S190,C44-L15-2023,H10-2023,0,2014431,3456884,7532210,7760518,-0.320370,unrelated
S112,S191,C44-L15-2023,H10-2023,0,1949370,3510142,7532210,7306259,-0.341741,unrelated
S112,S206,C44-L15-2023,H15-2023,0,2070257,3144659,7532210,7783850,-0.275466,unrelated
S112,S207,C44-L15-2023,H15-2023,0,2010966,3458612,7532210,7707947,-0.321930,unrelated
S112,S208,C44-L15-2023,H15-2023,0,1982388,3398802,7532210,7490866,-0.320521,unrelated
S112,S209,C44-L15-2023,H15-2023,0,2006444,3448542,7532210,7723624,-0.320575,unrelated
S112,S210,C44-L15-2023,H15-2023,0,2076500,3308681,7532210,7739257,-0.297343,unrelated
S112,S211,C44-L15-2023,H15-2023,0,2050029,3380934,7532210,7405367,-0.315435,unrelated
S112,S212,C44-L15-2023,H15-2023,0,790337,4691198,7532210,3113003,-0.807129,unrelated
S112,S219,C44-L15-2023,H41-2023,0,2004753,3179129,7532210,7585961,-0.287965,unrelated
S112,S220,C44-L15-2023,H41-2023,0,1878942,3387663,7532210,7179670,-0.332818,unrelated
S112,S221,C44-L15-2023,H41-2023,0,40388,5836468,7532210,158911,-1.512465,unrelated
S112,S222,C44-L15-2023,H41-2023,0,378554,5330252,7532210,1476333,-1.141355,unrelated
S112,S223,C44-L15-2023,H41-2023,0,1010058,4365960,7532210,3926923,-0.673861,unrelated
S112,S224,C44-L15-2023,H41-2023,0,2049425,3304099,7532210,7733862,-0.298621,unrelated
S112,S225,C44-L15-2023,H41-2023,0,1870962,3485599,7532210,7293024,-0.344024,unrelated
S112,S250,C44-L15-2023,H66-2023,0,2010570,3467576,7532210,7497400,-0.327659,unrelated
S112,S251,C44-L15-2023,H66-2023,0,1920571,3536337,7532210,7298189,-0.347402,unrelated
S112,S252,C44-L15-2023,H66-2023,0,2086701,3300171,7532210,7784671,-0.294684,unrelated
S112,S253,C44-L15-2023,H66-2023,0,2071858,3410775,7532210,7828319,-0.309214,unrelated
S112,S254,C44-L15-2023,H66-2023,0,2038627,3429387,7532210,7899268,-0.312358,unrelated
S112,S255,C44-L15-2023,H66-2023,0,1622164,3752722,7532210,6261999,-0.426504,unrelated
S112,S256,C44-L15-2023,H66-2023,0,1890437,3546902,7532210,7050507,-0.356817,unrelated
S112,S257,C44-L15-2023,H66-2023,0,1911943,3511009,7532210,7226941,-0.346231,unrelated
S112,S258,C44-L15-2023,H66-2023,0,1952471,3429609,7532210,7345804,-0.329799,unrelated
S112,S259,C44-L15-2023,H66-2023,0,2040861,3404332,7532210,7685226,-0.313312,unrelated
S112,S260,C44-L15-2023,H66-2023,0,2047293,3380408,7532210,7760564,-0.308219,unrelated
S112,S288,C44-L15-2023,Du-2023,0,2070352,3240477,7532210,7781391,-0.288019,unrelated
S112,S289,C44-L15-2023,Du-2023,0,2208088,3239353,7532210,8243626,-0.270706,unrelated
S112,S290,C44-L15-2023,Du-2023,0,2235199,3178364,7532210,8328446,-0.259859,unrelated
S112,S291,C44-L15-2023,Du-2023,0,2259328,3175045,7532210,8614604,-0.253348,unrelated
S112,S292,C44-L15-2023,Du-2023,0,2424356,2948237,7532210,9175472,-0.207816,unrelated
S112,S293,C44-L15-2023,Du-2023,0,2372035,3010703,7532210,9002064,-0.220716,unrelated
S112,S294,C44-L15-2023,Du-2023,0,2204251,3199560,7532210,8280057,-0.265292,unrelated
S112,S312,C44-L15-2023,OkrayGrosheks40-2023,0,2100594,3392954,7532210,7983456,-0.301973,unrelated
S112,S313,C44-L15-2023,OkrayGrosheks40-2023,0,1940942,3490269,7532210,7465948,-0.336014,unrelated
S112,S314,C44-L15-2023,OkrayGrosheks40-2023,0,2066582,3401735,7532210,7693326,-0.311115,unrelated
S112,S315,C44-L15-2023,OkrayGrosheks40-2023,0,2148686,3276054,7532210,7911196,-0.285133,unrelated
S112,S316,C44-L15-2023,OkrayGrosheks40-2023,0,2057386,3406141,7532210,7767507,-0.310783,unrelated
S112,S317,C44-L15-2023,OkrayGrosheks40-2023,0,2161270,3273236,7532210,8428115,-0.274756,unrelated
S112,S318,C44-L15-2023,OkrayGrosheks40-2023,0,1928593,3460042,7532210,7352916,-0.335334,unrelated
S112,S328,C44-L15-2023,LaszSE-O14-2023,0,2053200,3368999,7532210,7746042,-0.306632,unrelated
S112,S329,C44-L15-2023,LaszSE-O14-2023,0,1990499,3441587,7532210,7797235,-0.319168,unrelated
S112,S330,C44-L15-2023,LaszSE-O14-2023,0,1929277,3540326,7532210,7462058,-0.343556,unrelated
S112,S331,C44-L15-2023,LaszSE-O14-2023,0,2012291,3401251,7532210,7438819,-0.319965,unrelated
S112,S332,C44-L15-2023,LaszSE-O14-2023,0,2211238,3267061,7532210,8314732,-0.272790,unrelated
S112,S370,C44-L15-2023,BrikalskiPats-2023,0,1942463,3469160,7532210,7223088,-0.338581,unrelated
S112,S371,C44-L15-2023,BrikalskiPats-2023,0,2025455,3429710,7532210,7850890,-0.314239,unrelated
S112,S372,C44-L15-2023,BrikalskiPats-2023,0,2123892,3320176,7532210,7962119,-0.291491,unrelated
S112,S373,C44-L15-2023,BrikalskiPats-2023,0,1988219,3406753,7532210,7688767,-0.317016,unrelated
S112,S374,C44-L15-2023,BrikalskiPats-2023,0,1986412,3429774,7532210,7505467,-0.324062,unrelated
S112,S375,C44-L15-2023,BrikalskiPats-2023,0,2045265,3397187,7532210,7610693,-0.313619,unrelated
S112,S376,C44-L15-2023,BrikalskiPats-2023,0,1988034,3406812,7532210,7674386,-0.317335,unrelated
S112,S386,C44-L15-2023,DaveBrilowski-2023,0,1991185,3427439,7532210,7581179,-0.321814,unrelated
S112,S387,C44-L15-2023,DaveBrilowski-2023,0,1951228,3518052,7532210,7340180,-0.341900,unrelated
S112,S388,C44-L15-2023,DaveBrilowski-2023,0,2054216,3365922,7532210,7711070,-0.306865,unrelated
S112,S389,C44-L15-2023,DaveBrilowski-2023,0,1969613,3479491,7532210,7419012,-0.333710,unrelated
S112,S390,C44-L15-2023,DaveBrilowski-2023,0,2044858,3393035,7532210,7664668,-0.311986,unrelated
S112,S391,C44-L15-2023,DaveBrilowski-2023,0,2028902,3425431,7532210,7786721,-0.314771,unrelated
S112,S392,C44-L15-2023,DaveBrilowski-2023,0,2034180,3398190,7532210,7941139,-0.307768,unrelated
S112,S418,C44-L15-2023,Wysocki1129-2023,0,2040482,3369160,7532210,7606408,-0.310321,unrelated
S112,S419,C44-L15-2023,Wysocki1129-2023,0,1902742,3485767,7532210,7110209,-0.346172,unrelated
S112,S420,C44-L15-2023,Wysocki1129-2023,0,2095249,3332612,7532210,7733647,-0.299359,unrelated
S112,S421,C44-L15-2023,Wysocki1129-2023,0,2116137,3288769,7532210,7799266,-0.290996,unrelated
S112,S422,C44-L15-2023,Wysocki1129-2023,0,2115491,3542881,7532210,7735411,-0.325543,unrelated
S112,S423,C44-L15-2023,Wysocki1129-2023,0,2095356,3333913,7532210,7838314,-0.297483,unrelated
S112,S424,C44-L15-2023,Wysocki1129-2023,0,1991968,3449798,7532210,7581744,-0.324708,unrelated
S112,S442,C44-L15-2023,Wedekind_3-2023,0,1657388,3781850,7532210,6337465,-0.425844,unrelated
S112,S443,C44-L15-2023,Wedekind_3-2023,0,1986392,3437852,7532210,7460484,-0.326113,unrelated
S112,S444,C44-L15-2023,Wedekind_3-2023,0,1933882,3421722,7532210,7291631,-0.331194,unrelated
S112,S445,C44-L15-2023,Wedekind_3-2023,0,2028471,3387201,7532210,7860728,-0.308319,unrelated
S112,S446,C44-L15-2023,Wedekind_3-2023,0,1985224,3440357,7532210,7648040,-0.322491,unrelated
S112,S447,C44-L15-2023,Wedekind_3-2023,0,2074998,3350795,7532210,7678231,-0.304172,unrelated
S112,S448,C44-L15-2023,Wedekind_3-2023,0,1933839,3502718,7532210,7296097,-0.342021,unrelated
S112,S474,C44-L15-2023,Airport04-2023,0,2012553,3338493,7532210,7804708,-0.304131,unrelated
S112,S475,C44-L15-2023,Airport04-2023,0,2152572,3194963,7532210,8082784,-0.271364,unrelated
S112,S476,C44-L15-2023,Airport04-2023,0,1962197,3350700,7532210,7482884,-0.315629,unrelated
S112,S477,C44-L15-2023,Airport04-2023,0,1990574,3284942,7532210,7485865,-0.304920,unrelated
S112,S478,C44-L15-2023,Airport04-2023,0,2051202,3301101,7532210,7652969,-0.299700,unrelated
S112,S479,C44-L15-2023,Airport04-2023,0,1969114,3315639,7532210,7412292,-0.311965,unrelated
S112,S480,C44-L15-2023,Airport04-2023,0,1851736,3452699,7532210,6986357,-0.348083,unrelated
S113,S114,C44-L15-2023,C44-L15-2023,1,1876913,3538402,7281389,7409290,-0.353959,unrelated
S113,S115,C44-L15-2023,C44-L15-2023,1,2012682,3436750,7281389,7776122,-0.322817,unrelated
S113,S133,C44-L15-2023,Aartz-2023,0,1906160,3475669,7281389,7481338,-0.341751,unrelated
S113,S134,C44-L15-2023,Aartz-2023,0,1839837,3599972,7281389,7342694,-0.366526,unrelated
S113,S135,C44-L15-2023,Aartz-2023,0,1819763,3634326,7281389,7171059,-0.377022,unrelated
S113,S136,C44-L15-2023,Aartz-2023,0,1953786,3393542,7281389,7775212,-0.321009,unrelated
S113,S137,C44-L15-2023,Aartz-2023,0,1915500,3397348,7281389,7535158,-0.329307,unrelated
S113,S145,C44-L15-2023,XMASBig-2023,0,1983657,3464855,7281389,7857668,-0.326708,unrelated
S113,S146,C44-L15-2023,XMASBig-2023,0,1873685,3574591,7281389,7511950,-0.356613,unrelated
S113,S147,C44-L15-2023,XMASBig-2023,0,1987407,3455977,7281389,7708191,-0.328531,unrelated
S113,S148,C44-L15-2023,XMASBig-2023,0,2033680,3409946,7281389,7944143,-0.314354,unrelated
S113,S149,C44-L15-2023,XMASBig-2023,0,1879139,3512350,7281389,7327686,-0.352217,unrelated
S113,S167,C44-L15-2023,GarrisonNE-2023,0,1921828,3553552,7281389,7689066,-0.346367,unrelated
S113,S168,C44-L15-2023,GarrisonNE-2023,0,1882060,3506855,7281389,7345950,-0.350826,unrelated
S113,S169,C44-L15-2023,GarrisonNE-2023,0,1961455,3438242,7281389,7604273,-0.330185,unrelated
S113,S170,C44-L15-2023,GarrisonNE-2023,0,1955942,3482988,7281389,7764576,-0.332982,unrelated
S113,S171,C44-L15-2023,GarrisonNE-2023,0,1948875,3553620,7281389,7653982,-0.345379,unrelated
S113,S172,C44-L15-2023,GarrisonNE-2023,0,1852490,3339512,7281389,7231927,-0.332559,unrelated
S113,S173,C44-L15-2023,GarrisonNE-2023,0,1906203,3322537,7281389,7337001,-0.324172,unrelated
S113,S185,C44-L15-2023,H10-2023,0,1886773,3494759,7281389,7318923,-0.349496,unrelated
S113,S186,C44-L15-2023,H10-2023,0,1989045,3401335,7281389,7677072,-0.321799,unrelated
S113,S187,C44-L15-2023,H10-2023,0,1953208,3367682,7281389,7514517,-0.323208,unrelated
S113,S188,C44-L15-2023,H10-2023,0,1814475,3584634,7281389,7202055,-0.369718,unrelated
S113,S189,C44-L15-2023,H10-2023,0,2066346,3267969,7281389,8104414,-0.290501,unrelated
S113,S190,C44-L15-2023,H10-2023,0,1937226,3534489,7281389,7760518,-0.341164,unrelated
S113,S191,C44-L15-2023,H10-2023,0,1891079,3564495,7281389,7306259,-0.359065,unrelated
S113,S206,C44-L15-2023,H15-2023,0,1986059,3208234,7281389,7783850,-0.294082,unrelated
S113,S207,C44-L15-2023,H15-2023,0,1909512,3589204,7281389,7707947,-0.351510,unrelated
S113,S208,C44-L15-2023,H15-2023,0,1929832,3537561,7281389,7490866,-0.348308,unrelated
S113,S209,C44-L15-2023,H15-2023,0,1919613,3571056,7281389,7723624,-0.348050,unrelated
S113,S210,C44-L15-2023,H15-2023,0,2009825,3448773,7281389,7739257,-0.325400,unrelated
S113,S211,C44-L15-2023,H15-2023,0,1903773,3598141,7281389,7405367,-0.360359,unrelated
S113,S212,C44-L15-2023,H15-2023,0,776488,4654339,7281389,3113003,-0.820846,unrelated
S113,S219,C44-L15-2023,H41-2023,0,1898733,3332483,7281389,7585961,-0.320584,unrelated
S113,S220,C44-L15-2023,H41-2023,0,1785713,3462944,7281389,7179670,-0.355449,unrelated
S113,S221,C44-L15-2023,H41-2023,0,40483,5780053,7281389,158911,-1.548274,unrelated
S113,S222,C44-L15-2023,H41-2023,0,371588,5279429,7281389,1476333,-1.163233,unrelated
S113,S223,C44-L15-2023,H41-2023,0,990848,4331196,7281389,3926923,-0.684451,unrelated
S113,S224,C44-L15-2023,H41-2023,0,2004225,3346687,7281389,7733862,-0.312292,unrelated
S113,S225,C44-L15-2023,H41-2023,0,1804853,3589159,7281389,7293024,-0.368692,unrelated
S113,S250,C44-L15-2023,H66-2023,0,1869062,3636939,7281389,7497400,-0.365714,unrelated
S113,S251,C44-L15-2023,H66-2023,0,1798029,3694194,7281389,7298189,-0.383438,unrelated
S113,S252,C44-L15-2023,H66-2023,0,1989841,3414010,7281389,7784671,-0.321131,unrelated
S113,S253,C44-L15-2023,H66-2023,0,1951829,3472896,7281389,7828319,-0.330514,unrelated
S113,S254,C44-L15-2023,H66-2023,0,1994465,3445181,7281389,7899268,-0.322509,unrelated
S113,S255,C44-L15-2023,H66-2023,0,1544614,3939160,7281389,6261999,-0.467660,unrelated
S113,S256,C44-L15-2023,H66-2023,0,1770520,3694979,7281389,7050507,-0.392093,unrelated
S113,S257,C44-L15-2023,H66-2023,0,1904784,3420725,7281389,7226941,-0.340264,unrelated
S113,S258,C44-L15-2023,H66-2023,0,1899150,3518735,7281389,7345804,-0.351285,unrelated
S113,S259,C44-L15-2023,H66-2023,0,2004212,3391458,7281389,7685226,-0.319291,unrelated
S113,S260,C44-L15-2023,H66-2023,0,2022119,3358394,7281389,7760564,-0.312105,unrelated
S113,S288,C44-L15-2023,Du-2023,0,2020140,3340258,7281389,7781391,-0.309397,unrelated
S113,S289,C44-L15-2023,Du-2023,0,2119900,3250658,7281389,8243626,-0.282217,unrelated
S113,S290,C44-L15-2023,Du-2023,0,2170767,3183541,7281389,8328446,-0.268825,unrelated
S113,S291,C44-L15-2023,Du-2023,0,2169994,3267278,7281389,8614604,-0.274570,unrelated
S113,S292,C44-L15-2023,Du-2023,0,2297789,3104163,7281389,9175472,-0.237624,unrelated
S113,S293,C44-L15-2023,Du-2023,0,2285572,3042577,7281389,9002064,-0.233340,unrelated
S113,S294,C44-L15-2023,Du-2023,0,2092476,3355834,7281389,8280057,-0.296836,unrelated
S113,S312,C44-L15-2023,OkrayGrosheks40-2023,0,2010733,3372383,7281389,7983456,-0.310127,unrelated
S113,S313,C44-L15-2023,OkrayGrosheks40-2023,0,1902378,3514885,7281389,7465948,-0.347683,unrelated
S113,S314,C44-L15-2023,OkrayGrosheks40-2023,0,1935129,3532796,7281389,7693326,-0.342608,unrelated
S113,S315,C44-L15-2023,OkrayGrosheks40-2023,0,2033392,3407995,7281389,7911196,-0.314798,unrelated
S113,S316,C44-L15-2023,OkrayGrosheks40-2023,0,1957735,3487875,7281389,7767507,-0.333447,unrelated
S113,S317,C44-L15-2023,OkrayGrosheks40-2023,0,2101106,3236883,7281389,8428115,-0.278345,unrelated
S113,S318,C44-L15-2023,OkrayGrosheks40-2023,0,1888266,3498315,7281389,7352916,-0.349068,unrelated
S113,S328,C44-L15-2023,LaszSE-O14-2023,0,1959739,3449001,7281389,7746042,-0.328617,unrelated
S113,S329,C44-L15-2023,LaszSE-O14-2023,0,1949665,3483504,7281389,7797235,-0.332745,unrelated
S113,S330,C44-L15-2023,LaszSE-O14-2023,0,1869076,3590093,7281389,7462058,-0.360235,unrelated
S113,S331,C44-L15-2023,LaszSE-O14-2023,0,1888748,3569752,7281389,7438819,-0.356704,unrelated
S113,S332,C44-L15-2023,LaszSE-O14-2023,0,2125592,3263606,7281389,8314732,-0.282225,unrelated
S113,S370,C44-L15-2023,BrikalskiPats-2023,0,1823733,3663531,7281389,7223088,-0.379423,unrelated
S113,S371,C44-L15-2023,BrikalskiPats-2023,0,1962778,3454792,7281389,7850890,-0.326904,unrelated
S113,S372,C44-L15-2023,BrikalskiPats-2023,0,2072418,3341317,7281389,7962119,-0.302438,unrelated
S113,S373,C44-L15-2023,BrikalskiPats-2023,0,1934697,3481943,7281389,7688767,-0.335948,unrelated
S113,S374,C44-L15-2023,BrikalskiPats-2023,0,1902302,3643742,7281389,7505467,-0.364187,unrelated
S113,S375,C44-L15-2023,BrikalskiPats-2023,0,1996457,3501617,7281389,7610693,-0.336204,unrelated
S113,S376,C44-L15-2023,BrikalskiPats-2023,0,1906946,3682768,7281389,7674386,-0.364982,unrelated
S113,S386,C44-L15-2023,DaveBrilowski-2023,0,1932764,3546741,7281389,7581179,-0.347229,unrelated
S113,S387,C44-L15-2023,DaveBrilowski-2023,0,1863826,3587839,7281389,7340180,-0.363289,unrelated
S113,S388,C44-L15-2023,DaveBrilowski-2023,0,1951268,3507324,7281389,7711070,-0.337728,unrelated
S113,S389,C44-L15-2023,DaveBrilowski-2023,0,1893124,3540577,7281389,7419012,-0.352918,unrelated
S113,S390,C44-L15-2023,DaveBrilowski-2023,0,1961861,3444916,7281389,7664668,-0.329717,unrelated
S113,S391,C44-L15-2023,DaveBrilowski-2023,0,1933225,3575211,7281389,7786721,-0.346241,unrelated
S113,S392,C44-L15-2023,DaveBrilowski-2023,0,1980707,3436571,7281389,7941139,-0.321394,unrelated
S113,S418,C44-L15-2023,Wysocki1129-2023,0,1953901,3456704,7281389,7606408,-0.333126,unrelated
S113,S419,C44-L15-2023,Wysocki1129-2023,0,1800405,3549463,7281389,7110209,-0.368168,unrelated
S113,S420,C44-L15-2023,Wysocki1129-2023,0,1975795,3456279,7281389,7733647,-0.328788,unrelated
S113,S421,C44-L15-2023,Wysocki1129-2023,0,2005486,3396955,7281389,7799266,-0.317521,unrelated
S113,S422,C44-L15-2023,Wysocki1129-2023,0,1989764,3667669,7281389,7735411,-0.355973,unrelated
S113,S423,C44-L15-2023,Wysocki1129-2023,0,1986325,3399460,7281389,7838314,-0.318300,unrelated
S113,S424,C44-L15-2023,Wysocki1129-2023,0,1901063,3541444,7281389,7581744,-0.348636,unrelated
S113,S442,C44-L15-2023,Wedekind_3-2023,0,1620122,3815663,7281389,6337465,-0.441388,unrelated
S113,S443,C44-L15-2023,Wedekind_3-2023,0,1900458,3494189,7281389,7460484,-0.345134,unrelated
S113,S444,C44-L15-2023,Wedekind_3-2023,0,1852866,3654607,7281389,7291631,-0.374414,unrelated
S113,S445,C44-L15-2023,Wedekind_3-2023,0,1965132,3551954,7281389,7860728,-0.339370,unrelated
S113,S446,C44-L15-2023,Wedekind_3-2023,0,1923342,3510050,7281389,7648040,-0.341390,unrelated
S113,S447,C44-L15-2023,Wedekind_3-2023,0,1961092,3423895,7281389,7678231,-0.326659,unrelated
S113,S448,C44-L15-2023,Wedekind_3-2023,0,1881258,3565502,7281389,7296097,-0.360127,unrelated
S113,S474,C44-L15-2023,Airport04-2023,0,1978114,3324643,7281389,7804708,-0.309634,unrelated
S113,S475,C44-L15-2023,Airport04-2023,0,2062329,3247422,7281389,8082784,-0.288497,unrelated
S113,S476,C44-L15-2023,Airport04-2023,0,1925800,3432434,7281389,7482884,-0.334528,unrelated
S113,S477,C44-L15-2023,Airport04-2023,0,1900791,3425862,7281389,7485865,-0.335264,unrelated
S113,S478,C44-L15-2023,Airport04-2023,0,1968853,3394508,7281389,7652969,-0.322757,unrelated
S113,S479,C44-L15-2023,Airport04-2023,0,1876422,3541162,7281389,7412292,-0.354295,unrelated
S113,S480,C44-L15-2023,Airport04-2023,0,1767181,3614246,7281389,6986357,-0.382773,unrelated
S114,S115,C44-L15-2023,C44-L15-2023,1,2079147,3372910,7409290,7776122,-0.307313,unrelated
S114,S133,C44-L15-2023,Aartz-2023,0,1978292,3487283,7409290,7481338,-0.335531,unrelated
S114,S134,C44-L15-2023,Aartz-2023,0,1865938,3642255,7409290,7342694,-0.367311,unrelated
S114,S135,C44-L15-2023,Aartz-2023,0,1970684,3570993,7409290,7171059,-0.354676,unrelated
S114,S136,C44-L15-2023,Aartz-2023,0,2018751,3353070,7409290,7775212,-0.308696,unrelated
S114,S137,C44-L15-2023,Aartz-2023,0,1963236,3371449,7409290,7535158,-0.319829,unrelated
S114,S145,C44-L15-2023,XMASBig-2023,0,2033460,3390364,7409290,7857668,-0.310950,unrelated
S114,S146,C44-L15-2023,XMASBig-2023,0,2004620,3441702,7409290,7511950,-0.326969,unrelated
S114,S147,C44-L15-2023,XMASBig-2023,0,2018493,3383091,7409290,7708191,-0.314053,unrelated
S114,S148,C44-L15-2023,XMASBig-2023,0,2121714,3421027,7409290,7944143,-0.307445,unrelated
S114,S149,C44-L15-2023,XMASBig-2023,0,1966546,3463039,7409290,7327686,-0.336537,unrelated
S114,S167,C44-L15-2023,GarrisonNE-2023,0,2001090,3625141,7409290,7689066,-0.347666,unrelated
S114,S168,C44-L15-2023,GarrisonNE-2023,0,1988303,3439461,7409290,7345950,-0.331450,unrelated
S114,S169,C44-L15-2023,GarrisonNE-2023,0,2020820,3485197,7409290,7604273,-0.329674,unrelated
S114,S170,C44-L15-2023,GarrisonNE-2023,0,1990020,3381648,7409290,7764576,-0.314572,unrelated
S114,S171,C44-L15-2023,GarrisonNE-2023,0,2062477,3398877,7409290,7653982,-0.314359,unrelated
S114,S172,C44-L15-2023,GarrisonNE-2023,0,1928295,3458210,7409290,7231927,-0.340691,unrelated
S114,S173,C44-L15-2023,GarrisonNE-2023,0,1938113,3397289,7409290,7337001,-0.329335,unrelated
S114,S185,C44-L15-2023,H10-2023,0,1948731,3380541,7409290,7318923,-0.326744,unrelated
S114,S186,C44-L15-2023,H10-2023,0,1996757,3400965,7409290,7677072,-0.318511,unrelated
S114,S187,C44-L15-2023,H10-2023,0,2001522,3298195,7409290,7514517,-0.307888,unrelated
S114,S188,C44-L15-2023,H10-2023,0,1849736,3521257,7409290,7202055,-0.355394,unrelated
S114,S189,C44-L15-2023,H10-2023,0,2158525,3037588,7409290,8104414,-0.252464,unrelated
S114,S190,C44-L15-2023,H10-2023,0,1992022,3524218,7409290,7760518,-0.333321,unrelated
S114,S191,C44-L15-2023,H10-2023,0,1972741,3496409,7409290,7306259,-0.341141,unrelated
S114,S206,C44-L15-2023,H15-2023,0,2032252,3165056,7409290,7783850,-0.282882,unrelated
S114,S207,C44-L15-2023,H15-2023,0,2029536,3443995,7409290,7707947,-0.321385,unrelated
S114,S208,C44-L15-2023,H15-2023,0,1936138,3439439,7409290,7490866,-0.331724,unrelated
S114,S209,C44-L15-2023,H15-2023,0,2054540,3326996,7409290,7723624,-0.303937,unrelated
S114,S210,C44-L15-2023,H15-2023,0,2046481,3301163,7409290,7739257,-0.300745,unrelated
S114,S211,C44-L15-2023,H15-2023,0,1951589,3447784,7409290,7405367,-0.333722,unrelated
S114,S212,C44-L15-2023,H15-2023,0,784559,4821092,7409290,3113003,-0.841796,unrelated
S114,S219,C44-L15-2023,H41-2023,0,1993981,3173240,7409290,7585961,-0.290258,unrelated
S114,S220,C44-L15-2023,H41-2023,0,1891523,3411801,7409290,7179670,-0.338069,unrelated
S114,S221,C44-L15-2023,H41-2023,0,39867,6003853,7409290,158911,-1.581332,unrelated
S114,S222,C44-L15-2023,H41-2023,0,364615,5486601,7409290,1476333,-1.193905,unrelated
S114,S223,C44-L15-2023,H41-2023,0,976272,4482360,7409290,3926923,-0.704684,unrelated
S114,S224,C44-L15-2023,H41-2023,0,2090929,3294519,7409290,7733862,-0.297039,unrelated
S114,S225,C44-L15-2023,H41-2023,0,1875043,3568681,7409290,7293024,-0.357925,unrelated
S114,S250,C44-L15-2023,H66-2023,0,2013283,3445922,7409290,7497400,-0.327273,unrelated
S114,S251,C44-L15-2023,H66-2023,0,1931201,3405920,7409290,7298189,-0.331847,unrelated
S114,S252,C44-L15-2023,H66-2023,0,2057293,3335363,7409290,7784671,-0.303636,unrelated
S114,S253,C44-L15-2023,H66-2023,0,2040070,3357141,7409290,7828319,-0.306755,unrelated
S114,S254,C44-L15-2023,H66-2023,0,1992685,3504759,7409290,7899268,-0.327714,unrelated
S114,S255,C44-L15-2023,H66-2023,0,1561512,3867476,7409290,6261999,-0.451562,unrelated
S114,S256,C44-L15-2023,H66-2023,0,1908863,3626195,7409290,7050507,-0.369544,unrelated
S114,S257,C44-L15-2023,H66-2023,0,1885646,3669412,7409290,7226941,-0.372581,unrelated
S114,S258,C44-L15-2023,H66-2023,0,1924282,3541310,7409290,7345804,-0.349597,unrelated
S114,S259,C44-L15-2023,H66-2023,0,1980903,3481867,7409290,7685226,-0.330109,unrelated
S114,S260,C44-L15-2023,H66-2023,0,2048783,3388201,7409290,7760564,-0.311646,unrelated
S114,S288,C44-L15-2023,Du-2023,0,2037619,3290070,7409290,7781391,-0.299033,unrelated
S114,S289,C44-L15-2023,Du-2023,0,2224002,3244686,7409290,8243626,-0.272497,unrelated
S114,S290,C44-L15-2023,Du-2023,0,2179888,3290654,7409290,8328446,-0.279673,unrelated
S114,S291,C44-L15-2023,Du-2023,0,2256134,3194372,7409290,8614604,-0.257903,unrelated
S114,S292,C44-L15-2023,Du-2023,0,2476452,2860470,7409290,9175472,-0.195631,unrelated
S114,S293,C44-L15-2023,Du-2023,0,2351915,3050259,7409290,9002064,-0.228415,unrelated
S114,S294,C44-L15-2023,Du-2023,0,2105500,3225725,7409290,8280057,-0.277000,unrelated
S114,S312,C44-L15-2023,OkrayGrosheks40-2023,0,2051786,3377948,7409290,7983456,-0.305606,unrelated
S114,S313,C44-L15-2023,OkrayGrosheks40-2023,0,1977070,3480834,7409290,7465948,-0.335094,unrelated
S114,S314,C44-L15-2023,OkrayGrosheks40-2023,0,2035119,3484806,7409290,7693326,-0.326731,unrelated
S114,S315,C44-L15-2023,OkrayGrosheks40-2023,0,2099728,3351951,7409290,7911196,-0.300524,unrelated
S114,S316,C44-L15-2023,OkrayGrosheks40-2023,0,2086973,3488006,7409290,7767507,-0.322139,unrelated
S114,S317,C44-L15-2023,OkrayGrosheks40-2023,0,2133879,3310136,7409290,8428115,-0.283278,unrelated
S114,S318,C44-L15-2023,OkrayGrosheks40-2023,0,1949590,3505727,7409290,7352916,-0.342893,unrelated
S114,S328,C44-L15-2023,LaszSE-O14-2023,0,2099083,3433724,7409290,7746042,-0.314633,unrelated
S114,S329,C44-L15-2023,LaszSE-O14-2023,0,2010894,3480622,7409290,7797235,-0.325541,unrelated
S114,S330,C44-L15-2023,LaszSE-O14-2023,0,1936468,3495031,7409290,7462058,-0.339821,unrelated
S114,S331,C44-L15-2023,LaszSE-O14-2023,0,2013786,3374278,7409290,7438819,-0.318880,unrelated
S114,S332,C44-L15-2023,LaszSE-O14-2023,0,2251769,3184822,7409290,8314732,-0.261884,unrelated
S114,S370,C44-L15-2023,BrikalskiPats-2023,0,1948984,3445691,7409290,7223088,-0.337771,unrelated
S114,S371,C44-L15-2023,BrikalskiPats-2023,0,1979204,3499141,7409290,7850890,-0.328900,unrelated
S114,S372,C44-L15-2023,BrikalskiPats-2023,0,2075058,3291471,7409290,7962119,-0.293264,unrelated
S114,S373,C44-L15-2023,BrikalskiPats-2023,0,2015349,3517319,7409290,7688767,-0.332446,unrelated
S114,S374,C44-L15-2023,BrikalskiPats-2023,0,1946942,3527371,7409290,7505467,-0.342466,unrelated
S114,S375,C44-L15-2023,BrikalskiPats-2023,0,1991222,3418457,7409290,7610693,-0.322616,unrelated
S114,S376,C44-L15-2023,BrikalskiPats-2023,0,1966737,3427813,7409290,7674386,-0.324118,unrelated
S114,S386,C44-L15-2023,DaveBrilowski-2023,0,1982311,3491209,7409290,7581179,-0.333552,unrelated
S114,S387,C44-L15-2023,DaveBrilowski-2023,0,1996124,3496066,7409290,7340180,-0.338725,unrelated
S114,S388,C44-L15-2023,DaveBrilowski-2023,0,2043976,3455262,7409290,7711070,-0.321854,unrelated
S114,S389,C44-L15-2023,DaveBrilowski-2023,0,1994246,3510115,7409290,7419012,-0.338945,unrelated
S114,S390,C44-L15-2023,DaveBrilowski-2023,0,1992036,3389871,7409290,7664668,-0.317614,unrelated
S114,S391,C44-L15-2023,DaveBrilowski-2023,0,2004977,3469461,7409290,7786721,-0.324687,unrelated
S114,S392,C44-L15-2023,DaveBrilowski-2023,0,2058550,3420436,7409290,7941139,-0.311543,unrelated
S114,S418,C44-L15-2023,Wysocki1129-2023,0,2068107,3395110,7409290,7606408,-0.314478,unrelated
S114,S419,C44-L15-2023,Wysocki1129-2023,0,1904142,3345718,7409290,7110209,-0.329715,unrelated
S114,S420,C44-L15-2023,Wysocki1129-2023,0,2082612,3249355,7409290,7733647,-0.291628,unrelated
S114,S421,C44-L15-2023,Wysocki1129-2023,0,2043720,3334524,7409290,7799266,-0.304127,unrelated
S114,S422,C44-L15-2023,Wysocki1129-2023,0,2028627,3622704,7409290,7735411,-0.344462,unrelated
S114,S423,C44-L15-2023,Wysocki1129-2023,0,2059505,3348825,7409290,7838314,-0.304188,unrelated
S114,S424,C44-L15-2023,Wysocki1129-2023,0,1976084,3543539,7409290,7581744,-0.340937,unrelated
S114,S442,C44-L15-2023,Wedekind_3-2023,0,1642942,3783274,7409290,6337465,-0.430909,unrelated
S114,S443,C44-L15-2023,Wedekind_3-2023,0,1956783,3414416,7409290,7460484,-0.327648,unrelated
S114,S444,C44-L15-2023,Wedekind_3-2023,0,1900622,3508753,7409290,7291631,-0.348066,unrelated
S114,S445,C44-L15-2023,Wedekind_3-2023,0,2002119,3368632,7409290,7860728,-0.310094,unrelated
S114,S446,C44-L15-2023,Wedekind_3-2023,0,1957653,3516156,7409290,7648040,-0.337023,unrelated
S114,S447,C44-L15-2023,Wedekind_3-2023,0,2046846,3380571,7409290,7678231,-0.312463,unrelated
S114,S448,C44-L15-2023,Wedekind_3-2023,0,1947032,3572275,7409290,7296097,-0.353443,unrelated
S114,S474,C44-L15-2023,Airport04-2023,0,2053235,3290667,7409290,7804708,-0.297627,unrelated
S114,S475,C44-L15-2023,Airport04-2023,0,2099008,3281163,7409290,8082784,-0.288103,unrelated
S114,S476,C44-L15-2023,Airport04-2023,0,1919804,3495438,7409290,7482884,-0.340519,unrelated
S114,S477,C44-L15-2023,Airport04-2023,0,1966092,3228651,7409290,7485865,-0.301522,unrelated
S114,S478,C44-L15-2023,Airport04-2023,0,2058150,3301951,7409290,7652969,-0.301797,unrelated
S114,S479,C44-L15-2023,Airport04-2023,0,1940085,3350008,7409290,7412292,-0.321149,unrelated
S114,S480,C44-L15-2023,Airport04-2023,0,1818640,3482498,7409290,6986357,-0.357494,unrelated
S115,S133,C44-L15-2023,Aartz-2023,0,2062000,3416053,7776122,7481338,-0.312641,unrelated
S115,S134,C44-L15-2023,Aartz-2023,0,1973869,3513201,7776122,7342694,-0.334188,unrelated
S115,S135,C44-L15-2023,Aartz-2023,0,1965908,3582385,7776122,7171059,-0.347816,unrelated
S115,S136,C44-L15-2023,Aartz-2023,0,2144195,3254577,7776122,7775212,-0.280681,unrelated
S115,S137,C44-L15-2023,Aartz-2023,0,2099082,3258705,7776122,7535158,-0.288567,unrelated
S115,S145,C44-L15-2023,XMASBig-2023,0,2233719,3238091,7776122,7857668,-0.271365,unrelated
S115,S146,C44-L15-2023,XMASBig-2023,0,2063681,3429342,7776122,7511950,-0.313643,unrelated
S115,S147,C44-L15-2023,XMASBig-2023,0,2171182,3283056,7776122,7708191,-0.283831,unrelated
S115,S148,C44-L15-2023,XMASBig-2023,0,2234723,3190371,7776122,7944143,-0.263737,unrelated
S115,S149,C44-L15-2023,XMASBig-2023,0,2048976,3398432,7776122,7327686,-0.314350,unrelated
S115,S167,C44-L15-2023,GarrisonNE-2023,0,2063564,3515356,7776122,7689066,-0.321183,unrelated
S115,S168,C44-L15-2023,GarrisonNE-2023,0,2037527,3433157,7776122,7345950,-0.319320,unrelated
S115,S169,C44-L15-2023,GarrisonNE-2023,0,2128144,3331568,7776122,7604273,-0.294855,unrelated
S115,S170,C44-L15-2023,GarrisonNE-2023,0,2042027,3466736,7776122,7764576,-0.314751,unrelated
S115,S171,C44-L15-2023,GarrisonNE-2023,0,2098960,3401848,7776122,7653982,-0.304906,unrelated
S115,S172,C44-L15-2023,GarrisonNE-2023,0,2016006,3202773,7776122,7231927,-0.292479,unrelated
S115,S173,C44-L15-2023,GarrisonNE-2023,0,2012422,3286814,7776122,7337001,-0.301804,unrelated
S115,S185,C44-L15-2023,H10-2023,0,2073246,3228719,7776122,7318923,-0.290439,unrelated
S115,S186,C44-L15-2023,H10-2023,0,2096391,3290166,7776122,7677072,-0.290163,unrelated
S115,S187,C44-L15-2023,H10-2023,0,2119306,3252692,7776122,7514517,-0.286847,unrelated
S115,S188,C44-L15-2023,H10-2023,0,1936390,3461890,7776122,7202055,-0.332977,unrelated
S115,S189,C44-L15-2023,H10-2023,0,2236779,3127686,7776122,8104414,-0.253051,unrelated
S115,S190,C44-L15-2023,H10-2023,0,2124624,3390524,7776122,7760518,-0.299706,unrelated
S115,S191,C44-L15-2023,H10-2023,0,2027652,3489679,7776122,7306259,-0.328311,unrelated
S115,S206,C44-L15-2023,H15-2023,0,2167935,3133326,7776122,7783850,-0.263414,unrelated
S115,S207,C44-L15-2023,H15-2023,0,2113241,3348756,7776122,7707947,-0.296064,unrelated
S115,S208,C44-L15-2023,H15-2023,0,2088156,3357992,7776122,7490866,-0.303126,unrelated
S115,S209,C44-L15-2023,H15-2023,0,2076531,3445631,7776122,7723624,-0.310633,unrelated
S115,S210,C44-L15-2023,H15-2023,0,2136984,3284167,7776122,7739257,-0.285610,unrelated
S115,S211,C44-L15-2023,H15-2023,0,2042688,3373152,7776122,7405367,-0.309826,unrelated
S115,S212,C44-L15-2023,H15-2023,0,827808,4629775,7776122,3113003,-0.774327,unrelated
S115,S219,C44-L15-2023,H41-2023,0,2085455,3181475,7776122,7585961,-0.278445,unrelated
S115,S220,C44-L15-2023,H41-2023,0,1941491,3317320,7776122,7179670,-0.313801,unrelated
S115,S221,C44-L15-2023,H41-2023,0,42776,5762560,7776122,158911,-1.447044,unrelated
S115,S222,C44-L15-2023,H41-2023,0,392298,5269206,7776122,1476333,-1.096586,unrelated
S115,S223,C44-L15-2023,H41-2023,0,1049984,4324254,7776122,3926923,-0.649278,unrelated
S115,S224,C44-L15-2023,H41-2023,0,2182230,3185973,7776122,7733862,-0.270130,unrelated
S115,S225,C44-L15-2023,H41-2023,0,1996769,3330364,7776122,7293024,-0.309504,unrelated
S115,S250,C44-L15-2023,H66-2023,0,2046734,3458334,7776122,7497400,-0.318848,unrelated
S115,S251,C44-L15-2023,H66-2023,0,1962095,3596829,7776122,7298189,-0.347052,unrelated
S115,S252,C44-L15-2023,H66-2023,0,2158139,3300050,7776122,7784671,-0.285459,unrelated
S115,S253,C44-L15-2023,H66-2023,0,2130880,3399604,7776122,7828319,-0.299167,unrelated
S115,S254,C44-L15-2023,H66-2023,0,2115023,3378775,7776122,7899268,-0.296167,unrelated
S115,S255,C44-L15-2023,H66-2023,0,1649921,3817566,7776122,6261999,-0.426354,unrelated
S115,S256,C44-L15-2023,H66-2023,0,1942447,3560002,7776122,7050507,-0.349207,unrelated
S115,S257,C44-L15-2023,H66-2023,0,2003406,3397290,7776122,7226941,-0.319346,unrelated
S115,S258,C44-L15-2023,H66-2023,0,2035227,3372808,7776122,7345804,-0.311494,unrelated
S115,S259,C44-L15-2023,H66-2023,0,2132456,3324013,7776122,7685226,-0.292055,unrelated
S115,S260,C44-L15-2023,H66-2023,0,2139891,3339500,7776122,7760564,-0.292154,unrelated
S115,S288,C44-L15-2023,Du-2023,0,2125527,3288389,7776122,7781391,-0.286116,unrelated
S115,S289,C44-L15-2023,Du-2023,0,2309203,3164018,7776122,8243626,-0.250867,unrelated
S115,S290,C44-L15-2023,Du-2023,0,2262335,3216369,7776122,8328446,-0.258958,unrelated
S115,S291,C44-L15-2023,Du-2023,0,2339184,3129583,7776122,8614604,-0.239159,unrelated
S115,S292,C44-L15-2023,Du-2023,0,2511713,2978037,7776122,9175472,-0.203188,unrelated
S115,S293,C44-L15-2023,Du-2023,0,2464028,2966937,7776122,9002064,-0.206807,unrelated
S115,S294,C44-L15-2023,Du-2023,0,2270974,3127159,7776122,8280057,-0.248088,unrelated
S115,S312,C44-L15-2023,OkrayGrosheks40-2023,0,2133213,3407979,7776122,7983456,-0.297136,unrelated
S115,S313,C44-L15-2023,OkrayGrosheks40-2023,0,2043230,3386082,7776122,7465948,-0.310255,unrelated
S115,S314,C44-L15-2023,OkrayGrosheks40-2023,0,2107304,3413233,7776122,7693326,-0.305063,unrelated
S115,S315,C44-L15-2023,OkrayGrosheks40-2023,0,2246293,3237052,7776122,7911196,-0.269505,unrelated
S115,S316,C44-L15-2023,OkrayGrosheks40-2023,0,2113659,3366287,7776122,7767507,-0.297158,unrelated
S115,S317,C44-L15-2023,OkrayGrosheks40-2023,0,2238340,3208895,7776122,8428115,-0.257923,unrelated
S115,S318,C44-L15-2023,OkrayGrosheks40-2023,0,2017287,3417399,7776122,7352916,-0.318428,unrelated
S115,S328,C44-L15-2023,LaszSE-O14-2023,0,2182617,3282760,7776122,7746042,-0.282364,unrelated
S115,S329,C44-L15-2023,LaszSE-O14-2023,0,2064440,3476152,7776122,7797235,-0.313861,unrelated
S115,S330,C44-L15-2023,LaszSE-O14-2023,0,2014616,3492911,7776122,7462058,-0.326234,unrelated
S115,S331,C44-L15-2023,LaszSE-O14-2023,0,2076976,3425733,7776122,7438819,-0.313803,unrelated
S115,S332,C44-L15-2023,LaszSE-O14-2023,0,2334545,3142541,7776122,8314732,-0.245514,unrelated
S115,S370,C44-L15-2023,BrikalskiPats-2023,0,2010834,3445301,7776122,7223088,-0.325335,unrelated
S115,S371,C44-L15-2023,BrikalskiPats-2023,0,2119124,3338676,7776122,7850890,-0.291689,unrelated
S115,S372,C44-L15-2023,BrikalskiPats-2023,0,2171514,3301430,7776122,7962119,-0.281566,unrelated
S115,S373,C44-L15-2023,BrikalskiPats-2023,0,2084637,3326635,7776122,7688767,-0.295420,unrelated
S115,S374,C44-L15-2023,BrikalskiPats-2023,0,2096429,3347093,7776122,7505467,-0.300869,unrelated
S115,S375,C44-L15-2023,BrikalskiPats-2023,0,2119374,3299395,7776122,7610693,-0.291120,unrelated
S115,S376,C44-L15-2023,BrikalskiPats-2023,0,2096094,3394248,7776122,7674386,-0.303705,unrelated
S115,S386,C44-L15-2023,DaveBrilowski-2023,0,2058599,3386630,7776122,7581179,-0.306998,unrelated
S115,S387,C44-L15-2023,DaveBrilowski-2023,0,2025690,3463125,7776122,7340180,-0.324190,unrelated
S115,S388,C44-L15-2023,DaveBrilowski-2023,0,2119363,3359566,7776122,7711070,-0.297005,unrelated
S115,S389,C44-L15-2023,DaveBrilowski-2023,0,2063660,3461620,7776122,7419012,-0.319812,unrelated
S115,S390,C44-L15-2023,DaveBrilowski-2023,0,2110683,3340427,7776122,7664668,-0.295980,unrelated
S115,S391,C44-L15-2023,DaveBrilowski-2023,0,2086157,3413677,7776122,7786721,-0.304649,unrelated
S115,S392,C44-L15-2023,DaveBrilowski-2023,0,2123956,3335863,7776122,7941139,-0.289349,unrelated
S115,S418,C44-L15-2023,Wysocki1129-2023,0,2119320,3343971,7776122,7606408,-0.297001,unrelated
S115,S419,C44-L15-2023,Wysocki1129-2023,0,1974573,3456041,7776122,7110209,-0.331681,unrelated
S115,S420,C44-L15-2023,Wysocki1129-2023,0,2183950,3261231,7776122,7733647,-0.279728,unrelated
S115,S421,C44-L15-2023,Wysocki1129-2023,0,2142240,3286811,7776122,7799266,-0.284512,unrelated
S115,S422,C44-L15-2023,Wysocki1129-2023,0,2173790,3529073,7776122,7735411,-0.314885,unrelated
S115,S423,C44-L15-2023,Wysocki1129-2023,0,2136913,3317371,7776122,7838314,-0.288056,unrelated
S115,S424,C44-L15-2023,Wysocki1129-2023,0,2041464,3460002,7776122,7581744,-0.317657,unrelated
S115,S442,C44-L15-2023,Wedekind_3-2023,0,1742590,3649420,7776122,6337465,-0.393681,unrelated
S115,S443,C44-L15-2023,Wedekind_3-2023,0,2012788,3438009,7776122,7460484,-0.319181,unrelated
S115,S444,C44-L15-2023,Wedekind_3-2023,0,1968963,3418601,7776122,7291631,-0.323090,unrelated
S115,S445,C44-L15-2023,Wedekind_3-2023,0,2079033,3420992,7776122,7860728,-0.304598,unrelated
S115,S446,C44-L15-2023,Wedekind_3-2023,0,2073522,3423222,7776122,7648040,-0.309444,unrelated
S115,S447,C44-L15-2023,Wedekind_3-2023,0,2161675,3288403,7776122,7678231,-0.285689,unrelated
S115,S448,C44-L15-2023,Wedekind_3-2023,0,2009421,3422210,7776122,7296097,-0.320789,unrelated
S115,S474,C44-L15-2023,Airport04-2023,0,2108311,3289457,7776122,7804708,-0.286930,unrelated
S115,S475,C44-L15-2023,Airport04-2023,0,2293371,3083959,7776122,8082784,-0.244314,unrelated
S115,S476,C44-L15-2023,Airport04-2023,0,2046253,3323388,7776122,7482884,-0.301496,unrelated
S115,S477,C44-L15-2023,Airport04-2023,0,2084546,3279723,7776122,7485865,-0.293206,unrelated
S115,S478,C44-L15-2023,Airport04-2023,0,2155295,3192466,7776122,7652969,-0.274134,unrelated
S115,S479,C44-L15-2023,Airport04-2023,0,2023755,3304019,7776122,7412292,-0.301828,unrelated
S115,S480,C44-L15-2023,Airport04-2023,0,1924657,3416786,7776122,6986357,-0.332526,unrelated
S133,S134,Aartz-2023,Aartz-2023,1,1918540,3598408,7481338,7342694,-0.356062,unrelated
S133,S135,Aartz-2023,Aartz-2023,1,1877706,3647599,7481338,7171059,-0.369734,unrelated
S133,S136,Aartz-2023,Aartz-2023,1,1967918,3445121,7481338,7775212,-0.322637,unrelated
S133,S137,Aartz-2023,Aartz-2023,1,1975175,3392828,7481338,7535158,-0.320346,unrelated
S133,S145,Aartz-2023,XMASBig-2023,0,2066588,3381478,7481338,7857668,-0.306172,unrelated
S133,S146,Aartz-2023,XMASBig-2023,0,1954388,3603021,7481338,7511950,-0.350267,unrelated
S133,S147,Aartz-2023,XMASBig-2023,0,2041467,3413288,7481338,7708191,-0.315027,unrelated
S133,S148,Aartz-2023,XMASBig-2023,0,2089460,3350736,7481338,7944143,-0.298987,unrelated
S133,S149,Aartz-2023,XMASBig-2023,0,1911523,3543116,7481338,7327686,-0.349429,unrelated
S133,S167,Aartz-2023,GarrisonNE-2023,0,1980797,3571321,7481338,7689066,-0.340258,unrelated
S133,S168,Aartz-2023,GarrisonNE-2023,0,1948429,3499476,7481338,7345950,-0.340624,unrelated
S133,S169,Aartz-2023,GarrisonNE-2023,0,2079215,3354218,7481338,7604273,-0.306863,unrelated
S133,S170,Aartz-2023,GarrisonNE-2023,0,2037603,3359514,7481338,7764576,-0.307061,unrelated
S133,S171,Aartz-2023,GarrisonNE-2023,0,2004301,3562111,7481338,7653982,-0.338276,unrelated
S133,S172,Aartz-2023,GarrisonNE-2023,0,1894881,3381468,7481338,7231927,-0.330862,unrelated
S133,S173,Aartz-2023,GarrisonNE-2023,0,1876394,3392883,7481338,7337001,-0.331304,unrelated
S133,S185,Aartz-2023,H10-2023,0,1902792,3454340,7481338,7318923,-0.338230,unrelated
S133,S186,Aartz-2023,H10-2023,0,2001193,3438259,7481338,7677072,-0.321625,unrelated
S133,S187,Aartz-2023,H10-2023,0,2000480,3340852,7481338,7514517,-0.312168,unrelated
S133,S188,Aartz-2023,H10-2023,0,1823775,3644705,7481338,7202055,-0.372232,unrelated
S133,S189,Aartz-2023,H10-2023,0,2089632,3243610,7481338,8104414,-0.282154,unrelated
S133,S190,Aartz-2023,H10-2023,0,1999091,3474773,7481338,7760518,-0.324793,unrelated
S133,S191,Aartz-2023,H10-2023,0,1941303,3514578,7481338,7306259,-0.344062,unrelated
S133,S206,Aartz-2023,H15-2023,0,2035972,3190602,7481338,7783850,-0.284650,unrelated
S133,S207,Aartz-2023,H15-2023,0,1983216,3565370,7481338,7707947,-0.338892,unrelated
S133,S208,Aartz-2023,H15-2023,0,1990091,3573043,7481338,7490866,-0.344371,unrelated
S133,S209,Aartz-2023,H15-2023,0,1974884,3506680,7481338,7723624,-0.331371,unrelated
S133,S210,Aartz-2023,H15-2023,0,2060183,3464142,7481338,7739257,-0.319836,unrelated
S133,S211,Aartz-2023,H15-2023,0,1953201,3563388,7481338,7405367,-0.347530,unrelated
S133,S212,Aartz-2023,H15-2023,0,783482,4689155,7481338,3113003,-0.811266,unrelated
S133,S219,Aartz-2023,H41-2023,0,1970131,3323071,7481338,7585961,-0.310342,unrelated
S133,S220,Aartz-2023,H41-2023,0,1832326,3447210,7481338,7179670,-0.345276,unrelated
S133,S221,Aartz-2023,H41-2023,0,41733,5834007,7481338,158911,-1.521715,unrelated
S133,S222,Aartz-2023,H41-2023,0,375538,5326533,7481338,1476333,-1.147344,unrelated
S133,S223,Aartz-2023,H41-2023,0,997797,4397183,7481338,3926923,-0.683414,unrelated
S133,S224,Aartz-2023,H41-2023,0,1999946,3437979,7481338,7733862,-0.320470,unrelated
S133,S225,Aartz-2023,H41-2023,0,1887125,3565516,7481338,7293024,-0.354933,unrelated
S133,S250,Aartz-2023,H66-2023,0,1970316,3524855,7481338,7497400,-0.339107,unrelated
S133,S251,Aartz-2023,H66-2023,0,1858361,3643456,7481338,7298189,-0.367302,unrelated
S133,S252,Aartz-2023,H66-2023,0,2048205,3412622,7481338,7784671,-0.312920,unrelated
S133,S253,Aartz-2023,H66-2023,0,2007790,3497843,7481338,7828319,-0.325801,unrelated
S133,S254,Aartz-2023,H66-2023,0,2034815,3435943,7481338,7899268,-0.314492,unrelated
S133,S255,Aartz-2023,H66-2023,0,1564948,3906377,7481338,6261999,-0.454606,unrelated
S133,S256,Aartz-2023,H66-2023,0,1840451,3622570,7481338,7050507,-0.371920,unrelated
S133,S257,Aartz-2023,H66-2023,0,1939312,3503911,7481338,7226941,-0.344603,unrelated
S133,S258,Aartz-2023,H66-2023,0,1937147,3503286,7481338,7345804,-0.341902,unrelated
S133,S259,Aartz-2023,H66-2023,0,2032662,3400838,7481338,7685226,-0.314443,unrelated
S133,S260,Aartz-2023,H66-2023,0,2044710,3413662,7481338,7760564,-0.313781,unrelated
S133,S288,Aartz-2023,Du-2023,0,2030525,3299997,7481338,7781391,-0.299387,unrelated
S133,S289,Aartz-2023,Du-2023,0,2185350,3260275,7481338,8243626,-0.275689,unrelated
S133,S290,Aartz-2023,Du-2023,0,2205436,3216648,7481338,8328446,-0.267420,unrelated
S133,S291,Aartz-2023,Du-2023,0,2195454,3263081,7481338,8614604,-0.269056,unrelated
S133,S292,Aartz-2023,Du-2023,0,2388928,2976622,7481338,9175472,-0.213986,unrelated
S133,S293,Aartz-2023,Du-2023,0,2444547,2958486,7481338,9002064,-0.210662,unrelated
S133,S294,Aartz-2023,Du-2023,0,2155251,3393705,7481338,8280057,-0.293893,unrelated
S133,S312,Aartz-2023,OkrayGrosheks40-2023,0,2034748,3407666,7481338,7983456,-0.309127,unrelated
S133,S313,Aartz-2023,OkrayGrosheks40-2023,0,1965679,3466475,7481338,7465948,-0.332319,unrelated
S133,S314,Aartz-2023,OkrayGrosheks40-2023,0,2041234,3477905,7481338,7693326,-0.323867,unrelated
S133,S315,Aartz-2023,OkrayGrosheks40-2023,0,2088938,3372157,7481338,7911196,-0.302444,unrelated
S133,S316,Aartz-2023,OkrayGrosheks40-2023,0,2026241,3437348,7481338,7767507,-0.317956,unrelated
S133,S317,Aartz-2023,OkrayGrosheks40-2023,0,2173182,3270319,7481338,8428115,-0.274520,unrelated
S133,S318,Aartz-2023,OkrayGrosheks40-2023,0,1963670,3466894,7481338,7352916,-0.335043,unrelated
S133,S328,Aartz-2023,LaszSE-O14-2023,0,2016683,3504438,7481338,7746042,-0.327843,unrelated
S133,S329,Aartz-2023,LaszSE-O14-2023,0,2019988,3475426,7481338,7797235,-0.322731,unrelated
S133,S330,Aartz-2023,LaszSE-O14-2023,0,1940620,3602968,7481338,7462058,-0.352351,unrelated
S133,S331,Aartz-2023,LaszSE-O14-2023,0,1975948,3552066,7481338,7438819,-0.343708,unrelated
S133,S332,Aartz-2023,LaszSE-O14-2023,0,2240393,3190436,7481338,8314732,-0.262121,unrelated
S133,S370,Aartz-2023,BrikalskiPats-2023,0,1937118,3523565,7481338,7223088,-0.347515,unrelated
S133,S371,Aartz-2023,BrikalskiPats-2023,0,2051637,3378153,7481338,7850890,-0.306848,unrelated
S133,S372,Aartz-2023,BrikalskiPats-2023,0,2093280,3394915,7481338,7962119,-0.304113,unrelated
S133,S373,Aartz-2023,BrikalskiPats-2023,0,1977563,3469531,7481338,7688767,-0.327058,unrelated
S133,S374,Aartz-2023,BrikalskiPats-2023,0,2000399,3577347,7481338,7505467,-0.343922,unrelated
S133,S375,Aartz-2023,BrikalskiPats-2023,0,2068092,3498654,7481338,7610693,-0.326611,unrelated
S133,S376,Aartz-2023,BrikalskiPats-2023,0,1992057,3647899,7481338,7674386,-0.349950,unrelated
S133,S386,Aartz-2023,DaveBrilowski-2023,0,2010794,3514919,7481338,7581179,-0.333214,unrelated
S133,S387,Aartz-2023,DaveBrilowski-2023,0,1942034,3522839,7481338,7340180,-0.344340,unrelated
S133,S388,Aartz-2023,DaveBrilowski-2023,0,2052585,3398897,7481338,7711070,-0.312341,unrelated
S133,S389,Aartz-2023,DaveBrilowski-2023,0,1972248,3493539,7481338,7419012,-0.336558,unrelated
S133,S390,Aartz-2023,DaveBrilowski-2023,0,2023913,3456349,7481338,7664668,-0.322777,unrelated
S133,S391,Aartz-2023,DaveBrilowski-2023,0,2022267,3503405,7481338,7786721,-0.326469,unrelated
S133,S392,Aartz-2023,DaveBrilowski-2023,0,2075085,3378420,7481338,7941139,-0.303567,unrelated
S133,S418,Aartz-2023,Wysocki1129-2023,0,2014749,3401855,7481338,7606408,-0.317407,unrelated
S133,S419,Aartz-2023,Wysocki1129-2023,0,1889645,3489327,7481338,7110209,-0.348764,unrelated
S133,S420,Aartz-2023,Wysocki1129-2023,0,2028437,3399979,7481338,7733647,-0.313607,unrelated
S133,S421,Aartz-2023,Wysocki1129-2023,0,2078788,3359987,7481338,7799266,-0.303731,unrelated
S133,S422,Aartz-2023,Wysocki1129-2023,0,2008164,3736014,7481338,7735411,-0.359069,unrelated
S133,S423,Aartz-2023,Wysocki1129-2023,0,2119189,3338635,7481338,7838314,-0.297532,unrelated
S133,S424,Aartz-2023,Wysocki1129-2023,0,1950578,3557280,7481338,7581744,-0.342824,unrelated
S133,S442,Aartz-2023,Wedekind_3-2023,0,1676866,3824322,7481338,6337465,-0.432149,unrelated
S133,S443,Aartz-2023,Wedekind_3-2023,0,1934881,3461658,7481338,7460484,-0.333857,unrelated
S133,S444,Aartz-2023,Wedekind_3-2023,0,1962949,3603106,7481338,7291631,-0.354923,unrelated
S133,S445,Aartz-2023,Wedekind_3-2023,0,2034029,3541142,7481338,7860728,-0.329047,unrelated
S133,S446,Aartz-2023,Wedekind_3-2023,0,1994016,3416760,7481338,7648040,-0.319875,unrelated
S133,S447,Aartz-2023,Wedekind_3-2023,0,2015951,3442379,7481338,7678231,-0.321171,unrelated
S133,S448,Aartz-2023,Wedekind_3-2023,0,1953901,3460893,7481338,7296097,-0.336180,unrelated
S133,S474,Aartz-2023,Airport04-2023,0,2028477,3312818,7481338,7804708,-0.300742,unrelated
S133,S475,Aartz-2023,Airport04-2023,0,2125342,3237824,7481338,8082784,-0.279509,unrelated
S133,S476,Aartz-2023,Airport04-2023,0,1978920,3400693,7481338,7482884,-0.322266,unrelated
S133,S477,Aartz-2023,Airport04-2023,0,1958154,3383216,7481338,7485865,-0.321254,unrelated
S133,S478,Aartz-2023,Airport04-2023,0,2032380,3257119,7481338,7652969,-0.296139,unrelated
S133,S479,Aartz-2023,Airport04-2023,0,1935501,3524868,7481338,7412292,-0.343384,unrelated
S133,S480,Aartz-2023,Airport04-2023,0,1837736,3511375,7481338,6986357,-0.358386,unrelated
S134,S135,Aartz-2023,Aartz-2023,1,1900671,3665603,7342694,7171059,-0.374165,unrelated
S134,S136,Aartz-2023,Aartz-2023,1,2092053,3366703,7342694,7775212,-0.307010,unrelated
S134,S137,Aartz-2023,Aartz-2023,1,1881249,3514814,7342694,7535158,-0.346043,unrelated
S134,S145,Aartz-2023,XMASBig-2023,0,2106373,3500451,7342694,7857668,-0.322001,unrelated
S134,S146,Aartz-2023,XMASBig-2023,0,1983840,3638956,7342694,7511950,-0.356392,unrelated
S134,S147,Aartz-2023,XMASBig-2023,0,1968601,3542875,7342694,7708191,-0.339990,unrelated
S134,S148,Aartz-2023,XMASBig-2023,0,2056081,3585502,7342694,7944143,-0.334597,unrelated
S134,S149,Aartz-2023,XMASBig-2023,0,1907441,3760494,7342694,7327686,-0.382645,unrelated
S134,S167,Aartz-2023,GarrisonNE-2023,0,2121795,3703493,7342694,7689066,-0.351602,unrelated
S134,S168,Aartz-2023,GarrisonNE-2023,0,1952102,3560357,7342694,7345950,-0.351878,unrelated
S134,S169,Aartz-2023,GarrisonNE-2023,0,1942066,3585425,7342694,7604273,-0.349822,unrelated
S134,S170,Aartz-2023,GarrisonNE-2023,0,2030597,3498815,7342694,7764576,-0.328784,unrelated
S134,S171,Aartz-2023,GarrisonNE-2023,0,2035303,3636854,7342694,7653982,-0.349304,unrelated
S134,S172,Aartz-2023,GarrisonNE-2023,0,1826111,3557066,7342694,7231927,-0.362824,unrelated
S134,S173,Aartz-2023,GarrisonNE-2023,0,1786228,3541883,7342694,7337001,-0.360875,unrelated
S134,S185,Aartz-2023,H10-2023,0,1844456,3493813,7342694,7318923,-0.350791,unrelated
S134,S186,Aartz-2023,H10-2023,0,1909211,3589724,7342694,7677072,-0.350887,unrelated
S134,S187,Aartz-2023,H10-2023,0,1880886,3494323,7342694,7514517,-0.343790,unrelated
S134,S188,Aartz-2023,H10-2023,0,1979532,3671036,7342694,7202055,-0.368693,unrelated
S134,S189,Aartz-2023,H10-2023,0,2054582,3268646,7342694,8104414,-0.290197,unrelated
S134,S190,Aartz-2023,H10-2023,0,2090995,3564823,7342694,7760518,-0.333615,unrelated
S134,S191,Aartz-2023,H10-2023,0,1911546,3705945,7342694,7306259,-0.375477,unrelated
S134,S206,Aartz-2023,H15-2023,0,1917034,3395618,7342694,7783850,-0.322228,unrelated
S134,S207,Aartz-2023,H15-2023,0,2012262,3592466,7342694,7707947,-0.343684,unrelated
S134,S208,Aartz-2023,H15-2023,0,1890675,3669856,7342694,7490866,-0.367345,unrelated
S134,S209,Aartz-2023,H15-2023,0,2056104,3633321,7342694,7723624,-0.345840,unrelated
S134,S210,Aartz-2023,H15-2023,0,1982803,3535232,7342694,7739257,-0.337334,unrelated
S134,S211,Aartz-2023,H15-2023,0,1864378,3707006,7342694,7405367,-0.376296,unrelated
S134,S212,Aartz-2023,H15-2023,0,749613,4891097,7342694,3113003,-0.863891,unrelated
S134,S219,Aartz-2023,H41-2023,0,1960128,3429370,7342694,7585961,-0.328135,unrelated
S134,S220,Aartz-2023,H41-2023,0,1825109,3522717,7342694,7179670,-0.359468,unrelated
S134,S221,Aartz-2023,H41-2023,0,38419,6037665,7342694,158911,-1.604578,unrelated
S134,S222,Aartz-2023,H41-2023,0,356843,5528999,7342694,1476333,-1.213417,unrelated
S134,S223,Aartz-2023,H41-2023,0,929842,4553297,7342694,3926923,-0.725557,unrelated
S134,S224,Aartz-2023,H41-2023,0,1920397,3531324,7342694,7733862,-0.341076,unrelated
S134,S225,Aartz-2023,H41-2023,0,1976046,3760073,7342694,7293024,-0.378806,unrelated
S134,S250,Aartz-2023,H66-2023,0,1979953,3703439,7342694,7497400,-0.365693,unrelated
S134,S251,Aartz-2023,H66-2023,0,2057262,3655099,7342694,7298189,-0.358785,unrelated
S134,S252,Aartz-2023,H66-2023,0,1942810,3529855,7342694,7784671,-0.338255,unrelated
S134,S253,Aartz-2023,H66-2023,0,2025292,3608178,7342694,7828319,-0.342170,unrelated
S134,S254,Aartz-2023,H66-2023,0,2067475,3513905,7342694,7899268,-0.325439,unrelated
S134,S255,Aartz-2023,H66-2023,0,1555525,3818535,7342694,6261999,-0.447018,unrelated
S134,S256,Aartz-2023,H66-2023,0,1845094,3747815,7342694,7050507,-0.392584,unrelated
S134,S257,Aartz-2023,H66-2023,0,1917832,3694602,7342694,7226941,-0.375533,unrelated
S134,S258,Aartz-2023,H66-2023,0,1929368,3671605,7342694,7345804,-0.368577,unrelated
S134,S259,Aartz-2023,H66-2023,0,1946878,3522396,7342694,7685226,-0.339230,unrelated
S134,S260,Aartz-2023,H66-2023,0,1953313,3497410,7342694,7760564,-0.333803,unrelated
S134,S288,Aartz-2023,Du-2023,0,2057007,3518439,7342694,7781391,-0.329268,unrelated
S134,S289,Aartz-2023,Du-2023,0,2067789,3361486,7342694,8243626,-0.298671,unrelated
S134,S290,Aartz-2023,Du-2023,0,2100712,3342677,7342694,8328446,-0.292553,unrelated
S134,S291,Aartz-2023,Du-2023,0,2246418,3294238,7342694,8614604,-0.272105,unrelated
S134,S292,Aartz-2023,Du-2023,0,2316216,3204869,7342694,9175472,-0.247819,unrelated
S134,S293,Aartz-2023,Du-2023,0,2325378,3099040,7342694,9002064,-0.236938,unrelated
S134,S294,Aartz-2023,Du-2023,0,2141922,3370282,7342694,8280057,-0.294355,unrelated
S134,S312,Aartz-2023,OkrayGrosheks40-2023,0,2047815,3527596,7342694,7983456,-0.326721,unrelated
S134,S313,Aartz-2023,OkrayGrosheks40-2023,0,1942217,3601080,7342694,7465948,-0.355194,unrelated
S134,S314,Aartz-2023,OkrayGrosheks40-2023,0,2034189,3583851,7342694,7693326,-0.341414,unrelated
S134,S315,Aartz-2023,OkrayGrosheks40-2023,0,1991888,3468939,7342694,7911196,-0.324245,unrelated
S134,S316,Aartz-2023,OkrayGrosheks40-2023,0,2032101,3609040,7342694,7767507,-0.343210,unrelated
S134,S317,Aartz-2023,OkrayGrosheks40-2023,0,2186728,3384283,7342694,8428115,-0.290527,unrelated
S134,S318,Aartz-2023,OkrayGrosheks40-2023,0,1944588,3686340,7342694,7352916,-0.369368,unrelated
S134,S328,Aartz-2023,LaszSE-O14-2023,0,2027281,3632549,7342694,7746042,-0.347134,unrelated
S134,S329,Aartz-2023,LaszSE-O14-2023,0,2175801,3459134,7342694,7797235,-0.313242,unrelated
S134,S330,Aartz-2023,LaszSE-O14-2023,0,2012374,3748037,7342694,7462058,-0.370401,unrelated
S134,S331,Aartz-2023,LaszSE-O14-2023,0,1909161,3683776,7342694,7438819,-0.369271,unrelated
S134,S332,Aartz-2023,LaszSE-O14-2023,0,2100986,3375890,7342694,8314732,-0.297034,unrelated
S134,S370,Aartz-2023,BrikalskiPats-2023,0,1911695,3765127,7342694,7223088,-0.385737,unrelated
S134,S371,Aartz-2023,BrikalskiPats-2023,0,2085736,3568595,7342694,7850890,-0.332473,unrelated
S134,S372,Aartz-2023,BrikalskiPats-2023,0,2021351,3467740,7342694,7962119,-0.321084,unrelated
S134,S373,Aartz-2023,BrikalskiPats-2023,0,2047984,3622037,7342694,7688767,-0.345681,unrelated
S134,S374,Aartz-2023,BrikalskiPats-2023,0,1890565,3700892,7342694,7505467,-0.371172,unrelated
S134,S375,Aartz-2023,BrikalskiPats-2023,0,1879247,3680174,7342694,7610693,-0.366546,unrelated
S134,S376,Aartz-2023,BrikalskiPats-2023,0,2082857,3693181,7342694,7674386,-0.353165,unrelated
S134,S386,Aartz-2023,DaveBrilowski-2023,0,1910533,3679550,7342694,7581179,-0.365091,unrelated
S134,S387,Aartz-2023,DaveBrilowski-2023,0,1903590,3749471,7342694,7340180,-0.381080,unrelated
S134,S388,Aartz-2023,DaveBrilowski-2023,0,1985059,3499762,7342694,7711070,-0.333104,unrelated
S134,S389,Aartz-2023,DaveBrilowski-2023,0,1944371,3748301,7342694,7419012,-0.376124,unrelated
S134,S390,Aartz-2023,DaveBrilowski-2023,0,1961332,3481646,7342694,7664668,-0.333300,unrelated
S134,S391,Aartz-2023,DaveBrilowski-2023,0,2042403,3623592,7342694,7786721,-0.344017,unrelated
S134,S392,Aartz-2023,DaveBrilowski-2023,0,2145123,3423687,7342694,7941139,-0.307662,unrelated
S134,S418,Aartz-2023,Wysocki1129-2023,0,1926740,3581010,7342694,7606408,-0.350207,unrelated
S134,S419,Aartz-2023,Wysocki1129-2023,0,1781819,3687168,7342694,7110209,-0.386948,unrelated
S134,S420,Aartz-2023,Wysocki1129-2023,0,1941821,3533405,7342694,7733647,-0.339936,unrelated
S134,S421,Aartz-2023,Wysocki1129-2023,0,1968400,3487496,7342694,7799266,-0.330644,unrelated
S134,S422,Aartz-2023,Wysocki1129-2023,0,1936110,3501442,7342694,7735411,-0.336035,unrelated
S134,S423,Aartz-2023,Wysocki1129-2023,0,1993677,3560027,7342694,7838314,-0.337684,unrelated
S134,S424,Aartz-2023,Wysocki1129-2023,0,2090306,3680427,7342694,7581744,-0.353149,unrelated
S134,S442,Aartz-2023,Wedekind_3-2023,0,1551741,4076519,7342694,6337465,-0.482545,unrelated
S134,S443,Aartz-2023,Wedekind_3-2023,0,1825825,3698232,7342694,7460484,-0.376314,unrelated
S134,S444,Aartz-2023,Wedekind_3-2023,0,1881689,3748048,7342694,7291631,-0.383646,unrelated
S134,S445,Aartz-2023,Wedekind_3-2023,0,2101083,3617518,7342694,7860728,-0.337684,unrelated
S134,S446,Aartz-2023,Wedekind_3-2023,0,1990460,3565630,7342694,7648040,-0.342932,unrelated
S134,S447,Aartz-2023,Wedekind_3-2023,0,1934822,3535057,7342694,7678231,-0.341876,unrelated
S134,S448,Aartz-2023,Wedekind_3-2023,0,1927288,3702507,7342694,7296097,-0.374193,unrelated
S134,S474,Aartz-2023,Airport04-2023,0,2095421,3412308,7342694,7804708,-0.312212,unrelated
S134,S475,Aartz-2023,Airport04-2023,0,2015862,3339813,7342694,8082784,-0.302342,unrelated
S134,S476,Aartz-2023,Airport04-2023,0,1864668,3514335,7342694,7482884,-0.348317,unrelated
S134,S477,Aartz-2023,Airport04-2023,0,1902034,3523996,7342694,7485865,-0.347030,unrelated
S134,S478,Aartz-2023,Airport04-2023,0,1963502,3436519,7342694,7652969,-0.327397,unrelated
S134,S479,Aartz-2023,Airport04-2023,0,1872786,3569706,7342694,7412292,-0.356939,unrelated
S134,S480,Aartz-2023,Airport04-2023,0,1947102,3651449,7342694,6986357,-0.373772,unrelated
S135,S136,Aartz-2023,Aartz-2023,1,1949074,3502092,7171059,7775212,-0.338219,unrelated
S135,S137,Aartz-2023,Aartz-2023,1,1868994,3587994,7171059,7535158,-0.360867,unrelated
S135,S145,Aartz-2023,XMASBig-2023,0,1973370,3601001,7171059,7857668,-0.347909,unrelated
S135,S146,Aartz-2023,XMASBig-2023,0,1923896,3751366,7171059,7511950,-0.379952,unrelated
S135,S147,Aartz-2023,XMASBig-2023,0,1954064,3587839,7171059,7708191,-0.350933,unrelated
S135,S148,Aartz-2023,XMASBig-2023,0,2107131,3549939,7171059,7944143,-0.330313,unrelated
S135,S149,Aartz-2023,XMASBig-2023,0,1980530,3710601,7171059,7327686,-0.375251,unrelated
S135,S167,Aartz-2023,GarrisonNE-2023,0,1970535,3646801,7171059,7689066,-0.358211,unrelated
S135,S168,Aartz-2023,GarrisonNE-2023,0,1966335,3570100,7171059,7345950,-0.356400,unrelated
S135,S169,Aartz-2023,GarrisonNE-2023,0,1974690,3607323,7171059,7604273,-0.354642,unrelated
S135,S170,Aartz-2023,GarrisonNE-2023,0,1950206,3492270,7171059,7764576,-0.337069,unrelated
S135,S171,Aartz-2023,GarrisonNE-2023,0,2047083,3640300,7171059,7653982,-0.353019,unrelated
S135,S172,Aartz-2023,GarrisonNE-2023,0,1845971,3569266,7171059,7231927,-0.367463,unrelated
S135,S173,Aartz-2023,GarrisonNE-2023,0,1825215,3464130,7171059,7337001,-0.351739,unrelated
S135,S185,Aartz-2023,H10-2023,0,1866599,3561086,7171059,7318923,-0.362704,unrelated
S135,S186,Aartz-2023,H10-2023,0,1932988,3439173,7171059,7677072,-0.333063,unrelated
S135,S187,Aartz-2023,H10-2023,0,1903067,3543200,7171059,7514517,-0.352954,unrelated
S135,S188,Aartz-2023,H10-2023,0,1810037,3852072,7171059,7202055,-0.410079,unrelated
S135,S189,Aartz-2023,H10-2023,0,2070578,3271939,7171059,8104414,-0.292842,unrelated
S135,S190,Aartz-2023,H10-2023,0,1952333,3638682,7171059,7760518,-0.356629,unrelated
S135,S191,Aartz-2023,H10-2023,0,1960876,3717485,7171059,7306259,-0.378115,unrelated
S135,S206,Aartz-2023,H15-2023,0,1922883,3389969,7171059,7783850,-0.324780,unrelated
S135,S207,Aartz-2023,H15-2023,0,1970826,3631910,7171059,7707947,-0.355736,unrelated
S135,S208,Aartz-2023,H15-2023,0,1899921,3516879,7171059,7490866,-0.350148,unrelated
S135,S209,Aartz-2023,H15-2023,0,1953204,3682210,7171059,7723624,-0.363299,unrelated
S135,S210,Aartz-2023,H15-2023,0,1949362,3450785,7171059,7739257,-0.332133,unrelated
S135,S211,Aartz-2023,H15-2023,0,1883883,3653340,7171059,7405367,-0.372025,unrelated
S135,S212,Aartz-2023,H15-2023,0,755514,4899743,7171059,3113003,-0.879416,unrelated
S135,S219,Aartz-2023,H41-2023,0,1939043,3380928,7171059,7585961,-0.326815,unrelated
S135,S220,Aartz-2023,H41-2023,0,1856658,3439609,7171059,7179670,-0.349986,unrelated
S135,S221,Aartz-2023,H41-2023,0,38466,6079332,7171059,158911,-1.653513,unrelated
S135,S222,Aartz-2023,H41-2023,0,357703,5564334,7171059,1476333,-1.245574,unrelated
S135,S223,Aartz-2023,H41-2023,0,934745,4554374,7171059,3926923,-0.736531,unrelated
S135,S224,Aartz-2023,H41-2023,0,2003644,3499770,7171059,7733862,-0.335184,unrelated
S135,S225,Aartz-2023,H41-2023,0,1851914,3791663,7171059,7293024,-0.396251,unrelated
S135,S250,Aartz-2023,H66-2023,0,1987723,3727702,7171059,7497400,-0.372751,unrelated
S135,S251,Aartz-2023,H66-2023,0,1909524,3760474,7171059,7298189,-0.387817,unrelated
S135,S252,Aartz-2023,H66-2023,0,1981425,3522993,7171059,7784671,-0.338637,unrelated
S135,S253,Aartz-2023,H66-2023,0,1956901,3611832,7171059,7828319,-0.351132,unrelated
S135,S254,Aartz-2023,H66-2023,0,1918374,3560793,7171059,7899268,-0.345262,unrelated
S135,S255,Aartz-2023,H66-2023,0,1509660,4002200,7171059,6261999,-0.483489,unrelated
S135,S256,Aartz-2023,H66-2023,0,1892497,3622781,7171059,7050507,-0.376405,unrelated
S135,S257,Aartz-2023,H66-2023,0,1929011,3764728,7171059,7226941,-0.388974,unrelated
S135,S258,Aartz-2023,H66-2023,0,1899998,3728661,7171059,7345804,-0.382819,unrelated
S135,S259,Aartz-2023,H66-2023,0,1937934,3525073,7171059,7685226,-0.344111,unrelated
S135,S260,Aartz-2023,H66-2023,0,1980924,3477206,7171059,7760564,-0.333084,unrelated
S135,S288,Aartz-2023,Du-2023,0,2022281,3633128,7171059,7781391,-0.350710,unrelated
S135,S289,Aartz-2023,Du-2023,0,2105206,3347324,7171059,8243626,-0.297732,unrelated
S135,S290,Aartz-2023,Du-2023,0,2077033,3277989,7171059,8328446,-0.288973,unrelated
S135,S291,Aartz-2023,Du-2023,0,2130154,3324848,7171059,8614604,-0.286307,unrelated
S135,S292,Aartz-2023,Du-2023,0,2339421,3209677,7171059,9175472,-0.249590,unrelated
S135,S293,Aartz-2023,Du-2023,0,2252859,3204461,7171059,9002064,-0.256973,unrelated
S135,S294,Aartz-2023,Du-2023,0,2056427,3343416,7171059,8280057,-0.299681,unrelated
S135,S312,Aartz-2023,OkrayGrosheks40-2023,0,2001932,3471181,7171059,7983456,-0.326004,unrelated
S135,S313,Aartz-2023,OkrayGrosheks40-2023,0,1949843,3564129,7171059,7465948,-0.353789,unrelated
S135,S314,Aartz-2023,OkrayGrosheks40-2023,0,2029896,3587666,7171059,7693326,-0.346159,unrelated
S135,S315,Aartz-2023,OkrayGrosheks40-2023,0,2023692,3544478,7171059,7911196,-0.335843,unrelated
S135,S316,Aartz-2023,OkrayGrosheks40-2023,0,2079212,3598478,7171059,7767507,-0.342586,unrelated
S135,S317,Aartz-2023,OkrayGrosheks40-2023,0,2035098,3501419,7171059,8428115,-0.318462,unrelated
S135,S318,Aartz-2023,OkrayGrosheks40-2023,0,1939918,3714434,7171059,7352916,-0.377923,unrelated
S135,S328,Aartz-2023,LaszSE-O14-2023,0,2075955,3654348,7171059,7746042,-0.350788,unrelated
S135,S329,Aartz-2023,LaszSE-O14-2023,0,2018529,3561594,7171059,7797235,-0.341031,unrelated
S135,S330,Aartz-2023,LaszSE-O14-2023,0,1937765,3675224,7171059,7462058,-0.369893,unrelated
S135,S331,Aartz-2023,LaszSE-O14-2023,0,1929457,3667758,7171059,7438819,-0.370028,unrelated
S135,S332,Aartz-2023,LaszSE-O14-2023,0,2156857,3329565,7171059,8314732,-0.290736,unrelated
S135,S370,Aartz-2023,BrikalskiPats-2023,0,1932624,3739642,7171059,7223088,-0.385341,unrelated
S135,S371,Aartz-2023,BrikalskiPats-2023,0,1928348,3644280,7171059,7850890,-0.356825,unrelated
S135,S372,Aartz-2023,BrikalskiPats-2023,0,2030658,3526895,7171059,7962119,-0.331928,unrelated
S135,S373,Aartz-2023,BrikalskiPats-2023,0,1959563,3622265,7171059,7688767,-0.355655,unrelated
S135,S374,Aartz-2023,BrikalskiPats-2023,0,1921132,3576241,7171059,7505467,-0.356443,unrelated
S135,S375,Aartz-2023,BrikalskiPats-2023,0,1919379,3540944,7171059,7610693,-0.349249,unrelated
S135,S376,Aartz-2023,BrikalskiPats-2023,0,1995645,3673955,7171059,7674386,-0.360532,unrelated
S135,S386,Aartz-2023,DaveBrilowski-2023,0,1916372,3581235,7171059,7581179,-0.355614,unrelated
S135,S387,Aartz-2023,DaveBrilowski-2023,0,1961684,3732855,7171059,7340180,-0.379294,unrelated
S135,S388,Aartz-2023,DaveBrilowski-2023,0,1998443,3533803,7171059,7711070,-0.340621,unrelated
S135,S389,Aartz-2023,DaveBrilowski-2023,0,1990344,3674126,7171059,7419012,-0.367230,unrelated
S135,S390,Aartz-2023,DaveBrilowski-2023,0,1923315,3583519,7171059,7664668,-0.353452,unrelated
S135,S391,Aartz-2023,DaveBrilowski-2023,0,1938946,3579331,7171059,7786721,-0.348963,unrelated
S135,S392,Aartz-2023,DaveBrilowski-2023,0,1974866,3613641,7171059,7941139,-0.347561,unrelated
S135,S418,Aartz-2023,Wysocki1129-2023,0,1979728,3520599,7171059,7606408,-0.342513,unrelated
S135,S419,Aartz-2023,Wysocki1129-2023,0,1803134,3734424,7171059,7110209,-0.396723,unrelated
S135,S420,Aartz-2023,Wysocki1129-2023,0,1963021,3570139,7171059,7733647,-0.347357,unrelated
S135,S421,Aartz-2023,Wysocki1129-2023,0,1965128,3490996,7171059,7799266,-0.335121,unrelated
S135,S422,Aartz-2023,Wysocki1129-2023,0,1949496,3822746,7171059,7735411,-0.382116,unrelated
S135,S423,Aartz-2023,Wysocki1129-2023,0,2004236,3529143,7171059,7838314,-0.336726,unrelated
S135,S424,Aartz-2023,Wysocki1129-2023,0,1963245,3723305,7171059,7581744,-0.371683,unrelated
S135,S442,Aartz-2023,Wedekind_3-2023,0,1580843,3919867,7171059,6337465,-0.463329,unrelated
S135,S443,Aartz-2023,Wedekind_3-2023,0,1902787,3579949,7171059,7460484,-0.359300,unrelated
S135,S444,Aartz-2023,Wedekind_3-2023,0,1875933,3651163,7171059,7291631,-0.375199,unrelated
S135,S445,Aartz-2023,Wedekind_3-2023,0,1937532,3518972,7171059,7860728,-0.339308,unrelated
S135,S446,Aartz-2023,Wedekind_3-2023,0,1871225,3712389,7171059,7648040,-0.374756,unrelated
S135,S447,Aartz-2023,Wedekind_3-2023,0,2000243,3507149,7171059,7678231,-0.337663,unrelated
S135,S448,Aartz-2023,Wedekind_3-2023,0,1934360,3719093,7171059,7296097,-0.380436,unrelated
S135,S474,Aartz-2023,Airport04-2023,0,1925281,3460376,7171059,7804708,-0.333570,unrelated
S135,S475,Aartz-2023,Airport04-2023,0,2015981,3340819,7171059,8082784,-0.305868,unrelated
S135,S476,Aartz-2023,Airport04-2023,0,1868469,3576609,7171059,7482884,-0.360637,unrelated
S135,S477,Aartz-2023,Airport04-2023,0,1890518,3572490,7171059,7485865,-0.358497,unrelated
S135,S478,Aartz-2023,Airport04-2023,0,1962052,3467071,7171059,7652969,-0.335407,unrelated
S135,S479,Aartz-2023,Airport04-2023,0,1850086,3507813,7171059,7412292,-0.354208,unrelated
S135,S480,Aartz-2023,Airport04-2023,0,1773597,3788402,7171059,6986357,-0.409906,unrelated
S136,S137,Aartz-2023,Aartz-2023,1,2046233,3308710,7775212,7535158,-0.298568,unrelated
S136,S145,Aartz-2023,XMASBig-2023,0,2198849,3309865,7775212,7857668,-0.282794,unrelated
S136,S146,Aartz-2023,XMASBig-2023,0,2124289,3363988,7775212,7511950,-0.301147,unrelated
S136,S147,Aartz-2023,XMASBig-2023,0,2130077,3289173,7775212,7708191,-0.287293,unrelated
S136,S148,Aartz-2023,XMASBig-2023,0,2125011,3360723,7775212,7944143,-0.292406,unrelated
S136,S149,Aartz-2023,XMASBig-2023,0,2017566,3353872,7775212,7327686,-0.310548,unrelated
S136,S167,Aartz-2023,GarrisonNE-2023,0,2149089,3403164,7775212,7689066,-0.301161,unrelated
S136,S168,Aartz-2023,GarrisonNE-2023,0,2057137,3384708,7775212,7345950,-0.311635,unrelated
S136,S169,Aartz-2023,GarrisonNE-2023,0,2052392,3399754,7775212,7604273,-0.308665,unrelated
S136,S170,Aartz-2023,GarrisonNE-2023,0,2200083,3344792,7775212,7764576,-0.288904,unrelated
S136,S171,Aartz-2023,GarrisonNE-2023,0,2057904,3382768,7775212,7653982,-0.305112,unrelated
S136,S172,Aartz-2023,GarrisonNE-2023,0,1996622,3230684,7775212,7231927,-0.297508,unrelated
S136,S173,Aartz-2023,GarrisonNE-2023,0,2007953,3262180,7775212,7337001,-0.298858,unrelated
S136,S185,Aartz-2023,H10-2023,0,1985236,3332261,7775212,7318923,-0.310007,unrelated
S136,S186,Aartz-2023,H10-2023,0,2072127,3262800,7775212,7677072,-0.288208,unrelated
S136,S187,Aartz-2023,H10-2023,0,2144448,3221411,7775212,7514517,-0.281128,unrelated
S136,S188,Aartz-2023,H10-2023,0,2018742,3398918,7775212,7202055,-0.319090,unrelated
S136,S189,Aartz-2023,H10-2023,0,2293854,3083938,7775212,8104414,-0.243962,unrelated
S136,S190,Aartz-2023,H10-2023,0,2210132,3310936,7775212,7760518,-0.283974,unrelated
S136,S191,Aartz-2023,H10-2023,0,2013546,3436670,7775212,7306259,-0.322236,unrelated
S136,S206,Aartz-2023,H15-2023,0,2113731,3111058,7775212,7783850,-0.264051,unrelated
S136,S207,Aartz-2023,H15-2023,0,2099621,3441751,7775212,7707947,-0.308973,unrelated
S136,S208,Aartz-2023,H15-2023,0,2024984,3355903,7775212,7490866,-0.307009,unrelated
S136,S209,Aartz-2023,H15-2023,0,2162695,3362735,7775212,7723624,-0.294395,unrelated
S136,S210,Aartz-2023,H15-2023,0,2074690,3287134,7775212,7739257,-0.290025,unrelated
S136,S211,Aartz-2023,H15-2023,0,2019297,3356013,7775212,7405367,-0.309127,unrelated
S136,S212,Aartz-2023,H15-2023,0,832719,4580586,7775212,3113003,-0.764905,unrelated
S136,S219,Aartz-2023,H41-2023,0,2091045,3123292,7775212,7585961,-0.270522,unrelated
S136,S220,Aartz-2023,H41-2023,0,1950448,3276184,7775212,7179670,-0.307720,unrelated
S136,S221,Aartz-2023,H41-2023,0,43444,5709181,7775212,158911,-1.433670,unrelated
S136,S222,Aartz-2023,H41-2023,0,394015,5211558,7775212,1476333,-1.084046,unrelated
S136,S223,Aartz-2023,H41-2023,0,1053512,4255139,7775212,3926923,-0.637214,unrelated
S136,S224,Aartz-2023,H41-2023,0,2095362,3283831,7775212,7733862,-0.288367,unrelated
S136,S225,Aartz-2023,H41-2023,0,2058134,3354174,7775212,7293024,-0.308610,unrelated
S136,S250,Aartz-2023,H66-2023,0,2040952,3350906,7775212,7497400,-0.305178,unrelated
S136,S251,Aartz-2023,H66-2023,0,2084576,3413665,7775212,7298189,-0.314644,unrelated
S136,S252,Aartz-2023,H66-2023,0,2174249,3270395,7775212,7784671,-0.280628,unrelated
S136,S253,Aartz-2023,H66-2023,0,2166567,3334734,7775212,7828319,-0.288582,unrelated
S136,S254,Aartz-2023,H66-2023,0,2156478,3336300,7775212,7899268,-0.288119,unrelated
S136,S255,Aartz-2023,H66-2023,0,1693251,3612197,7775212,6261999,-0.394034,unrelated
S136,S256,Aartz-2023,H66-2023,0,1922776,3495544,7775212,7050507,-0.341859,unrelated
S136,S257,Aartz-2023,H66-2023,0,1934036,3505007,7775212,7226941,-0.338350,unrelated
S136,S258,Aartz-2023,H66-2023,0,1977715,3411172,7775212,7345804,-0.320390,unrelated
S136,S259,Aartz-2023,H66-2023,0,2076594,3387273,7775212,7685226,-0.303869,unrelated
S136,S260,Aartz-2023,H66-2023,0,2109497,3349696,7775212,7760564,-0.295440,unrelated
S136,S288,Aartz-2023,Du-2023,0,2101385,3247535,7775212,7781391,-0.282432,unrelated
S136,S289,Aartz-2023,Du-2023,0,2296142,3092123,7775212,8243626,-0.242721,unrelated
S136,S290,Aartz-2023,Du-2023,0,2220947,3212803,7775212,8328446,-0.261100,unrelated
S136,S291,Aartz-2023,Du-2023,0,2458685,3030274,7775212,8614604,-0.219762,unrelated
S136,S292,Aartz-2023,Du-2023,0,2561616,2850955,7775212,9175472,-0.185261,unrelated
S136,S293,Aartz-2023,Du-2023,0,2415971,2948498,7775212,9002064,-0.207485,unrelated
S136,S294,Aartz-2023,Du-2023,0,2339116,3046468,7775212,8280057,-0.233806,unrelated
S136,S312,Aartz-2023,OkrayGrosheks40-2023,0,2261148,3241813,7775212,7983456,-0.267946,unrelated
S136,S313,Aartz-2023,OkrayGrosheks40-2023,0,1959919,3429009,7775212,7465948,-0.321373,unrelated
S136,S314,Aartz-2023,OkrayGrosheks40-2023,0,2070574,3326734,7775212,7693326,-0.296272,unrelated
S136,S315,Aartz-2023,OkrayGrosheks40-2023,0,2174957,3242311,7775212,7911196,-0.274739,unrelated
S136,S316,Aartz-2023,OkrayGrosheks40-2023,0,2089939,3335304,7775212,7767507,-0.294715,unrelated
S136,S317,Aartz-2023,OkrayGrosheks40-2023,0,2309910,3192225,7775212,8428115,-0.251463,unrelated
S136,S318,Aartz-2023,OkrayGrosheks40-2023,0,1950787,3462782,7775212,7352916,-0.328843,unrelated
S136,S328,Aartz-2023,LaszSE-O14-2023,0,2091533,3388940,7775212,7746042,-0.301931,unrelated
S136,S329,Aartz-2023,LaszSE-O14-2023,0,2127483,3361256,7775212,7797235,-0.295074,unrelated
S136,S330,Aartz-2023,LaszSE-O14-2023,0,2037244,3488825,7775212,7462058,-0.324232,unrelated
S136,S331,Aartz-2023,LaszSE-O14-2023,0,2007013,3358060,7775212,7438819,-0.309524,unrelated
S136,S332,Aartz-2023,LaszSE-O14-2023,0,2297238,3119035,7775212,8314732,-0.244925,unrelated
S136,S370,Aartz-2023,BrikalskiPats-2023,0,1949446,3440862,7775212,7223088,-0.328856,unrelated
S136,S371,Aartz-2023,BrikalskiPats-2023,0,2191784,3310363,7775212,7850890,-0.283432,unrelated
S136,S372,Aartz-2023,BrikalskiPats-2023,0,2141410,3306036,7775212,7962119,-0.284080,unrelated
S136,S373,Aartz-2023,BrikalskiPats-2023,0,2145132,3327975,7775212,7688767,-0.291698,unrelated
S136,S374,Aartz-2023,BrikalskiPats-2023,0,1995115,3397226,7775212,7505467,-0.314079,unrelated
S136,S375,Aartz-2023,BrikalskiPats-2023,0,2039482,3319527,7775212,7610693,-0.298947,unrelated
S136,S376,Aartz-2023,BrikalskiPats-2023,0,2123321,3344760,7775212,7674386,-0.295555,unrelated
S136,S386,Aartz-2023,DaveBrilowski-2023,0,2015807,3363988,7775212,7581179,-0.306854,unrelated
S136,S387,Aartz-2023,DaveBrilowski-2023,0,1967044,3440243,7775212,7340180,-0.325062,unrelated
S136,S388,Aartz-2023,DaveBrilowski-2023,0,2069785,3336720,7775212,7711070,-0.297273,unrelated
S136,S389,Aartz-2023,DaveBrilowski-2023,0,2015421,3453998,7775212,7419012,-0.322002,unrelated
S136,S390,Aartz-2023,DaveBrilowski-2023,0,2054225,3350655,7775212,7664668,-0.300979,unrelated
S136,S391,Aartz-2023,DaveBrilowski-2023,0,2150835,3316434,7775212,7786721,-0.288013,unrelated
S136,S392,Aartz-2023,DaveBrilowski-2023,0,2219750,3274418,7775212,7941139,-0.275451,unrelated
S136,S418,Aartz-2023,Wysocki1129-2023,0,2091547,3322942,7775212,7606408,-0.296090,unrelated
S136,S419,Aartz-2023,Wysocki1129-2023,0,1956676,3412796,7775212,7110209,-0.327093,unrelated
S136,S420,Aartz-2023,Wysocki1129-2023,0,2103083,3305763,7775212,7733647,-0.290701,unrelated
S136,S421,Aartz-2023,Wysocki1129-2023,0,2085270,3271768,7775212,7799266,-0.286255,unrelated
S136,S422,Aartz-2023,Wysocki1129-2023,0,2096581,3358892,7775212,7735411,-0.297938,unrelated
S136,S423,Aartz-2023,Wysocki1129-2023,0,2094488,3344986,7775212,7838314,-0.294327,unrelated
S136,S424,Aartz-2023,Wysocki1129-2023,0,2035405,3481693,7775212,7581744,-0.320896,unrelated
S136,S442,Aartz-2023,Wedekind_3-2023,0,1704030,3637353,7775212,6337465,-0.394729,unrelated
S136,S443,Aartz-2023,Wedekind_3-2023,0,2014151,3356554,7775212,7460484,-0.308418,unrelated
S136,S444,Aartz-2023,Wedekind_3-2023,0,1926950,3424530,7775212,7291631,-0.326685,unrelated
S136,S445,Aartz-2023,Wedekind_3-2023,0,2164293,3345876,7775212,7860728,-0.289555,unrelated
S136,S446,Aartz-2023,Wedekind_3-2023,0,2120358,3291078,7775212,7648040,-0.289290,unrelated
S136,S447,Aartz-2023,Wedekind_3-2023,0,2128430,3246282,7775212,7678231,-0.282405,unrelated
S136,S448,Aartz-2023,Wedekind_3-2023,0,1930935,3500070,7775212,7296097,-0.336348,unrelated
S136,S474,Aartz-2023,Airport04-2023,0,2190801,3250312,7775212,7804708,-0.276627,unrelated
S136,S475,Aartz-2023,Airport04-2023,0,2256099,3130568,7775212,8082784,-0.252556,unrelated
S136,S476,Aartz-2023,Airport04-2023,0,2024652,3345376,7775212,7482884,-0.305811,unrelated
S136,S477,Aartz-2023,Airport04-2023,0,2047719,3308415,7775212,7485865,-0.299396,unrelated
S136,S478,Aartz-2023,Airport04-2023,0,2165406,3216671,7775212,7652969,-0.276632,unrelated
S136,S479,Aartz-2023,Airport04-2023,0,2062070,3238939,7775212,7412292,-0.290753,unrelated
S136,S480,Aartz-2023,Airport04-2023,0,1955513,3450402,7775212,6986357,-0.335011,unrelated
S137,S145,Aartz-2023,XMASBig-2023,0,2062128,3321639,7535158,7857668,-0.297616,unrelated
S137,S146,Aartz-2023,XMASBig-2023,0,1951953,3356364,7535158,7511950,-0.316391,unrelated
S137,S147,Aartz-2023,XMASBig-2023,0,2069213,3253902,7535158,7708191,-0.291182,unrelated
S137,S148,Aartz-2023,XMASBig-2023,0,2095229,3302268,7535158,7944143,-0.291312,unrelated
S137,S149,Aartz-2023,XMASBig-2023,0,1949823,3389817,7535158,7327686,-0.324959,unrelated
S137,S167,Aartz-2023,GarrisonNE-2023,0,1945788,3527166,7535158,7689066,-0.335554,unrelated
S137,S168,Aartz-2023,GarrisonNE-2023,0,1924280,3519750,7535158,7345950,-0.343739,unrelated
S137,S169,Aartz-2023,GarrisonNE-2023,0,1987200,3474377,7535158,7604273,-0.327724,unrelated
S137,S170,Aartz-2023,GarrisonNE-2023,0,2064989,3286712,7535158,7764576,-0.294674,unrelated
S137,S171,Aartz-2023,GarrisonNE-2023,0,2028805,3290590,7535158,7653982,-0.299712,unrelated
S137,S172,Aartz-2023,GarrisonNE-2023,0,1914691,3290280,7535158,7231927,-0.315964,unrelated
S137,S173,Aartz-2023,GarrisonNE-2023,0,1948595,3240135,7535158,7337001,-0.304709,unrelated
S137,S185,Aartz-2023,H10-2023,0,1955511,3252226,7535158,7318923,-0.306242,unrelated
S137,S186,Aartz-2023,H10-2023,0,2056164,3369409,7535158,7677072,-0.307822,unrelated
S137,S187,Aartz-2023,H10-2023,0,2081741,3192957,7535158,7514517,-0.285998,unrelated
S137,S188,Aartz-2023,H10-2023,0,1925599,3312587,7535158,7202055,-0.318892,unrelated
S137,S189,Aartz-2023,H10-2023,0,2190955,3107237,7535158,8104414,-0.257265,unrelated
S137,S190,Aartz-2023,H10-2023,0,1994928,3465136,7535158,7760518,-0.322663,unrelated
S137,S191,Aartz-2023,H10-2023,0,1882958,3494877,7535158,7306259,-0.344091,unrelated
S137,S206,Aartz-2023,H15-2023,0,2101135,3128502,7535158,7783850,-0.271288,unrelated
S137,S207,Aartz-2023,H15-2023,0,1978504,3409450,7535158,7707947,-0.317547,unrelated
S137,S208,Aartz-2023,H15-2023,0,1975453,3485920,7535158,7490866,-0.332516,unrelated
S137,S209,Aartz-2023,H15-2023,0,1991005,3397942,7535158,7723624,-0.314893,unrelated
S137,S210,Aartz-2023,H15-2023,0,2038189,3438749,7535158,7739257,-0.316825,unrelated
S137,S211,Aartz-2023,H15-2023,0,1995906,3359542,7535158,7405367,-0.316132,unrelated
S137,S212,Aartz-2023,H15-2023,0,818547,4559156,7535158,3113003,-0.779455,unrelated
S137,S219,Aartz-2023,H41-2023,0,2073550,3132247,7535158,7585961,-0.277158,unrelated
S137,S220,Aartz-2023,H41-2023,0,1921656,3338805,7535158,7179670,-0.323208,unrelated
S137,S221,Aartz-2023,H41-2023,0,43194,5685827,7535158,158911,-1.472363,unrelated
S137,S222,Aartz-2023,H41-2023,0,389668,5195237,7535158,1476333,-1.109784,unrelated
S137,S223,Aartz-2023,H41-2023,0,1035575,4242527,7535158,3926923,-0.649924,unrelated
S137,S224,Aartz-2023,H41-2023,0,2090953,3238284,7535158,7733862,-0.287223,unrelated
S137,S225,Aartz-2023,H41-2023,0,1977699,3344123,7535158,7293024,-0.317675,unrelated
S137,S250,Aartz-2023,H66-2023,0,1954491,3395460,7535158,7497400,-0.321730,unrelated
S137,S251,Aartz-2023,H66-2023,0,1893084,3505845,7535158,7298189,-0.345074,unrelated
S137,S252,Aartz-2023,H66-2023,0,2070521,3261793,7535158,7784671,-0.290673,unrelated
S137,S253,Aartz-2023,H66-2023,0,2039377,3301017,7535158,7828319,-0.296981,unrelated
S137,S254,Aartz-2023,H66-2023,0,2022634,3332026,7535158,7899268,-0.300719,unrelated
S137,S255,Aartz-2023,H66-2023,0,1609979,3762219,7535158,6261999,-0.428672,unrelated
S137,S256,Aartz-2023,H66-2023,0,1891066,3544180,7535158,7050507,-0.356329,unrelated
S137,S257,Aartz-2023,H66-2023,0,1959902,3427228,7535158,7226941,-0.331562,unrelated
S137,S258,Aartz-2023,H66-2023,0,1968221,3356185,7535158,7345804,-0.318807,unrelated
S137,S259,Aartz-2023,H66-2023,0,2048599,3258438,7535158,7685226,-0.293572,unrelated
S137,S260,Aartz-2023,H66-2023,0,2062961,3360602,7535158,7760564,-0.304545,unrelated
S137,S288,Aartz-2023,Du-2023,0,2097398,3194931,7535158,7781391,-0.280250,unrelated
S137,S289,Aartz-2023,Du-2023,0,2244129,3158396,7535158,8243626,-0.258110,unrelated
S137,S290,Aartz-2023,Du-2023,0,2205329,3119231,7535158,8328446,-0.254238,unrelated
S137,S291,Aartz-2023,Du-2023,0,2234913,3177242,7535158,8614604,-0.255086,unrelated
S137,S292,Aartz-2023,Du-2023,0,2431053,2967752,7535158,9175472,-0.209714,unrelated
S137,S293,Aartz-2023,Du-2023,0,2410727,2963573,7535158,9002064,-0.212637,unrelated
S137,S294,Aartz-2023,Du-2023,0,2169624,3264760,7535158,8280057,-0.275677,unrelated
S137,S312,Aartz-2023,OkrayGrosheks40-2023,0,2062132,3352420,7535158,7983456,-0.299170,unrelated
S137,S313,Aartz-2023,OkrayGrosheks40-2023,0,1949760,3430639,7535158,7465948,-0.327410,unrelated
S137,S314,Aartz-2023,OkrayGrosheks40-2023,0,1997976,3347671,7535158,7693326,-0.308459,unrelated
S137,S315,Aartz-2023,OkrayGrosheks40-2023,0,2095193,3290899,7535158,7911196,-0.290464,unrelated
S137,S316,Aartz-2023,OkrayGrosheks40-2023,0,2037989,3368884,7535158,7767507,-0.307122,unrelated
S137,S317,Aartz-2023,OkrayGrosheks40-2023,0,2166919,3165491,7535158,8428115,-0.260853,unrelated
S137,S318,Aartz-2023,OkrayGrosheks40-2023,0,1931250,3401272,7535158,7352916,-0.327194,unrelated
S137,S328,Aartz-2023,LaszSE-O14-2023,0,2039211,3427377,7535158,7746042,-0.315129,unrelated
S137,S329,Aartz-2023,LaszSE-O14-2023,0,2006366,3403887,7535158,7797235,-0.313155,unrelated
S137,S330,Aartz-2023,LaszSE-O14-2023,0,1963837,3423299,7535158,7462058,-0.325578,unrelated
S137,S331,Aartz-2023,LaszSE-O14-2023,0,1932545,3400806,7535158,7438819,-0.325169,unrelated
S137,S332,Aartz-2023,LaszSE-O14-2023,0,2181581,3217438,7535158,8314732,-0.268349,unrelated
S137,S370,Aartz-2023,BrikalskiPats-2023,0,1936288,3482577,7535158,7223088,-0.340750,unrelated
S137,S371,Aartz-2023,BrikalskiPats-2023,0,2054379,3354142,7535158,7850890,-0.302476,unrelated
S137,S372,Aartz-2023,BrikalskiPats-2023,0,2138677,3254184,7535158,7962119,-0.281965,unrelated
S137,S373,Aartz-2023,BrikalskiPats-2023,0,2006382,3391118,7535158,7688767,-0.313707,unrelated
S137,S374,Aartz-2023,BrikalskiPats-2023,0,1995415,3528455,7535158,7505467,-0.336522,unrelated
S137,S375,Aartz-2023,BrikalskiPats-2023,0,2023408,3416373,7535158,7610693,-0.317535,unrelated
S137,S376,Aartz-2023,BrikalskiPats-2023,0,1975125,3424020,7535158,7674386,-0.320385,unrelated
S137,S386,Aartz-2023,DaveBrilowski-2023,0,1970099,3524803,7535158,7581179,-0.336028,unrelated
S137,S387,Aartz-2023,DaveBrilowski-2023,0,1920515,3530301,7535158,7340180,-0.345544,unrelated
S137,S388,Aartz-2023,DaveBrilowski-2023,0,2025489,3416095,7535158,7711070,-0.315271,unrelated
S137,S389,Aartz-2023,DaveBrilowski-2023,0,1904262,3556657,7535158,7419012,-0.348334,unrelated
S137,S390,Aartz-2023,DaveBrilowski-2023,0,2041919,3313849,7535158,7664668,-0.301699,unrelated
S137,S391,Aartz-2023,DaveBrilowski-2023,0,2016581,3406767,7535158,7786721,-0.313079,unrelated
S137,S392,Aartz-2023,DaveBrilowski-2023,0,2025339,3417430,7535158,7941139,-0.310767,unrelated
S137,S418,Aartz-2023,Wysocki1129-2023,0,1998390,3391178,7535158,7606408,-0.315949,unrelated
S137,S419,Aartz-2023,Wysocki1129-2023,0,1933775,3467339,7535158,7110209,-0.341467,unrelated
S137,S420,Aartz-2023,Wysocki1129-2023,0,2066811,3311541,7535158,7733647,-0.298404,unrelated
S137,S421,Aartz-2023,Wysocki1129-2023,0,2115819,3241349,7535158,7799266,-0.284776,unrelated
S137,S422,Aartz-2023,Wysocki1129-2023,0,2055015,3510502,7535158,7735411,-0.325200,unrelated
S137,S423,Aartz-2023,Wysocki1129-2023,0,2090799,3239906,7535158,7838314,-0.285493,unrelated
S137,S424,Aartz-2023,Wysocki1129-2023,0,1962961,3454254,7535158,7581744,-0.327153,unrelated
S137,S442,Aartz-2023,Wedekind_3-2023,0,1652130,3828152,7535158,6337465,-0.432807,unrelated
S137,S443,Aartz-2023,Wedekind_3-2023,0,1918793,3469144,7535158,7460484,-0.334730,unrelated
S137,S444,Aartz-2023,Wedekind_3-2023,0,1926921,3551052,7535158,7291631,-0.349043,unrelated
S137,S445,Aartz-2023,Wedekind_3-2023,0,2008053,3479437,7535158,7860728,-0.321568,unrelated
S137,S446,Aartz-2023,Wedekind_3-2023,0,2011706,3392824,7535158,7648040,-0.314423,unrelated
S137,S447,Aartz-2023,Wedekind_3-2023,0,2043836,3392984,7535158,7678231,-0.311708,unrelated
S137,S448,Aartz-2023,Wedekind_3-2023,0,1918639,3511795,7535158,7296097,-0.344202,unrelated
S137,S474,Aartz-2023,Airport04-2023,0,2030060,3310372,7535158,7804708,-0.299265,unrelated
S137,S475,Aartz-2023,Airport04-2023,0,2150530,3200286,7535158,8082784,-0.272126,unrelated
S137,S476,Aartz-2023,Airport04-2023,0,2059508,3248859,7535158,7482884,-0.295525,unrelated
S137,S477,Aartz-2023,Airport04-2023,0,2037831,3276347,7535158,7485865,-0.300570,unrelated
S137,S478,Aartz-2023,Airport04-2023,0,2075608,3194958,7535158,7652969,-0.284058,unrelated
S137,S479,Aartz-2023,Airport04-2023,0,2006641,3363779,7535158,7412292,-0.315834,unrelated
S137,S480,Aartz-2023,Airport04-2023,0,1859086,3396210,7535158,6986357,-0.339726,unrelated
S145,S146,XMASBig-2023,XMASBig-2023,1,2133931,3467502,7857668,7511950,-0.312374,unrelated
S145,S147,XMASBig-2023,XMASBig-2023,1,2159234,3310381,7857668,7708191,-0.286623,unrelated
S145,S148,XMASBig-2023,XMASBig-2023,1,2148389,3338744,7857668,7944143,-0.286619,unrelated
S145,S149,XMASBig-2023,XMASBig-2023,1,2002450,3494184,7857668,7327686,-0.328337,unrelated
S145,S167,XMASBig-2023,GarrisonNE-2023,0,2145749,3504103,7857668,7689066,-0.312764,unrelated
S145,S168,XMASBig-2023,GarrisonNE-2023,0,2055915,3442564,7857668,7345950,-0.317636,unrelated
S145,S169,XMASBig-2023,GarrisonNE-2023,0,2036512,3453830,7857668,7604273,-0.315041,unrelated
S145,S170,XMASBig-2023,GarrisonNE-2023,0,2182301,3329284,7857668,7764576,-0.286532,unrelated
S145,S171,XMASBig-2023,GarrisonNE-2023,0,2088163,3442903,7857668,7653982,-0.309293,unrelated
S145,S172,XMASBig-2023,GarrisonNE-2023,0,1944782,3307121,7857668,7231927,-0.309449,unrelated
S145,S173,XMASBig-2023,GarrisonNE-2023,0,1935637,3339856,7857668,7337001,-0.312220,unrelated
S145,S185,XMASBig-2023,H10-2023,0,1997164,3299373,7857668,7318923,-0.303203,unrelated
S145,S186,XMASBig-2023,H10-2023,0,2072851,3414974,7857668,7677072,-0.306223,unrelated
S145,S187,XMASBig-2023,H10-2023,0,2080091,3367337,7857668,7514517,-0.302793,unrelated
S145,S188,XMASBig-2023,H10-2023,0,1993394,3497887,7857668,7202055,-0.332169,unrelated
S145,S189,XMASBig-2023,H10-2023,0,2250010,3114518,7857668,8104414,-0.249280,unrelated
S145,S190,XMASBig-2023,H10-2023,0,2163179,3375587,7857668,7760518,-0.293760,unrelated
S145,S191,XMASBig-2023,H10-2023,0,2016274,3535216,7857668,7306259,-0.333301,unrelated
S145,S206,XMASBig-2023,H15-2023,0,2148357,3137107,7857668,7783850,-0.263776,unrelated
S145,S207,XMASBig-2023,H15-2023,0,2184530,3390543,7857668,7707947,-0.295302,unrelated
S145,S208,XMASBig-2023,H15-2023,0,2075887,3462298,7857668,7490866,-0.315907,unrelated
S145,S209,XMASBig-2023,H15-2023,0,2175355,3341145,7857668,7723624,-0.289253,unrelated
S145,S210,XMASBig-2023,H15-2023,0,2188713,3389928,7857668,7739257,-0.294362,unrelated
S145,S211,XMASBig-2023,H15-2023,0,2027553,3553220,7857668,7405367,-0.332757,unrelated
S145,S212,XMASBig-2023,H15-2023,0,808446,4674237,7857668,3113003,-0.778442,unrelated
S145,S219,XMASBig-2023,H41-2023,0,2016257,3294713,7857668,7585961,-0.296120,unrelated
S145,S220,XMASBig-2023,H41-2023,0,1891813,3431680,7857668,7179670,-0.330614,unrelated
S145,S221,XMASBig-2023,H41-2023,0,42325,5802100,7857668,158911,-1.442246,unrelated
S145,S222,XMASBig-2023,H41-2023,0,386139,5306411,7857668,1476333,-1.095638,unrelated
S145,S223,XMASBig-2023,H41-2023,0,1018179,4364960,7857668,3926923,-0.654392,unrelated
S145,S224,XMASBig-2023,H41-2023,0,2081500,3305014,7857668,7733862,-0.290448,unrelated
S145,S225,XMASBig-2023,H41-2023,0,2042541,3465461,7857668,7293024,-0.322651,unrelated
S145,S250,XMASBig-2023,H66-2023,0,2079612,3449664,7857668,7497400,-0.313884,unrelated
S145,S251,XMASBig-2023,H66-2023,0,2047062,3517940,7857668,7298189,-0.329168,unrelated
S145,S252,XMASBig-2023,H66-2023,0,2140194,3279929,7857668,7784671,-0.282545,unrelated
S145,S253,XMASBig-2023,H66-2023,0,2174757,3397428,7857668,7828319,-0.294537,unrelated
S145,S254,XMASBig-2023,H66-2023,0,2195540,3376604,7857668,7899268,-0.289248,unrelated
S145,S255,XMASBig-2023,H66-2023,0,1647338,3716762,7857668,6261999,-0.409796,unrelated
S145,S256,XMASBig-2023,H66-2023,0,1964968,3545437,7857668,7050507,-0.343832,unrelated
S145,S257,XMASBig-2023,H66-2023,0,1967751,3502155,7857668,7226941,-0.333887,unrelated
S145,S258,XMASBig-2023,H66-2023,0,2041978,3416358,7857668,7345804,-0.315108,unrelated
S145,S259,XMASBig-2023,H66-2023,0,2096956,3388087,7857668,7685226,-0.301052,unrelated
S145,S260,XMASBig-2023,H66-2023,0,2184430,3285612,7857668,7760564,-0.280876,unrelated
S145,S288,XMASBig-2023,Du-2023,0,2108048,3243457,7857668,7781391,-0.279995,unrelated
S145,S289,XMASBig-2023,Du-2023,0,2233213,3241761,7857668,8243626,-0.263973,unrelated
S145,S290,XMASBig-2023,Du-2023,0,2264280,3193235,7857668,8328446,-0.254674,unrelated
S145,S291,XMASBig-2023,Du-2023,0,2425983,3121947,7857668,8614604,-0.231778,unrelated
S145,S292,XMASBig-2023,Du-2023,0,2481067,2927203,7857668,9175472,-0.198046,unrelated
S145,S293,XMASBig-2023,Du-2023,0,2432881,3024221,7857668,9002064,-0.214449,unrelated
S145,S294,XMASBig-2023,Du-2023,0,2388183,3239394,7857668,8280057,-0.253481,unrelated
S145,S312,XMASBig-2023,OkrayGrosheks40-2023,0,2254714,3347464,7857668,7983456,-0.280297,unrelated
S145,S313,XMASBig-2023,OkrayGrosheks40-2023,0,2083542,3393058,7857668,7465948,-0.306884,unrelated
S145,S314,XMASBig-2023,OkrayGrosheks40-2023,0,2117980,3453501,7857668,7693326,-0.307956,unrelated
S145,S315,XMASBig-2023,OkrayGrosheks40-2023,0,2143964,3326658,7857668,7911196,-0.285966,unrelated
S145,S316,XMASBig-2023,OkrayGrosheks40-2023,0,2090484,3444804,7857668,7767507,-0.307140,unrelated
S145,S317,XMASBig-2023,OkrayGrosheks40-2023,0,2319364,3191083,7857668,8428115,-0.249469,unrelated
S145,S318,XMASBig-2023,OkrayGrosheks40-2023,0,2053005,3384417,7857668,7352916,-0.310036,unrelated
S145,S328,XMASBig-2023,LaszSE-O14-2023,0,2137802,3382670,7857668,7746042,-0.296567,unrelated
S145,S329,XMASBig-2023,LaszSE-O14-2023,0,2207469,3385498,7857668,7797235,-0.291508,unrelated
S145,S330,XMASBig-2023,LaszSE-O14-2023,0,2140665,3480019,7857668,7462058,-0.314586,unrelated
S145,S331,XMASBig-2023,LaszSE-O14-2023,0,2020946,3500599,7857668,7438819,-0.325581,unrelated
S145,S332,XMASBig-2023,LaszSE-O14-2023,0,2294628,3199366,7857668,8314732,-0.253772,unrelated
S145,S370,XMASBig-2023,BrikalskiPats-2023,0,2001965,3448832,7857668,7223088,-0.324632,unrelated
S145,S371,XMASBig-2023,BrikalskiPats-2023,0,2203335,3347055,7857668,7850890,-0.285881,unrelated
S145,S372,XMASBig-2023,BrikalskiPats-2023,0,2159317,3323211,7857668,7962119,-0.283639,unrelated
S145,S373,XMASBig-2023,BrikalskiPats-2023,0,2122708,3388829,7857668,7688767,-0.299422,unrelated
S145,S374,XMASBig-2023,BrikalskiPats-2023,0,2070135,3484267,7857668,7505467,-0.318841,unrelated
S145,S375,XMASBig-2023,BrikalskiPats-2023,0,2076673,3523884,7857668,7610693,-0.321372,unrelated
S145,S376,XMASBig-2023,BrikalskiPats-2023,0,2196271,3554339,7857668,7674386,-0.316275,unrelated
S145,S386,XMASBig-2023,DaveBrilowski-2023,0,2061572,3512576,7857668,7581179,-0.321499,unrelated
S145,S387,XMASBig-2023,DaveBrilowski-2023,0,2012262,3489115,7857668,7340180,-0.326755,unrelated
S145,S388,XMASBig-2023,DaveBrilowski-2023,0,2064646,3403731,7857668,7711070,-0.304637,unrelated
S145,S389,XMASBig-2023,DaveBrilowski-2023,0,2028338,3556316,7857668,7419012,-0.332814,unrelated
S145,S390,XMASBig-2023,DaveBrilowski-2023,0,2122447,3381042,7857668,7664668,-0.298901,unrelated
S145,S391,XMASBig-2023,DaveBrilowski-2023,0,2159705,3445816,7857668,7786721,-0.302468,unrelated
S145,S392,XMASBig-2023,DaveBrilowski-2023,0,2246027,3310837,7857668,7941139,-0.276961,unrelated
S145,S418,XMASBig-2023,Wysocki1129-2023,0,2094456,3380821,7857668,7606408,-0.301808,unrelated
S145,S419,XMASBig-2023,Wysocki1129-2023,0,1969421,3415019,7857668,7110209,-0.324737,unrelated
S145,S420,XMASBig-2023,Wysocki1129-2023,0,2102116,3317905,7857668,7733647,-0.290783,unrelated
S145,S421,XMASBig-2023,Wysocki1129-2023,0,2139016,3336649,7857668,7799266,-0.289602,unrelated
S145,S422,XMASBig-2023,Wysocki1129-2023,0,2157594,3424000,7857668,7735411,-0.300801,unrelated
S145,S423,XMASBig-2023,Wysocki1129-2023,0,2155221,3330279,7857668,7838314,-0.287038,unrelated
S145,S424,XMASBig-2023,Wysocki1129-2023,0,2147569,3431345,7857668,7581744,-0.305395,unrelated
S145,S442,XMASBig-2023,Wedekind_3-2023,0,1714004,3818548,7857668,6337465,-0.417262,unrelated
S145,S443,XMASBig-2023,Wedekind_3-2023,0,2045717,3411765,7857668,7460484,-0.311905,unrelated
S145,S444,XMASBig-2023,Wedekind_3-2023,0,2000801,3504168,7857668,7291631,-0.330546,unrelated
S145,S445,XMASBig-2023,Wedekind_3-2023,0,2216289,3448045,7857668,7860728,-0.297728,unrelated
S145,S446,XMASBig-2023,Wedekind_3-2023,0,2209332,3301899,7857668,7648040,-0.283410,unrelated
S145,S447,XMASBig-2023,Wedekind_3-2023,0,2108419,3372526,7857668,7678231,-0.298446,unrelated
S145,S448,XMASBig-2023,Wedekind_3-2023,0,2008911,3497915,7857668,7296097,-0.329088,unrelated
S145,S474,XMASBig-2023,Airport04-2023,0,2176827,3281354,7857668,7804708,-0.280027,unrelated
S145,S475,XMASBig-2023,Airport04-2023,0,2234608,3198264,7857668,8082784,-0.261092,unrelated
S145,S476,XMASBig-2023,Airport04-2023,0,2034427,3280923,7857668,7482884,-0.295128,unrelated
S145,S477,XMASBig-2023,Airport04-2023,0,2086219,3282877,7857668,7485865,-0.291949,unrelated
S145,S478,XMASBig-2023,Airport04-2023,0,2123815,3223930,7857668,7652969,-0.278779,unrelated
S145,S479,XMASBig-2023,Airport04-2023,0,2042898,3411821,7857668,7412292,-0.313082,unrelated
S145,S480,XMASBig-2023,Airport04-2023,0,1988516,3457148,7857668,6986357,-0.331836,unrelated
S146,S147,XMASBig-2023,XMASBig-2023,1,2020988,3408591,7511950,7708191,-0.315122,unrelated
S146,S148,XMASBig-2023,XMASBig-2023,1,2135639,3415922,7511950,7944143,-0.303842,unrelated
S146,S149,XMASBig-2023,XMASBig-2023,1,1968089,3530806,7511950,7327686,-0.343238,unrelated
S146,S167,XMASBig-2023,GarrisonNE-2023,0,2083499,3653786,7511950,7689066,-0.343666,unrelated
S146,S168,XMASBig-2023,GarrisonNE-2023,0,1946667,3632720,7511950,7345950,-0.357976,unrelated
S146,S169,XMASBig-2023,GarrisonNE-2023,0,2048719,3519113,7511950,7604273,-0.330076,unrelated
S146,S170,XMASBig-2023,GarrisonNE-2023,0,2066758,3461045,7511950,7764576,-0.317830,unrelated
S146,S171,XMASBig-2023,GarrisonNE-2023,0,2010020,3508315,7511950,7653982,-0.330122,unrelated
S146,S172,XMASBig-2023,GarrisonNE-2023,0,1903849,3475586,7511950,7231927,-0.342333,unrelated
S146,S173,XMASBig-2023,GarrisonNE-2023,0,1891772,3399067,7511950,7337001,-0.330418,unrelated
S146,S185,XMASBig-2023,H10-2023,0,1900022,3485679,7511950,7318923,-0.341945,unrelated
S146,S186,XMASBig-2023,H10-2023,0,1971686,3481303,7511950,7677072,-0.328587,unrelated
S146,S187,XMASBig-2023,H10-2023,0,1985639,3374503,7511950,7514517,-0.316998,unrelated
S146,S188,XMASBig-2023,H10-2023,0,1909020,3501801,7511950,7202055,-0.346240,unrelated
S146,S189,XMASBig-2023,H10-2023,0,2130890,3204292,7511950,8104414,-0.273924,unrelated
S146,S190,XMASBig-2023,H10-2023,0,2072478,3543856,7511950,7760518,-0.328384,unrelated
S146,S191,XMASBig-2023,H10-2023,0,1955589,3650217,7511950,7306259,-0.360694,unrelated
S146,S206,XMASBig-2023,H15-2023,0,2002549,3324857,7511950,7783850,-0.303820,unrelated
S146,S207,XMASBig-2023,H15-2023,0,2106706,3501229,7511950,7707947,-0.321668,unrelated
S146,S208,XMASBig-2023,H15-2023,0,1922143,3510334,7511950,7490866,-0.339838,unrelated
S146,S209,XMASBig-2023,H15-2023,0,2112132,3414451,7511950,7723624,-0.309589,unrelated
S146,S210,XMASBig-2023,H15-2023,0,1991657,3509552,7511950,7739257,-0.329643,unrelated
S146,S211,XMASBig-2023,H15-2023,0,1945826,3457432,7511950,7405367,-0.333105,unrelated
S146,S212,XMASBig-2023,H15-2023,0,768987,4836107,7511950,3113003,-0.837954,unrelated
S146,S219,XMASBig-2023,H41-2023,0,1992750,3266793,7511950,7585961,-0.300759,unrelated
S146,S220,XMASBig-2023,H41-2023,0,1885321,3533773,7511950,7179670,-0.352733,unrelated
S146,S221,XMASBig-2023,H41-2023,0,39695,5989452,7511950,158911,-1.556437,unrelated
S146,S222,XMASBig-2023,H41-2023,0,366041,5474298,7511950,1476333,-1.177372,unrelated
S146,S223,XMASBig-2023,H41-2023,0,969581,4502110,7511950,3926923,-0.702398,unrelated
S146,S224,XMASBig-2023,H41-2023,0,2041804,3356593,7511950,7733862,-0.306404,unrelated
S146,S225,XMASBig-2023,H41-2023,0,1961420,3581280,7511950,7293024,-0.351310,unrelated
S146,S250,XMASBig-2023,H66-2023,0,2008695,3477880,7511950,7497400,-0.329599,unrelated
S146,S251,XMASBig-2023,H66-2023,0,1988085,3534558,7511950,7298189,-0.343078,unrelated
S146,S252,XMASBig-2023,H66-2023,0,2070777,3354340,7511950,7784671,-0.303198,unrelated
S146,S253,XMASBig-2023,H66-2023,0,2115165,3432131,7511950,7828319,-0.309584,unrelated
S146,S254,XMASBig-2023,H66-2023,0,2095855,3472536,7511950,7899268,-0.314655,unrelated
S146,S255,XMASBig-2023,H66-2023,0,1585782,3794504,7511950,6261999,-0.435839,unrelated
S146,S256,XMASBig-2023,H66-2023,0,1867947,3723431,7511950,7050507,-0.383103,unrelated
S146,S257,XMASBig-2023,H66-2023,0,1892301,3671769,7511950,7226941,-0.369854,unrelated
S146,S258,XMASBig-2023,H66-2023,0,1905515,3610310,7511950,7345804,-0.357733,unrelated
S146,S259,XMASBig-2023,H66-2023,0,1997213,3485180,7511950,7685226,-0.327242,unrelated
S146,S260,XMASBig-2023,H66-2023,0,2025615,3493019,7511950,7760564,-0.324794,unrelated
S146,S288,XMASBig-2023,Du-2023,0,2037400,3374053,7511950,7781391,-0.308023,unrelated
S146,S289,XMASBig-2023,Du-2023,0,2215261,3298165,7511950,8243626,-0.278065,unrelated
S146,S290,XMASBig-2023,Du-2023,0,2125173,3364868,7511950,8328446,-0.290685,unrelated
S146,S291,XMASBig-2023,Du-2023,0,2347488,3267294,7511950,8614604,-0.259640,unrelated
S146,S292,XMASBig-2023,Du-2023,0,2410625,3103025,7511950,9175472,-0.227442,unrelated
S146,S293,XMASBig-2023,Du-2023,0,2317389,3227542,7511950,9002064,-0.250557,unrelated
S146,S294,XMASBig-2023,Du-2023,0,2240864,3205580,7511950,8280057,-0.264076,unrelated
S146,S312,XMASBig-2023,OkrayGrosheks40-2023,0,2157288,3432664,7511950,7983456,-0.303835,unrelated
S146,S313,XMASBig-2023,OkrayGrosheks40-2023,0,1967749,3614537,7511950,7465948,-0.351273,unrelated
S146,S314,XMASBig-2023,OkrayGrosheks40-2023,0,2087712,3563490,7511950,7693326,-0.331416,unrelated
S146,S315,XMASBig-2023,OkrayGrosheks40-2023,0,2099136,3382752,7511950,7911196,-0.302556,unrelated
S146,S316,XMASBig-2023,OkrayGrosheks40-2023,0,2032992,3545999,7511950,7767507,-0.331099,unrelated
S146,S317,XMASBig-2023,OkrayGrosheks40-2023,0,2186239,3310255,7511950,8428115,-0.278184,unrelated
S146,S318,XMASBig-2023,OkrayGrosheks40-2023,0,1948613,3609384,7511950,7352916,-0.354538,unrelated
S146,S328,XMASBig-2023,LaszSE-O14-2023,0,2063426,3582388,7511950,7746042,-0.334340,unrelated
S146,S329,XMASBig-2023,LaszSE-O14-2023,0,2081913,3554973,7511950,7797235,-0.328432,unrelated
S146,S330,XMASBig-2023,LaszSE-O14-2023,0,2016250,3580921,7511950,7462058,-0.343635,unrelated
S146,S331,XMASBig-2023,LaszSE-O14-2023,0,2029939,3406526,7511950,7438819,-0.319924,unrelated
S146,S332,XMASBig-2023,LaszSE-O14-2023,0,2205870,3341236,7511950,8314732,-0.282852,unrelated
S146,S370,XMASBig-2023,BrikalskiPats-2023,0,1895385,3689501,7511950,7223088,-0.372148,unrelated
S146,S371,XMASBig-2023,BrikalskiPats-2023,0,2068183,3539830,7511950,7850890,-0.326208,unrelated
S146,S372,XMASBig-2023,BrikalskiPats-2023,0,2069836,3411500,7511950,7962119,-0.307170,unrelated
S146,S373,XMASBig-2023,BrikalskiPats-2023,0,2130129,3513822,7511950,7688767,-0.322190,unrelated
S146,S374,XMASBig-2023,BrikalskiPats-2023,0,1979799,3525395,7511950,7505467,-0.337674,unrelated
S146,S375,XMASBig-2023,BrikalskiPats-2023,0,1953765,3483511,7511950,7610693,-0.331507,unrelated
S146,S376,XMASBig-2023,BrikalskiPats-2023,0,2065272,3401474,7511950,7674386,-0.311970,unrelated
S146,S386,XMASBig-2023,DaveBrilowski-2023,0,1989405,3550397,7511950,7581179,-0.338657,unrelated
S146,S387,XMASBig-2023,DaveBrilowski-2023,0,1970080,3641550,7511950,7340180,-0.357728,unrelated
S146,S388,XMASBig-2023,DaveBrilowski-2023,0,2029776,3534922,7511950,7711070,-0.331082,unrelated
S146,S389,XMASBig-2023,DaveBrilowski-2023,0,2015184,3579032,7511950,7419012,-0.344444,unrelated
S146,S390,XMASBig-2023,DaveBrilowski-2023,0,1967246,3463958,7511950,7664668,-0.326863,unrelated
S146,S391,XMASBig-2023,DaveBrilowski-2023,0,2076964,3467640,7511950,7786721,-0.317565,unrelated
S146,S392,XMASBig-2023,DaveBrilowski-2023,0,2126079,3537347,7511950,7941139,-0.320235,unrelated
S146,S418,XMASBig-2023,Wysocki1129-2023,0,2016377,3573777,7511950,7606408,-0.339400,unrelated
S146,S419,XMASBig-2023,Wysocki1129-2023,0,1857307,3548773,7511950,7110209,-0.358377,unrelated
S146,S420,XMASBig-2023,Wysocki1129-2023,0,2052392,3339914,7511950,7733647,-0.303526,unrelated
S146,S421,XMASBig-2023,Wysocki1129-2023,0,1989683,3453707,7511950,7799266,-0.321185,unrelated
S146,S422,XMASBig-2023,Wysocki1129-2023,0,2046959,3549339,7511950,7735411,-0.331318,unrelated
S146,S423,XMASBig-2023,Wysocki1129-2023,0,2044514,3439675,7511950,7838314,-0.314968,unrelated
S146,S424,XMASBig-2023,Wysocki1129-2023,0,2030682,3631340,7511950,7581744,-0.346635,unrelated
S146,S442,XMASBig-2023,Wedekind_3-2023,0,1626720,3883277,7511950,6337465,-0.443328,unrelated
S146,S443,XMASBig-2023,Wedekind_3-2023,0,1962766,3568554,7511950,7460484,-0.345591,unrelated
S146,S444,XMASBig-2023,Wedekind_3-2023,0,1935335,3526850,7511950,7291631,-0.345752,unrelated
S146,S445,XMASBig-2023,Wedekind_3-2023,0,2091534,3483528,7511950,7860728,-0.317155,unrelated
S146,S446,XMASBig-2023,Wedekind_3-2023,0,2033210,3566750,7511950,7648040,-0.336431,unrelated
S146,S447,XMASBig-2023,Wedekind_3-2023,0,2037836,3536465,7511950,7678231,-0.331470,unrelated
S146,S448,XMASBig-2023,Wedekind_3-2023,0,1933810,3627642,7511950,7296097,-0.359364,unrelated
S146,S474,XMASBig-2023,Airport04-2023,0,2089214,3371273,7511950,7804708,-0.303809,unrelated
S146,S475,XMASBig-2023,Airport04-2023,0,2101104,3348817,7511950,8082784,-0.294749,unrelated
S146,S476,XMASBig-2023,Airport04-2023,0,1916652,3491776,7511950,7482884,-0.337910,unrelated
S146,S477,XMASBig-2023,Airport04-2023,0,1952243,3395013,7511950,7485865,-0.322566,unrelated
S146,S478,XMASBig-2023,Airport04-2023,0,1992906,3377591,7511950,7652969,-0.314032,unrelated
S146,S479,XMASBig-2023,Airport04-2023,0,1911945,3398597,7511950,7412292,-0.327336,unrelated
S146,S480,XMASBig-2023,Airport04-2023,0,1878990,3558218,7511950,6986357,-0.361245,unrelated
S147,S148,XMASBig-2023,XMASBig-2023,1,2148573,3332794,7708191,7944143,-0.288584,unrelated
S147,S149,XMASBig-2023,XMASBig-2023,1,1999284,3451072,7708191,7327686,-0.326077,unrelated
S147,S167,XMASBig-2023,GarrisonNE-2023,0,2009215,3515855,7708191,7689066,-0.326194,unrelated
S147,S168,XMASBig-2023,GarrisonNE-2023,0,2049158,3453636,7708191,7345950,-0.322709,unrelated
S147,S169,XMASBig-2023,GarrisonNE-2023,0,2075206,3440929,7708191,7604273,-0.313905,unrelated
S147,S170,XMASBig-2023,GarrisonNE-2023,0,2104793,3317815,7708191,7764576,-0.292827,unrelated
S147,S171,XMASBig-2023,GarrisonNE-2023,0,2076324,3435912,7708191,7653982,-0.312163,unrelated
S147,S172,XMASBig-2023,GarrisonNE-2023,0,1945568,3309474,7708191,7231927,-0.312807,unrelated
S147,S173,XMASBig-2023,GarrisonNE-2023,0,1942827,3329632,7708191,7337001,-0.313485,unrelated
S147,S185,XMASBig-2023,H10-2023,0,1992373,3342859,7708191,7318923,-0.312325,unrelated
S147,S186,XMASBig-2023,H10-2023,0,2069596,3431413,7708191,7677072,-0.311547,unrelated
S147,S187,XMASBig-2023,H10-2023,0,2072853,3331770,7708191,7514517,-0.301568,unrelated
S147,S188,XMASBig-2023,H10-2023,0,1921540,3458946,7708191,7202055,-0.335095,unrelated
S147,S189,XMASBig-2023,H10-2023,0,2200787,3168545,7708191,8104414,-0.261583,unrelated
S147,S190,XMASBig-2023,H10-2023,0,2088225,3404093,7708191,7760518,-0.305130,unrelated
S147,S191,XMASBig-2023,H10-2023,0,2000482,3499494,7708191,7306259,-0.332913,unrelated
S147,S206,XMASBig-2023,H15-2023,0,2110190,3150357,7708191,7783850,-0.270495,unrelated
S147,S207,XMASBig-2023,H15-2023,0,2031733,3483517,7708191,7707947,-0.320139,unrelated
S147,S208,XMASBig-2023,H15-2023,0,2054590,3441051,7708191,7490866,-0.317619,unrelated
S147,S209,XMASBig-2023,H15-2023,0,2086365,3370686,7708191,7723624,-0.301650,unrelated
S147,S210,XMASBig-2023,H15-2023,0,2097956,3448741,7708191,7739257,-0.310700,unrelated
S147,S211,XMASBig-2023,H15-2023,0,2068744,3420375,7708191,7405367,-0.315743,unrelated
S147,S212,XMASBig-2023,H15-2023,0,812289,4636999,7708191,3113003,-0.781957,unrelated
S147,S219,XMASBig-2023,H41-2023,0,2023388,3208341,7708191,7585961,-0.287253,unrelated
S147,S220,XMASBig-2023,H41-2023,0,1892964,3375518,7708191,7179670,-0.326311,unrelated
S147,S221,XMASBig-2023,H41-2023,0,41816,5775612,7708191,158911,-1.462979,unrelated
S147,S222,XMASBig-2023,H41-2023,0,382529,5283832,7708191,1476333,-1.108945,unrelated
S147,S223,XMASBig-2023,H41-2023,0,1026291,4331385,7708191,3926923,-0.656330,unrelated
S147,S224,XMASBig-2023,H41-2023,0,2186864,3218840,7708191,7733862,-0.275275,unrelated
S147,S225,XMASBig-2023,H41-2023,0,1945973,3528900,7708191,7293024,-0.340761,unrelated
S147,S250,XMASBig-2023,H66-2023,0,2053014,3389038,7708191,7497400,-0.310745,unrelated
S147,S251,XMASBig-2023,H66-2023,0,1938674,3491119,7708191,7298189,-0.336095,unrelated
S147,S252,XMASBig-2023,H66-2023,0,2116728,3244181,7708191,7784671,-0.282171,unrelated
S147,S253,XMASBig-2023,H66-2023,0,2098247,3314688,7708191,7828319,-0.291644,unrelated
S147,S254,XMASBig-2023,H66-2023,0,2127646,3376475,7708191,7899268,-0.296352,unrelated
S147,S255,XMASBig-2023,H66-2023,0,1634351,3802211,7708191,6261999,-0.427344,unrelated
S147,S256,XMASBig-2023,H66-2023,0,1943562,3534499,7708191,7050507,-0.347282,unrelated
S147,S257,XMASBig-2023,H66-2023,0,1962644,3524672,7708191,7226941,-0.340586,unrelated
S147,S258,XMASBig-2023,H66-2023,0,1995954,3397240,7708191,7345804,-0.318754,unrelated
S147,S259,XMASBig-2023,H66-2023,0,2137355,3334874,7708191,7685226,-0.294437,unrelated
S147,S260,XMASBig-2023,H66-2023,0,2147076,3317434,7708191,7760564,-0.290120,unrelated
S147,S288,XMASBig-2023,Du-2023,0,2124038,3243497,7708191,7781391,-0.281670,unrelated
S147,S289,XMASBig-2023,Du-2023,0,2212576,3238271,7708191,8243626,-0.267303,unrelated
S147,S290,XMASBig-2023,Du-2023,0,2277968,3167032,7708191,8328446,-0.252927,unrelated
S147,S291,XMASBig-2023,Du-2023,0,2293956,3160145,7708191,8614604,-0.246669,unrelated
S147,S292,XMASBig-2023,Du-2023,0,2534246,2941798,7708191,9175472,-0.198378,unrelated
S147,S293,XMASBig-2023,Du-2023,0,2460048,2976323,7708191,9002064,-0.209009,unrelated
S147,S294,XMASBig-2023,Du-2023,0,2214535,3267620,7708191,8280057,-0.270243,unrelated
S147,S312,XMASBig-2023,OkrayGrosheks40-2023,0,2135841,3341164,7708191,7983456,-0.289739,unrelated
S147,S313,XMASBig-2023,OkrayGrosheks40-2023,0,2030373,3407649,7708191,7465948,-0.315334,unrelated
S147,S314,XMASBig-2023,OkrayGrosheks40-2023,0,2077870,3399988,7708191,7693326,-0.306600,unrelated
S147,S315,XMASBig-2023,OkrayGrosheks40-2023,0,2169235,3276346,7708191,7911196,-0.280642,unrelated
S147,S316,XMASBig-2023,OkrayGrosheks40-2023,0,2112304,3329272,7708191,7767507,-0.293766,unrelated
S147,S317,XMASBig-2023,OkrayGrosheks40-2023,0,2211600,3185266,7708191,8428115,-0.257738,unrelated
S147,S318,XMASBig-2023,OkrayGrosheks40-2023,0,2016774,3451673,7708191,7352916,-0.324450,unrelated
S147,S328,XMASBig-2023,LaszSE-O14-2023,0,2073217,3446797,7708191,7746042,-0.311913,unrelated
S147,S329,XMASBig-2023,LaszSE-O14-2023,0,2084417,3412782,7708191,7797235,-0.305773,unrelated
S147,S330,XMASBig-2023,LaszSE-O14-2023,0,2027505,3439704,7708191,7462058,-0.319830,unrelated
S147,S331,XMASBig-2023,LaszSE-O14-2023,0,2019357,3406477,7708191,7438819,-0.316472,unrelated
S147,S332,XMASBig-2023,LaszSE-O14-2023,0,2307275,3126898,7708191,8314732,-0.246305,unrelated
S147,S370,XMASBig-2023,BrikalskiPats-2023,0,1987747,3515711,7708191,7223088,-0.337793,unrelated
S147,S371,XMASBig-2023,BrikalskiPats-2023,0,2073466,3418240,7708191,7850890,-0.306124,unrelated
S147,S372,XMASBig-2023,BrikalskiPats-2023,0,2181186,3305339,7708191,7962119,-0.282668,unrelated
S147,S373,XMASBig-2023,BrikalskiPats-2023,0,2037603,3422415,7708191,7688767,-0.312219,unrelated
S147,S374,XMASBig-2023,BrikalskiPats-2023,0,2064808,3498103,7708191,7505467,-0.324143,unrelated
S147,S375,XMASBig-2023,BrikalskiPats-2023,0,2100357,3434600,7708191,7610693,-0.311305,unrelated
S147,S376,XMASBig-2023,BrikalskiPats-2023,0,2055302,3529798,7708191,7674386,-0.325322,unrelated
S147,S386,XMASBig-2023,DaveBrilowski-2023,0,2037528,3498606,7708191,7581179,-0.324388,unrelated
S147,S387,XMASBig-2023,DaveBrilowski-2023,0,1995198,3466147,7708191,7340180,-0.328082,unrelated
S147,S388,XMASBig-2023,DaveBrilowski-2023,0,2107977,3373621,7708191,7711070,-0.300875,unrelated
S147,S389,XMASBig-2023,DaveBrilowski-2023,0,2038064,3500106,7708191,7419012,-0.328028,unrelated
S147,S390,XMASBig-2023,DaveBrilowski-2023,0,2131182,3317226,7708191,7664668,-0.292936,unrelated
S147,S391,XMASBig-2023,DaveBrilowski-2023,0,2082662,3469480,7708191,7786721,-0.313412,unrelated
S147,S392,XMASBig-2023,DaveBrilowski-2023,0,2147458,3393688,7708191,7941139,-0.296493,unrelated
S147,S418,XMASBig-2023,Wysocki1129-2023,0,2094885,3373510,7708191,7606408,-0.303771,unrelated
S147,S419,XMASBig-2023,Wysocki1129-2023,0,1974268,3387036,7708191,7110209,-0.323908,unrelated
S147,S420,XMASBig-2023,Wysocki1129-2023,0,2113803,3318888,7708191,7733647,-0.292969,unrelated
S147,S421,XMASBig-2023,Wysocki1129-2023,0,2084513,3349774,7708191,7799266,-0.297601,unrelated
S147,S422,XMASBig-2023,Wysocki1129-2023,0,2096609,3607825,7708191,7735411,-0.331467,unrelated
S147,S423,XMASBig-2023,Wysocki1129-2023,0,2155837,3239945,7708191,7838314,-0.278137,unrelated
S147,S424,XMASBig-2023,Wysocki1129-2023,0,2071858,3386798,7708191,7581744,-0.307505,unrelated
S147,S442,XMASBig-2023,Wedekind_3-2023,0,1697503,3847217,7708191,6337465,-0.426960,unrelated
S147,S443,XMASBig-2023,Wedekind_3-2023,0,2020094,3418593,7708191,7460484,-0.317568,unrelated
S147,S444,XMASBig-2023,Wedekind_3-2023,0,2003901,3518280,7708191,7291631,-0.335515,unrelated
S147,S445,XMASBig-2023,Wedekind_3-2023,0,2134707,3420000,7708191,7860728,-0.302223,unrelated
S147,S446,XMASBig-2023,Wedekind_3-2023,0,2029029,3429841,7708191,7648040,-0.314573,unrelated
S147,S447,XMASBig-2023,Wedekind_3-2023,0,2105609,3381983,7708191,7678231,-0.302758,unrelated
S147,S448,XMASBig-2023,Wedekind_3-2023,0,1986399,3480671,7708191,7296097,-0.331568,unrelated
S147,S474,XMASBig-2023,Airport04-2023,0,2098941,3275690,7708191,7804708,-0.287015,unrelated
S147,S475,XMASBig-2023,Airport04-2023,0,2211294,3202743,7708191,8082784,-0.265607,unrelated
S147,S476,XMASBig-2023,Airport04-2023,0,2041173,3348397,7708191,7482884,-0.306471,unrelated
S147,S477,XMASBig-2023,Airport04-2023,0,2062913,3246647,7708191,7485865,-0.291586,unrelated
S147,S478,XMASBig-2023,Airport04-2023,0,2106500,3283192,7708191,7652969,-0.290335,unrelated
S147,S479,XMASBig-2023,Airport04-2023,0,2057913,3379892,7708191,7412292,-0.310960,unrelated
S147,S480,XMASBig-2023,Airport04-2023,0,1879545,3461206,7708191,6986357,-0.343179,unrelated
S148,S149,XMASBig-2023,XMASBig-2023,1,2156567,3411326,7944143,7327686,-0.305535,unrelated
S148,S167,XMASBig-2023,GarrisonNE-2023,0,2152085,3506845,7944143,7689066,-0.310979,unrelated
S148,S168,XMASBig-2023,GarrisonNE-2023,0,2132852,3455948,7944143,7345950,-0.312558,unrelated
S148,S169,XMASBig-2023,GarrisonNE-2023,0,2158309,3440880,7944143,7604273,-0.303790,unrelated
S148,S170,XMASBig-2023,GarrisonNE-2023,0,2117625,3403773,7944143,7764576,-0.298555,unrelated
S148,S171,XMASBig-2023,GarrisonNE-2023,0,2237151,3412603,7944143,7653982,-0.294141,unrelated
S148,S172,XMASBig-2023,GarrisonNE-2023,0,2035374,3359915,7944143,7231927,-0.308674,unrelated
S148,S173,XMASBig-2023,GarrisonNE-2023,0,2024424,3226548,7944143,7337001,-0.289813,unrelated
S148,S185,XMASBig-2023,H10-2023,0,2050267,3263860,7944143,7318923,-0.293352,unrelated
S148,S186,XMASBig-2023,H10-2023,0,2116350,3302885,7944143,7677072,-0.287392,unrelated
S148,S187,XMASBig-2023,H10-2023,0,2114999,3274781,7944143,7514517,-0.286866,unrelated
S148,S188,XMASBig-2023,H10-2023,0,2027151,3499679,7944143,7202055,-0.328281,unrelated
S148,S189,XMASBig-2023,H10-2023,0,2257179,3151354,7944143,8104414,-0.252081,unrelated
S148,S190,XMASBig-2023,H10-2023,0,2160696,3368213,7944143,7760518,-0.291361,unrelated
S148,S191,XMASBig-2023,H10-2023,0,2135500,3510460,7944143,7306259,-0.320347,unrelated
S148,S206,XMASBig-2023,H15-2023,0,2134965,3124102,7944143,7783850,-0.261523,unrelated
S148,S207,XMASBig-2023,H15-2023,0,2167528,3352913,7944143,7707947,-0.289948,unrelated
S148,S208,XMASBig-2023,H15-2023,0,2084382,3312930,7944143,7490866,-0.294232,unrelated
S148,S209,XMASBig-2023,H15-2023,0,2143872,3404475,7944143,7723624,-0.297750,unrelated
S148,S210,XMASBig-2023,H15-2023,0,2156300,3298239,7944143,7739257,-0.283113,unrelated
S148,S211,XMASBig-2023,H15-2023,0,2086686,3343667,7944143,7405367,-0.299726,unrelated
S148,S212,XMASBig-2023,H15-2023,0,845533,4585974,7944143,3113003,-0.753035,unrelated
S148,S219,XMASBig-2023,H41-2023,0,2145069,3228462,7944143,7585961,-0.277645,unrelated
S148,S220,XMASBig-2023,H41-2023,0,2031286,3314013,7944143,7179670,-0.303941,unrelated
S148,S221,XMASBig-2023,H41-2023,0,44579,5716718,7944143,158911,-1.405502,unrelated
S148,S222,XMASBig-2023,H41-2023,0,401156,5221146,7944143,1476333,-1.065884,unrelated
S148,S223,XMASBig-2023,H41-2023,0,1041921,4292693,7944143,3926923,-0.635450,unrelated
S148,S224,XMASBig-2023,H41-2023,0,2209160,3193787,7944143,7733862,-0.266514,unrelated
S148,S225,XMASBig-2023,H41-2023,0,2071325,3453309,7944143,7293024,-0.317335,unrelated
S148,S250,XMASBig-2023,H66-2023,0,2206089,3495253,7944143,7497400,-0.309841,unrelated
S148,S251,XMASBig-2023,H66-2023,0,2068586,3524360,7944143,7298189,-0.326730,unrelated
S148,S252,XMASBig-2023,H66-2023,0,2202720,3280446,7944143,7784671,-0.277082,unrelated
S148,S253,XMASBig-2023,H66-2023,0,2116211,3438189,7944143,7828319,-0.301802,unrelated
S148,S254,XMASBig-2023,H66-2023,0,2132687,3341144,7944143,7899268,-0.287160,unrelated
S148,S255,XMASBig-2023,H66-2023,0,1672043,3755809,7944143,6261999,-0.411060,unrelated
S148,S256,XMASBig-2023,H66-2023,0,2066876,3530409,7944143,7050507,-0.333048,unrelated
S148,S257,XMASBig-2023,H66-2023,0,2066951,3553049,7944143,7226941,-0.332155,unrelated
S148,S258,XMASBig-2023,H66-2023,0,2108465,3401545,7944143,7345804,-0.307040,unrelated
S148,S259,XMASBig-2023,H66-2023,0,2128397,3342849,7944143,7685226,-0.291586,unrelated
S148,S260,XMASBig-2023,H66-2023,0,2158628,3337539,7944143,7760564,-0.287586,unrelated
S148,S288,XMASBig-2023,Du-2023,0,2255873,3304548,7944143,7781391,-0.276825,unrelated
S148,S289,XMASBig-2023,Du-2023,0,2302431,3192038,7944143,8243626,-0.252144,unrelated
S148,S290,XMASBig-2023,Du-2023,0,2329070,3123311,7944143,8328446,-0.240745,unrelated
S148,S291,XMASBig-2023,Du-2023,0,2367847,3160637,7944143,8614604,-0.238752,unrelated
S148,S292,XMASBig-2023,Du-2023,0,2570778,2988155,7944143,9175472,-0.198926,unrelated
S148,S293,XMASBig-2023,Du-2023,0,2470542,3003094,7944143,9002064,-0.208639,unrelated
S148,S294,XMASBig-2023,Du-2023,0,2242480,3233928,7944143,8280057,-0.260437,unrelated
S148,S312,XMASBig-2023,OkrayGrosheks40-2023,0,2190780,3282573,7944143,7983456,-0.274641,unrelated
S148,S313,XMASBig-2023,OkrayGrosheks40-2023,0,2122214,3456982,7944143,7465948,-0.310949,unrelated
S148,S314,XMASBig-2023,OkrayGrosheks40-2023,0,2201415,3456549,7944143,7693326,-0.301307,unrelated
S148,S315,XMASBig-2023,OkrayGrosheks40-2023,0,2270911,3196722,7944143,7911196,-0.260009,unrelated
S148,S316,XMASBig-2023,OkrayGrosheks40-2023,0,2264489,3328583,7944143,7767507,-0.279581,unrelated
S148,S317,XMASBig-2023,OkrayGrosheks40-2023,0,2301982,3138875,7944143,8428115,-0.242836,unrelated
S148,S318,XMASBig-2023,OkrayGrosheks40-2023,0,2107893,3388546,7944143,7352916,-0.305235,unrelated
S148,S328,XMASBig-2023,LaszSE-O14-2023,0,2249468,3453161,7944143,7746042,-0.296800,unrelated
S148,S329,XMASBig-2023,LaszSE-O14-2023,0,2171123,3468439,7944143,7797235,-0.302753,unrelated
S148,S330,XMASBig-2023,LaszSE-O14-2023,0,2136169,3459756,7944143,7462058,-0.310482,unrelated
S148,S331,XMASBig-2023,LaszSE-O14-2023,0,2124858,3462555,7944143,7438819,-0.312050,unrelated
S148,S332,XMASBig-2023,LaszSE-O14-2023,0,2328098,3210863,7944143,8314732,-0.251778,unrelated
S148,S370,XMASBig-2023,BrikalskiPats-2023,0,2103533,3549105,7944143,7223088,-0.329307,unrelated
S148,S371,XMASBig-2023,BrikalskiPats-2023,0,2149355,3380410,7944143,7850890,-0.291957,unrelated
S148,S372,XMASBig-2023,BrikalskiPats-2023,0,2235131,3301567,7944143,7962119,-0.274609,unrelated
S148,S373,XMASBig-2023,BrikalskiPats-2023,0,2134738,3340421,7944143,7688767,-0.290803,unrelated
S148,S374,XMASBig-2023,BrikalskiPats-2023,0,2103657,3329158,7944143,7505467,-0.294807,unrelated
S148,S375,XMASBig-2023,BrikalskiPats-2023,0,2111405,3339893,7944143,7610693,-0.293695,unrelated
S148,S376,XMASBig-2023,BrikalskiPats-2023,0,2171403,3467459,7944143,7674386,-0.304991,unrelated
S148,S386,XMASBig-2023,DaveBrilowski-2023,0,2094864,3389568,7944143,7581179,-0.301718,unrelated
S148,S387,XMASBig-2023,DaveBrilowski-2023,0,2125854,3540004,7944143,7340180,-0.324133,unrelated
S148,S388,XMASBig-2023,DaveBrilowski-2023,0,2173124,3340480,7944143,7711070,-0.287945,unrelated
S148,S389,XMASBig-2023,DaveBrilowski-2023,0,2154086,3513402,7944143,7419012,-0.317169,unrelated
S148,S390,XMASBig-2023,DaveBrilowski-2023,0,2104978,3380084,7944143,7664668,-0.298241,unrelated
S148,S391,XMASBig-2023,DaveBrilowski-2023,0,2130936,3368172,7944143,7786721,-0.292763,unrelated
S148,S392,XMASBig-2023,DaveBrilowski-2023,0,2165852,3360308,7944143,7941139,-0.286729,unrelated
S148,S418,XMASBig-2023,Wysocki1129-2023,0,2154566,3353650,7944143,7606408,-0.292770,unrelated
S148,S419,XMASBig-2023,Wysocki1129-2023,0,1998218,3480608,7944143,7110209,-0.329672,unrelated
S148,S420,XMASBig-2023,Wysocki1129-2023,0,2190412,3271965,7944143,7733647,-0.277687,unrelated
S148,S421,XMASBig-2023,Wysocki1129-2023,0,2151495,3278703,7944143,7799266,-0.279857,unrelated
S148,S422,XMASBig-2023,Wysocki1129-2023,0,2155931,3547330,7944143,7735411,-0.314979,unrelated
S148,S423,XMASBig-2023,Wysocki1129-2023,0,2170229,3275804,7944143,7838314,-0.277611,unrelated
S148,S424,XMASBig-2023,Wysocki1129-2023,0,2150689,3444213,7944143,7581744,-0.305151,unrelated
S148,S442,XMASBig-2023,Wedekind_3-2023,0,1756260,3671613,7944143,6337465,-0.391200,unrelated
S148,S443,XMASBig-2023,Wedekind_3-2023,0,2091527,3359639,7944143,7460484,-0.300413,unrelated
S148,S444,XMASBig-2023,Wedekind_3-2023,0,2042005,3407608,7944143,7291631,-0.313290,unrelated
S148,S445,XMASBig-2023,Wedekind_3-2023,0,2159643,3262360,7944143,7860728,-0.276186,unrelated
S148,S446,XMASBig-2023,Wedekind_3-2023,0,2084489,3403455,7944143,7648040,-0.302871,unrelated
S148,S447,XMASBig-2023,Wedekind_3-2023,0,2171987,3401508,7944143,7678231,-0.296436,unrelated
S148,S448,XMASBig-2023,Wedekind_3-2023,0,2092995,3528169,7944143,7296097,-0.325674,unrelated
S148,S474,XMASBig-2023,Airport04-2023,0,2118768,3238022,7944143,7804708,-0.276673,unrelated
S148,S475,XMASBig-2023,Airport04-2023,0,2254168,3151482,7944143,8082784,-0.252625,unrelated
S148,S476,XMASBig-2023,Airport04-2023,0,2065436,3316988,7944143,7482884,-0.296139,unrelated
S148,S477,XMASBig-2023,Airport04-2023,0,2119058,3312901,7944143,7485865,-0.292077,unrelated
S148,S478,XMASBig-2023,Airport04-2023,0,2163805,3237235,7944143,7652969,-0.276376,unrelated
S148,S479,XMASBig-2023,Airport04-2023,0,2042348,3334228,7944143,7412292,-0.301249,unrelated
S148,S480,XMASBig-2023,Airport04-2023,0,2003876,3480648,7944143,6986357,-0.332033,unrelated
S149,S167,XMASBig-2023,GarrisonNE-2023,0,2033213,3639481,7327686,7689066,-0.349326,unrelated
S149,S168,XMASBig-2023,GarrisonNE-2023,0,2023893,3622424,7327686,7345950,-0.355805,unrelated
S149,S169,XMASBig-2023,GarrisonNE-2023,0,2013477,3540603,7327686,7604273,-0.339388,unrelated
S149,S170,XMASBig-2023,GarrisonNE-2023,0,1978891,3476293,7327686,7764576,-0.329553,unrelated
S149,S171,XMASBig-2023,GarrisonNE-2023,0,2104740,3491231,7327686,7653982,-0.325579,unrelated
S149,S172,XMASBig-2023,GarrisonNE-2023,0,1927285,3397442,7327686,7231927,-0.334322,unrelated
S149,S173,XMASBig-2023,GarrisonNE-2023,0,1905754,3366797,7327686,7337001,-0.329215,unrelated
S149,S185,XMASBig-2023,H10-2023,0,1940607,3411969,7327686,7318923,-0.333410,unrelated
S149,S186,XMASBig-2023,H10-2023,0,1985292,3412020,7327686,7677072,-0.322481,unrelated
S149,S187,XMASBig-2023,H10-2023,0,1979025,3368403,7327686,7514517,-0.320558,unrelated
S149,S188,XMASBig-2023,H10-2023,0,1884249,3584332,7327686,7202055,-0.363696,unrelated
S149,S189,XMASBig-2023,H10-2023,0,2110631,3228603,7327686,8104414,-0.281658,unrelated
S149,S190,XMASBig-2023,H10-2023,0,1980041,3514909,7327686,7760518,-0.334684,unrelated
S149,S191,XMASBig-2023,H10-2023,0,2002740,3626052,7327686,7306259,-0.358711,unrelated
S149,S206,XMASBig-2023,H15-2023,0,1968237,3291392,7327686,7783850,-0.305366,unrelated
S149,S207,XMASBig-2023,H15-2023,0,1982548,3538583,7327686,7707947,-0.338836,unrelated
S149,S208,XMASBig-2023,H15-2023,0,1926824,3493281,7327686,7490866,-0.341446,unrelated
S149,S209,XMASBig-2023,H15-2023,0,2019729,3468963,7327686,7723624,-0.326762,unrelated
S149,S210,XMASBig-2023,H15-2023,0,1954365,3470090,7327686,7739257,-0.330911,unrelated
S149,S211,XMASBig-2023,H15-2023,0,1919915,3528700,7327686,7405367,-0.348705,unrelated
S149,S212,XMASBig-2023,H15-2023,0,789228,4717392,7327686,3113003,-0.828064,unrelated
S149,S219,XMASBig-2023,H41-2023,0,2019387,3283184,7327686,7585961,-0.304887,unrelated
S149,S220,XMASBig-2023,H41-2023,0,1939733,3409138,7327686,7179670,-0.336281,unrelated
S149,S221,XMASBig-2023,H41-2023,0,40483,5870614,7327686,158911,-1.562892,unrelated
S149,S222,XMASBig-2023,H41-2023,0,368879,5369903,7327686,1476333,-1.177976,unrelated
S149,S223,XMASBig-2023,H41-2023,0,968362,4385353,7327686,3926923,-0.693258,unrelated
S149,S224,XMASBig-2023,H41-2023,0,2083363,3303664,7327686,7733862,-0.300365,unrelated
S149,S225,XMASBig-2023,H41-2023,0,1903702,3621336,7327686,7293024,-0.365165,unrelated
S149,S250,XMASBig-2023,H66-2023,0,2028317,3585341,7327686,7497400,-0.346869,unrelated
S149,S251,XMASBig-2023,H66-2023,0,1996150,3606311,7327686,7298189,-0.356661,unrelated
S149,S252,XMASBig-2023,H66-2023,0,2047994,3366993,7327686,7784671,-0.310077,unrelated
S149,S253,XMASBig-2023,H66-2023,0,2009415,3536887,7327686,7828319,-0.334149,unrelated
S149,S254,XMASBig-2023,H66-2023,0,1950932,3534261,7327686,7899268,-0.336088,unrelated
S149,S255,XMASBig-2023,H66-2023,0,1561727,3861679,7327686,6261999,-0.453405,unrelated
S149,S256,XMASBig-2023,H66-2023,0,1954282,3621606,7327686,7050507,-0.367844,unrelated
S149,S257,XMASBig-2023,H66-2023,0,1951306,3601559,7327686,7226941,-0.360835,unrelated
S149,S258,XMASBig-2023,H66-2023,0,1960828,3570019,7327686,7345804,-0.352964,unrelated
S149,S259,XMASBig-2023,H66-2023,0,1983305,3519222,7327686,7685226,-0.336719,unrelated
S149,S260,XMASBig-2023,H66-2023,0,1993076,3464893,7327686,7760564,-0.327189,unrelated
S149,S288,XMASBig-2023,Du-2023,0,2119128,3356575,7327686,7781391,-0.304057,unrelated
S149,S289,XMASBig-2023,Du-2023,0,2164598,3236206,7327686,8243626,-0.276651,unrelated
S149,S290,XMASBig-2023,Du-2023,0,2136351,3259357,7327686,8328446,-0.279914,unrelated
S149,S291,XMASBig-2023,Du-2023,0,2256924,3242214,7327686,8614604,-0.265175,unrelated
S149,S292,XMASBig-2023,Du-2023,0,2428338,3040475,7327686,9175472,-0.221328,unrelated
S149,S293,XMASBig-2023,Du-2023,0,2302062,3104454,7327686,9002064,-0.239247,unrelated
S149,S294,XMASBig-2023,Du-2023,0,2122062,3250918,7327686,8280057,-0.280615,unrelated
S149,S312,XMASBig-2023,OkrayGrosheks40-2023,0,2012529,3493573,7327686,7983456,-0.324902,unrelated
S149,S313,XMASBig-2023,OkrayGrosheks40-2023,0,1963480,3591383,7327686,7465948,-0.352806,unrelated
S149,S314,XMASBig-2023,OkrayGrosheks40-2023,0,2039366,3565082,7327686,7693326,-0.338912,unrelated
S149,S315,XMASBig-2023,OkrayGrosheks40-2023,0,2117936,3318172,7327686,7911196,-0.296505,unrelated
S149,S316,XMASBig-2023,OkrayGrosheks40-2023,0,2072401,3547645,7327686,7767507,-0.332748,unrelated
S149,S317,XMASBig-2023,OkrayGrosheks40-2023,0,2092423,3326526,7327686,8428115,-0.289457,unrelated
S149,S318,XMASBig-2023,OkrayGrosheks40-2023,0,1947774,3613458,7327686,7352916,-0.359600,unrelated
S149,S328,XMASBig-2023,LaszSE-O14-2023,0,2102462,3541047,7327686,7746042,-0.330352,unrelated
S149,S329,XMASBig-2023,LaszSE-O14-2023,0,2009979,3594252,7327686,7797235,-0.342384,unrelated
S149,S330,XMASBig-2023,LaszSE-O14-2023,0,1987885,3585580,7327686,7462058,-0.350464,unrelated
S149,S331,XMASBig-2023,LaszSE-O14-2023,0,1982373,3495881,7327686,7438819,-0.339240,unrelated
S149,S332,XMASBig-2023,LaszSE-O14-2023,0,2192645,3342570,7327686,8314732,-0.287200,unrelated
S149,S370,XMASBig-2023,BrikalskiPats-2023,0,1961718,3700938,7327686,7223088,-0.373874,unrelated
S149,S371,XMASBig-2023,BrikalskiPats-2023,0,1980169,3497915,7327686,7850890,-0.330443,unrelated
S149,S372,XMASBig-2023,BrikalskiPats-2023,0,2070485,3355201,7327686,7962119,-0.303465,unrelated
S149,S373,XMASBig-2023,BrikalskiPats-2023,0,1995201,3533552,7327686,7688767,-0.337756,unrelated
S149,S374,XMASBig-2023,BrikalskiPats-2023,0,1954550,3496068,7327686,7505467,-0.339617,unrelated
S149,S375,XMASBig-2023,BrikalskiPats-2023,0,1970946,3497065,7327686,7610693,-0.336260,unrelated
S149,S376,XMASBig-2023,BrikalskiPats-2023,0,2010893,3541117,7327686,7674386,-0.338043,unrelated
S149,S386,XMASBig-2023,DaveBrilowski-2023,0,1957030,3461862,7327686,7581179,-0.333137,unrelated
S149,S387,XMASBig-2023,DaveBrilowski-2023,0,2000976,3597608,7327686,7340180,-0.354124,unrelated
S149,S388,XMASBig-2023,DaveBrilowski-2023,0,2007189,3500339,7327686,7711070,-0.332041,unrelated
S149,S389,XMASBig-2023,DaveBrilowski-2023,0,2020125,3650337,7327686,7419012,-0.358083,unrelated
S149,S390,XMASBig-2023,DaveBrilowski-2023,0,1937290,3471253,7327686,7664668,-0.333851,unrelated
S149,S391,XMASBig-2023,DaveBrilowski-2023,0,1970020,3490173,7327686,7786721,-0.331493,unrelated
S149,S392,XMASBig-2023,DaveBrilowski-2023,0,2015739,3456537,7327686,7941139,-0.320741,unrelated
S149,S418,XMASBig-2023,Wysocki1129-2023,0,2040031,3448226,7327686,7606408,-0.325190,unrelated
S149,S419,XMASBig-2023,Wysocki1129-2023,0,1858231,3585019,7327686,7110209,-0.367907,unrelated
S149,S420,XMASBig-2023,Wysocki1129-2023,0,2056992,3368679,7327686,7733647,-0.310754,unrelated
S149,S421,XMASBig-2023,Wysocki1129-2023,0,1997518,3384905,7327686,7799266,-0.315483,unrelated
S149,S422,XMASBig-2023,Wysocki1129-2023,0,2001031,3729698,7327686,7735411,-0.362367,unrelated
S149,S423,XMASBig-2023,Wysocki1129-2023,0,2011716,3431243,7327686,7838314,-0.319845,unrelated
S149,S424,XMASBig-2023,Wysocki1129-2023,0,1967229,3663957,7327686,7581744,-0.359550,unrelated
S149,S442,XMASBig-2023,Wedekind_3-2023,0,1619552,3844384,7327686,6337465,-0.444138,unrelated
S149,S443,XMASBig-2023,Wedekind_3-2023,0,1920154,3544663,7327686,7460484,-0.349548,unrelated
S149,S444,XMASBig-2023,Wedekind_3-2023,0,1882783,3594108,7327686,7291631,-0.362906,unrelated
S149,S445,XMASBig-2023,Wedekind_3-2023,0,2000735,3477171,7327686,7860728,-0.326144,unrelated
S149,S446,XMASBig-2023,Wedekind_3-2023,0,1940651,3546836,7327686,7648040,-0.344092,unrelated
S149,S447,XMASBig-2023,Wedekind_3-2023,0,2010821,3484937,7327686,7678231,-0.330473,unrelated
S149,S448,XMASBig-2023,Wedekind_3-2023,0,1949536,3646207,7327686,7296097,-0.365355,unrelated
S149,S474,XMASBig-2023,Airport04-2023,0,1949134,3387421,7327686,7804708,-0.318899,unrelated
S149,S475,XMASBig-2023,Airport04-2023,0,2098863,3292370,7327686,8082784,-0.291093,unrelated
S149,S476,XMASBig-2023,Airport04-2023,0,1899509,3473548,7327686,7482884,-0.340810,unrelated
S149,S477,XMASBig-2023,Airport04-2023,0,1948619,3415371,7327686,7485865,-0.329571,unrelated
S149,S478,XMASBig-2023,Airport04-2023,0,2037441,3327923,7327686,7652969,-0.308291,unrelated
S149,S479,XMASBig-2023,Airport04-2023,0,1899671,3412535,7327686,7412292,-0.334152,unrelated
S149,S480,XMASBig-2023,Airport04-2023,0,1830257,3624370,7327686,6986357,-0.378543,unrelated
S167,S168,GarrisonNE-2023,GarrisonNE-2023,1,2023868,3644647,7689066,7345950,-0.350211,unrelated
S167,S169,GarrisonNE-2023,GarrisonNE-2023,1,2024013,3605013,7689066,7604273,-0.339103,unrelated
S167,S170,GarrisonNE-2023,GarrisonNE-2023,1,2080742,3517995,7689066,7764576,-0.320652,unrelated
S167,S171,GarrisonNE-2023,GarrisonNE-2023,1,2165204,3560081,7689066,7653982,-0.322945,unrelated
S167,S172,GarrisonNE-2023,GarrisonNE-2023,1,1957924,3443313,7689066,7231927,-0.330320,unrelated
S167,S173,GarrisonNE-2023,GarrisonNE-2023,1,1893820,3422060,7689066,7337001,-0.329447,unrelated
S167,S185,GarrisonNE-2023,H10-2023,0,1932951,3551595,7689066,7318923,-0.344499,unrelated
S167,S186,GarrisonNE-2023,H10-2023,0,2040662,3396597,7689066,7677072,-0.309286,unrelated
S167,S187,GarrisonNE-2023,H10-2023,0,1974642,3460849,7689066,7514517,-0.325388,unrelated
S167,S188,GarrisonNE-2023,H10-2023,0,2051014,3689521,7689066,7202055,-0.357799,unrelated
S167,S189,GarrisonNE-2023,H10-2023,0,2138632,3239317,7689066,8104414,-0.274797,unrelated
S167,S190,GarrisonNE-2023,H10-2023,0,2195174,3381912,7689066,7760518,-0.295713,unrelated
S167,S191,GarrisonNE-2023,H10-2023,0,1999401,3700494,7689066,7306259,-0.360218,unrelated
S167,S206,GarrisonNE-2023,H15-2023,0,2002954,3277896,7689066,7783850,-0.294246,unrelated
S167,S207,GarrisonNE-2023,H15-2023,0,2123871,3560392,7689066,7707947,-0.324538,unrelated
S167,S208,GarrisonNE-2023,H15-2023,0,1955765,3491010,7689066,7490866,-0.331112,unrelated
S167,S209,GarrisonNE-2023,H15-2023,0,2159877,3609786,7689066,7723624,-0.328281,unrelated
S167,S210,GarrisonNE-2023,H15-2023,0,2028484,3472673,7689066,7739257,-0.318691,unrelated
S167,S211,GarrisonNE-2023,H15-2023,0,1943357,3593626,7689066,7405367,-0.347406,unrelated
S167,S212,GarrisonNE-2023,H15-2023,0,775539,4896421,7689066,3113003,-0.834776,unrelated
S167,S219,GarrisonNE-2023,H41-2023,0,2052245,3396060,7689066,7585961,-0.310302,unrelated
S167,S220,GarrisonNE-2023,H41-2023,0,1953237,3411629,7689066,7179670,-0.327534,unrelated
S167,S221,GarrisonNE-2023,H41-2023,0,39278,6086882,7689066,158911,-1.546193,unrelated
S167,S222,GarrisonNE-2023,H41-2023,0,364227,5561429,7689066,1476333,-1.173831,unrelated
S167,S223,GarrisonNE-2023,H41-2023,0,961234,4569170,7689066,3926923,-0.703953,unrelated
S167,S224,GarrisonNE-2023,H41-2023,0,2049005,3404344,7689066,7733862,-0.308611,unrelated
S167,S225,GarrisonNE-2023,H41-2023,0,2076281,3603596,7689066,7293024,-0.342470,unrelated
S167,S250,GarrisonNE-2023,H66-2023,0,2073684,3641296,7689066,7497400,-0.342997,unrelated
S167,S251,GarrisonNE-2023,H66-2023,0,2155310,3695658,7689066,7298189,-0.349364,unrelated
S167,S252,GarrisonNE-2023,H66-2023,0,2076232,3456201,7689066,7784671,-0.312541,unrelated
S167,S253,GarrisonNE-2023,H66-2023,0,2133881,3559067,7689066,7828319,-0.321204,unrelated
S167,S254,GarrisonNE-2023,H66-2023,0,2142903,3430586,7689066,7899268,-0.302679,unrelated
S167,S255,GarrisonNE-2023,H66-2023,0,1619136,3817093,7689066,6261999,-0.431153,unrelated
S167,S256,GarrisonNE-2023,H66-2023,0,1959061,3608376,7689066,7050507,-0.356706,unrelated
S167,S257,GarrisonNE-2023,H66-2023,0,2006414,3645376,7689066,7226941,-0.354273,unrelated
S167,S258,GarrisonNE-2023,H66-2023,0,2026463,3599686,7689066,7345804,-0.344061,unrelated
S167,S259,GarrisonNE-2023,H66-2023,0,2038282,3372649,7689066,7685226,-0.306161,unrelated
S167,S260,GarrisonNE-2023,H66-2023,0,2057823,3435189,7689066,7760564,-0.311500,unrelated
S167,S288,GarrisonNE-2023,Du-2023,0,2124508,3533074,7689066,7781391,-0.319424,unrelated
S167,S289,GarrisonNE-2023,Du-2023,0,2171413,3357358,7689066,8243626,-0.285156,unrelated
S167,S290,GarrisonNE-2023,Du-2023,0,2213157,3236549,7689066,8328446,-0.265955,unrelated
S167,S291,GarrisonNE-2023,Du-2023,0,2351391,3238831,7689066,8614604,-0.253088,unrelated
S167,S292,GarrisonNE-2023,Du-2023,0,2452809,3090092,7689066,9175472,-0.221019,unrelated
S167,S293,GarrisonNE-2023,Du-2023,0,2336128,3136095,7689066,9002064,-0.235818,unrelated
S167,S294,GarrisonNE-2023,Du-2023,0,2216428,3320160,7689066,8280057,-0.277028,unrelated
S167,S312,GarrisonNE-2023,OkrayGrosheks40-2023,0,2171590,3424453,7689066,7983456,-0.298441,unrelated
S167,S313,GarrisonNE-2023,OkrayGrosheks40-2023,0,2021584,3563460,7689066,7465948,-0.336874,unrelated
S167,S314,GarrisonNE-2023,OkrayGrosheks40-2023,0,2152368,3543201,7689066,7693326,-0.320759,unrelated
S167,S315,GarrisonNE-2023,OkrayGrosheks40-2023,0,2071413,3480658,7689066,7911196,-0.313450,unrelated
S167,S316,GarrisonNE-2023,OkrayGrosheks40-2023,0,2151998,3554621,7689066,7767507,-0.320721,unrelated
S167,S317,GarrisonNE-2023,OkrayGrosheks40-2023,0,2265798,3315349,7689066,8428115,-0.270823,unrelated
S167,S318,GarrisonNE-2023,OkrayGrosheks40-2023,0,2000437,3689229,7689066,7352916,-0.357534,unrelated
S167,S328,GarrisonNE-2023,LaszSE-O14-2023,0,2166529,3604041,7689066,7746042,-0.326629,unrelated
S167,S329,GarrisonNE-2023,LaszSE-O14-2023,0,2200031,3569896,7689066,7797235,-0.318976,unrelated
S167,S330,GarrisonNE-2023,LaszSE-O14-2023,0,2128824,3619581,7689066,7462058,-0.337291,unrelated
S167,S331,GarrisonNE-2023,LaszSE-O14-2023,0,2032785,3641571,7689066,7438819,-0.347065,unrelated
S167,S332,GarrisonNE-2023,LaszSE-O14-2023,0,2239253,3296500,7689066,8314732,-0.272045,unrelated
S167,S370,GarrisonNE-2023,BrikalskiPats-2023,0,1998621,3732342,7689066,7223088,-0.366551,unrelated
S167,S371,GarrisonNE-2023,BrikalskiPats-2023,0,2210685,3457684,7689066,7850890,-0.302748,unrelated
S167,S372,GarrisonNE-2023,BrikalskiPats-2023,0,2127918,3381316,7689066,7962119,-0.296125,unrelated
S167,S373,GarrisonNE-2023,BrikalskiPats-2023,0,2195391,3387426,7689066,7688767,-0.297796,unrelated
S167,S374,GarrisonNE-2023,BrikalskiPats-2023,0,1992540,3576539,7689066,7505467,-0.339631,unrelated
S167,S375,GarrisonNE-2023,BrikalskiPats-2023,0,2035679,3438419,7689066,7610693,-0.316421,unrelated
S167,S376,GarrisonNE-2023,BrikalskiPats-2023,0,2147184,3629345,7689066,7674386,-0.332706,unrelated
S167,S386,GarrisonNE-2023,DaveBrilowski-2023,0,2020803,3475696,7689066,7581179,-0.322889,unrelated
S167,S387,GarrisonNE-2023,DaveBrilowski-2023,0,2025027,3687320,7689066,7340180,-0.355947,unrelated
S167,S388,GarrisonNE-2023,DaveBrilowski-2023,0,2091412,3441761,7689066,7711070,-0.311173,unrelated
S167,S389,GarrisonNE-2023,DaveBrilowski-2023,0,2027278,3749782,7689066,7419012,-0.362209,unrelated
S167,S390,GarrisonNE-2023,DaveBrilowski-2023,0,2010090,3522134,7689066,7664668,-0.327880,unrelated
S167,S391,GarrisonNE-2023,DaveBrilowski-2023,0,2156462,3496243,7689066,7786721,-0.312490,unrelated
S167,S392,GarrisonNE-2023,DaveBrilowski-2023,0,2172031,3511649,7689066,7941139,-0.310378,unrelated
S167,S418,GarrisonNE-2023,Wysocki1129-2023,0,2084820,3435870,7689066,7606408,-0.312963,unrelated
S167,S419,GarrisonNE-2023,Wysocki1129-2023,0,1888089,3657230,7689066,7110209,-0.366665,unrelated
S167,S420,GarrisonNE-2023,Wysocki1129-2023,0,2057428,3490968,7689066,7733647,-0.319302,unrelated
S167,S421,GarrisonNE-2023,Wysocki1129-2023,0,2045834,3478561,7689066,7799266,-0.317096,unrelated
S167,S422,GarrisonNE-2023,Wysocki1129-2023,0,2028218,3511365,7689066,7735411,-0.323804,unrelated
S167,S423,GarrisonNE-2023,Wysocki1129-2023,0,2045904,3515119,7689066,7838314,-0.321003,unrelated
S167,S424,GarrisonNE-2023,Wysocki1129-2023,0,2185730,3613645,7689066,7581744,-0.330144,unrelated
S167,S442,GarrisonNE-2023,Wedekind_3-2023,0,1664945,3882388,7689066,6337465,-0.434878,unrelated
S167,S443,GarrisonNE-2023,Wedekind_3-2023,0,1962660,3502536,7689066,7460484,-0.332842,unrelated
S167,S444,GarrisonNE-2023,Wedekind_3-2023,0,1966695,3560604,7689066,7291631,-0.344077,unrelated
S167,S445,GarrisonNE-2023,Wedekind_3-2023,0,2200533,3409478,7689066,7860728,-0.297009,unrelated
S167,S446,GarrisonNE-2023,Wedekind_3-2023,0,2075932,3514534,7689066,7648040,-0.322951,unrelated
S167,S447,GarrisonNE-2023,Wedekind_3-2023,0,2043339,3512436,7689066,7678231,-0.324165,unrelated
S167,S448,GarrisonNE-2023,Wedekind_3-2023,0,2001613,3685038,7689066,7296097,-0.358252,unrelated
S167,S474,GarrisonNE-2023,Airport04-2023,0,2151466,3404961,7689066,7804708,-0.300666,unrelated
S167,S475,GarrisonNE-2023,Airport04-2023,0,2170397,3197398,7689066,8082784,-0.267844,unrelated
S167,S476,GarrisonNE-2023,Airport04-2023,0,1982463,3448027,7689066,7482884,-0.323860,unrelated
S167,S477,GarrisonNE-2023,Airport04-2023,0,2012034,3445968,7689066,7485865,-0.321577,unrelated
S167,S478,GarrisonNE-2023,Airport04-2023,0,2053885,3398798,7689066,7652969,-0.309197,unrelated
S167,S479,GarrisonNE-2023,Airport04-2023,0,1936479,3411434,7689066,7412292,-0.323573,unrelated
S167,S480,GarrisonNE-2023,Airport04-2023,0,1989730,3643538,7689066,6986357,-0.360967,unrelated
S168,S169,GarrisonNE-2023,GarrisonNE-2023,1,2054310,3478751,7345950,7604273,-0.327968,unrelated
S168,S170,GarrisonNE-2023,GarrisonNE-2023,1,1956178,3468341,7345950,7764576,-0.329605,unrelated
S168,S171,GarrisonNE-2023,GarrisonNE-2023,1,2084019,3598069,7345950,7653982,-0.340809,unrelated
S168,S172,GarrisonNE-2023,GarrisonNE-2023,1,1919998,3415504,7345950,7231927,-0.336881,unrelated
S168,S173,GarrisonNE-2023,GarrisonNE-2023,1,1913322,3352974,7345950,7337001,-0.326408,unrelated
S168,S185,GarrisonNE-2023,H10-2023,0,1914410,3480142,7345950,7318923,-0.344079,unrelated
S168,S186,GarrisonNE-2023,H10-2023,0,1988425,3351916,7345950,7677072,-0.313879,unrelated
S168,S187,GarrisonNE-2023,H10-2023,0,1996266,3378586,7345950,7514517,-0.320374,unrelated
S168,S188,GarrisonNE-2023,H10-2023,0,1905054,3682434,7345950,7202055,-0.375296,unrelated
S168,S189,GarrisonNE-2023,H10-2023,0,2129210,3210536,7345950,8104414,-0.277784,unrelated
S168,S190,GarrisonNE-2023,H10-2023,0,1974694,3558413,7345950,7760518,-0.340393,unrelated
S168,S191,GarrisonNE-2023,H10-2023,0,2049557,3531936,7345950,7306259,-0.342222,unrelated
S168,S206,GarrisonNE-2023,H15-2023,0,2005897,3269961,7345950,7783850,-0.299675,unrelated
S168,S207,GarrisonNE-2023,H15-2023,0,1956399,3543378,7345950,7707947,-0.340799,unrelated
S168,S208,GarrisonNE-2023,H15-2023,0,1945638,3461268,7345950,7490866,-0.335442,unrelated
S168,S209,GarrisonNE-2023,H15-2023,0,1980704,3504268,7345950,7723624,-0.333641,unrelated
S168,S210,GarrisonNE-2023,H15-2023,0,2006059,3350638,7345950,7739257,-0.311246,unrelated
S168,S211,GarrisonNE-2023,H15-2023,0,1955948,3552765,7345950,7405367,-0.349093,unrelated
S168,S212,GarrisonNE-2023,H15-2023,0,788086,4765835,7345950,3113003,-0.835990,unrelated
S168,S219,GarrisonNE-2023,H41-2023,0,2017054,3350839,7345950,7585961,-0.313732,unrelated
S168,S220,GarrisonNE-2023,H41-2023,0,1923058,3313001,7345950,7179670,-0.323769,unrelated
S168,S221,GarrisonNE-2023,H41-2023,0,39957,5909819,7345950,158911,-1.569607,unrelated
S168,S222,GarrisonNE-2023,H41-2023,0,368705,5396780,7345950,1476333,-1.181650,unrelated
S168,S223,GarrisonNE-2023,H41-2023,0,967636,4434747,7345950,3926923,-0.700962,unrelated
S168,S224,GarrisonNE-2023,H41-2023,0,2071389,3364981,7345950,7733862,-0.308928,unrelated
S168,S225,GarrisonNE-2023,H41-2023,0,1952171,3547051,7345950,7293024,-0.351249,unrelated
S168,S250,GarrisonNE-2023,H66-2023,0,2016143,3568750,7345950,7497400,-0.345027,unrelated
S168,S251,GarrisonNE-2023,H66-2023,0,1961080,3579124,7345950,7298189,-0.354897,unrelated
S168,S252,GarrisonNE-2023,H66-2023,0,2010037,3407175,7345950,7784671,-0.317523,unrelated
S168,S253,GarrisonNE-2023,H66-2023,0,2002738,3482978,7345950,7828319,-0.327081,unrelated
S168,S254,GarrisonNE-2023,H66-2023,0,1995153,3493765,7345950,7899268,-0.327472,unrelated
S168,S255,GarrisonNE-2023,H66-2023,0,1562640,3915316,7345950,6261999,-0.460613,unrelated
S168,S256,GarrisonNE-2023,H66-2023,0,1965950,3596740,7345950,7050507,-0.363112,unrelated
S168,S257,GarrisonNE-2023,H66-2023,0,1946358,3627351,7345950,7226941,-0.364262,unrelated
S168,S258,GarrisonNE-2023,H66-2023,0,1982019,3600991,7345950,7345804,-0.355299,unrelated
S168,S259,GarrisonNE-2023,H66-2023,0,1977201,3459842,7345950,7685226,-0.328815,unrelated
S168,S260,GarrisonNE-2023,H66-2023,0,2056072,3377105,7345950,7760564,-0.311001,unrelated
S168,S288,GarrisonNE-2023,Du-2023,0,2122502,3386735,7345950,7781391,-0.307454,unrelated
S168,S289,GarrisonNE-2023,Du-2023,0,2156210,3312389,7345950,8243626,-0.286638,unrelated
S168,S290,GarrisonNE-2023,Du-2023,0,2139035,3238406,7345950,8328446,-0.276743,unrelated
S168,S291,GarrisonNE-2023,Du-2023,0,2266150,3158639,7345950,8614604,-0.253821,unrelated
S168,S292,GarrisonNE-2023,Du-2023,0,2483374,2975247,7345950,9175472,-0.209856,unrelated
S168,S293,GarrisonNE-2023,Du-2023,0,2333444,3069653,7345950,9002064,-0.232803,unrelated
S168,S294,GarrisonNE-2023,Du-2023,0,2099406,3263185,7345950,8280057,-0.283307,unrelated
S168,S312,GarrisonNE-2023,OkrayGrosheks40-2023,0,2042672,3362707,7345950,7983456,-0.305474,unrelated
S168,S313,GarrisonNE-2023,OkrayGrosheks40-2023,0,1994039,3523341,7345950,7465948,-0.341121,unrelated
S168,S314,GarrisonNE-2023,OkrayGrosheks40-2023,0,2088384,3518493,7345950,7693326,-0.329045,unrelated
S168,S315,GarrisonNE-2023,OkrayGrosheks40-2023,0,2070739,3381489,7345950,7911196,-0.307544,unrelated
S168,S316,GarrisonNE-2023,OkrayGrosheks40-2023,0,2068738,3561758,7345950,7767507,-0.334455,unrelated
S168,S317,GarrisonNE-2023,OkrayGrosheks40-2023,0,2106182,3341194,7345950,8428115,-0.290109,unrelated
S168,S318,GarrisonNE-2023,OkrayGrosheks40-2023,0,1967542,3586613,7345950,7352916,-0.354155,unrelated
S168,S328,GarrisonNE-2023,LaszSE-O14-2023,0,2135354,3482707,7345950,7746042,-0.320041,unrelated
S168,S329,GarrisonNE-2023,LaszSE-O14-2023,0,2002961,3534217,7345950,7797235,-0.334505,unrelated
S168,S330,GarrisonNE-2023,LaszSE-O14-2023,0,1976719,3713418,7345950,7462058,-0.368052,unrelated
S168,S331,GarrisonNE-2023,LaszSE-O14-2023,0,2008170,3557319,7345950,7438819,-0.345387,unrelated
S168,S332,GarrisonNE-2023,LaszSE-O14-2023,0,2220217,3227695,7345950,8314732,-0.270433,unrelated
S168,S370,GarrisonNE-2023,BrikalskiPats-2023,0,1985638,3607840,7345950,7223088,-0.358983,unrelated
S168,S371,GarrisonNE-2023,BrikalskiPats-2023,0,1987252,3494240,7345950,7850890,-0.329097,unrelated
S168,S372,GarrisonNE-2023,BrikalskiPats-2023,0,2027497,3451657,7345950,7962119,-0.318513,unrelated
S168,S373,GarrisonNE-2023,BrikalskiPats-2023,0,1971684,3597359,7345950,7688767,-0.347398,unrelated
S168,S374,GarrisonNE-2023,BrikalskiPats-2023,0,1954095,3567540,7345950,7505467,-0.348855,unrelated
S168,S375,GarrisonNE-2023,BrikalskiPats-2023,0,1966802,3473240,7345950,7610693,-0.332941,unrelated
S168,S376,GarrisonNE-2023,BrikalskiPats-2023,0,2035897,3607388,7345950,7674386,-0.344791,unrelated
S168,S386,GarrisonNE-2023,DaveBrilowski-2023,0,1971359,3448932,7345950,7581179,-0.330037,unrelated
S168,S387,GarrisonNE-2023,DaveBrilowski-2023,0,2026961,3573932,7345950,7340180,-0.348690,unrelated
S168,S388,GarrisonNE-2023,DaveBrilowski-2023,0,2020559,3483690,7345950,7711070,-0.328539,unrelated
S168,S389,GarrisonNE-2023,DaveBrilowski-2023,0,2038146,3604942,7345950,7419012,-0.350271,unrelated
S168,S390,GarrisonNE-2023,DaveBrilowski-2023,0,1979381,3466339,7345950,7664668,-0.329986,unrelated
S168,S391,GarrisonNE-2023,DaveBrilowski-2023,0,1961848,3528508,7345950,7786721,-0.336700,unrelated
S168,S392,GarrisonNE-2023,DaveBrilowski-2023,0,2043417,3437555,7345950,7941139,-0.316064,unrelated
S168,S418,GarrisonNE-2023,Wysocki1129-2023,0,2000130,3495204,7345950,7606408,-0.333745,unrelated
S168,S419,GarrisonNE-2023,Wysocki1129-2023,0,1846226,3544378,7345950,7110209,-0.362650,unrelated
S168,S420,GarrisonNE-2023,Wysocki1129-2023,0,2018323,3405976,7345950,7733647,-0.317888,unrelated
S168,S421,GarrisonNE-2023,Wysocki1129-2023,0,1996259,3436791,7345950,7799266,-0.322037,unrelated
S168,S422,GarrisonNE-2023,Wysocki1129-2023,0,2018557,3696123,7345950,7735411,-0.356313,unrelated
S168,S423,GarrisonNE-2023,Wysocki1129-2023,0,2038108,3430107,7345950,7838314,-0.317573,unrelated
S168,S424,GarrisonNE-2023,Wysocki1129-2023,0,1995098,3687164,7345950,7581744,-0.360352,unrelated
S168,S442,GarrisonNE-2023,Wedekind_3-2023,0,1630718,3775020,7345950,6337465,-0.432591,unrelated
S168,S443,GarrisonNE-2023,Wedekind_3-2023,0,1949103,3525449,7345950,7460484,-0.344566,unrelated
S168,S444,GarrisonNE-2023,Wedekind_3-2023,0,1943778,3535074,7345950,7291631,-0.350220,unrelated
S168,S445,GarrisonNE-2023,Wedekind_3-2023,0,2015851,3423226,7345950,7860728,-0.317663,unrelated
S168,S446,GarrisonNE-2023,Wedekind_3-2023,0,1923435,3520054,7345950,7648040,-0.341248,unrelated
S168,S447,GarrisonNE-2023,Wedekind_3-2023,0,2037213,3494005,7345950,7678231,-0.329522,unrelated
S168,S448,GarrisonNE-2023,Wedekind_3-2023,0,1979065,3640569,7345950,7296097,-0.362113,unrelated
S168,S474,GarrisonNE-2023,Airport04-2023,0,1983874,3424186,7345950,7804708,-0.321075,unrelated
S168,S475,GarrisonNE-2023,Airport04-2023,0,2143343,3204004,7345950,8082784,-0.276411,unrelated
S168,S476,GarrisonNE-2023,Airport04-2023,0,1942886,3441301,7345950,7482884,-0.333116,unrelated
S168,S477,GarrisonNE-2023,Airport04-2023,0,1973494,3350765,7345950,7485865,-0.318777,unrelated
S168,S478,GarrisonNE-2023,Airport04-2023,0,2026375,3315904,7345950,7652969,-0.307051,unrelated
S168,S479,GarrisonNE-2023,Airport04-2023,0,1884243,3451168,7345950,7412292,-0.340020,unrelated
S168,S480,GarrisonNE-2023,Airport04-2023,0,1837802,3710752,7345950,6986357,-0.389589,unrelated
S169,S170,GarrisonNE-2023,GarrisonNE-2023,1,2041210,3422106,7604273,7764576,-0.312515,unrelated
S169,S171,GarrisonNE-2023,GarrisonNE-2023,1,2086728,3596632,7604273,7653982,-0.334674,unrelated
S169,S172,GarrisonNE-2023,GarrisonNE-2023,1,1935010,3366160,7604273,7231927,-0.323352,unrelated
S169,S173,GarrisonNE-2023,GarrisonNE-2023,1,1928037,3409879,7604273,7337001,-0.327397,unrelated
S169,S185,GarrisonNE-2023,H10-2023,0,1983617,3459687,7604273,7318923,-0.330744,unrelated
S169,S186,GarrisonNE-2023,H10-2023,0,2040809,3222626,7604273,7677072,-0.288224,unrelated
S169,S187,GarrisonNE-2023,H10-2023,0,2041139,3357230,7604273,7514517,-0.309107,unrelated
S169,S188,GarrisonNE-2023,H10-2023,0,1885284,3634786,7604273,7202055,-0.363648,unrelated
S169,S189,GarrisonNE-2023,H10-2023,0,2160104,3237133,7604273,8104414,-0.274635,unrelated
S169,S190,GarrisonNE-2023,H10-2023,0,2071093,3475859,7604273,7760518,-0.317650,unrelated
S169,S191,GarrisonNE-2023,H10-2023,0,2018274,3497128,7604273,7306259,-0.333723,unrelated
S169,S206,GarrisonNE-2023,H15-2023,0,2078209,3208442,7604273,7783850,-0.281950,unrelated
S169,S207,GarrisonNE-2023,H15-2023,0,2032111,3530646,7604273,7707947,-0.328442,unrelated
S169,S208,GarrisonNE-2023,H15-2023,0,2000420,3422968,7604273,7490866,-0.320998,unrelated
S169,S209,GarrisonNE-2023,H15-2023,0,2048375,3533559,7604273,7723624,-0.327425,unrelated
S169,S210,GarrisonNE-2023,H15-2023,0,2063668,3394225,7604273,7739257,-0.307933,unrelated
S169,S211,GarrisonNE-2023,H15-2023,0,1977852,3485009,7604273,7405367,-0.332597,unrelated
S169,S212,GarrisonNE-2023,H15-2023,0,809512,4715420,7604273,3113003,-0.804433,unrelated
S169,S219,GarrisonNE-2023,H41-2023,0,2012562,3292533,7604273,7585961,-0.301016,unrelated
S169,S220,GarrisonNE-2023,H41-2023,0,1901715,3463491,7604273,7179670,-0.339914,unrelated
S169,S221,GarrisonNE-2023,H41-2023,0,41184,5838563,7604273,158911,-1.498862,unrelated
S169,S222,GarrisonNE-2023,H41-2023,0,386229,5336337,7604273,1476333,-1.132793,unrelated
S169,S223,GarrisonNE-2023,H41-2023,0,1016143,4395370,7604273,3926923,-0.674223,unrelated
S169,S224,GarrisonNE-2023,H41-2023,0,2132923,3349697,7604273,7733862,-0.297720,unrelated
S169,S225,GarrisonNE-2023,H41-2023,0,1894887,3561829,7604273,7293024,-0.350988,unrelated
S169,S250,GarrisonNE-2023,H66-2023,0,2050284,3557100,7604273,7497400,-0.335322,unrelated
S169,S251,GarrisonNE-2023,H66-2023,0,1949797,3638504,7604273,7298189,-0.357472,unrelated
S169,S252,GarrisonNE-2023,H66-2023,0,2107605,3419209,7604273,7784671,-0.307416,unrelated
S169,S253,GarrisonNE-2023,H66-2023,0,2083324,3419740,7604273,7828319,-0.308189,unrelated
S169,S254,GarrisonNE-2023,H66-2023,0,2079048,3466964,7604273,7899268,-0.313147,unrelated
S169,S255,GarrisonNE-2023,H66-2023,0,1593419,3924670,7604273,6261999,-0.451161,unrelated
S169,S256,GarrisonNE-2023,H66-2023,0,1917605,3615954,7604273,7050507,-0.362633,unrelated
S169,S257,GarrisonNE-2023,H66-2023,0,1962615,3521481,7604273,7226941,-0.342544,unrelated
S169,S258,GarrisonNE-2023,H66-2023,0,1982587,3488176,7604273,7345804,-0.334029,unrelated
S169,S259,GarrisonNE-2023,H66-2023,0,2043895,3505766,7604273,7685226,-0.324905,unrelated
S169,S260,GarrisonNE-2023,H66-2023,0,2079666,3389179,7604273,7760564,-0.305808,unrelated
S169,S288,GarrisonNE-2023,Du-2023,0,2042247,3459459,7604273,7781391,-0.316962,unrelated
S169,S289,GarrisonNE-2023,Du-2023,0,2231400,3262344,7604273,8243626,-0.270906,unrelated
S169,S290,GarrisonNE-2023,Du-2023,0,2241122,3174963,7604273,8328446,-0.257885,unrelated
S169,S291,GarrisonNE-2023,Du-2023,0,2283765,3247373,7604273,8614604,-0.259635,unrelated
S169,S292,GarrisonNE-2023,Du-2023,0,2500793,3040768,7604273,9175472,-0.213397,unrelated
S169,S293,GarrisonNE-2023,Du-2023,0,2450709,2972352,7604273,9002064,-0.210401,unrelated
S169,S294,GarrisonNE-2023,Du-2023,0,2187293,3233998,7604273,8280057,-0.269492,unrelated
S169,S312,GarrisonNE-2023,OkrayGrosheks40-2023,0,2119595,3370576,7604273,7983456,-0.296487,unrelated
S169,S313,GarrisonNE-2023,OkrayGrosheks40-2023,0,2000085,3528941,7604273,7465948,-0.335615,unrelated
S169,S314,GarrisonNE-2023,OkrayGrosheks40-2023,0,2110653,3470404,7604273,7693326,-0.315746,unrelated
S169,S315,GarrisonNE-2023,OkrayGrosheks40-2023,0,2156722,3343551,7604273,7911196,-0.291991,unrelated
S169,S316,GarrisonNE-2023,OkrayGrosheks40-2023,0,2117984,3454182,7604273,7767507,-0.311635,unrelated
S169,S317,GarrisonNE-2023,OkrayGrosheks40-2023,0,2182317,3308967,7604273,8428115,-0.276666,unrelated
S169,S318,GarrisonNE-2023,OkrayGrosheks40-2023,0,1984042,3545908,7604273,7352916,-0.341493,unrelated
S169,S328,GarrisonNE-2023,LaszSE-O14-2023,0,2120918,3406867,7604273,7746042,-0.305715,unrelated
S169,S329,GarrisonNE-2023,LaszSE-O14-2023,0,2074693,3509531,7604273,7797235,-0.321031,unrelated
S169,S330,GarrisonNE-2023,LaszSE-O14-2023,0,1970965,3600633,7604273,7462058,-0.347152,unrelated
S169,S331,GarrisonNE-2023,LaszSE-O14-2023,0,2032460,3549898,7604273,7438819,-0.336855,unrelated
S169,S332,GarrisonNE-2023,LaszSE-O14-2023,0,2298331,3206424,7604273,8314732,-0.258466,unrelated
S169,S370,GarrisonNE-2023,BrikalskiPats-2023,0,1986700,3580582,7604273,7223088,-0.348981,unrelated
S169,S371,GarrisonNE-2023,BrikalskiPats-2023,0,2037231,3516109,7604273,7850890,-0.323192,unrelated
S169,S372,GarrisonNE-2023,BrikalskiPats-2023,0,2101784,3423696,7604273,7962119,-0.304862,unrelated
S169,S373,GarrisonNE-2023,BrikalskiPats-2023,0,2057537,3447729,7604273,7688767,-0.316348,unrelated
S169,S374,GarrisonNE-2023,BrikalskiPats-2023,0,2025894,3479068,7604273,7505467,-0.326428,unrelated
S169,S375,GarrisonNE-2023,BrikalskiPats-2023,0,2046707,3405310,7604273,7610693,-0.313107,unrelated
S169,S376,GarrisonNE-2023,BrikalskiPats-2023,0,2001911,3591068,7604273,7674386,-0.339050,unrelated
S169,S386,GarrisonNE-2023,DaveBrilowski-2023,0,2055813,3421504,7604273,7581179,-0.315249,unrelated
S169,S387,GarrisonNE-2023,DaveBrilowski-2023,0,2015288,3482143,7604273,7340180,-0.331160,unrelated
S169,S388,GarrisonNE-2023,DaveBrilowski-2023,0,2081181,3469193,7604273,7711070,-0.317146,unrelated
S169,S389,GarrisonNE-2023,DaveBrilowski-2023,0,2047572,3375483,7604273,7419012,-0.313074,unrelated
S169,S390,GarrisonNE-2023,DaveBrilowski-2023,0,2026692,3455709,7604273,7664668,-0.319913,unrelated
S169,S391,GarrisonNE-2023,DaveBrilowski-2023,0,2075903,3416047,7604273,7786721,-0.309024,unrelated
S169,S392,GarrisonNE-2023,DaveBrilowski-2023,0,2092408,3430178,7604273,7941139,-0.306711,unrelated
S169,S418,GarrisonNE-2023,Wysocki1129-2023,0,2080940,3394149,7604273,7606408,-0.309477,unrelated
S169,S419,GarrisonNE-2023,Wysocki1129-2023,0,1875908,3539709,7604273,7110209,-0.353632,unrelated
S169,S420,GarrisonNE-2023,Wysocki1129-2023,0,2081542,3418580,7604273,7733647,-0.310056,unrelated
S169,S421,GarrisonNE-2023,Wysocki1129-2023,0,2048279,3388134,7604273,7799266,-0.306942,unrelated
S169,S422,GarrisonNE-2023,Wysocki1129-2023,0,2116699,3640648,7604273,7735411,-0.336682,unrelated
S169,S423,GarrisonNE-2023,Wysocki1129-2023,0,2121809,3367408,7604273,7838314,-0.298720,unrelated
S169,S424,GarrisonNE-2023,Wysocki1129-2023,0,1983885,3609009,7604273,7581744,-0.344668,unrelated
S169,S442,GarrisonNE-2023,Wedekind_3-2023,0,1740948,3704837,7604273,6337465,-0.406601,unrelated
S169,S443,GarrisonNE-2023,Wedekind_3-2023,0,1993539,3490668,7604273,7460484,-0.331090,unrelated
S169,S444,GarrisonNE-2023,Wedekind_3-2023,0,1956375,3553750,7604273,7291631,-0.345808,unrelated
S169,S445,GarrisonNE-2023,Wedekind_3-2023,0,2023413,3497765,7604273,7860728,-0.321508,unrelated
S169,S446,GarrisonNE-2023,Wedekind_3-2023,0,1978483,3525463,7604273,7648040,-0.332569,unrelated
S169,S447,GarrisonNE-2023,Wedekind_3-2023,0,2118967,3401343,7604273,7678231,-0.306476,unrelated
S169,S448,GarrisonNE-2023,Wedekind_3-2023,0,2017450,3456677,7604273,7296097,-0.328576,unrelated
S169,S474,GarrisonNE-2023,Airport04-2023,0,2036206,3382567,7604273,7804708,-0.306894,unrelated
S169,S475,GarrisonNE-2023,Airport04-2023,0,2181633,3174890,7604273,8082784,-0.265706,unrelated
S169,S476,GarrisonNE-2023,Airport04-2023,0,1952595,3512017,7604273,7482884,-0.336143,unrelated
S169,S477,GarrisonNE-2023,Airport04-2023,0,1985824,3337321,7604273,7485865,-0.310721,unrelated
S169,S478,GarrisonNE-2023,Airport04-2023,0,2070005,3359253,7604273,7652969,-0.304675,unrelated
S169,S479,GarrisonNE-2023,Airport04-2023,0,1970915,3398993,7604273,7412292,-0.321450,unrelated
S169,S480,GarrisonNE-2023,Airport04-2023,0,1844126,3589946,7604273,6986357,-0.365698,unrelated
S170,S171,GarrisonNE-2023,GarrisonNE-2023,1,2046082,3410660,7764576,7653982,-0.309707,unrelated
S170,S172,GarrisonNE-2023,GarrisonNE-2023,1,1897002,3420456,7764576,7231927,-0.329671,unrelated
S170,S173,GarrisonNE-2023,GarrisonNE-2023,1,1928959,3365092,7764576,7337001,-0.317929,unrelated
S170,S185,GarrisonNE-2023,H10-2023,0,1947567,3402970,7764576,7318923,-0.322099,unrelated
S170,S186,GarrisonNE-2023,H10-2023,0,2080726,3414281,7764576,7677072,-0.307470,unrelated
S170,S187,GarrisonNE-2023,H10-2023,0,2032263,3314329,7764576,7514517,-0.300829,unrelated
S170,S188,GarrisonNE-2023,H10-2023,0,1951686,3493814,7764576,7202055,-0.336478,unrelated
S170,S189,GarrisonNE-2023,H10-2023,0,2216874,3160115,7764576,8104414,-0.258577,unrelated
S170,S190,GarrisonNE-2023,H10-2023,0,2156678,3390075,7764576,7760518,-0.297806,unrelated
S170,S191,GarrisonNE-2023,H10-2023,0,1961507,3508538,7764576,7306259,-0.335454,unrelated
S170,S206,GarrisonNE-2023,H15-2023,0,2022989,3251929,7764576,7783850,-0.288188,unrelated
S170,S207,GarrisonNE-2023,H15-2023,0,2176512,3434429,7764576,7707947,-0.303270,unrelated
S170,S208,GarrisonNE-2023,H15-2023,0,2020655,3520431,7764576,7490866,-0.329076,unrelated
S170,S209,GarrisonNE-2023,H15-2023,0,2195684,3286233,7764576,7723624,-0.282588,unrelated
S170,S210,GarrisonNE-2023,H15-2023,0,2113996,3411418,7764576,7739257,-0.303721,unrelated
S170,S211,GarrisonNE-2023,H15-2023,0,2011432,3470051,7764576,7405367,-0.324897,unrelated
S170,S212,GarrisonNE-2023,H15-2023,0,796880,4686282,7764576,3113003,-0.788382,unrelated
S170,S219,GarrisonNE-2023,H41-2023,0,1961748,3245797,7764576,7585961,-0.295094,unrelated
S170,S220,GarrisonNE-2023,H41-2023,0,1844494,3399140,7764576,7179670,-0.331485,unrelated
S170,S221,GarrisonNE-2023,H41-2023,0,42209,5837457,7764576,158911,-1.468129,unrelated
S170,S222,GarrisonNE-2023,H41-2023,0,382500,5334212,7764576,1476333,-1.113086,unrelated
S170,S223,GarrisonNE-2023,H41-2023,0,1005830,4386452,7764576,3926923,-0.664335,unrelated
S170,S224,GarrisonNE-2023,H41-2023,0,2073834,3340693,7764576,7733862,-0.297291,unrelated
S170,S225,GarrisonNE-2023,H41-2023,0,1969451,3602503,7764576,7293024,-0.347702,unrelated
S170,S250,GarrisonNE-2023,H66-2023,0,2037522,3402544,7764576,7497400,-0.312382,unrelated
S170,S251,GarrisonNE-2023,H66-2023,0,2047999,3373785,7764576,7298189,-0.311999,unrelated
S170,S252,GarrisonNE-2023,H66-2023,0,2121301,3325515,7764576,7784671,-0.291315,unrelated
S170,S253,GarrisonNE-2023,H66-2023,0,2230363,3292672,7764576,7828319,-0.279293,unrelated
S170,S254,GarrisonNE-2023,H66-2023,0,2209839,3391699,7764576,7899268,-0.291982,unrelated
S170,S255,GarrisonNE-2023,H66-2023,0,1678590,3699830,7764576,6261999,-0.407874,unrelated
S170,S256,GarrisonNE-2023,H66-2023,0,1887042,3562543,7764576,7050507,-0.353562,unrelated
S170,S257,GarrisonNE-2023,H66-2023,0,1933952,3593095,7764576,7226941,-0.350347,unrelated
S170,S258,GarrisonNE-2023,H66-2023,0,1973561,3432849,7764576,7345804,-0.323760,unrelated
S170,S259,GarrisonNE-2023,H66-2023,0,2079686,3419887,7764576,7685226,-0.308100,unrelated
S170,S260,GarrisonNE-2023,H66-2023,0,2139303,3302652,7764576,7760564,-0.287663,unrelated
S170,S288,GarrisonNE-2023,Du-2023,0,2130286,3164618,7764576,7781391,-0.270099,unrelated
S170,S289,GarrisonNE-2023,Du-2023,0,2188713,3288426,7764576,8243626,-0.274118,unrelated
S170,S290,GarrisonNE-2023,Du-2023,0,2259378,3200011,7764576,8328446,-0.257294,unrelated
S170,S291,GarrisonNE-2023,Du-2023,0,2371113,3094337,7764576,8614604,-0.233074,unrelated
S170,S292,GarrisonNE-2023,Du-2023,0,2448090,2942270,7764576,9175472,-0.202860,unrelated
S170,S293,GarrisonNE-2023,Du-2023,0,2404164,3013045,7764576,9002064,-0.216020,unrelated
S170,S294,GarrisonNE-2023,Du-2023,0,2275395,3290446,7764576,8280057,-0.268345,unrelated
S170,S312,GarrisonNE-2023,OkrayGrosheks40-2023,0,2217646,3318497,7764576,7983456,-0.280629,unrelated
S170,S313,GarrisonNE-2023,OkrayGrosheks40-2023,0,1994884,3420900,7764576,7465948,-0.318237,unrelated
S170,S314,GarrisonNE-2023,OkrayGrosheks40-2023,0,2061375,3396440,7764576,7693326,-0.306090,unrelated
S170,S315,GarrisonNE-2023,OkrayGrosheks40-2023,0,2123513,3360740,7764576,7911196,-0.293317,unrelated
S170,S316,GarrisonNE-2023,OkrayGrosheks40-2023,0,2047351,3467514,7764576,7767507,-0.314683,unrelated
S170,S317,GarrisonNE-2023,OkrayGrosheks40-2023,0,2295517,3212539,7764576,8428115,-0.255026,unrelated
S170,S318,GarrisonNE-2023,OkrayGrosheks40-2023,0,1949901,3517213,7764576,7352916,-0.336334,unrelated
S170,S328,GarrisonNE-2023,LaszSE-O14-2023,0,2039429,3529987,7764576,7746042,-0.323684,unrelated
S170,S329,GarrisonNE-2023,LaszSE-O14-2023,0,2153162,3361145,7764576,7797235,-0.293612,unrelated
S170,S330,GarrisonNE-2023,LaszSE-O14-2023,0,2071888,3382426,7764576,7462058,-0.308208,unrelated
S170,S331,GarrisonNE-2023,LaszSE-O14-2023,0,1999139,3490947,7764576,7438819,-0.327740,unrelated
S170,S332,GarrisonNE-2023,LaszSE-O14-2023,0,2257477,3226004,7764576,8314732,-0.260865,unrelated
S170,S370,GarrisonNE-2023,BrikalskiPats-2023,0,1942864,3493760,7764576,7223088,-0.336587,unrelated
S170,S371,GarrisonNE-2023,BrikalskiPats-2023,0,2169749,3398595,7764576,7850890,-0.296337,unrelated
S170,S372,GarrisonNE-2023,BrikalskiPats-2023,0,2175133,3376354,7764576,7962119,-0.291070,unrelated
S170,S373,GarrisonNE-2023,BrikalskiPats-2023,0,2126314,3463400,7764576,7688767,-0.310644,unrelated
S170,S374,GarrisonNE-2023,BrikalskiPats-2023,0,2029137,3584463,7764576,7505467,-0.336593,unrelated
S170,S375,GarrisonNE-2023,BrikalskiPats-2023,0,2029660,3557633,7764576,7610693,-0.330765,unrelated
S170,S376,GarrisonNE-2023,BrikalskiPats-2023,0,2104061,3507220,7764576,7674386,-0.318051,unrelated
S170,S386,GarrisonNE-2023,DaveBrilowski-2023,0,2009007,3552972,7764576,7581179,-0.332140,unrelated
S170,S387,GarrisonNE-2023,DaveBrilowski-2023,0,1955849,3519283,7764576,7340180,-0.336498,unrelated
S170,S388,GarrisonNE-2023,DaveBrilowski-2023,0,2053969,3489630,7764576,7711070,-0.318261,unrelated
S170,S389,GarrisonNE-2023,DaveBrilowski-2023,0,1954730,3539391,7764576,7419012,-0.337473,unrelated
S170,S390,GarrisonNE-2023,DaveBrilowski-2023,0,2085132,3417576,7764576,7664668,-0.307858,unrelated
S170,S391,GarrisonNE-2023,DaveBrilowski-2023,0,2151074,3474209,7764576,7786721,-0.308485,unrelated
S170,S392,GarrisonNE-2023,DaveBrilowski-2023,0,2220055,3359366,7764576,7941139,-0.286436,unrelated
S170,S418,GarrisonNE-2023,Wysocki1129-2023,0,2053286,3398357,7764576,7606408,-0.308596,unrelated
S170,S419,GarrisonNE-2023,Wysocki1129-2023,0,1957265,3433289,7764576,7110209,-0.330043,unrelated
S170,S420,GarrisonNE-2023,Wysocki1129-2023,0,2107461,3341015,7764576,7733647,-0.295167,unrelated
S170,S421,GarrisonNE-2023,Wysocki1129-2023,0,2107554,3331170,7764576,7799266,-0.292652,unrelated
S170,S422,GarrisonNE-2023,Wysocki1129-2023,0,2073437,3451307,7764576,7735411,-0.311560,unrelated
S170,S423,GarrisonNE-2023,Wysocki1129-2023,0,2153442,3313021,7764576,7838314,-0.286652,unrelated
S170,S424,GarrisonNE-2023,Wysocki1129-2023,0,2084928,3520389,7764576,7581744,-0.322934,unrelated
S170,S442,GarrisonNE-2023,Wedekind_3-2023,0,1678790,3859322,7764576,6337465,-0.428296,unrelated
S170,S443,GarrisonNE-2023,Wedekind_3-2023,0,1997644,3426655,7764576,7460484,-0.318926,unrelated
S170,S444,GarrisonNE-2023,Wedekind_3-2023,0,1982286,3514750,7764576,7291631,-0.335225,unrelated
S170,S445,GarrisonNE-2023,Wedekind_3-2023,0,2167937,3479684,7764576,7860728,-0.306646,unrelated
S170,S446,GarrisonNE-2023,Wedekind_3-2023,0,2125684,3357731,7764576,7648040,-0.297794,unrelated
S170,S447,GarrisonNE-2023,Wedekind_3-2023,0,2078340,3397040,7764576,7678231,-0.305368,unrelated
S170,S448,GarrisonNE-2023,Wedekind_3-2023,0,1959826,3525746,7764576,7296097,-0.338077,unrelated
S170,S474,GarrisonNE-2023,Airport04-2023,0,2168146,3289298,7764576,7804708,-0.283279,unrelated
S170,S475,GarrisonNE-2023,Airport04-2023,0,2144288,3225338,7764576,8082784,-0.271742,unrelated
S170,S476,GarrisonNE-2023,Airport04-2023,0,2016861,3407763,7764576,7482884,-0.314719,unrelated
S170,S477,GarrisonNE-2023,Airport04-2023,0,2034279,3286270,7764576,7485865,-0.297582,unrelated
S170,S478,GarrisonNE-2023,Airport04-2023,0,2071469,3367930,7764576,7652969,-0.302538,unrelated
S170,S479,GarrisonNE-2023,Airport04-2023,0,2015304,3469904,7764576,7412292,-0.324474,unrelated
S170,S480,GarrisonNE-2023,Airport04-2023,0,1910814,3491836,7764576,6986357,-0.343901,unrelated
S171,S172,GarrisonNE-2023,GarrisonNE-2023,1,1953704,3496947,7653982,7231927,-0.338588,unrelated
S171,S173,GarrisonNE-2023,GarrisonNE-2023,1,1947964,3391727,7653982,7337001,-0.322560,unrelated
S171,S185,GarrisonNE-2023,H10-2023,0,1987132,3375161,7653982,7318923,-0.318121,unrelated
S171,S186,GarrisonNE-2023,H10-2023,0,2046553,3407099,7653982,7677072,-0.310980,unrelated
S171,S187,GarrisonNE-2023,H10-2023,0,2007209,3380822,7653982,7514517,-0.313441,unrelated
S171,S188,GarrisonNE-2023,H10-2023,0,1989682,3480278,7653982,7202055,-0.334603,unrelated
S171,S189,GarrisonNE-2023,H10-2023,0,2194054,3155178,7653982,8104414,-0.261213,unrelated
S171,S190,GarrisonNE-2023,H10-2023,0,2056845,3480928,7653982,7760518,-0.318208,unrelated
S171,S191,GarrisonNE-2023,H10-2023,0,2074420,3574778,7653982,7306259,-0.339242,unrelated
S171,S206,GarrisonNE-2023,H15-2023,0,2031877,3284632,7653982,7783850,-0.293913,unrelated
S171,S207,GarrisonNE-2023,H15-2023,0,2091119,3444260,7653982,7707947,-0.312292,unrelated
S171,S208,GarrisonNE-2023,H15-2023,0,2008849,3481287,7653982,7490866,-0.327090,unrelated
S171,S209,GarrisonNE-2023,H15-2023,0,2085831,3455104,7653982,7723624,-0.313727,unrelated
S171,S210,GarrisonNE-2023,H15-2023,0,2056407,3457282,7653982,7739257,-0.315603,unrelated
S171,S211,GarrisonNE-2023,H15-2023,0,2033943,3487869,7653982,7405367,-0.328155,unrelated
S171,S212,GarrisonNE-2023,H15-2023,0,797485,4791694,7653982,3113003,-0.816004,unrelated
S171,S219,GarrisonNE-2023,H41-2023,0,2061875,3269273,7653982,7585961,-0.293746,unrelated
S171,S220,GarrisonNE-2023,H41-2023,0,1993929,3437232,7653982,7179670,-0.329018,unrelated
S171,S221,GarrisonNE-2023,H41-2023,0,42106,5938050,7653982,158911,-1.514675,unrelated
S171,S222,GarrisonNE-2023,H41-2023,0,377846,5438453,7653982,1476333,-1.149912,unrelated
S171,S223,GarrisonNE-2023,H41-2023,0,985191,4454310,7653982,3926923,-0.684180,unrelated
S171,S224,GarrisonNE-2023,H41-2023,0,2110850,3309972,7653982,7733862,-0.293030,unrelated
S171,S225,GarrisonNE-2023,H41-2023,0,1990068,3557986,7653982,7293024,-0.342939,unrelated
S171,S250,GarrisonNE-2023,H66-2023,0,2117693,3536745,7653982,7497400,-0.327085,unrelated
S171,S251,GarrisonNE-2023,H66-2023,0,2058782,3545833,7653982,7298189,-0.336599,unrelated
S171,S252,GarrisonNE-2023,H66-2023,0,2113934,3354046,7653982,7784671,-0.297575,unrelated
S171,S253,GarrisonNE-2023,H66-2023,0,2093724,3456576,7653982,7828319,-0.311286,unrelated
S171,S254,GarrisonNE-2023,H66-2023,0,2077752,3422006,7653982,7899268,-0.306448,unrelated
S171,S255,GarrisonNE-2023,H66-2023,0,1619364,3823029,7653982,6261999,-0.433077,unrelated
S171,S256,GarrisonNE-2023,H66-2023,0,2000635,3614123,7653982,7050507,-0.355511,unrelated
S171,S257,GarrisonNE-2023,H66-2023,0,2024084,3628754,7653982,7226941,-0.351687,unrelated
S171,S258,GarrisonNE-2023,H66-2023,0,2071113,3524949,7653982,7345804,-0.331924,unrelated
S171,S259,GarrisonNE-2023,H66-2023,0,2084053,3459184,7653982,7685226,-0.315161,unrelated
S171,S260,GarrisonNE-2023,H66-2023,0,2092280,3452685,7653982,7760564,-0.312243,unrelated
S171,S288,GarrisonNE-2023,Du-2023,0,2171659,3336589,7653982,7781391,-0.291637,unrelated
S171,S289,GarrisonNE-2023,Du-2023,0,2204320,3301806,7653982,8243626,-0.276727,unrelated
S171,S290,GarrisonNE-2023,Du-2023,0,2236224,3240451,7653982,8328446,-0.265584,unrelated
S171,S291,GarrisonNE-2023,Du-2023,0,2294166,3235173,7653982,8614604,-0.256702,unrelated
S171,S292,GarrisonNE-2023,Du-2023,0,2521739,3010152,7653982,9175472,-0.207883,unrelated
S171,S293,GarrisonNE-2023,Du-2023,0,2399708,3134883,7653982,9002064,-0.232352,unrelated
S171,S294,GarrisonNE-2023,Du-2023,0,2157027,3288501,7653982,8280057,-0.277392,unrelated
S171,S312,GarrisonNE-2023,OkrayGrosheks40-2023,0,2104092,3428284,7653982,7983456,-0.303917,unrelated
S171,S313,GarrisonNE-2023,OkrayGrosheks40-2023,0,2058557,3573261,7653982,7465948,-0.336507,unrelated
S171,S314,GarrisonNE-2023,OkrayGrosheks40-2023,0,2202766,3454128,7653982,7693326,-0.306600,unrelated
S171,S315,GarrisonNE-2023,OkrayGrosheks40-2023,0,2179704,3322760,7653982,7911196,-0.286911,unrelated
S171,S316,GarrisonNE-2023,OkrayGrosheks40-2023,0,2206206,3440099,7653982,7767507,-0.303083,unrelated
S171,S317,GarrisonNE-2023,OkrayGrosheks40-2023,0,2200121,3303122,7653982,8428115,-0.273977,unrelated
S171,S318,GarrisonNE-2023,OkrayGrosheks40-2023,0,2062109,3571924,7653982,7352916,-0.338627,unrelated
S171,S328,GarrisonNE-2023,LaszSE-O14-2023,0,2220020,3486069,7653982,7746042,-0.308579,unrelated
S171,S329,GarrisonNE-2023,LaszSE-O14-2023,0,2122709,3518247,7653982,7797235,-0.318019,unrelated
S171,S330,GarrisonNE-2023,LaszSE-O14-2023,0,2057385,3608958,7653982,7462058,-0.341394,unrelated
S171,S331,GarrisonNE-2023,LaszSE-O14-2023,0,2078201,3435460,7653982,7438819,-0.317550,unrelated
S171,S332,GarrisonNE-2023,LaszSE-O14-2023,0,2248632,3328314,7653982,8314732,-0.276040,unrelated
S171,S370,GarrisonNE-2023,BrikalskiPats-2023,0,2071309,3621673,7653982,7223088,-0.347652,unrelated
S171,S371,GarrisonNE-2023,BrikalskiPats-2023,0,2048984,3494055,7653982,7850890,-0.318553,unrelated
S171,S372,GarrisonNE-2023,BrikalskiPats-2023,0,2150243,3335619,7653982,7962119,-0.289509,unrelated
S171,S373,GarrisonNE-2023,BrikalskiPats-2023,0,2080973,3417920,7653982,7688767,-0.309910,unrelated
S171,S374,GarrisonNE-2023,BrikalskiPats-2023,0,2034032,3485769,7653982,7505467,-0.325705,unrelated
S171,S375,GarrisonNE-2023,BrikalskiPats-2023,0,2043153,3477832,7653982,7610693,-0.321822,unrelated
S171,S376,GarrisonNE-2023,BrikalskiPats-2023,0,2098969,3504222,7653982,7674386,-0.320287,unrelated
S171,S386,GarrisonNE-2023,DaveBrilowski-2023,0,2028659,3517075,7653982,7581179,-0.328549,unrelated
S171,S387,GarrisonNE-2023,DaveBrilowski-2023,0,2082290,3616352,7653982,7340180,-0.343495,unrelated
S171,S388,GarrisonNE-2023,DaveBrilowski-2023,0,2098243,3496300,7653982,7711070,-0.318538,unrelated
S171,S389,GarrisonNE-2023,DaveBrilowski-2023,0,2098183,3676909,7653982,7419012,-0.348679,unrelated
S171,S390,GarrisonNE-2023,DaveBrilowski-2023,0,2066117,3345379,7653982,7664668,-0.301896,unrelated
S171,S391,GarrisonNE-2023,DaveBrilowski-2023,0,2067197,3463880,7653982,7786721,-0.314789,unrelated
S171,S392,GarrisonNE-2023,DaveBrilowski-2023,0,2153053,3413505,7653982,7941139,-0.299706,unrelated
S171,S418,GarrisonNE-2023,Wysocki1129-2023,0,2094220,3461281,7653982,7606408,-0.316397,unrelated
S171,S419,GarrisonNE-2023,Wysocki1129-2023,0,1896266,3546759,7653982,7110209,-0.352017,unrelated
S171,S420,GarrisonNE-2023,Wysocki1129-2023,0,2106093,3358034,7653982,7733647,-0.299590,unrelated
S171,S421,GarrisonNE-2023,Wysocki1129-2023,0,2069204,3390258,7653982,7799266,-0.304875,unrelated
S171,S422,GarrisonNE-2023,Wysocki1129-2023,0,2092860,3622786,7653982,7735411,-0.334822,unrelated
S171,S423,GarrisonNE-2023,Wysocki1129-2023,0,2140540,3387613,7653982,7838314,-0.299161,unrelated
S171,S424,GarrisonNE-2023,Wysocki1129-2023,0,2095811,3607203,7653982,7581744,-0.335960,unrelated
S171,S442,GarrisonNE-2023,Wedekind_3-2023,0,1666829,3832019,7653982,6337465,-0.428634,unrelated
S171,S443,GarrisonNE-2023,Wedekind_3-2023,0,2001473,3540811,7653982,7460484,-0.336112,unrelated
S171,S444,GarrisonNE-2023,Wedekind_3-2023,0,1968110,3582071,7653982,7291631,-0.347663,unrelated
S171,S445,GarrisonNE-2023,Wedekind_3-2023,0,2061143,3435467,7653982,7860728,-0.310015,unrelated
S171,S446,GarrisonNE-2023,Wedekind_3-2023,0,2023350,3493122,7653982,7648040,-0.324329,unrelated
S171,S447,GarrisonNE-2023,Wedekind_3-2023,0,2109558,3476984,7653982,7678231,-0.315963,unrelated
S171,S448,GarrisonNE-2023,Wedekind_3-2023,0,2054120,3631873,7653982,7296097,-0.348468,unrelated
S171,S474,GarrisonNE-2023,Airport04-2023,0,2039985,3358471,7653982,7804708,-0.302545,unrelated
S171,S475,GarrisonNE-2023,Airport04-2023,0,2155051,3286862,7653982,8082784,-0.280787,unrelated
S171,S476,GarrisonNE-2023,Airport04-2023,0,1992213,3373794,7653982,7482884,-0.314158,unrelated
S171,S477,GarrisonNE-2023,Airport04-2023,0,2037624,3322371,7653982,7485865,-0.304304,unrelated
S171,S478,GarrisonNE-2023,Airport04-2023,0,2094016,3294632,7653982,7652969,-0.293674,unrelated
S171,S479,GarrisonNE-2023,Airport04-2023,0,1998572,3322048,7653982,7412292,-0.308339,unrelated
S171,S480,GarrisonNE-2023,Airport04-2023,0,1917054,3551639,7653982,6986357,-0.354242,unrelated
S172,S173,GarrisonNE-2023,GarrisonNE-2023,1,1980555,3167707,7231927,7337001,-0.298914,unrelated
S172,S185,GarrisonNE-2023,H10-2023,0,1945824,3221354,7231927,7318923,-0.309046,unrelated
S172,S186,GarrisonNE-2023,H10-2023,0,1985009,3260703,7231927,7677072,-0.304272,unrelated
S172,S187,GarrisonNE-2023,H10-2023,0,1978456,3200291,7231927,7514517,-0.299877,unrelated
S172,S188,GarrisonNE-2023,H10-2023,0,1838490,3478576,7231927,7202055,-0.354626,unrelated
S172,S189,GarrisonNE-2023,H10-2023,0,2110945,3106723,7231927,8104414,-0.267502,unrelated
S172,S190,GarrisonNE-2023,H10-2023,0,1931628,3362878,7231927,7760518,-0.319770,unrelated
S172,S191,GarrisonNE-2023,H10-2023,0,1864665,3494903,7231927,7306259,-0.352530,unrelated
S172,S206,GarrisonNE-2023,H15-2023,0,2041542,3032890,7231927,7783850,-0.268001,unrelated
S172,S207,GarrisonNE-2023,H15-2023,0,1932088,3375788,7231927,7707947,-0.322592,unrelated
S172,S208,GarrisonNE-2023,H15-2023,0,1857491,3405891,7231927,7490866,-0.336505,unrelated
S172,S209,GarrisonNE-2023,H15-2023,0,1915864,3487676,7231927,7723624,-0.338302,unrelated
S172,S210,GarrisonNE-2023,H15-2023,0,1927186,3288106,7231927,7739257,-0.310532,unrelated
S172,S211,GarrisonNE-2023,H15-2023,0,1883304,3386993,7231927,7405367,-0.334125,unrelated
S172,S212,GarrisonNE-2023,H15-2023,0,819595,4525306,7231927,3113003,-0.795657,unrelated
S172,S219,GarrisonNE-2023,H41-2023,0,2050465,3194993,7231927,7585961,-0.292857,unrelated
S172,S220,GarrisonNE-2023,H41-2023,0,1938224,3339585,7231927,7179670,-0.328967,unrelated
S172,S221,GarrisonNE-2023,H41-2023,0,41936,5649560,7231927,158911,-1.523127,unrelated
S172,S222,GarrisonNE-2023,H41-2023,0,388258,5152020,7231927,1476333,-1.138664,unrelated
S172,S223,GarrisonNE-2023,H41-2023,0,1023202,4175583,7231927,3926923,-0.656695,unrelated
S172,S224,GarrisonNE-2023,H41-2023,0,2066561,3203636,7231927,7733862,-0.290042,unrelated
S172,S225,GarrisonNE-2023,H41-2023,0,1853220,3441348,7231927,7293024,-0.346265,unrelated
S172,S250,GarrisonNE-2023,H66-2023,0,1905405,3503114,7231927,7497400,-0.346304,unrelated
S172,S251,GarrisonNE-2023,H66-2023,0,1822875,3589686,7231927,7298189,-0.368648,unrelated
S172,S252,GarrisonNE-2023,H66-2023,0,1964166,3352651,7231927,7784671,-0.315726,unrelated
S172,S253,GarrisonNE-2023,H66-2023,0,1945502,3430640,7231927,7828319,-0.326408,unrelated
S172,S254,GarrisonNE-2023,H66-2023,0,1953685,3346299,7231927,7899268,-0.313188,unrelated
S172,S255,GarrisonNE-2023,H66-2023,0,1579014,3773293,7231927,6261999,-0.442241,unrelated
S172,S256,GarrisonNE-2023,H66-2023,0,1801084,3550949,7231927,7050507,-0.371142,unrelated
S172,S257,GarrisonNE-2023,H66-2023,0,1894000,3300611,7231927,7226941,-0.325560,unrelated
S172,S258,GarrisonNE-2023,H66-2023,0,1879449,3338428,7231927,7345804,-0.329091,unrelated
S172,S259,GarrisonNE-2023,H66-2023,0,1946652,3356610,7231927,7685226,-0.319536,unrelated
S172,S260,GarrisonNE-2023,H66-2023,0,1953732,3266357,7231927,7760564,-0.305418,unrelated
S172,S288,GarrisonNE-2023,Du-2023,0,2036323,3326557,7231927,7781391,-0.307513,unrelated
S172,S289,GarrisonNE-2023,Du-2023,0,2163542,3089683,7231927,8243626,-0.259495,unrelated
S172,S290,GarrisonNE-2023,Du-2023,0,2178565,3063971,7231927,8328446,-0.253810,unrelated
S172,S291,GarrisonNE-2023,Du-2023,0,2185339,3177108,7231927,8614604,-0.263078,unrelated
S172,S292,GarrisonNE-2023,Du-2023,0,2387655,2969676,7231927,9175472,-0.216469,unrelated
S172,S293,GarrisonNE-2023,Du-2023,0,2288666,2987710,7231927,9002064,-0.227101,unrelated
S172,S294,GarrisonNE-2023,Du-2023,0,2105240,3121861,7231927,8280057,-0.266793,unrelated
S172,S312,GarrisonNE-2023,OkrayGrosheks40-2023,0,1984802,3351311,7231927,7983456,-0.310069,unrelated
S172,S313,GarrisonNE-2023,OkrayGrosheks40-2023,0,1872426,3497223,7231927,7465948,-0.348487,unrelated
S172,S314,GarrisonNE-2023,OkrayGrosheks40-2023,0,1918240,3482934,7231927,7693326,-0.338194,unrelated
S172,S315,GarrisonNE-2023,OkrayGrosheks40-2023,0,2048348,3264886,7231927,7911196,-0.295938,unrelated
S172,S316,GarrisonNE-2023,OkrayGrosheks40-2023,0,1992270,3388506,7231927,7767507,-0.318995,unrelated
S172,S317,GarrisonNE-2023,OkrayGrosheks40-2023,0,2002633,3233570,7231927,8428115,-0.285089,unrelated
S172,S318,GarrisonNE-2023,OkrayGrosheks40-2023,0,1867703,3452763,7231927,7352916,-0.345415,unrelated
S172,S328,GarrisonNE-2023,LaszSE-O14-2023,0,1981507,3291343,7231927,7746042,-0.307196,unrelated
S172,S329,GarrisonNE-2023,LaszSE-O14-2023,0,1918357,3403610,7231927,7797235,-0.325292,unrelated
S172,S330,GarrisonNE-2023,LaszSE-O14-2023,0,1877556,3494715,7231927,7462058,-0.347889,unrelated
S172,S331,GarrisonNE-2023,LaszSE-O14-2023,0,1893206,3481494,7231927,7438819,-0.345571,unrelated
S172,S332,GarrisonNE-2023,LaszSE-O14-2023,0,2152396,3117105,7231927,8314732,-0.262552,unrelated
S172,S370,GarrisonNE-2023,BrikalskiPats-2023,0,1853515,3561604,7231927,7223088,-0.364558,unrelated
S172,S371,GarrisonNE-2023,BrikalskiPats-2023,0,1964775,3340623,7231927,7850890,-0.312705,unrelated
S172,S372,GarrisonNE-2023,BrikalskiPats-2023,0,1987824,3326044,7231927,7962119,-0.306980,unrelated
S172,S373,GarrisonNE-2023,BrikalskiPats-2023,0,1952622,3413159,7231927,7688767,-0.326640,unrelated
S172,S374,GarrisonNE-2023,BrikalskiPats-2023,0,1887671,3428737,7231927,7505467,-0.337224,unrelated
S172,S375,GarrisonNE-2023,BrikalskiPats-2023,0,1941035,3313595,7231927,7610693,-0.315723,unrelated
S172,S376,GarrisonNE-2023,BrikalskiPats-2023,0,1922760,3443444,7231927,7674386,-0.333022,unrelated
S172,S386,GarrisonNE-2023,DaveBrilowski-2023,0,1890839,3392501,7231927,7581179,-0.330394,unrelated
S172,S387,GarrisonNE-2023,DaveBrilowski-2023,0,1901013,3463273,7231927,7340180,-0.344873,unrelated
S172,S388,GarrisonNE-2023,DaveBrilowski-2023,0,1946986,3365848,7231927,7711070,-0.320197,unrelated
S172,S389,GarrisonNE-2023,DaveBrilowski-2023,0,1904421,3500944,7231927,7419012,-0.347928,unrelated
S172,S390,GarrisonNE-2023,DaveBrilowski-2023,0,1969645,3292404,7231927,7664668,-0.309813,unrelated
S172,S391,GarrisonNE-2023,DaveBrilowski-2023,0,1917357,3387790,7231927,7786721,-0.323479,unrelated
S172,S392,GarrisonNE-2023,DaveBrilowski-2023,0,1935311,3411729,7231927,7941139,-0.322159,unrelated
S172,S418,GarrisonNE-2023,Wysocki1129-2023,0,1968829,3380020,7231927,7606408,-0.322894,unrelated
S172,S419,GarrisonNE-2023,Wysocki1129-2023,0,1796367,3499755,7231927,7110209,-0.362787,unrelated
S172,S420,GarrisonNE-2023,Wysocki1129-2023,0,2005365,3264846,7231927,7733647,-0.302316,unrelated
S172,S421,GarrisonNE-2023,Wysocki1129-2023,0,1965185,3263182,7231927,7799266,-0.303448,unrelated
S172,S422,GarrisonNE-2023,Wysocki1129-2023,0,1936054,3540083,7231927,7735411,-0.343689,unrelated
S172,S423,GarrisonNE-2023,Wysocki1129-2023,0,1948435,3349611,7231927,7838314,-0.315243,unrelated
S172,S424,GarrisonNE-2023,Wysocki1129-2023,0,1900597,3445553,7231927,7581744,-0.336885,unrelated
S172,S442,GarrisonNE-2023,Wedekind_3-2023,0,1575830,3641019,7231927,6337465,-0.420521,unrelated
S172,S443,GarrisonNE-2023,Wedekind_3-2023,0,1882534,3411058,7231927,7460484,-0.336200,unrelated
S172,S444,GarrisonNE-2023,Wedekind_3-2023,0,1830448,3459178,7231927,7291631,-0.350321,unrelated
S172,S445,GarrisonNE-2023,Wedekind_3-2023,0,1905344,3419501,7231927,7860728,-0.326891,unrelated
S172,S446,GarrisonNE-2023,Wedekind_3-2023,0,1909981,3429491,7231927,7648040,-0.332595,unrelated
S172,S447,GarrisonNE-2023,Wedekind_3-2023,0,1948528,3346943,7231927,7678231,-0.318263,unrelated
S172,S448,GarrisonNE-2023,Wedekind_3-2023,0,1857627,3454544,7231927,7296097,-0.347705,unrelated
S172,S474,GarrisonNE-2023,Airport04-2023,0,1959509,3232074,7231927,7804708,-0.299578,unrelated
S172,S475,GarrisonNE-2023,Airport04-2023,0,2170104,3078566,7231927,8082784,-0.260340,unrelated
S172,S476,GarrisonNE-2023,Airport04-2023,0,1912107,3319963,7231927,7482884,-0.321297,unrelated
S172,S477,GarrisonNE-2023,Airport04-2023,0,1930425,3335777,7231927,7485865,-0.322136,unrelated
S172,S478,GarrisonNE-2023,Airport04-2023,0,2032422,3240598,7231927,7652969,-0.298878,unrelated
S172,S479,GarrisonNE-2023,Airport04-2023,0,1905851,3290161,7231927,7412292,-0.319202,unrelated
S172,S480,GarrisonNE-2023,Airport04-2023,0,1815600,3512257,7231927,6986357,-0.366353,unrelated
S173,S185,GarrisonNE-2023,H10-2023,0,1939166,3289578,7337001,7318923,-0.316595,unrelated
S173,S186,GarrisonNE-2023,H10-2023,0,2013145,3146680,7337001,7677072,-0.285080,unrelated
S173,S187,GarrisonNE-2023,H10-2023,0,1995421,3215512,7337001,7514517,-0.298663,unrelated
S173,S188,GarrisonNE-2023,H10-2023,0,1841437,3403488,7337001,7202055,-0.341531,unrelated
S173,S189,GarrisonNE-2023,H10-2023,0,2142066,3089219,7337001,8104414,-0.261399,unrelated
S173,S190,GarrisonNE-2023,H10-2023,0,1935565,3365215,7337001,7760518,-0.317593,unrelated
S173,S191,GarrisonNE-2023,H10-2023,0,1861624,3444991,7337001,7306259,-0.343391,unrelated
S173,S206,GarrisonNE-2023,H15-2023,0,2110946,3017836,7337001,7783850,-0.259557,unrelated
S173,S207,GarrisonNE-2023,H15-2023,0,1932408,3388212,7337001,7707947,-0.321970,unrelated
S173,S208,GarrisonNE-2023,H15-2023,0,1906358,3291325,7337001,7490866,-0.315372,unrelated
S173,S209,GarrisonNE-2023,H15-2023,0,1908685,3402541,7337001,7723624,-0.325112,unrelated
S173,S210,GarrisonNE-2023,H15-2023,0,1962268,3268369,7337001,7739257,-0.303422,unrelated
S173,S211,GarrisonNE-2023,H15-2023,0,1901312,3363203,7337001,7405367,-0.327294,unrelated
S173,S212,GarrisonNE-2023,H15-2023,0,819073,4500585,7337001,3113003,-0.782975,unrelated
S173,S219,GarrisonNE-2023,H41-2023,0,2018402,3125377,7337001,7585961,-0.283613,unrelated
S173,S220,GarrisonNE-2023,H41-2023,0,1947355,3220955,7337001,7179670,-0.309613,unrelated
S173,S221,GarrisonNE-2023,H41-2023,0,42898,5643418,7337001,158911,-1.500009,unrelated
S173,S222,GarrisonNE-2023,H41-2023,0,390120,5132517,7337001,1476333,-1.120452,unrelated
S173,S223,GarrisonNE-2023,H41-2023,0,1049004,4167833,7337001,3926923,-0.646903,unrelated
S173,S224,GarrisonNE-2023,H41-2023,0,2018580,3195483,7337001,7733862,-0.290122,unrelated
S173,S225,GarrisonNE-2023,H41-2023,0,1880788,3375672,7337001,7293024,-0.332915,unrelated
S173,S250,GarrisonNE-2023,H66-2023,0,1864912,3463390,7337001,7497400,-0.341225,unrelated
S173,S251,GarrisonNE-2023,H66-2023,0,1798977,3559927,7337001,7298189,-0.363567,unrelated
S173,S252,GarrisonNE-2023,H66-2023,0,1972857,3277588,7337001,7784671,-0.303030,unrelated
S173,S253,GarrisonNE-2023,H66-2023,0,1953114,3362849,7337001,7828319,-0.314704,unrelated
S173,S254,GarrisonNE-2023,H66-2023,0,1957444,3339154,7337001,7899268,-0.309844,unrelated
S173,S255,GarrisonNE-2023,H66-2023,0,1599378,3741035,7337001,6261999,-0.432583,unrelated
S173,S256,GarrisonNE-2023,H66-2023,0,1811975,3477269,7337001,7050507,-0.357433,unrelated
S173,S257,GarrisonNE-2023,H66-2023,0,1852849,3366650,7337001,7226941,-0.335105,unrelated
S173,S258,GarrisonNE-2023,H66-2023,0,1855398,3395580,7337001,7345804,-0.336159,unrelated
S173,S259,GarrisonNE-2023,H66-2023,0,1987383,3271610,7337001,7685226,-0.303273,unrelated
S173,S260,GarrisonNE-2023,H66-2023,0,2005069,3268932,7337001,7760564,-0.300234,unrelated
S173,S288,GarrisonNE-2023,Du-2023,0,2009542,3223570,7337001,7781391,-0.293523,unrelated
S173,S289,GarrisonNE-2023,Du-2023,0,2188239,3107638,7337001,8243626,-0.258464,unrelated
S173,S290,GarrisonNE-2023,Du-2023,0,2126812,3099931,7337001,8328446,-0.260002,unrelated
S173,S291,GarrisonNE-2023,Du-2023,0,2212700,3071154,7337001,8614604,-0.246346,unrelated
S173,S292,GarrisonNE-2023,Du-2023,0,2344844,2968159,7337001,9175472,-0.217501,unrelated
S173,S293,GarrisonNE-2023,Du-2023,0,2271681,2992460,7337001,9002064,-0.227261,unrelated
S173,S294,GarrisonNE-2023,Du-2023,0,2077414,3158477,7337001,8280057,-0.271469,unrelated
S173,S312,GarrisonNE-2023,OkrayGrosheks40-2023,0,2025424,3218417,7337001,7983456,-0.287942,unrelated
S173,S313,GarrisonNE-2023,OkrayGrosheks40-2023,0,1832934,3415162,7337001,7465948,-0.337594,unrelated
S173,S314,GarrisonNE-2023,OkrayGrosheks40-2023,0,1919324,3367775,7337001,7693326,-0.320434,unrelated
S173,S315,GarrisonNE-2023,OkrayGrosheks40-2023,0,2031551,3243089,7337001,7911196,-0.292141,unrelated
S173,S316,GarrisonNE-2023,OkrayGrosheks40-2023,0,1925513,3353625,7337001,7767507,-0.316577,unrelated
S173,S317,GarrisonNE-2023,OkrayGrosheks40-2023,0,2052673,3154952,7337001,8428115,-0.270041,unrelated
S173,S318,GarrisonNE-2023,OkrayGrosheks40-2023,0,1831602,3410791,7337001,7352916,-0.339687,unrelated
S173,S328,GarrisonNE-2023,LaszSE-O14-2023,0,1959772,3343416,7337001,7746042,-0.313402,unrelated
S173,S329,GarrisonNE-2023,LaszSE-O14-2023,0,1886070,3362891,7337001,7797235,-0.319786,unrelated
S173,S330,GarrisonNE-2023,LaszSE-O14-2023,0,1822119,3483000,7337001,7462058,-0.347582,unrelated
S173,S331,GarrisonNE-2023,LaszSE-O14-2023,0,1903749,3375075,7337001,7438819,-0.327995,unrelated
S173,S332,GarrisonNE-2023,LaszSE-O14-2023,0,2127678,3158348,7337001,8314732,-0.267639,unrelated
S173,S370,GarrisonNE-2023,BrikalskiPats-2023,0,1819327,3516387,7337001,7223088,-0.358064,unrelated
S173,S371,GarrisonNE-2023,BrikalskiPats-2023,0,1931617,3361424,7337001,7850890,-0.315464,unrelated
S173,S372,GarrisonNE-2023,BrikalskiPats-2023,0,2030811,3215710,7337001,7962119,-0.287638,unrelated
S173,S373,GarrisonNE-2023,BrikalskiPats-2023,0,1946689,3289169,7337001,7688767,-0.308247,unrelated
S173,S374,GarrisonNE-2023,BrikalskiPats-2023,0,1939310,3319315,7337001,7505467,-0.316613,unrelated
S173,S375,GarrisonNE-2023,BrikalskiPats-2023,0,1935104,3302033,7337001,7610693,-0.312353,unrelated
S173,S376,GarrisonNE-2023,BrikalskiPats-2023,0,1878773,3388627,7337001,7674386,-0.326318,unrelated
S173,S386,GarrisonNE-2023,DaveBrilowski-2023,0,1915852,3298713,7337001,7581179,-0.313817,unrelated
S173,S387,GarrisonNE-2023,DaveBrilowski-2023,0,1860868,3473493,7337001,7340180,-0.346532,unrelated
S173,S388,GarrisonNE-2023,DaveBrilowski-2023,0,1936654,3392423,7337001,7711070,-0.322180,unrelated
S173,S389,GarrisonNE-2023,DaveBrilowski-2023,0,1854757,3506105,7337001,7419012,-0.349515,unrelated
S173,S390,GarrisonNE-2023,DaveBrilowski-2023,0,1960850,3295647,7337001,7664668,-0.308662,unrelated
S173,S391,GarrisonNE-2023,DaveBrilowski-2023,0,1904262,3354031,7337001,7786721,-0.317633,unrelated
S173,S392,GarrisonNE-2023,DaveBrilowski-2023,0,1927815,3384696,7337001,7941139,-0.316896,unrelated
S173,S418,GarrisonNE-2023,Wysocki1129-2023,0,1958750,3318465,7337001,7606408,-0.313060,unrelated
S173,S419,GarrisonNE-2023,Wysocki1129-2023,0,1780428,3542005,7337001,7110209,-0.367101,unrelated
S173,S420,GarrisonNE-2023,Wysocki1129-2023,0,2012180,3294316,7337001,7733647,-0.303667,unrelated
S173,S421,GarrisonNE-2023,Wysocki1129-2023,0,1960536,3288979,7337001,7799266,-0.305057,unrelated
S173,S422,GarrisonNE-2023,Wysocki1129-2023,0,1983788,3544089,7337001,7735411,-0.338658,unrelated
S173,S423,GarrisonNE-2023,Wysocki1129-2023,0,1944339,3311372,7337001,7838314,-0.308290,unrelated
S173,S424,GarrisonNE-2023,Wysocki1129-2023,0,1900805,3371996,7337001,7581744,-0.324638,unrelated
S173,S442,GarrisonNE-2023,Wedekind_3-2023,0,1607592,3636478,7337001,6337465,-0.414302,unrelated
S173,S443,GarrisonNE-2023,Wedekind_3-2023,0,1873643,3397341,7337001,7460484,-0.332559,unrelated
S173,S444,GarrisonNE-2023,Wedekind_3-2023,0,1835203,3335118,7337001,7291631,-0.330518,unrelated
S173,S445,GarrisonNE-2023,Wedekind_3-2023,0,1932665,3313216,7337001,7860728,-0.308847,unrelated
S173,S446,GarrisonNE-2023,Wedekind_3-2023,0,1876715,3420593,7337001,7648040,-0.331295,unrelated
S173,S447,GarrisonNE-2023,Wedekind_3-2023,0,1946603,3356999,7337001,7678231,-0.317504,unrelated
S173,S448,GarrisonNE-2023,Wedekind_3-2023,0,1805366,3502521,7337001,7296097,-0.355337,unrelated
S173,S474,GarrisonNE-2023,Airport04-2023,0,1978472,3229989,7337001,7804708,-0.295971,unrelated
S173,S475,GarrisonNE-2023,Airport04-2023,0,2146071,3085492,7337001,8082784,-0.261023,unrelated
S173,S476,GarrisonNE-2023,Airport04-2023,0,1956080,3262526,7337001,7482884,-0.308300,unrelated
S173,S477,GarrisonNE-2023,Airport04-2023,0,1945319,3241855,7337001,7485865,-0.306175,unrelated
S173,S478,GarrisonNE-2023,Airport04-2023,0,2025853,3209523,7337001,7652969,-0.293076,unrelated
S173,S479,GarrisonNE-2023,Airport04-2023,0,1947559,3188960,7337001,7412292,-0.300378,unrelated
S173,S480,GarrisonNE-2023,Airport04-2023,0,1769850,3473097,7337001,6986357,-0.361392,unrelated
S185,S186,H10-2023,H10-2023,1,2000329,3326471,7318923,7677072,-0.310257,unrelated
S185,S187,H10-2023,H10-2023,1,2012902,3298514,7318923,7514517,-0.309040,unrelated
S185,S188,H10-2023,H10-2023,1,1845284,3413161,7318923,7202055,-0.343024,unrelated
S185,S189,H10-2023,H10-2023,1,2152121,3097688,7318923,8104414,-0.262152,unrelated
S185,S190,H10-2023,H10-2023,1,1973062,3430309,7318923,7760518,-0.324121,unrelated
S185,S191,H10-2023,H10-2023,1,1872714,3538584,7318923,7306259,-0.355856,unrelated
S185,S206,H10-2023,H15-2023,0,2046235,3127465,7318923,7783850,-0.278670,unrelated
S185,S207,H10-2023,H15-2023,0,1965110,3390345,7318923,7707947,-0.320465,unrelated
S185,S208,H10-2023,H15-2023,0,1933906,3386289,7318923,7490866,-0.326721,unrelated
S185,S209,H10-2023,H15-2023,0,1935129,3465611,7318923,7723624,-0.332131,unrelated
S185,S210,H10-2023,H15-2023,0,1999821,3307734,7318923,7739257,-0.306521,unrelated
S185,S211,H10-2023,H15-2023,0,1934224,3383605,7318923,7405367,-0.328232,unrelated
S185,S212,H10-2023,H15-2023,0,800902,4605848,7318923,3113003,-0.806255,unrelated
S185,S219,H10-2023,H41-2023,0,2009730,3165340,7318923,7585961,-0.289902,unrelated
S185,S220,H10-2023,H41-2023,0,1886328,3316860,7318923,7179670,-0.327438,unrelated
S185,S221,H10-2023,H41-2023,0,41119,5769269,7318923,158911,-1.537533,unrelated
S185,S222,H10-2023,H41-2023,0,378807,5269647,7318923,1476333,-1.155224,unrelated
S185,S223,H10-2023,H41-2023,0,1007010,4297524,7318923,3926923,-0.674741,unrelated
S185,S224,H10-2023,H41-2023,0,2054338,3194240,7318923,7733862,-0.287930,unrelated
S185,S225,H10-2023,H41-2023,0,1854567,3413921,7318923,7293024,-0.340357,unrelated
S185,S250,H10-2023,H66-2023,0,1929644,3487112,7318923,7497400,-0.340474,unrelated
S185,S251,H10-2023,H66-2023,0,1866181,3554640,7318923,7298189,-0.358696,unrelated
S185,S252,H10-2023,H66-2023,0,2037980,3298079,7318923,7784671,-0.301794,unrelated
S185,S253,H10-2023,H66-2023,0,2012555,3428715,7318923,7828319,-0.319852,unrelated
S185,S254,H10-2023,H66-2023,0,1992259,3396981,7318923,7899268,-0.315524,unrelated
S185,S255,H10-2023,H66-2023,0,1608890,3736693,7318923,6261999,-0.431819,unrelated
S185,S256,H10-2023,H66-2023,0,1852487,3511352,7318923,7050507,-0.359807,unrelated
S185,S257,H10-2023,H66-2023,0,1857329,3493024,7318923,7226941,-0.352590,unrelated
S185,S258,H10-2023,H66-2023,0,1902190,3346812,7318923,7345804,-0.326732,unrelated
S185,S259,H10-2023,H66-2023,0,2012156,3359571,7318923,7685226,-0.313712,unrelated
S185,S260,H10-2023,H66-2023,0,1987413,3349561,7318923,7760564,-0.312458,unrelated
S185,S288,H10-2023,Du-2023,0,2001682,3296743,7318923,7781391,-0.304087,unrelated
S185,S289,H10-2023,Du-2023,0,2158780,3214531,7318923,8243626,-0.274395,unrelated
S185,S290,H10-2023,Du-2023,0,2175602,3154332,7318923,8328446,-0.264138,unrelated
S185,S291,H10-2023,Du-2023,0,2215354,3126778,7318923,8614604,-0.253441,unrelated
S185,S292,H10-2023,Du-2023,0,2389170,2990857,7318923,9175472,-0.217804,unrelated
S185,S293,H10-2023,Du-2023,0,2345063,3008736,7318923,9002064,-0.225011,unrelated
S185,S294,H10-2023,Du-2023,0,2116616,3154551,7318923,8280057,-0.268767,unrelated
S185,S312,H10-2023,OkrayGrosheks40-2023,0,2018248,3384093,7318923,7983456,-0.310405,unrelated
S185,S313,H10-2023,OkrayGrosheks40-2023,0,1872037,3427670,7318923,7465948,-0.337054,unrelated
S185,S314,H10-2023,OkrayGrosheks40-2023,0,1954831,3452966,7318923,7693326,-0.329804,unrelated
S185,S315,H10-2023,OkrayGrosheks40-2023,0,2055111,3295606,7318923,7911196,-0.297838,unrelated
S185,S316,H10-2023,OkrayGrosheks40-2023,0,2006240,3307278,7318923,7767507,-0.305461,unrelated
S185,S317,H10-2023,OkrayGrosheks40-2023,0,2075170,3224696,7318923,8428115,-0.277781,unrelated
S185,S318,H10-2023,OkrayGrosheks40-2023,0,1892443,3388253,7318923,7352916,-0.332887,unrelated
S185,S328,H10-2023,LaszSE-O14-2023,0,2001948,3391174,7318923,7746042,-0.317319,unrelated
S185,S329,H10-2023,LaszSE-O14-2023,0,1968732,3421044,7318923,7797235,-0.322394,unrelated
S185,S330,H10-2023,LaszSE-O14-2023,0,1898329,3507010,7318923,7462058,-0.346100,unrelated
S185,S331,H10-2023,LaszSE-O14-2023,0,1927789,3449721,7318923,7438819,-0.336884,unrelated
S185,S332,H10-2023,LaszSE-O14-2023,0,2156973,3191781,7318923,8314732,-0.270352,unrelated
S185,S370,H10-2023,BrikalskiPats-2023,0,1872868,3520917,7318923,7223088,-0.355451,unrelated
S185,S371,H10-2023,BrikalskiPats-2023,0,1974876,3403410,7318923,7850890,-0.318524,unrelated
S185,S372,H10-2023,BrikalskiPats-2023,0,2051732,3302441,7318923,7962119,-0.297961,unrelated
S185,S373,H10-2023,BrikalskiPats-2023,0,1972903,3357992,7318923,7688767,-0.316043,unrelated
S185,S374,H10-2023,BrikalskiPats-2023,0,1949406,3397039,7318923,7505467,-0.326804,unrelated
S185,S375,H10-2023,BrikalskiPats-2023,0,1959527,3414375,7318923,7610693,-0.326145,unrelated
S185,S376,H10-2023,BrikalskiPats-2023,0,1925936,3387634,7318923,7674386,-0.323433,unrelated
S185,S386,H10-2023,DaveBrilowski-2023,0,1947981,3424645,7318923,7581179,-0.328945,unrelated
S185,S387,H10-2023,DaveBrilowski-2023,0,1921156,3476386,7318923,7340180,-0.343242,unrelated
S185,S388,H10-2023,DaveBrilowski-2023,0,1976058,3384080,7318923,7711070,-0.318836,unrelated
S185,S389,H10-2023,DaveBrilowski-2023,0,1927582,3534862,7318923,7419012,-0.348905,unrelated
S185,S390,H10-2023,DaveBrilowski-2023,0,1971315,3369627,7318923,7664668,-0.318211,unrelated
S185,S391,H10-2023,DaveBrilowski-2023,0,1959339,3401229,7318923,7786721,-0.320617,unrelated
S185,S392,H10-2023,DaveBrilowski-2023,0,1971061,3395624,7318923,7941139,-0.315869,unrelated
S185,S418,H10-2023,Wysocki1129-2023,0,1985415,3364987,7318923,7606408,-0.317886,unrelated
S185,S419,H10-2023,Wysocki1129-2023,0,1822742,3496232,7318923,7110209,-0.358284,unrelated
S185,S420,H10-2023,Wysocki1129-2023,0,2082277,3230260,7318923,7733647,-0.290863,unrelated
S185,S421,H10-2023,Wysocki1129-2023,0,2012883,3261988,7318923,7799266,-0.298388,unrelated
S185,S422,H10-2023,Wysocki1129-2023,0,2013678,3578100,7318923,7735411,-0.341597,unrelated
S185,S423,H10-2023,Wysocki1129-2023,0,1999643,3340546,7318923,7838314,-0.308859,unrelated
S185,S424,H10-2023,Wysocki1129-2023,0,1926912,3462273,7318923,7581744,-0.335397,unrelated
S185,S442,H10-2023,Wedekind_3-2023,0,1609223,3734328,7318923,6337465,-0.429062,unrelated
S185,S443,H10-2023,Wedekind_3-2023,0,1930330,3419362,7318923,7460484,-0.332110,unrelated
S185,S444,H10-2023,Wedekind_3-2023,0,1864651,3457990,7318923,7291631,-0.345732,unrelated
S185,S445,H10-2023,Wedekind_3-2023,0,1958773,3413266,7318923,7860728,-0.320677,unrelated
S185,S446,H10-2023,Wedekind_3-2023,0,1954851,3432542,7318923,7648040,-0.328071,unrelated
S185,S447,H10-2023,Wedekind_3-2023,0,1970174,3401047,7318923,7678231,-0.322189,unrelated
S185,S448,H10-2023,Wedekind_3-2023,0,1869391,3482259,7318923,7296097,-0.348623,unrelated
S185,S474,H10-2023,Airport04-2023,0,1994107,3238262,7318923,7804708,-0.296385,unrelated
S185,S475,H10-2023,Airport04-2023,0,2081609,3210115,7318923,8082784,-0.281697,unrelated
S185,S476,H10-2023,Airport04-2023,0,2001135,3252040,7318923,7482884,-0.304216,unrelated
S185,S477,H10-2023,Airport04-2023,0,1965234,3317092,7318923,7485865,-0.315368,unrelated
S185,S478,H10-2023,Airport04-2023,0,2057799,3214629,7318923,7652969,-0.291978,unrelated
S185,S479,H10-2023,Airport04-2023,0,1935865,3312004,7318923,7412292,-0.318246,unrelated
S185,S480,H10-2023,Airport04-2023,0,1815623,3425510,7318923,6986357,-0.351996,unrelated
S186,S187,H10-2023,H10-2023,1,2042202,3231935,7677072,7514517,-0.291060,unrelated
S186,S188,H10-2023,H10-2023,1,1916902,3568871,7677072,7202055,-0.350883,unrelated
S186,S189,H10-2023,H10-2023,1,2231708,3057046,7677072,8104414,-0.246009,unrelated
S186,S190,H10-2023,H10-2023,1,2039215,3375628,7677072,7760518,-0.305232,unrelated
S186,S191,H10-2023,H10-2023,1,1977735,3451140,7677072,7306259,-0.328668,unrelated
S186,S206,H10-2023,H15-2023,0,2149251,3135259,7677072,7783850,-0.266560,unrelated
S186,S207,H10-2023,H15-2023,0,1961159,3494799,7677072,7707947,-0.326840,unrelated
S186,S208,H10-2023,H15-2023,0,2059159,3203731,7677072,7490866,-0.286677,unrelated
S186,S209,H10-2023,H15-2023,0,2061411,3439243,7677072,7723624,-0.312783,unrelated
S186,S210,H10-2023,H15-2023,0,2132369,3202223,7677072,7739257,-0.277114,unrelated
S186,S211,H10-2023,H15-2023,0,2006699,3327997,7677072,7405367,-0.308259,unrelated
S186,S212,H10-2023,H15-2023,0,820860,4614060,7677072,3113003,-0.779166,unrelated
S186,S219,H10-2023,H41-2023,0,2062601,3194589,7677072,7585961,-0.283468,unrelated
S186,S220,H10-2023,H41-2023,0,1959816,3206475,7677072,7179670,-0.299738,unrelated
S186,S221,H10-2023,H41-2023,0,42604,5751698,7677072,158911,-1.462585,unrelated
S186,S222,H10-2023,H41-2023,0,392382,5250246,7677072,1476333,-1.104301,unrelated
S186,S223,H10-2023,H41-2023,0,1041179,4288818,7677072,3926923,-0.649471,unrelated
S186,S224,H10-2023,H41-2023,0,2119834,3229518,7677072,7733862,-0.281566,unrelated
S186,S225,H10-2023,H41-2023,0,1986152,3342645,7677072,7293024,-0.313902,unrelated
S186,S250,H10-2023,H66-2023,0,2000804,3451200,7677072,7497400,-0.323016,unrelated
S186,S251,H10-2023,H66-2023,0,1915491,3518014,7677072,7298189,-0.341933,unrelated
S186,S252,H10-2023,H66-2023,0,2102410,3239302,7677072,7784671,-0.283034,unrelated
S186,S253,H10-2023,H66-2023,0,2038820,3399751,7677072,7828319,-0.307034,unrelated
S186,S254,H10-2023,H66-2023,0,2065663,3450611,7677072,7899268,-0.310443,unrelated
S186,S255,H10-2023,H66-2023,0,1609764,3793585,7677072,6261999,-0.428824,unrelated
S186,S256,H10-2023,H66-2023,0,1902664,3455001,7677072,7050507,-0.339997,unrelated
S186,S257,H10-2023,H66-2023,0,2010444,3502195,7677072,7226941,-0.335074,unrelated
S186,S258,H10-2023,H66-2023,0,1977424,3512989,7677072,7345804,-0.336058,unrelated
S186,S259,H10-2023,H66-2023,0,2090167,3383223,7677072,7685226,-0.304400,unrelated
S186,S260,H10-2023,H66-2023,0,2078887,3376947,7677072,7760564,-0.302832,unrelated
S186,S288,H10-2023,Du-2023,0,2150167,3339840,7677072,7781391,-0.293012,unrelated
S186,S289,H10-2023,Du-2023,0,2242187,3099378,7677072,8243626,-0.248517,unrelated
S186,S290,H10-2023,Du-2023,0,2324780,3142792,7677072,8328446,-0.247465,unrelated
S186,S291,H10-2023,Du-2023,0,2279448,3122193,7677072,8614604,-0.243372,unrelated
S186,S292,H10-2023,Du-2023,0,2455461,2935494,7677072,9175472,-0.202671,unrelated
S186,S293,H10-2023,Du-2023,0,2455820,2951683,7677072,9002064,-0.206698,unrelated
S186,S294,H10-2023,Du-2023,0,2277057,3061671,7677072,8280057,-0.241039,unrelated
S186,S312,H10-2023,OkrayGrosheks40-2023,0,2113638,3286280,7677072,7983456,-0.284724,unrelated
S186,S313,H10-2023,OkrayGrosheks40-2023,0,1999449,3441106,7677072,7465948,-0.322443,unrelated
S186,S314,H10-2023,OkrayGrosheks40-2023,0,2034788,3393406,7677072,7693326,-0.309167,unrelated
S186,S315,H10-2023,OkrayGrosheks40-2023,0,2104148,3221325,7677072,7911196,-0.278318,unrelated
S186,S316,H10-2023,OkrayGrosheks40-2023,0,2081629,3329835,7677072,7767507,-0.296417,unrelated
S186,S317,H10-2023,OkrayGrosheks40-2023,0,2181797,3250860,7677072,8428115,-0.268232,unrelated
S186,S318,H10-2023,OkrayGrosheks40-2023,0,1975206,3511222,7677072,7352916,-0.335811,unrelated
S186,S328,H10-2023,LaszSE-O14-2023,0,2071331,3401614,7677072,7746042,-0.306806,unrelated
S186,S329,H10-2023,LaszSE-O14-2023,0,1991983,3516687,7677072,7797235,-0.325791,unrelated
S186,S330,H10-2023,LaszSE-O14-2023,0,1983792,3536467,7677072,7462058,-0.336158,unrelated
S186,S331,H10-2023,LaszSE-O14-2023,0,1983221,3462915,7677072,7438819,-0.326981,unrelated
S186,S332,H10-2023,LaszSE-O14-2023,0,2245009,3104689,7677072,8314732,-0.247900,unrelated
S186,S370,H10-2023,BrikalskiPats-2023,0,1948750,3448751,7677072,7223088,-0.332127,unrelated
S186,S371,H10-2023,BrikalskiPats-2023,0,2111267,3387940,7677072,7850890,-0.300401,unrelated
S186,S372,H10-2023,BrikalskiPats-2023,0,2133385,3339037,7677072,7962119,-0.290596,unrelated
S186,S373,H10-2023,BrikalskiPats-2023,0,2079549,3296553,7677072,7688767,-0.293740,unrelated
S186,S374,H10-2023,BrikalskiPats-2023,0,2031769,3349159,7677072,7505467,-0.307363,unrelated
S186,S375,H10-2023,BrikalskiPats-2023,0,2087765,3240768,7677072,7610693,-0.287404,unrelated
S186,S376,H10-2023,BrikalskiPats-2023,0,2022583,3436750,7677072,7674386,-0.315991,unrelated
S186,S386,H10-2023,DaveBrilowski-2023,0,2045560,3287269,7677072,7581179,-0.296822,unrelated
S186,S387,H10-2023,DaveBrilowski-2023,0,1983102,3381076,7677072,7340180,-0.318237,unrelated
S186,S388,H10-2023,DaveBrilowski-2023,0,2068826,3348252,7677072,7711070,-0.300730,unrelated
S186,S389,H10-2023,DaveBrilowski-2023,0,1983064,3376345,7677072,7419012,-0.315951,unrelated
S186,S390,H10-2023,DaveBrilowski-2023,0,2070236,3378881,7677072,7664668,-0.305541,unrelated
S186,S391,H10-2023,DaveBrilowski-2023,0,2099886,3257272,7677072,7786721,-0.285484,unrelated
S186,S392,H10-2023,DaveBrilowski-2023,0,2099622,3399887,7677072,7941139,-0.300940,unrelated
S186,S418,H10-2023,Wysocki1129-2023,0,2075921,3242651,7677072,7606408,-0.288506,unrelated
S186,S419,H10-2023,Wysocki1129-2023,0,1939692,3529167,7677072,7110209,-0.346152,unrelated
S186,S420,H10-2023,Wysocki1129-2023,0,2071949,3297310,7677072,7733647,-0.293476,unrelated
S186,S421,H10-2023,Wysocki1129-2023,0,2098752,3321593,7677072,7799266,-0.293638,unrelated
S186,S422,H10-2023,Wysocki1129-2023,0,2073176,3543956,7677072,7735411,-0.325368,unrelated
S186,S423,H10-2023,Wysocki1129-2023,0,2139144,3248466,7677072,7838314,-0.280869,unrelated
S186,S424,H10-2023,Wysocki1129-2023,0,2008869,3479423,7677072,7581744,-0.324401,unrelated
S186,S442,H10-2023,Wedekind_3-2023,0,1745199,3510216,7677072,6337465,-0.376412,unrelated
S186,S443,H10-2023,Wedekind_3-2023,0,1995336,3262900,7677072,7460484,-0.299286,unrelated
S186,S444,H10-2023,Wedekind_3-2023,0,2038981,3309659,7677072,7291631,-0.305994,unrelated
S186,S445,H10-2023,Wedekind_3-2023,0,2127074,3265958,7677072,7860728,-0.283492,unrelated
S186,S446,H10-2023,Wedekind_3-2023,0,2031667,3415753,7677072,7648040,-0.313201,unrelated
S186,S447,H10-2023,Wedekind_3-2023,0,2068143,3288540,7677072,7678231,-0.293640,unrelated
S186,S448,H10-2023,Wedekind_3-2023,0,1985200,3488507,7677072,7296097,-0.333384,unrelated
S186,S474,H10-2023,Airport04-2023,0,2111596,3325110,7677072,7804708,-0.293159,unrelated
S186,S475,H10-2023,Airport04-2023,0,2267651,3074058,7677072,8082784,-0.246225,unrelated
S186,S476,H10-2023,Airport04-2023,0,2056814,3372876,7677072,7482884,-0.309298,unrelated
S186,S477,H10-2023,Airport04-2023,0,2087988,3277935,7677072,7485865,-0.294658,unrelated
S186,S478,H10-2023,Airport04-2023,0,2135382,3172387,7677072,7652969,-0.274585,unrelated
S186,S479,H10-2023,Airport04-2023,0,2030965,3237462,7677072,7412292,-0.294509,unrelated
S186,S480,H10-2023,Airport04-2023,0,1873986,3536601,7677072,6986357,-0.354570,unrelated
S187,S188,H10-2023,H10-2023,1,1858474,3414079,7514517,7202055,-0.337693,unrelated
S187,S189,H10-2023,H10-2023,1,2205097,3083744,7514517,8104414,-0.253692,unrelated
S187,S190,H10-2023,H10-2023,1,2053588,3345865,7514517,7760518,-0.303642,unrelated
S187,S191,H10-2023,H10-2023,1,1950743,3419650,7514517,7306259,-0.329845,unrelated
S187,S206,H10-2023,H15-2023,0,2095121,3129257,7514517,7783850,-0.272146,unrelated
S187,S207,H10-2023,H15-2023,0,1969379,3473991,7514517,7707947,-0.327056,unrelated
S187,S208,H10-2023,H15-2023,0,1971670,3337499,7514517,7490866,-0.313443,unrelated
S187,S209,H10-2023,H15-2023,0,2009629,3370559,7514517,7723624,-0.310503,unrelated
S187,S210,H10-2023,H15-2023,0,2063749,3277477,7514517,7739257,-0.294432,unrelated
S187,S211,H10-2023,H15-2023,0,1997592,3319500,7514517,7405367,-0.311089,unrelated
S187,S212,H10-2023,H15-2023,0,830806,4515148,7514517,3113003,-0.771534,unrelated
S187,S219,H10-2023,H41-2023,0,2057359,3112166,7514517,7585961,-0.275950,unrelated
S187,S220,H10-2023,H41-2023,0,1939437,3259111,7514517,7179670,-0.311605,unrelated
S187,S221,H10-2023,H41-2023,0,42590,5646006,7514517,158911,-1.466023,unrelated
S187,S222,H10-2023,H41-2023,0,396729,5151983,7514517,1476333,-1.101924,unrelated
S187,S223,H10-2023,H41-2023,0,1051559,4212707,7514517,3926923,-0.644487,unrelated
S187,S224,H10-2023,H41-2023,0,2155281,3162509,7514517,7733862,-0.273454,unrelated
S187,S225,H10-2023,H41-2023,0,1940459,3410621,7514517,7293024,-0.329615,unrelated
S187,S250,H10-2023,H66-2023,0,1981133,3379566,7514517,7497400,-0.318280,unrelated
S187,S251,H10-2023,H66-2023,0,1909814,3433953,7514517,7298189,-0.334719,unrelated
S187,S252,H10-2023,H66-2023,0,2088452,3255964,7514517,7784671,-0.289131,unrelated
S187,S253,H10-2023,H66-2023,0,2030050,3349598,7514517,7828319,-0.304321,unrelated
S187,S254,H10-2023,H66-2023,0,1992055,3401647,7514517,7899268,-0.312139,unrelated
S187,S255,H10-2023,H66-2023,0,1626891,3739703,7514517,6261999,-0.424818,unrelated
S187,S256,H10-2023,H66-2023,0,1915104,3451150,7514517,7050507,-0.342409,unrelated
S187,S257,H10-2023,H66-2023,0,1908570,3413595,7514517,7226941,-0.333659,unrelated
S187,S258,H10-2023,H66-2023,0,1939398,3374383,7514517,7345804,-0.323638,unrelated
S187,S259,H10-2023,H66-2023,0,2033829,3316635,7514517,7685226,-0.302600,unrelated
S187,S260,H10-2023,H66-2023,0,2061090,3324067,7514517,7760564,-0.300296,unrelated
S187,S288,H10-2023,Du-2023,0,2052973,3215717,7514517,7781391,-0.286250,unrelated
S187,S289,H10-2023,Du-2023,0,2257118,3138481,7514517,8243626,-0.255096,unrelated
S187,S290,H10-2023,Du-2023,0,2213597,3090100,7514517,8328446,-0.250370,unrelated
S187,S291,H10-2023,Du-2023,0,2280469,3114912,7514517,8614604,-0.244859,unrelated
S187,S292,H10-2023,Du-2023,0,2496591,2853465,7514517,9175472,-0.192351,unrelated
S187,S293,H10-2023,Du-2023,0,2417745,2921609,7514517,9002064,-0.207396,unrelated
S187,S294,H10-2023,Du-2023,0,2165012,3128360,7514517,8280057,-0.259058,unrelated
S187,S312,H10-2023,OkrayGrosheks40-2023,0,2083034,3285894,7514517,7983456,-0.289635,unrelated
S187,S313,H10-2023,OkrayGrosheks40-2023,0,1937874,3410355,7514517,7465948,-0.325947,unrelated
S187,S314,H10-2023,OkrayGrosheks40-2023,0,2015868,3372138,7514517,7693326,-0.310919,unrelated
S187,S315,H10-2023,OkrayGrosheks40-2023,0,2108721,3268821,7514517,7911196,-0.287113,unrelated
S187,S316,H10-2023,OkrayGrosheks40-2023,0,2019290,3408561,7514517,7767507,-0.313953,unrelated
S187,S317,H10-2023,OkrayGrosheks40-2023,0,2140689,3225114,7514517,8428115,-0.270315,unrelated
S187,S318,H10-2023,OkrayGrosheks40-2023,0,1955933,3346888,7514517,7352916,-0.318673,unrelated
S187,S328,H10-2023,LaszSE-O14-2023,0,2063285,3275133,7514517,7746042,-0.294025,unrelated
S187,S329,H10-2023,LaszSE-O14-2023,0,1969774,3395314,7514517,7797235,-0.314847,unrelated
S187,S330,H10-2023,LaszSE-O14-2023,0,1928798,3451676,7514517,7462058,-0.332156,unrelated
S187,S331,H10-2023,LaszSE-O14-2023,0,1974690,3404417,7514517,7438819,-0.323282,unrelated
S187,S332,H10-2023,LaszSE-O14-2023,0,2228357,3128280,7514517,8314732,-0.254478,unrelated
S187,S370,H10-2023,BrikalskiPats-2023,0,1918288,3394742,7514517,7223088,-0.330528,unrelated
S187,S371,H10-2023,BrikalskiPats-2023,0,2018992,3346705,7514517,7850890,-0.304217,unrelated
S187,S372,H10-2023,BrikalskiPats-2023,0,2110764,3273400,7514517,7962119,-0.286628,unrelated
S187,S373,H10-2023,BrikalskiPats-2023,0,2011606,3389163,7514517,7688767,-0.313532,unrelated
S187,S374,H10-2023,BrikalskiPats-2023,0,1967129,3386371,7514517,7505467,-0.319948,unrelated
S187,S375,H10-2023,BrikalskiPats-2023,0,2030763,3319171,7514517,7610693,-0.304629,unrelated
S187,S376,H10-2023,BrikalskiPats-2023,0,1958110,3358673,7514517,7674386,-0.313336,unrelated
S187,S386,H10-2023,DaveBrilowski-2023,0,1983928,3338773,7514517,7581179,-0.310924,unrelated
S187,S387,H10-2023,DaveBrilowski-2023,0,1923461,3448665,7514517,7340180,-0.334835,unrelated
S187,S388,H10-2023,DaveBrilowski-2023,0,2042005,3353038,7514517,7711070,-0.306331,unrelated
S187,S389,H10-2023,DaveBrilowski-2023,0,1952256,3504542,7514517,7419012,-0.338622,unrelated
S187,S390,H10-2023,DaveBrilowski-2023,0,2045890,3303123,7514517,7664668,-0.300435,unrelated
S187,S391,H10-2023,DaveBrilowski-2023,0,2032197,3330683,7514517,7786721,-0.302536,unrelated
S187,S392,H10-2023,DaveBrilowski-2023,0,2022579,3357286,7514517,7941139,-0.303578,unrelated
S187,S418,H10-2023,Wysocki1129-2023,0,2054849,3302606,7514517,7606408,-0.300932,unrelated
S187,S419,H10-2023,Wysocki1129-2023,0,1885514,3432203,7514517,7110209,-0.340443,unrelated
S187,S420,H10-2023,Wysocki1129-2023,0,2106871,3237399,7514517,7733647,-0.286456,unrelated
S187,S421,H10-2023,Wysocki1129-2023,0,2079504,3227384,7514517,7799266,-0.285708,unrelated
S187,S422,H10-2023,Wysocki1129-2023,0,2073913,3597958,7514517,7735411,-0.335871,unrelated
S187,S423,H10-2023,Wysocki1129-2023,0,2046006,3342841,7514517,7838314,-0.302203,unrelated
S187,S424,H10-2023,Wysocki1129-2023,0,1967172,3434246,7514517,7581744,-0.324671,unrelated
S187,S442,H10-2023,Wedekind_3-2023,0,1679664,3625647,7514517,6337465,-0.402226,unrelated
S187,S443,H10-2023,Wedekind_3-2023,0,1986463,3357952,7514517,7460484,-0.315822,unrelated
S187,S444,H10-2023,Wedekind_3-2023,0,1941675,3390201,7514517,7291631,-0.326805,unrelated
S187,S445,H10-2023,Wedekind_3-2023,0,2054846,3286682,7514517,7860728,-0.293883,unrelated
S187,S446,H10-2023,Wedekind_3-2023,0,1991915,3354010,7514517,7648040,-0.311036,unrelated
S187,S447,H10-2023,Wedekind_3-2023,0,2083064,3325940,7514517,7678231,-0.300723,unrelated
S187,S448,H10-2023,Wedekind_3-2023,0,1916137,3429704,7514517,7296097,-0.333765,unrelated
S187,S474,H10-2023,Airport04-2023,0,2018200,3268839,7514517,7804708,-0.295020,unrelated
S187,S475,H10-2023,Airport04-2023,0,2233658,3074211,7514517,8082784,-0.250990,unrelated
S187,S476,H10-2023,Airport04-2023,0,1985821,3322707,7514517,7482884,-0.310693,unrelated
S187,S477,H10-2023,Airport04-2023,0,2034239,3210516,7514517,7485865,-0.292445,unrelated
S187,S478,H10-2023,Airport04-2023,0,2115705,3194123,7514517,7652969,-0.281691,unrelated
S187,S479,H10-2023,Airport04-2023,0,2003724,3273427,7514517,7412292,-0.304360,unrelated
S187,S480,H10-2023,Airport04-2023,0,1850360,3358262,7514517,6986357,-0.335577,unrelated
S188,S189,H10-2023,H10-2023,1,2123224,3075259,7202055,8104414,-0.263111,unrelated
S188,S190,H10-2023,H10-2023,1,1999278,3538539,7202055,7760518,-0.339367,unrelated
S188,S191,H10-2023,H10-2023,1,1849149,3708561,7202055,7306259,-0.383778,unrelated
S188,S206,H10-2023,H15-2023,0,1915837,3347755,7202055,7783850,-0.318945,unrelated
S188,S207,H10-2023,H15-2023,0,1928590,3542789,7202055,7707947,-0.345874,unrelated
S188,S208,H10-2023,H15-2023,0,1843735,3684695,7202055,7490866,-0.376076,unrelated
S188,S209,H10-2023,H15-2023,0,2012210,3484103,7202055,7723624,-0.332045,unrelated
S188,S210,H10-2023,H15-2023,0,1903727,3603280,7202055,7739257,-0.354911,unrelated
S188,S211,H10-2023,H15-2023,0,1880148,3514008,7202055,7405367,-0.352415,unrelated
S188,S212,H10-2023,H15-2023,0,762761,4794555,7202055,3113003,-0.855676,unrelated
S188,S219,H10-2023,H41-2023,0,1914701,3303534,7202055,7585961,-0.317309,unrelated
S188,S220,H10-2023,H41-2023,0,1845679,3547462,7202055,7179670,-0.364994,unrelated
S188,S221,H10-2023,H41-2023,0,38937,5957842,7202055,158911,-1.613477,unrelated
S188,S222,H10-2023,H41-2023,0,365030,5451246,7202055,1476333,-1.214219,unrelated
S188,S223,H10-2023,H41-2023,0,949574,4471266,7202055,3926923,-0.718211,unrelated
S188,S224,H10-2023,H41-2023,0,1944974,3312226,7202055,7733862,-0.313304,unrelated
S188,S225,H10-2023,H41-2023,0,1995925,3603843,7202055,7293024,-0.359554,unrelated
S188,S250,H10-2023,H66-2023,0,1878419,3641683,7202055,7497400,-0.367697,unrelated
S188,S251,H10-2023,H66-2023,0,1973185,3613347,7202055,7298189,-0.362305,unrelated
S188,S252,H10-2023,H66-2023,0,1901350,3413717,7202055,7784671,-0.328696,unrelated
S188,S253,H10-2023,H66-2023,0,1981580,3483924,7202055,7828319,-0.331746,unrelated
S188,S254,H10-2023,H66-2023,0,2058326,3464617,7202055,7899268,-0.322548,unrelated
S188,S255,H10-2023,H66-2023,0,1567426,3662382,7202055,6261999,-0.427608,unrelated
S188,S256,H10-2023,H66-2023,0,1789091,3812216,7202055,7050507,-0.409424,unrelated
S188,S257,H10-2023,H66-2023,0,1860135,3710909,7202055,7226941,-0.385452,unrelated
S188,S258,H10-2023,H66-2023,0,1867384,3578828,7202055,7345804,-0.363646,unrelated
S188,S259,H10-2023,H66-2023,0,1908079,3544810,7202055,7685226,-0.348052,unrelated
S188,S260,H10-2023,H66-2023,0,1917426,3506415,7202055,7760564,-0.340542,unrelated
S188,S288,H10-2023,Du-2023,0,2048837,3378301,7202055,7781391,-0.314198,unrelated
S188,S289,H10-2023,Du-2023,0,2092888,3310195,7202055,8243626,-0.293124,unrelated
S188,S290,H10-2023,Du-2023,0,2101770,3296145,7202055,8328446,-0.289142,unrelated
S188,S291,H10-2023,Du-2023,0,2260312,3282412,7202055,8614604,-0.272151,unrelated
S188,S292,H10-2023,Du-2023,0,2284420,3084764,7202055,9175472,-0.237222,unrelated
S188,S293,H10-2023,Du-2023,0,2206954,3234717,7202055,9002064,-0.263049,unrelated
S188,S294,H10-2023,Du-2023,0,2103419,3412241,7202055,8280057,-0.304937,unrelated
S188,S312,H10-2023,OkrayGrosheks40-2023,0,2022296,3447307,7202055,7983456,-0.320853,unrelated
S188,S313,H10-2023,OkrayGrosheks40-2023,0,1892949,3651216,7202055,7465948,-0.368795,unrelated
S188,S314,H10-2023,OkrayGrosheks40-2023,0,1961185,3588182,7202055,7693326,-0.350121,unrelated
S188,S315,H10-2023,OkrayGrosheks40-2023,0,1949884,3473597,7202055,7911196,-0.330658,unrelated
S188,S316,H10-2023,OkrayGrosheks40-2023,0,2002668,3564692,7202055,7767507,-0.342476,unrelated
S188,S317,H10-2023,OkrayGrosheks40-2023,0,2142437,3290895,7202055,8428115,-0.284025,unrelated
S188,S318,H10-2023,OkrayGrosheks40-2023,0,1866587,3642976,7202055,7352916,-0.372338,unrelated
S188,S328,H10-2023,LaszSE-O14-2023,0,2013124,3543090,7202055,7746042,-0.339378,unrelated
S188,S329,H10-2023,LaszSE-O14-2023,0,2073025,3527370,7202055,7797235,-0.332130,unrelated
S188,S330,H10-2023,LaszSE-O14-2023,0,1993833,3598910,7202055,7462058,-0.354879,unrelated
S188,S331,H10-2023,LaszSE-O14-2023,0,1878075,3485507,7202055,7438819,-0.347858,unrelated
S188,S332,H10-2023,LaszSE-O14-2023,0,2032295,3371308,7202055,8314732,-0.303563,unrelated
S188,S370,H10-2023,BrikalskiPats-2023,0,1873619,3688367,7202055,7223088,-0.381495,unrelated
S188,S371,H10-2023,BrikalskiPats-2023,0,2019105,3524710,7202055,7850890,-0.334175,unrelated
S188,S372,H10-2023,BrikalskiPats-2023,0,1975709,3401680,7202055,7962119,-0.318359,unrelated
S188,S373,H10-2023,BrikalskiPats-2023,0,2001134,3549358,7202055,7688767,-0.342330,unrelated
S188,S374,H10-2023,BrikalskiPats-2023,0,1868558,3656614,7202055,7505467,-0.370196,unrelated
S188,S375,H10-2023,BrikalskiPats-2023,0,1856499,3623522,7202055,7610693,-0.363913,unrelated
S188,S376,H10-2023,BrikalskiPats-2023,0,2061033,3579761,7202055,7674386,-0.342722,unrelated
S188,S386,H10-2023,DaveBrilowski-2023,0,1851057,3698460,7202055,7581179,-0.375145,unrelated
S188,S387,H10-2023,DaveBrilowski-2023,0,1876791,3715827,7202055,7340180,-0.381981,unrelated
S188,S388,H10-2023,DaveBrilowski-2023,0,1881814,3574902,7202055,7711070,-0.353245,unrelated
S188,S389,H10-2023,DaveBrilowski-2023,0,1861878,3813365,7202055,7419012,-0.394284,unrelated
S188,S390,H10-2023,DaveBrilowski-2023,0,1920003,3365526,7202055,7664668,-0.323612,unrelated
S188,S391,H10-2023,DaveBrilowski-2023,0,2017954,3572775,7202055,7786721,-0.342096,unrelated
S188,S392,H10-2023,DaveBrilowski-2023,0,2079487,3486018,7202055,7941139,-0.323086,unrelated
S188,S418,H10-2023,Wysocki1129-2023,0,1884172,3599002,7202055,7606408,-0.358838,unrelated
S188,S419,H10-2023,Wysocki1129-2023,0,1751213,3676180,7202055,7110209,-0.391353,unrelated
S188,S420,H10-2023,Wysocki1129-2023,0,1917675,3437680,7202055,7733647,-0.331935,unrelated
S188,S421,H10-2023,Wysocki1129-2023,0,1951153,3355662,7202055,7799266,-0.317317,unrelated
S188,S422,H10-2023,Wysocki1129-2023,0,1928631,3469718,7202055,7735411,-0.335452,unrelated
S188,S423,H10-2023,Wysocki1129-2023,0,1913675,3472468,7202055,7838314,-0.334517,unrelated
S188,S424,H10-2023,Wysocki1129-2023,0,2001618,3683567,7202055,7581744,-0.362932,unrelated
S188,S442,H10-2023,Wedekind_3-2023,0,1530010,4005597,7202055,6337465,-0.478686,unrelated
S188,S443,H10-2023,Wedekind_3-2023,0,1776088,3652764,7202055,7460484,-0.377113,unrelated
S188,S444,H10-2023,Wedekind_3-2023,0,1822495,3675716,7202055,7291631,-0.381472,unrelated
S188,S445,H10-2023,Wedekind_3-2023,0,2012257,3616199,7202055,7860728,-0.346559,unrelated
S188,S446,H10-2023,Wedekind_3-2023,0,1962834,3578239,7202055,7648040,-0.349738,unrelated
S188,S447,H10-2023,Wedekind_3-2023,0,1891114,3591854,7202055,7678231,-0.355678,unrelated
S188,S448,H10-2023,Wedekind_3-2023,0,1868374,3686448,7202055,7296097,-0.379671,unrelated
S188,S474,H10-2023,Airport04-2023,0,2036103,3370524,7202055,7804708,-0.313522,unrelated
S188,S475,H10-2023,Airport04-2023,0,1976431,3383995,7202055,8082784,-0.313484,unrelated
S188,S476,H10-2023,Airport04-2023,0,1891606,3460709,7202055,7482884,-0.342515,unrelated
S188,S477,H10-2023,Airport04-2023,0,1907487,3358193,7202055,7485865,-0.327405,unrelated
S188,S478,H10-2023,Airport04-2023,0,1904722,3390846,7202055,7652969,-0.328304,unrelated
S188,S479,H10-2023,Airport04-2023,0,1852247,3525660,7202055,7412292,-0.355751,unrelated
S188,S480,H10-2023,Airport04-2023,0,1901365,3582302,7202055,6986357,-0.370953,unrelated
S189,S190,H10-2023,H10-2023,1,2207488,3230138,8104414,7760518,-0.268062,unrelated
S189,S191,H10-2023,H10-2023,1,2120955,3265440,8104414,7306259,-0.286160,unrelated
S189,S206,H10-2023,H15-2023,0,2247527,2956512,8104414,7783850,-0.230705,unrelated
S189,S207,H10-2023,H15-2023,0,2184460,3152783,8104414,7707947,-0.260626,unrelated
S189,S208,H10-2023,H15-2023,0,2175896,3092342,8104414,7490866,-0.257051,unrelated
S189,S209,H10-2023,H15-2023,0,2178201,3134416,8104414,7723624,-0.258442,unrelated
S189,S210,H10-2023,H15-2023,0,2224047,3112754,8104414,7739257,-0.252559,unrelated
S189,S211,H10-2023,H15-2023,0,2147851,3163737,8104414,7405367,-0.269483,unrelated
S189,S212,H10-2023,H15-2023,0,882667,4420617,8104414,3113003,-0.709483,unrelated
S189,S219,H10-2023,H41-2023,0,2215811,2944644,8104414,7585961,-0.234123,unrelated
S189,S220,H10-2023,H41-2023,0,2060489,3079206,8104414,7179670,-0.268117,unrelated
S189,S221,H10-2023,H41-2023,0,45014,5525662,8104414,158911,-1.331947,unrelated
S189,S222,H10-2023,H41-2023,0,421079,5033546,8104414,1476333,-1.006812,unrelated
S189,S223,H10-2023,H41-2023,0,1119959,4094668,8104414,3926923,-0.587580,unrelated
S189,S224,H10-2023,H41-2023,0,2284455,2992367,8104414,7733862,-0.233629,unrelated
S189,S225,H10-2023,H41-2023,0,2057038,3228256,8104414,7293024,-0.285728,unrelated
S189,S250,H10-2023,H66-2023,0,2154003,3206335,8104414,7497400,-0.272960,unrelated
S189,S251,H10-2023,H66-2023,0,2099068,3204322,8104414,7298189,-0.279795,unrelated
S189,S252,H10-2023,H66-2023,0,2264872,3088082,8104414,7784671,-0.246162,unrelated
S189,S253,H10-2023,H66-2023,0,2254049,3125470,8104414,7828319,-0.250860,unrelated
S189,S254,H10-2023,H66-2023,0,2189258,3224864,8104414,7899268,-0.266218,unrelated
S189,S255,H10-2023,H66-2023,0,1773683,3529554,8104414,6261999,-0.367902,unrelated
S189,S256,H10-2023,H66-2023,0,2066423,3231433,8104414,7050507,-0.290100,unrelated
S189,S257,H10-2023,H66-2023,0,2039685,3329166,8104414,7226941,-0.301255,unrelated
S189,S258,H10-2023,H66-2023,0,2097947,3223464,8104414,7345804,-0.281483,unrelated
S189,S259,H10-2023,H66-2023,0,2189245,3205919,8104414,7685226,-0.267428,unrelated
S189,S260,H10-2023,H66-2023,0,2255153,3047090,8104414,7760564,-0.241981,unrelated
S189,S288,H10-2023,Du-2023,0,2245181,2979922,8104414,7781391,-0.233835,unrelated
S189,S289,H10-2023,Du-2023,0,2409778,2996645,8104414,8243626,-0.219201,unrelated
S189,S290,H10-2023,Du-2023,0,2368562,3002153,8104414,8328446,-0.221248,unrelated
S189,S291,H10-2023,Du-2023,0,2519430,2890797,8104414,8614604,-0.195117,unrelated
S189,S292,H10-2023,Du-2023,0,2683394,2695036,8104414,9175472,-0.156637,unrelated
S189,S293,H10-2023,Du-2023,0,2534928,2822320,8104414,9002064,-0.181786,unrelated
S189,S294,H10-2023,Du-2023,0,2408442,2887981,8104414,8280057,-0.205531,unrelated
S189,S312,H10-2023,OkrayGrosheks40-2023,0,2362134,3080245,8104414,7983456,-0.236101,unrelated
S189,S313,H10-2023,OkrayGrosheks40-2023,0,2110439,3134088,8104414,7465948,-0.267029,unrelated
S189,S314,H10-2023,OkrayGrosheks40-2023,0,2214340,3127019,8104414,7693326,-0.255714,unrelated
S189,S315,H10-2023,OkrayGrosheks40-2023,0,2277504,3103671,8104414,7911196,-0.245375,unrelated
S189,S316,H10-2023,OkrayGrosheks40-2023,0,2203850,3151668,8104414,7767507,-0.258285,unrelated
S189,S317,H10-2023,OkrayGrosheks40-2023,0,2310399,3037377,8104414,8428115,-0.227694,unrelated
S189,S318,H10-2023,OkrayGrosheks40-2023,0,2086647,3247355,8104414,7352916,-0.285176,unrelated
S189,S328,H10-2023,LaszSE-O14-2023,0,2235822,3173206,8104414,7746042,-0.259336,unrelated
S189,S329,H10-2023,LaszSE-O14-2023,0,2150959,3169491,8104414,7797235,-0.263370,unrelated
S189,S330,H10-2023,LaszSE-O14-2023,0,2104122,3237353,8104414,7462058,-0.280769,unrelated
S189,S331,H10-2023,LaszSE-O14-2023,0,2148317,3157347,8104414,7438819,-0.268051,unrelated
S189,S332,H10-2023,LaszSE-O14-2023,0,2399779,2995138,8104414,8314732,-0.218677,unrelated
S189,S370,H10-2023,BrikalskiPats-2023,0,2107223,3174754,8104414,7223088,-0.276776,unrelated
S189,S371,H10-2023,BrikalskiPats-2023,0,2210378,3168665,8104414,7850890,-0.258657,unrelated
S189,S372,H10-2023,BrikalskiPats-2023,0,2277263,3090690,8104414,7962119,-0.242997,unrelated
S189,S373,H10-2023,BrikalskiPats-2023,0,2210998,3161630,8104414,7688767,-0.260382,unrelated
S189,S374,H10-2023,BrikalskiPats-2023,0,2125957,3192158,8104414,7505467,-0.272799,unrelated
S189,S375,H10-2023,BrikalskiPats-2023,0,2174272,3140505,8104414,7610693,-0.261324,unrelated
S189,S376,H10-2023,BrikalskiPats-2023,0,2118829,3154663,8104414,7674386,-0.265578,unrelated
S189,S386,H10-2023,DaveBrilowski-2023,0,2151232,3176245,8104414,7581179,-0.267842,unrelated
S189,S387,H10-2023,DaveBrilowski-2023,0,2103062,3262467,8104414,7340180,-0.286305,unrelated
S189,S388,H10-2023,DaveBrilowski-2023,0,2220105,3162184,8104414,7711070,-0.259509,unrelated
S189,S389,H10-2023,DaveBrilowski-2023,0,2102958,3324417,8104414,7419012,-0.292840,unrelated
S189,S390,H10-2023,DaveBrilowski-2023,0,2207936,3129856,8104414,7664668,-0.256944,unrelated
S189,S391,H10-2023,DaveBrilowski-2023,0,2156620,3225779,8104414,7786721,-0.270273,unrelated
S189,S392,H10-2023,DaveBrilowski-2023,0,2203864,3143902,8104414,7941139,-0.254522,unrelated
S189,S418,H10-2023,Wysocki1129-2023,0,2218597,3140553,8104414,7606408,-0.258580,unrelated
S189,S419,H10-2023,Wysocki1129-2023,0,2032271,3229909,8104414,7110209,-0.291006,unrelated
S189,S420,H10-2023,Wysocki1129-2023,0,2250178,3059986,8104414,7733647,-0.244335,unrelated
S189,S421,H10-2023,Wysocki1129-2023,0,2241083,3079453,8104414,7799266,-0.246347,unrelated
S189,S422,H10-2023,Wysocki1129-2023,0,2247047,3352072,8104414,7735411,-0.281385,unrelated
S189,S423,H10-2023,Wysocki1129-2023,0,2254407,3093093,8104414,7838314,-0.246619,unrelated
S189,S424,H10-2023,Wysocki1129-2023,0,2105555,3298919,8104414,7581744,-0.286385,unrelated
S189,S442,H10-2023,Wedekind_3-2023,0,1789234,3460841,8104414,6337465,-0.355386,unrelated
S189,S443,H10-2023,Wedekind_3-2023,0,2147605,3191842,8104414,7460484,-0.272156,unrelated
S189,S444,H10-2023,Wedekind_3-2023,0,2092758,3196127,8104414,7291631,-0.279260,unrelated
S189,S445,H10-2023,Wedekind_3-2023,0,2219676,3142750,8104414,7860728,-0.254669,unrelated
S189,S446,H10-2023,Wedekind_3-2023,0,2140077,3203580,8104414,7648040,-0.270884,unrelated
S189,S447,H10-2023,Wedekind_3-2023,0,2219533,3115050,8104414,7678231,-0.254112,unrelated
S189,S448,H10-2023,Wedekind_3-2023,0,2082150,3252298,8104414,7296097,-0.287162,unrelated
S189,S474,H10-2023,Airport04-2023,0,2221659,3087107,8104414,7804708,-0.248446,unrelated
S189,S475,H10-2023,Airport04-2023,0,2389808,2900797,8104414,8082784,-0.210771,unrelated
S189,S476,H10-2023,Airport04-2023,0,2152092,3121638,8104414,7482884,-0.262469,unrelated
S189,S477,H10-2023,Airport04-2023,0,2192267,3042960,8104414,7485865,-0.249749,unrelated
S189,S478,H10-2023,Airport04-2023,0,2284369,2999525,8104414,7652969,-0.235742,unrelated
S189,S479,H10-2023,Airport04-2023,0,2182044,3030460,8104414,7412292,-0.249981,unrelated
S189,S480,H10-2023,Airport04-2023,0,2008982,3185222,8104414,6986357,-0.289015,unrelated
S190,S191,H10-2023,H10-2023,1,1973874,3581816,7760518,7306259,-0.344450,unrelated
S190,S206,H10-2023,H15-2023,0,2075740,3222557,7760518,7783850,-0.281090,unrelated
S190,S207,H10-2023,H15-2023,0,2150620,3462712,7760518,7707947,-0.308680,unrelated
S190,S208,H10-2023,H15-2023,0,2031840,3433695,7760518,7490866,-0.317056,unrelated
S190,S209,H10-2023,H15-2023,0,2176968,3503176,7760518,7723624,-0.311892,unrelated
S190,S210,H10-2023,H15-2023,0,2046183,3410519,7760518,7739257,-0.308060,unrelated
S190,S211,H10-2023,H15-2023,0,2053728,3408385,7760518,7405367,-0.314063,unrelated
S190,S212,H10-2023,H15-2023,0,798442,4705780,7760518,3113003,-0.792119,unrelated
S190,S219,H10-2023,H41-2023,0,2012079,3285464,7760518,7585961,-0.297062,unrelated
S190,S220,H10-2023,H41-2023,0,1896370,3421143,7760518,7179670,-0.331048,unrelated
S190,S221,H10-2023,H41-2023,0,39714,5853635,7760518,158911,-1.473282,unrelated
S190,S222,H10-2023,H41-2023,0,380976,5346124,7760518,1476333,-1.116319,unrelated
S190,S223,H10-2023,H41-2023,0,1010439,4395006,7760518,3926923,-0.665635,unrelated
S190,S224,H10-2023,H41-2023,0,2108549,3304848,7760518,7733862,-0.290502,unrelated
S190,S225,H10-2023,H41-2023,0,2052065,3460235,7760518,7293024,-0.323406,unrelated
S190,S250,H10-2023,H66-2023,0,2021903,3557288,7760518,7497400,-0.333772,unrelated
S190,S251,H10-2023,H66-2023,0,2120295,3578012,7760518,7298189,-0.334406,unrelated
S190,S252,H10-2023,H66-2023,0,2131216,3321356,7760518,7784671,-0.290218,unrelated
S190,S253,H10-2023,H66-2023,0,2205648,3386159,7760518,7828319,-0.292945,unrelated
S190,S254,H10-2023,H66-2023,0,2224091,3379360,7760518,7899268,-0.289572,unrelated
S190,S255,H10-2023,H66-2023,0,1668984,3695180,7760518,6261999,-0.408013,unrelated
S190,S256,H10-2023,H66-2023,0,1917779,3602154,7760518,7050507,-0.356932,unrelated
S190,S257,H10-2023,H66-2023,0,1907954,3622742,7760518,7226941,-0.356133,unrelated
S190,S258,H10-2023,H66-2023,0,1927996,3512761,7760518,7345804,-0.337443,unrelated
S190,S259,H10-2023,H66-2023,0,2062402,3399361,7760518,7685226,-0.306642,unrelated
S190,S260,H10-2023,H66-2023,0,2111835,3406296,7760518,7760564,-0.302863,unrelated
S190,S288,H10-2023,Du-2023,0,2088987,3309580,7760518,7781391,-0.291481,unrelated
S190,S289,H10-2023,Du-2023,0,2232794,3231189,7760518,8243626,-0.264281,unrelated
S190,S290,H10-2023,Du-2023,0,2184804,3255460,7760518,8328446,-0.268887,unrelated
S190,S291,H10-2023,Du-2023,0,2401834,3225345,7760518,8614604,-0.247257,unrelated
S190,S292,H10-2023,Du-2023,0,2459712,3027077,7760518,9175472,-0.212237,unrelated
S190,S293,H10-2023,Du-2023,0,2382297,3060643,7760518,9002064,-0.223056,unrelated
S190,S294,H10-2023,Du-2023,0,2279934,3236800,7760518,8280057,-0.261441,unrelated
S190,S312,H10-2023,OkrayGrosheks40-2023,0,2208843,3353241,7760518,7983456,-0.285674,unrelated
S190,S313,H10-2023,OkrayGrosheks40-2023,0,1967718,3517505,7760518,7465948,-0.332795,unrelated
S190,S314,H10-2023,OkrayGrosheks40-2023,0,2054840,3507102,7760518,7693326,-0.320915,unrelated
S190,S315,H10-2023,OkrayGrosheks40-2023,0,2127656,3399087,7760518,7911196,-0.298022,unrelated
S190,S316,H10-2023,OkrayGrosheks40-2023,0,2082743,3439856,7760518,7767507,-0.308923,unrelated
S190,S317,H10-2023,OkrayGrosheks40-2023,0,2326468,3216879,7760518,8428115,-0.253714,unrelated
S190,S318,H10-2023,OkrayGrosheks40-2023,0,1958581,3497594,7760518,7352916,-0.333254,unrelated
S190,S328,H10-2023,LaszSE-O14-2023,0,2062532,3510711,7760518,7746042,-0.319793,unrelated
S190,S329,H10-2023,LaszSE-O14-2023,0,2180390,3404080,7760518,7797235,-0.297457,unrelated
S190,S330,H10-2023,LaszSE-O14-2023,0,2036447,3565913,7760518,7462058,-0.334725,unrelated
S190,S331,H10-2023,LaszSE-O14-2023,0,1996766,3520197,7760518,7438819,-0.331832,unrelated
S190,S332,H10-2023,LaszSE-O14-2023,0,2272648,3221236,7760518,8314732,-0.259394,unrelated
S190,S370,H10-2023,BrikalskiPats-2023,0,1967448,3580040,7760518,7223088,-0.346554,unrelated
S190,S371,H10-2023,BrikalskiPats-2023,0,2206839,3397072,7760518,7850890,-0.293843,unrelated
S190,S372,H10-2023,BrikalskiPats-2023,0,2141535,3353023,7760518,7962119,-0.290315,unrelated
S190,S373,H10-2023,BrikalskiPats-2023,0,2177241,3314633,7760518,7688767,-0.288170,unrelated
S190,S374,H10-2023,BrikalskiPats-2023,0,2006001,3486355,7760518,7505467,-0.325345,unrelated
S190,S375,H10-2023,BrikalskiPats-2023,0,2022411,3495300,7760518,7610693,-0.323214,unrelated
S190,S376,H10-2023,BrikalskiPats-2023,0,2133511,3433300,7760518,7674386,-0.306648,unrelated
S190,S386,H10-2023,DaveBrilowski-2023,0,2016317,3432905,7760518,7581179,-0.316099,unrelated
S190,S387,H10-2023,DaveBrilowski-2023,0,1970377,3584846,7760518,7340180,-0.344310,unrelated
S190,S388,H10-2023,DaveBrilowski-2023,0,2064912,3455582,7760518,7711070,-0.313236,unrelated
S190,S389,H10-2023,DaveBrilowski-2023,0,2001041,3579896,7760518,7419012,-0.339849,unrelated
S190,S390,H10-2023,DaveBrilowski-2023,0,2084187,3382427,7760518,7664668,-0.303443,unrelated
S190,S391,H10-2023,DaveBrilowski-2023,0,2164901,3403739,7760518,7786721,-0.298611,unrelated
S190,S392,H10-2023,DaveBrilowski-2023,0,2219521,3405069,7760518,7941139,-0.292365,unrelated
S190,S418,H10-2023,Wysocki1129-2023,0,2059074,3417549,7760518,7606408,-0.310799,unrelated
S190,S419,H10-2023,Wysocki1129-2023,0,1906686,3576075,7760518,7110209,-0.352738,unrelated
S190,S420,H10-2023,Wysocki1129-2023,0,2127230,3386252,7760518,7733647,-0.299808,unrelated
S190,S421,H10-2023,Wysocki1129-2023,0,2102128,3341494,7760518,7799266,-0.294404,unrelated
S190,S422,H10-2023,Wysocki1129-2023,0,2110104,3377912,7760518,7735411,-0.299803,unrelated
S190,S423,H10-2023,Wysocki1129-2023,0,2094288,3399273,7760518,7838314,-0.301578,unrelated
S190,S424,H10-2023,Wysocki1129-2023,0,2121507,3532351,7760518,7581744,-0.322195,unrelated
S190,S442,H10-2023,Wedekind_3-2023,0,1686690,3749086,7760518,6337465,-0.412221,unrelated
S190,S443,H10-2023,Wedekind_3-2023,0,2026756,3433316,7760518,7460484,-0.317974,unrelated
S190,S444,H10-2023,Wedekind_3-2023,0,1945915,3484608,7760518,7291631,-0.333726,unrelated
S190,S445,H10-2023,Wedekind_3-2023,0,2217325,3416298,7760518,7860728,-0.295448,unrelated
S190,S446,H10-2023,Wedekind_3-2023,0,2112611,3440710,7760518,7648040,-0.309491,unrelated
S190,S447,H10-2023,Wedekind_3-2023,0,2087131,3424147,7760518,7678231,-0.308390,unrelated
S190,S448,H10-2023,Wedekind_3-2023,0,1945662,3602697,7760518,7296097,-0.349330,unrelated
S190,S474,H10-2023,Airport04-2023,0,2225034,3267342,7760518,7804708,-0.276877,unrelated
S190,S475,H10-2023,Airport04-2023,0,2146162,3249954,7760518,8082784,-0.274800,unrelated
S190,S476,H10-2023,Airport04-2023,0,1995263,3397614,7760518,7482884,-0.314888,unrelated
S190,S477,H10-2023,Airport04-2023,0,2018410,3381333,7760518,7485865,-0.311173,unrelated
S190,S478,H10-2023,Airport04-2023,0,2048355,3412104,7760518,7652969,-0.309849,unrelated
S190,S479,H10-2023,Airport04-2023,0,1944534,3467776,7760518,7412292,-0.328945,unrelated
S190,S480,H10-2023,Airport04-2023,0,1930235,3496941,7760518,6986357,-0.343371,unrelated
S191,S206,H10-2023,H15-2023,0,1974870,3268141,7306259,7783850,-0.302278,unrelated
S191,S207,H10-2023,H15-2023,0,1993359,3526527,7306259,7707947,-0.336994,unrelated
S191,S208,H10-2023,H15-2023,0,1932196,3527593,7306259,7490866,-0.346215,unrelated
S191,S209,H10-2023,H15-2023,0,1982266,3515572,7306259,7723624,-0.335923,unrelated
S191,S210,H10-2023,H15-2023,0,1992276,3458412,7306259,7739257,-0.327310,unrelated
S191,S211,H10-2023,H15-2023,0,1923541,3584714,7306259,7405367,-0.356581,unrelated
S191,S212,H10-2023,H15-2023,0,765556,4862477,7306259,3113003,-0.859888,unrelated
S191,S219,H10-2023,H41-2023,0,1998147,3405507,7306259,7585961,-0.323180,unrelated
S191,S220,H10-2023,H41-2023,0,1913574,3484323,7306259,7179670,-0.348964,unrelated
S191,S221,H10-2023,H41-2023,0,39626,6030479,7306259,158911,-1.610323,unrelated
S191,S222,H10-2023,H41-2023,0,365254,5511330,7306259,1476333,-1.213469,unrelated
S191,S223,H10-2023,H41-2023,0,949255,4540297,7306259,3926923,-0.723868,unrelated
S191,S224,H10-2023,H41-2023,0,2024092,3360191,7306259,7733862,-0.312251,unrelated
S191,S225,H10-2023,H41-2023,0,1893184,3665734,7306259,7293024,-0.372503,unrelated
S191,S250,H10-2023,H66-2023,0,2017812,3664965,7306259,7497400,-0.358838,unrelated
S191,S251,H10-2023,H66-2023,0,1929429,3711932,7306259,7298189,-0.376217,unrelated
S191,S252,H10-2023,H66-2023,0,2038584,3427978,7306259,7784671,-0.319223,unrelated
S191,S253,H10-2023,H66-2023,0,2026475,3467191,7306259,7828319,-0.324284,unrelated
S191,S254,H10-2023,H66-2023,0,1945140,3540519,7306259,7899268,-0.337765,unrelated
S191,S255,H10-2023,H66-2023,0,1532250,3989145,7306259,6261999,-0.475082,unrelated
S191,S256,H10-2023,H66-2023,0,1922277,3658614,7306259,7050507,-0.375778,unrelated
S191,S257,H10-2023,H66-2023,0,1951735,3647413,7306259,7226941,-0.367647,unrelated
S191,S258,H10-2023,H66-2023,0,1958061,3612998,7306259,7345804,-0.359535,unrelated
S191,S259,H10-2023,H66-2023,0,1968578,3499318,7306259,7685226,-0.335528,unrelated
S191,S260,H10-2023,H66-2023,0,2027814,3475213,7306259,7760564,-0.326719,unrelated
S191,S288,H10-2023,Du-2023,0,2080897,3441424,7306259,7781391,-0.318270,unrelated
S191,S289,H10-2023,Du-2023,0,2147028,3326209,7306259,8243626,-0.289738,unrelated
S191,S290,H10-2023,Du-2023,0,2158348,3287193,7306259,8328446,-0.282451,unrelated
S191,S291,H10-2023,Du-2023,0,2240467,3227724,7306259,8614604,-0.264746,unrelated
S191,S292,H10-2023,Du-2023,0,2357257,3147426,7306259,9175472,-0.238907,unrelated
S191,S293,H10-2023,Du-2023,0,2279949,3116887,7306259,9002064,-0.242442,unrelated
S191,S294,H10-2023,Du-2023,0,2112971,3198601,7306259,8280057,-0.274871,unrelated
S191,S312,H10-2023,OkrayGrosheks40-2023,0,2017915,3496090,7306259,7983456,-0.325334,unrelated
S191,S313,H10-2023,OkrayGrosheks40-2023,0,1961183,3648560,7306259,7465948,-0.361215,unrelated
S191,S314,H10-2023,OkrayGrosheks40-2023,0,2092812,3561472,7306259,7693326,-0.335351,unrelated
S191,S315,H10-2023,OkrayGrosheks40-2023,0,2065974,3414948,7306259,7911196,-0.313056,unrelated
S191,S316,H10-2023,OkrayGrosheks40-2023,0,2095953,3535008,7306259,7767507,-0.329981,unrelated
S191,S317,H10-2023,OkrayGrosheks40-2023,0,2088850,3339856,7306259,8428115,-0.291773,unrelated
S191,S318,H10-2023,OkrayGrosheks40-2023,0,1942664,3681165,7306259,7352916,-0.369712,unrelated
S191,S328,H10-2023,LaszSE-O14-2023,0,2064180,3588968,7306259,7746042,-0.339733,unrelated
S191,S329,H10-2023,LaszSE-O14-2023,0,1999090,3672265,7306259,7797235,-0.353921,unrelated
S191,S330,H10-2023,LaszSE-O14-2023,0,1929892,3725974,7306259,7462058,-0.373912,unrelated
S191,S331,H10-2023,LaszSE-O14-2023,0,1963575,3641035,7306259,7438819,-0.360696,unrelated
S191,S332,H10-2023,LaszSE-O14-2023,0,2210045,3306839,7306259,8314732,-0.281905,unrelated
S191,S370,H10-2023,BrikalskiPats-2023,0,1976169,3616477,7306259,7223088,-0.361805,unrelated
S191,S371,H10-2023,BrikalskiPats-2023,0,1995068,3506409,7306259,7850890,-0.331048,unrelated
S191,S372,H10-2023,BrikalskiPats-2023,0,2052396,3460419,7306259,7962119,-0.318858,unrelated
S191,S373,H10-2023,BrikalskiPats-2023,0,1986942,3564180,7306259,7688767,-0.342875,unrelated
S191,S374,H10-2023,BrikalskiPats-2023,0,1968294,3521327,7306259,7505467,-0.342591,unrelated
S191,S375,H10-2023,BrikalskiPats-2023,0,1988042,3425803,7306259,7610693,-0.326043,unrelated
S191,S376,H10-2023,BrikalskiPats-2023,0,2023141,3617325,7306259,7674386,-0.347883,unrelated
S191,S386,H10-2023,DaveBrilowski-2023,0,1975335,3452937,7306259,7581179,-0.331188,unrelated
S191,S387,H10-2023,DaveBrilowski-2023,0,1998490,3625637,7306259,7340180,-0.358639,unrelated
S191,S388,H10-2023,DaveBrilowski-2023,0,2024640,3442094,7306259,7711070,-0.323596,unrelated
S191,S389,H10-2023,DaveBrilowski-2023,0,2018021,3650076,7306259,7419012,-0.358712,unrelated
S191,S390,H10-2023,DaveBrilowski-2023,0,1965090,3508091,7306259,7664668,-0.337393,unrelated
S191,S391,H10-2023,DaveBrilowski-2023,0,1978951,3511732,7306259,7786721,-0.334229,unrelated
S191,S392,H10-2023,DaveBrilowski-2023,0,2040175,3451968,7306259,7941139,-0.318990,unrelated
S191,S418,H10-2023,Wysocki1129-2023,0,2020166,3459575,7306259,7606408,-0.328512,unrelated
S191,S419,H10-2023,Wysocki1129-2023,0,1839305,3569993,7306259,7110209,-0.367682,unrelated
S191,S420,H10-2023,Wysocki1129-2023,0,2013636,3424931,7306259,7733647,-0.321560,unrelated
S191,S421,H10-2023,Wysocki1129-2023,0,1984499,3486756,7306259,7799266,-0.330277,unrelated
S191,S422,H10-2023,Wysocki1129-2023,0,2014214,3716902,7306259,7735411,-0.360305,unrelated
S191,S423,H10-2023,Wysocki1129-2023,0,2004532,3447736,7306259,7838314,-0.322950,unrelated
S191,S424,H10-2023,Wysocki1129-2023,0,1985104,3665102,7306259,7581744,-0.359021,unrelated
S191,S442,H10-2023,Wedekind_3-2023,0,1627338,3784028,7306259,6337465,-0.435418,unrelated
S191,S443,H10-2023,Wedekind_3-2023,0,1904829,3572715,7306259,7460484,-0.354892,unrelated
S191,S444,H10-2023,Wedekind_3-2023,0,1908079,3547391,7306259,7291631,-0.355305,unrelated
S191,S445,H10-2023,Wedekind_3-2023,0,2019244,3465477,7306259,7860728,-0.323842,unrelated
S191,S446,H10-2023,Wedekind_3-2023,0,1898633,3595493,7306259,7648040,-0.353902,unrelated
S191,S447,H10-2023,Wedekind_3-2023,0,2009311,3477273,7306259,7678231,-0.330024,unrelated
S191,S448,H10-2023,Wedekind_3-2023,0,1940617,3671430,7306259,7296097,-0.369957,unrelated
S191,S474,H10-2023,Airport04-2023,0,1942753,3472324,7306259,7804708,-0.331011,unrelated
S191,S475,H10-2023,Airport04-2023,0,2111205,3285992,7306259,8082784,-0.289867,unrelated
S191,S476,H10-2023,Airport04-2023,0,1889357,3527381,7306259,7482884,-0.349270,unrelated
S191,S477,H10-2023,Airport04-2023,0,1939474,3472299,7306259,7485865,-0.338364,unrelated
S191,S478,H10-2023,Airport04-2023,0,1992377,3380510,7306259,7652969,-0.318776,unrelated
S191,S479,H10-2023,Airport04-2023,0,1864801,3519067,7306259,7412292,-0.351484,unrelated
S191,S480,H10-2023,Airport04-2023,0,1838967,3673508,7306259,6986357,-0.385377,unrelated
S206,S207,H15-2023,H15-2023,1,2025129,3250359,7783850,7707947,-0.288901,unrelated
S206,S208,H15-2023,H15-2023,1,2052683,3231105,7783850,7490866,-0.288681,unrelated
S206,S209,H15-2023,H15-2023,1,2035087,3260331,7783850,7723624,-0.289252,unrelated
S206,S210,H15-2023,H15-2023,1,2163262,3153499,7783850,7739257,-0.266940,unrelated
S206,S211,H15-2023,H15-2023,1,2031367,3276529,7783850,7405367,-0.297691,unrelated
S206,S212,H15-2023,H15-2023,1,871770,4301810,7783850,3113003,-0.709549,unrelated
S206,S219,H15-2023,H41-2023,0,2290259,2795405,7783850,7585961,-0.214742,unrelated
S206,S220,H15-2023,H41-2023,0,2051722,3064228,7783850,7179670,-0.272445,unrelated
S206,S221,H15-2023,H41-2023,0,44621,5410524,7783850,158911,-1.356761,unrelated
S206,S222,H15-2023,H41-2023,0,413784,4926524,7783850,1476333,-1.019339,unrelated
S206,S223,H15-2023,H41-2023,0,1107408,4022961,7783850,3926923,-0.592490,unrelated
S206,S224,H15-2023,H41-2023,0,2128588,3059605,7783850,7733862,-0.257166,unrelated
S206,S225,H15-2023,H41-2023,0,1965967,3279751,7783850,7293024,-0.304674,unrelated
S206,S250,H15-2023,H66-2023,0,1988957,3292138,7783850,7497400,-0.300716,unrelated
S206,S251,H15-2023,H66-2023,0,1933182,3353634,7783850,7298189,-0.316541,unrelated
S206,S252,H15-2023,H66-2023,0,2106486,3098915,7783850,7784671,-0.262796,unrelated
S206,S253,H15-2023,H66-2023,0,2056807,3186687,7783850,7828319,-0.276487,unrelated
S206,S254,H15-2023,H66-2023,0,2073573,3154770,7783850,7899268,-0.270097,unrelated
S206,S255,H15-2023,H66-2023,0,1675030,3612344,7783850,6261999,-0.395110,unrelated
S206,S256,H15-2023,H66-2023,0,1936526,3322626,7783850,7050507,-0.317420,unrelated
S206,S257,H15-2023,H66-2023,0,1959350,3243112,7783850,7226941,-0.301575,unrelated
S206,S258,H15-2023,H66-2023,0,1998418,3200485,7783850,7345804,-0.290988,unrelated
S206,S259,H15-2023,H66-2023,0,2094181,3149284,7783850,7685226,-0.271793,unrelated
S206,S260,H15-2023,H66-2023,0,2175840,3081191,7783850,7760564,-0.256461,unrelated
S206,S288,H15-2023,Du-2023,0,2138309,3048088,7783850,7781391,-0.254276,unrelated
S206,S289,H15-2023,Du-2023,0,2295240,2902809,7783850,8243626,-0.219023,unrelated
S206,S290,H15-2023,Du-2023,0,2283542,2932220,7783850,8328446,-0.222246,unrelated
S206,S291,H15-2023,Du-2023,0,2338729,2943826,7783850,8614604,-0.216418,unrelated
S206,S292,H15-2023,Du-2023,0,2493744,2773435,7783850,9175472,-0.180026,unrelated
S206,S293,H15-2023,Du-2023,0,2470019,2766727,7783850,9002064,-0.182500,unrelated
S206,S294,H15-2023,Du-2023,0,2247011,3047596,7783850,8280057,-0.239554,unrelated
S206,S312,H15-2023,OkrayGrosheks40-2023,0,2102332,3158481,7783850,7983456,-0.267302,unrelated
S206,S313,H15-2023,OkrayGrosheks40-2023,0,2004585,3208456,7783850,7465948,-0.289337,unrelated
S206,S314,H15-2023,OkrayGrosheks40-2023,0,2037538,3228708,7783850,7693326,-0.285574,unrelated
S206,S315,H15-2023,OkrayGrosheks40-2023,0,2150074,3122332,7783850,7911196,-0.260884,unrelated
S206,S316,H15-2023,OkrayGrosheks40-2023,0,2061159,3161533,7783850,7767507,-0.274054,unrelated
S206,S317,H15-2023,OkrayGrosheks40-2023,0,2211793,3052459,7783850,8428115,-0.240139,unrelated
S206,S318,H15-2023,OkrayGrosheks40-2023,0,1969210,3194179,7783850,7352916,-0.291948,unrelated
S206,S328,H15-2023,LaszSE-O14-2023,0,2069047,3132640,7783850,7746042,-0.270204,unrelated
S206,S329,H15-2023,LaszSE-O14-2023,0,2018123,3251001,7783850,7797235,-0.287777,unrelated
S206,S330,H15-2023,LaszSE-O14-2023,0,1958424,3308284,7783850,7462058,-0.305534,unrelated
S206,S331,H15-2023,LaszSE-O14-2023,0,1994913,3305481,7783850,7438819,-0.303235,unrelated
S206,S332,H15-2023,LaszSE-O14-2023,0,2291957,2961768,7783850,8314732,-0.225584,unrelated
S206,S370,H15-2023,BrikalskiPats-2023,0,1941369,3293098,7783850,7223088,-0.309512,unrelated
S206,S371,H15-2023,BrikalskiPats-2023,0,2077020,3146376,7783850,7850890,-0.269639,unrelated
S206,S372,H15-2023,BrikalskiPats-2023,0,2132619,3131388,7783850,7962119,-0.262299,unrelated
S206,S373,H15-2023,BrikalskiPats-2023,0,2036878,3228824,7783850,7688767,-0.285716,unrelated
S206,S374,H15-2023,BrikalskiPats-2023,0,2076839,3275539,7783850,7505467,-0.292638,unrelated
S206,S375,H15-2023,BrikalskiPats-2023,0,2074396,3225794,7783850,7610693,-0.284334,unrelated
S206,S376,H15-2023,BrikalskiPats-2023,0,2032337,3311674,7783850,7674386,-0.296994,unrelated
S206,S386,H15-2023,DaveBrilowski-2023,0,2049387,3263778,7783850,7581179,-0.291452,unrelated
S206,S387,H15-2023,DaveBrilowski-2023,0,1954319,3222744,7783850,7340180,-0.296956,unrelated
S206,S388,H15-2023,DaveBrilowski-2023,0,2068822,3213542,7783850,7711070,-0.281270,unrelated
S206,S389,H15-2023,DaveBrilowski-2023,0,2029817,3239910,7783850,7419012,-0.292708,unrelated
S206,S390,H15-2023,DaveBrilowski-2023,0,2114111,3127337,7783850,7664668,-0.268023,unrelated
S206,S391,H15-2023,DaveBrilowski-2023,0,2065675,3259720,7783850,7786721,-0.286037,unrelated
S206,S392,H15-2023,DaveBrilowski-2023,0,2111814,3111705,7783850,7941139,-0.261469,unrelated
S206,S418,H15-2023,Wysocki1129-2023,0,2097992,3163601,7783850,7606408,-0.274798,unrelated
S206,S419,H15-2023,Wysocki1129-2023,0,1941682,3253247,7783850,7110209,-0.306485,unrelated
S206,S420,H15-2023,Wysocki1129-2023,0,2100372,3120539,7783850,7733647,-0.266841,unrelated
S206,S421,H15-2023,Wysocki1129-2023,0,2100970,3122182,7783850,7799266,-0.265890,unrelated
S206,S422,H15-2023,Wysocki1129-2023,0,2139243,3400818,7783850,7735411,-0.300426,unrelated
S206,S423,H15-2023,Wysocki1129-2023,0,2115363,3196501,7783850,7838314,-0.273819,unrelated
S206,S424,H15-2023,Wysocki1129-2023,0,2004648,3213980,7783850,7581744,-0.287871,unrelated
S206,S442,H15-2023,Wedekind_3-2023,0,1729014,3540920,7783850,6337465,-0.379060,unrelated
S206,S443,H15-2023,Wedekind_3-2023,0,2038770,3184389,7783850,7460484,-0.284040,unrelated
S206,S444,H15-2023,Wedekind_3-2023,0,1995851,3312290,7783850,7291631,-0.307037,unrelated
S206,S445,H15-2023,Wedekind_3-2023,0,2095240,3224930,7783850,7860728,-0.278347,unrelated
S206,S446,H15-2023,Wedekind_3-2023,0,2032625,3218985,7783850,7648040,-0.285470,unrelated
S206,S447,H15-2023,Wedekind_3-2023,0,2109669,3089257,7783850,7678231,-0.263150,unrelated
S206,S448,H15-2023,Wedekind_3-2023,0,1984678,3211292,7783850,7296097,-0.294292,unrelated
S206,S474,H15-2023,Airport04-2023,0,2140605,3089893,7783850,7804708,-0.259112,unrelated
S206,S475,H15-2023,Airport04-2023,0,2241732,2991740,7783850,8082784,-0.235825,unrelated
S206,S476,H15-2023,Airport04-2023,0,2093925,3131913,7783850,7482884,-0.273136,unrelated
S206,S477,H15-2023,Airport04-2023,0,2064679,3106877,7783850,7485865,-0.271719,unrelated
S206,S478,H15-2023,Airport04-2023,0,2134706,3064048,7783850,7652969,-0.258693,unrelated
S206,S479,H15-2023,Airport04-2023,0,2083616,3149936,7783850,7412292,-0.277456,unrelated
S206,S480,H15-2023,Airport04-2023,0,1906072,3267082,7783850,6986357,-0.313340,unrelated
S207,S208,H15-2023,H15-2023,1,2000066,3496925,7707947,7490866,-0.328564,unrelated
S207,S209,H15-2023,H15-2023,1,2123481,3484828,7707947,7723624,-0.314043,unrelated
S207,S210,H15-2023,H15-2023,1,2080499,3383690,7707947,7739257,-0.303413,unrelated
S207,S211,H15-2023,H15-2023,1,1989551,3524402,7707947,7405367,-0.334755,unrelated
S207,S212,H15-2023,H15-2023,1,785983,4749975,7707947,3113003,-0.805287,unrelated
S207,S219,H15-2023,H41-2023,0,1977294,3313364,7707947,7585961,-0.304006,unrelated
S207,S220,H15-2023,H41-2023,0,1855655,3462253,7707947,7179670,-0.340474,unrelated
S207,S221,H15-2023,H41-2023,0,39752,5901788,7707947,158911,-1.495365,unrelated
S207,S222,H15-2023,H41-2023,0,373713,5397784,7707947,1476333,-1.134749,unrelated
S207,S223,H15-2023,H41-2023,0,988018,4453655,7707947,3926923,-0.680652,unrelated
S207,S224,H15-2023,H41-2023,0,2076096,3339797,7707947,7733862,-0.298119,unrelated
S207,S225,H15-2023,H41-2023,0,1954834,3511951,7707947,7293024,-0.337916,unrelated
S207,S250,H15-2023,H66-2023,0,2022091,3598096,7707947,7497400,-0.340282,unrelated
S207,S251,H15-2023,H66-2023,0,2024735,3642172,7707947,7298189,-0.350497,unrelated
S207,S252,H15-2023,H66-2023,0,2115065,3389188,7707947,7784671,-0.301002,unrelated
S207,S253,H15-2023,H66-2023,0,2149758,3493551,7707947,7828319,-0.311358,unrelated
S207,S254,H15-2023,H66-2023,0,2159852,3432512,7707947,7899268,-0.301474,unrelated
S207,S255,H15-2023,H66-2023,0,1653570,3771643,7707947,6261999,-0.421599,unrelated
S207,S256,H15-2023,H66-2023,0,1887503,3653908,7707947,7050507,-0.367268,unrelated
S207,S257,H15-2023,H66-2023,0,1931692,3564586,7707947,7226941,-0.348009,unrelated
S207,S258,H15-2023,H66-2023,0,1942061,3524997,7707947,7345804,-0.339313,unrelated
S207,S259,H15-2023,H66-2023,0,2055515,3443654,7707947,7685226,-0.313892,unrelated
S207,S260,H15-2023,H66-2023,0,2056550,3473280,7707947,7760564,-0.316127,unrelated
S207,S288,H15-2023,Du-2023,0,2054627,3421938,7707947,7781391,-0.309196,unrelated
S207,S289,H15-2023,Du-2023,0,2172588,3272703,7707947,8243626,-0.274131,unrelated
S207,S290,H15-2023,Du-2023,0,2181969,3279776,7707947,8328446,-0.272978,unrelated
S207,S291,H15-2023,Du-2023,0,2353336,3198009,7707947,8614604,-0.247675,unrelated
S207,S292,H15-2023,Du-2023,0,2428660,3079676,7707947,9175472,-0.220968,unrelated
S207,S293,H15-2023,Du-2023,0,2310052,3136844,7707947,9002064,-0.237201,unrelated
S207,S294,H15-2023,Du-2023,0,2226897,3268094,7707947,8280057,-0.269533,unrelated
S207,S312,H15-2023,OkrayGrosheks40-2023,0,2180869,3426605,7707947,7983456,-0.297764,unrelated
S207,S313,H15-2023,OkrayGrosheks40-2023,0,1969375,3559070,7707947,7465948,-0.339317,unrelated
S207,S314,H15-2023,OkrayGrosheks40-2023,0,2083409,3451040,7707947,7693326,-0.312875,unrelated
S207,S315,H15-2023,OkrayGrosheks40-2023,0,2161690,3385490,7707947,7911196,-0.295105,unrelated
S207,S316,H15-2023,OkrayGrosheks40-2023,0,2079983,3419501,7707947,7767507,-0.307520,unrelated
S207,S317,H15-2023,OkrayGrosheks40-2023,0,2282248,3215765,7707947,8428115,-0.257143,unrelated
S207,S318,H15-2023,OkrayGrosheks40-2023,0,1951969,3559289,7707947,7352916,-0.343049,unrelated
S207,S328,H15-2023,LaszSE-O14-2023,0,2105095,3413578,7707947,7746042,-0.305556,unrelated
S207,S329,H15-2023,LaszSE-O14-2023,0,2150707,3450188,7707947,7797235,-0.306328,unrelated
S207,S330,H15-2023,LaszSE-O14-2023,0,2032726,3572994,7707947,7462058,-0.337064,unrelated
S207,S331,H15-2023,LaszSE-O14-2023,0,2020850,3542861,7707947,7438819,-0.334386,unrelated
S207,S332,H15-2023,LaszSE-O14-2023,0,2231772,3281484,7707947,8314732,-0.270317,unrelated
S207,S370,H15-2023,BrikalskiPats-2023,0,1938558,3579058,7707947,7223088,-0.349578,unrelated
S207,S371,H15-2023,BrikalskiPats-2023,0,2118906,3437318,7707947,7850890,-0.305661,unrelated
S207,S372,H15-2023,BrikalskiPats-2023,0,2121161,3400472,7707947,7962119,-0.298645,unrelated
S207,S373,H15-2023,BrikalskiPats-2023,0,2121258,3413828,7707947,7688767,-0.305675,unrelated
S207,S374,H15-2023,BrikalskiPats-2023,0,2017018,3503443,7707947,7505467,-0.327991,unrelated
S207,S375,H15-2023,BrikalskiPats-2023,0,2049963,3405875,7707947,7610693,-0.310849,unrelated
S207,S376,H15-2023,BrikalskiPats-2023,0,2103444,3512300,7707947,7674386,-0.319923,unrelated
S207,S386,H15-2023,DaveBrilowski-2023,0,2010779,3485467,7707947,7581179,-0.324424,unrelated
S207,S387,H15-2023,DaveBrilowski-2023,0,1980958,3565795,7707947,7340180,-0.342277,unrelated
S207,S388,H15-2023,DaveBrilowski-2023,0,2076121,3442545,7707947,7711070,-0.311886,unrelated
S207,S389,H15-2023,DaveBrilowski-2023,0,1986047,3625515,7707947,7419012,-0.348053,unrelated
S207,S390,H15-2023,DaveBrilowski-2023,0,2031837,3426899,7707947,7664668,-0.313672,unrelated
S207,S391,H15-2023,DaveBrilowski-2023,0,2125876,3492026,7707947,7786721,-0.313539,unrelated
S207,S392,H15-2023,DaveBrilowski-2023,0,2169051,3428316,7707947,7941139,-0.299543,unrelated
S207,S418,H15-2023,Wysocki1129-2023,0,2079590,3417146,7707947,7606408,-0.310474,unrelated
S207,S419,H15-2023,Wysocki1129-2023,0,1890779,3634865,7707947,7110209,-0.362997,unrelated
S207,S420,H15-2023,Wysocki1129-2023,0,2104836,3373919,7707947,7733647,-0.300682,unrelated
S207,S421,H15-2023,Wysocki1129-2023,0,2056008,3411360,7707947,7799266,-0.307387,unrelated
S207,S422,H15-2023,Wysocki1129-2023,0,2091095,3499562,7707947,7735411,-0.317808,unrelated
S207,S423,H15-2023,Wysocki1129-2023,0,2092100,3448699,7707947,7838314,-0.309097,unrelated
S207,S424,H15-2023,Wysocki1129-2023,0,2059023,3490789,7707947,7581744,-0.321953,unrelated
S207,S442,H15-2023,Wedekind_3-2023,0,1683236,3826733,7707947,6337465,-0.425066,unrelated
S207,S443,H15-2023,Wedekind_3-2023,0,2009318,3526095,7707947,7460484,-0.332458,unrelated
S207,S444,H15-2023,Wedekind_3-2023,0,1952043,3487010,7707947,7291631,-0.334808,unrelated
S207,S445,H15-2023,Wedekind_3-2023,0,2159159,3438863,7707947,7860728,-0.303081,unrelated
S207,S446,H15-2023,Wedekind_3-2023,0,2081298,3532587,7707947,7648040,-0.324556,unrelated
S207,S447,H15-2023,Wedekind_3-2023,0,2076145,3463623,7707947,7678231,-0.315290,unrelated
S207,S448,H15-2023,Wedekind_3-2023,0,1925712,3598355,7707947,7296097,-0.351305,unrelated
S207,S474,H15-2023,Airport04-2023,0,2099024,3316680,7707947,7804708,-0.292299,unrelated
S207,S475,H15-2023,Airport04-2023,0,2108053,3281556,7707947,8082784,-0.282131,unrelated
S207,S476,H15-2023,Airport04-2023,0,1949722,3477771,7707947,7482884,-0.329529,unrelated
S207,S477,H15-2023,Airport04-2023,0,1983641,3428764,7707947,7485865,-0.320781,unrelated
S207,S478,H15-2023,Airport04-2023,0,2045094,3371089,7707947,7652969,-0.305782,unrelated
S207,S479,H15-2023,Airport04-2023,0,1915561,3487436,7707947,7412292,-0.334605,unrelated
S207,S480,H15-2023,Airport04-2023,0,1886671,3582797,7707947,6986357,-0.359250,unrelated
S208,S209,H15-2023,H15-2023,1,1994703,3477810,7490866,7723624,-0.326065,unrelated
S208,S210,H15-2023,H15-2023,1,2089436,3293375,7490866,7739257,-0.295291,unrelated
S208,S211,H15-2023,H15-2023,1,1979531,3382357,7490866,7405367,-0.321234,unrelated
S208,S212,H15-2023,H15-2023,1,783848,4764425,7490866,3113003,-0.824699,unrelated
S208,S219,H15-2023,H41-2023,0,1975908,3204031,7490866,7585961,-0.293971,unrelated
S208,S220,H15-2023,H41-2023,0,1858174,3365515,7490866,7179670,-0.332153,unrelated
S208,S221,H15-2023,H41-2023,0,40146,5952406,7490866,158911,-1.550982,unrelated
S208,S222,H15-2023,H41-2023,0,373965,5438327,7490866,1476333,-1.171234,unrelated
S208,S223,H15-2023,H41-2023,0,991521,4458095,7490866,3926923,-0.694063,unrelated
S208,S224,H15-2023,H41-2023,0,2070521,3265431,7490866,7733862,-0.292967,unrelated
S208,S225,H15-2023,H41-2023,0,1877231,3468952,7490866,7293024,-0.342310,unrelated
S208,S250,H15-2023,H66-2023,0,1950184,3536737,7490866,7497400,-0.341820,unrelated
S208,S251,H15-2023,H66-2023,0,1870296,3597508,7490866,7298189,-0.360045,unrelated
S208,S252,H15-2023,H66-2023,0,2003322,3394163,7490866,7784671,-0.313246,unrelated
S208,S253,H15-2023,H66-2023,0,2029929,3423614,7490866,7828319,-0.314462,unrelated
S208,S254,H15-2023,H66-2023,0,2053572,3503817,7490866,7899268,-0.321899,unrelated
S208,S255,H15-2023,H66-2023,0,1595123,3866264,7490866,6261999,-0.446264,unrelated
S208,S256,H15-2023,H66-2023,0,1863550,3532411,7490866,7050507,-0.357688,unrelated
S208,S257,H15-2023,H66-2023,0,1914538,3633333,7490866,7226941,-0.363650,unrelated
S208,S258,H15-2023,H66-2023,0,1942939,3556222,7490866,7345804,-0.348428,unrelated
S208,S259,H15-2023,H66-2023,0,2108838,3437821,7490866,7685226,-0.314100,unrelated
S208,S260,H15-2023,H66-2023,0,2067584,3394370,7490866,7760564,-0.309555,unrelated
S208,S288,H15-2023,Du-2023,0,2041993,3401400,7490866,7781391,-0.311729,unrelated
S208,S289,H15-2023,Du-2023,0,2155564,3188761,7490866,8243626,-0.268325,unrelated
S208,S290,H15-2023,Du-2023,0,2183528,3325196,7490866,8328446,-0.282368,unrelated
S208,S291,H15-2023,Du-2023,0,2176678,3229125,7490866,8614604,-0.265846,unrelated
S208,S292,H15-2023,Du-2023,0,2369794,3034228,7490866,9175472,-0.221924,unrelated
S208,S293,H15-2023,Du-2023,0,2352726,3115882,7490866,9002064,-0.235194,unrelated
S208,S294,H15-2023,Du-2023,0,2176713,3181452,7490866,8280057,-0.265437,unrelated
S208,S312,H15-2023,OkrayGrosheks40-2023,0,2098547,3381635,7490866,7983456,-0.301449,unrelated
S208,S313,H15-2023,OkrayGrosheks40-2023,0,1941156,3543690,7490866,7465948,-0.344072,unrelated
S208,S314,H15-2023,OkrayGrosheks40-2023,0,2036734,3450082,7490866,7693326,-0.320296,unrelated
S208,S315,H15-2023,OkrayGrosheks40-2023,0,2073810,3355623,7490866,7911196,-0.301092,unrelated
S208,S316,H15-2023,OkrayGrosheks40-2023,0,2058063,3388853,7490866,7767507,-0.309315,unrelated
S208,S317,H15-2023,OkrayGrosheks40-2023,0,2161123,3344999,7490866,8428115,-0.284495,unrelated
S208,S318,H15-2023,OkrayGrosheks40-2023,0,1946731,3540956,7490866,7352916,-0.345948,unrelated
S208,S328,H15-2023,LaszSE-O14-2023,0,2071861,3390787,7490866,7746042,-0.309099,unrelated
S208,S329,H15-2023,LaszSE-O14-2023,0,2003805,3544586,7490866,7797235,-0.332636,unrelated
S208,S330,H15-2023,LaszSE-O14-2023,0,1915619,3636847,7490866,7462058,-0.358330,unrelated
S208,S331,H15-2023,LaszSE-O14-2023,0,1976267,3472885,7490866,7438819,-0.332861,unrelated
S208,S332,H15-2023,LaszSE-O14-2023,0,2222544,3181316,7490866,8314732,-0.261938,unrelated
S208,S370,H15-2023,BrikalskiPats-2023,0,1903007,3532804,7490866,7223088,-0.350864,unrelated
S208,S371,H15-2023,BrikalskiPats-2023,0,2042697,3519968,7490866,7850890,-0.325728,unrelated
S208,S372,H15-2023,BrikalskiPats-2023,0,2104776,3376896,7490866,7962119,-0.300849,unrelated
S208,S373,H15-2023,BrikalskiPats-2023,0,2003179,3361579,7490866,7688767,-0.310942,unrelated
S208,S374,H15-2023,BrikalskiPats-2023,0,2047857,3348755,7490866,7505467,-0.310053,unrelated
S208,S375,H15-2023,BrikalskiPats-2023,0,2033659,3367180,7490866,7610693,-0.311273,unrelated
S208,S376,H15-2023,BrikalskiPats-2023,0,2024895,3424299,7490866,7674386,-0.318076,unrelated
S208,S386,H15-2023,DaveBrilowski-2023,0,2016081,3381436,7490866,7581179,-0.314940,unrelated
S208,S387,H15-2023,DaveBrilowski-2023,0,1934866,3532959,7490866,7340180,-0.345967,unrelated
S208,S388,H15-2023,DaveBrilowski-2023,0,2059488,3389619,7490866,7711070,-0.310470,unrelated
S208,S389,H15-2023,DaveBrilowski-2023,0,1967674,3495225,7490866,7419012,-0.336876,unrelated
S208,S390,H15-2023,DaveBrilowski-2023,0,2066152,3434741,7490866,7664668,-0.316936,unrelated
S208,S391,H15-2023,DaveBrilowski-2023,0,2024759,3393944,7490866,7786721,-0.311772,unrelated
S208,S392,H15-2023,DaveBrilowski-2023,0,2034839,3530904,7490866,7941139,-0.325750,unrelated
S208,S418,H15-2023,Wysocki1129-2023,0,1990821,3431686,7490866,7606408,-0.322744,unrelated
S208,S419,H15-2023,Wysocki1129-2023,0,1893703,3610922,7490866,7110209,-0.364914,unrelated
S208,S420,H15-2023,Wysocki1129-2023,0,2037090,3367766,7490866,7733647,-0.308610,unrelated
S208,S421,H15-2023,Wysocki1129-2023,0,2078686,3420479,7490866,7799266,-0.311460,unrelated
S208,S422,H15-2023,Wysocki1129-2023,0,2024190,3624283,7490866,7735411,-0.343116,unrelated
S208,S423,H15-2023,Wysocki1129-2023,0,2069928,3448929,7490866,7838314,-0.314950,unrelated
S208,S424,H15-2023,Wysocki1129-2023,0,1961960,3596741,7490866,7581744,-0.347088,unrelated
S208,S442,H15-2023,Wedekind_3-2023,0,1681314,3695236,7490866,6337465,-0.412860,unrelated
S208,S443,H15-2023,Wedekind_3-2023,0,1979566,3409343,7490866,7460484,-0.323658,unrelated
S208,S444,H15-2023,Wedekind_3-2023,0,1981726,3359031,7490866,7291631,-0.320402,unrelated
S208,S445,H15-2023,Wedekind_3-2023,0,2064062,3345341,7490866,7860728,-0.301377,unrelated
S208,S446,H15-2023,Wedekind_3-2023,0,1974587,3568351,7490866,7648040,-0.340983,unrelated
S208,S447,H15-2023,Wedekind_3-2023,0,2022374,3392008,7490866,7678231,-0.313904,unrelated
S208,S448,H15-2023,Wedekind_3-2023,0,1894487,3632374,7490866,7296097,-0.363175,unrelated
S208,S474,H15-2023,Airport04-2023,0,2029295,3399746,7490866,7804708,-0.311868,unrelated
S208,S475,H15-2023,Airport04-2023,0,2115061,3228762,7490866,8082784,-0.278834,unrelated
S208,S476,H15-2023,Airport04-2023,0,1967425,3475091,7490866,7482884,-0.332766,unrelated
S208,S477,H15-2023,Airport04-2023,0,1988248,3459482,7490866,7485865,-0.329225,unrelated
S208,S478,H15-2023,Airport04-2023,0,2003999,3301276,7490866,7652969,-0.303658,unrelated
S208,S479,H15-2023,Airport04-2023,0,1955214,3324635,7490866,7412292,-0.314971,unrelated
S208,S480,H15-2023,Airport04-2023,0,1803074,3631225,7490866,6986357,-0.377101,unrelated
S209,S210,H15-2023,H15-2023,1,2069019,3409220,7723624,7739257,-0.307150,unrelated
S209,S211,H15-2023,H15-2023,1,1964173,3475937,7723624,7405367,-0.329678,unrelated
S209,S212,H15-2023,H15-2023,1,782738,4848438,7723624,3113003,-0.822593,unrelated
S209,S219,H15-2023,H41-2023,0,2008854,3281953,7723624,7585961,-0.297529,unrelated
S209,S220,H15-2023,H41-2023,0,1918052,3471728,7723624,7179670,-0.337201,unrelated
S209,S221,H15-2023,H41-2023,0,41248,6011480,7723624,158911,-1.520033,unrelated
S209,S222,H15-2023,H41-2023,0,371255,5492037,7723624,1476333,-1.153573,unrelated
S209,S223,H15-2023,H41-2023,0,985970,4500564,7723624,3926923,-0.687964,unrelated
S209,S224,H15-2023,H41-2023,0,2113484,3310710,7723624,7733862,-0.291634,unrelated
S209,S225,H15-2023,H41-2023,0,2027441,3519559,7723624,7293024,-0.333741,unrelated
S209,S250,H15-2023,H66-2023,0,2041071,3514485,7723624,7497400,-0.327698,unrelated
S209,S251,H15-2023,H66-2023,0,2060524,3538447,7723624,7298189,-0.333939,unrelated
S209,S252,H15-2023,H66-2023,0,2118107,3295804,7723624,7784671,-0.288459,unrelated
S209,S253,H15-2023,H66-2023,0,2204069,3279367,7723624,7828319,-0.280008,unrelated
S209,S254,H15-2023,H66-2023,0,2148069,3478733,7723624,7899268,-0.307843,unrelated
S209,S255,H15-2023,H66-2023,0,1651396,3712416,7723624,6261999,-0.412812,unrelated
S209,S256,H15-2023,H66-2023,0,1942185,3611647,7723624,7050507,-0.357456,unrelated
S209,S257,H15-2023,H66-2023,0,1938983,3672176,7723624,7226941,-0.361549,unrelated
S209,S258,H15-2023,H66-2023,0,1977337,3488876,7723624,7345804,-0.331825,unrelated
S209,S259,H15-2023,H66-2023,0,2054229,3476712,7723624,7685226,-0.317947,unrelated
S209,S260,H15-2023,H66-2023,0,2078491,3391131,7723624,7760564,-0.303779,unrelated
S209,S288,H15-2023,Du-2023,0,2129904,3190957,7723624,7781391,-0.274234,unrelated
S209,S289,H15-2023,Du-2023,0,2224338,3310888,7723624,8243626,-0.275404,unrelated
S209,S290,H15-2023,Du-2023,0,2188957,3337516,7723624,8328446,-0.279470,unrelated
S209,S291,H15-2023,Du-2023,0,2436319,3170674,7723624,8614604,-0.239012,unrelated
S209,S292,H15-2023,Du-2023,0,2483788,3003203,7723624,9175472,-0.208450,unrelated
S209,S293,H15-2023,Du-2023,0,2320352,3165021,7723624,9002064,-0.239732,unrelated
S209,S294,H15-2023,Du-2023,0,2265513,3226482,7723624,8280057,-0.261655,unrelated
S209,S312,H15-2023,OkrayGrosheks40-2023,0,2203048,3316768,7723624,7983456,-0.282069,unrelated
S209,S313,H15-2023,OkrayGrosheks40-2023,0,2000168,3512060,7723624,7465948,-0.330750,unrelated
S209,S314,H15-2023,OkrayGrosheks40-2023,0,2096245,3489783,7723624,7693326,-0.316750,unrelated
S209,S315,H15-2023,OkrayGrosheks40-2023,0,2146080,3332663,7723624,7911196,-0.289050,unrelated
S209,S316,H15-2023,OkrayGrosheks40-2023,0,2086386,3483099,7723624,7767507,-0.315007,unrelated
S209,S317,H15-2023,OkrayGrosheks40-2023,0,2309695,3220480,7723624,8428115,-0.255778,unrelated
S209,S318,H15-2023,OkrayGrosheks40-2023,0,2001724,3518069,7723624,7352916,-0.333924,unrelated
S209,S328,H15-2023,LaszSE-O14-2023,0,2085132,3566463,7723624,7746042,-0.326303,unrelated
S209,S329,H15-2023,LaszSE-O14-2023,0,2173568,3468447,7723624,7797235,-0.306898,unrelated
S209,S330,H15-2023,LaszSE-O14-2023,0,2047661,3539853,7723624,7462058,-0.331368,unrelated
S209,S331,H15-2023,LaszSE-O14-2023,0,2046352,3447104,7723624,7438819,-0.319728,unrelated
S209,S332,H15-2023,LaszSE-O14-2023,0,2230302,3301892,7723624,8314732,-0.272689,unrelated
S209,S370,H15-2023,BrikalskiPats-2023,0,1949140,3554233,7723624,7223088,-0.345181,unrelated
S209,S371,H15-2023,BrikalskiPats-2023,0,2197258,3459064,7723624,7850890,-0.303115,unrelated
S209,S372,H15-2023,BrikalskiPats-2023,0,2141109,3395180,7723624,7962119,-0.296400,unrelated
S209,S373,H15-2023,BrikalskiPats-2023,0,2145598,3508405,7723624,7688767,-0.316058,unrelated
S209,S374,H15-2023,BrikalskiPats-2023,0,1990005,3523480,7723624,7505467,-0.332059,unrelated
S209,S375,H15-2023,BrikalskiPats-2023,0,1993019,3498587,7723624,7610693,-0.326337,unrelated
S209,S376,H15-2023,BrikalskiPats-2023,0,2108801,3447160,7723624,7674386,-0.310788,unrelated
S209,S386,H15-2023,DaveBrilowski-2023,0,2031742,3454184,7723624,7581179,-0.318634,unrelated
S209,S387,H15-2023,DaveBrilowski-2023,0,1991203,3539267,7723624,7340180,-0.337719,unrelated
S209,S388,H15-2023,DaveBrilowski-2023,0,2076287,3539854,7723624,7711070,-0.324167,unrelated
S209,S389,H15-2023,DaveBrilowski-2023,0,2000283,3625196,7723624,7419012,-0.346710,unrelated
S209,S390,H15-2023,DaveBrilowski-2023,0,2022869,3474783,7723624,7664668,-0.320159,unrelated
S209,S391,H15-2023,DaveBrilowski-2023,0,2202155,3422813,7723624,7786721,-0.299379,unrelated
S209,S392,H15-2023,DaveBrilowski-2023,0,2221680,3457649,7723624,7941139,-0.299629,unrelated
S209,S418,H15-2023,Wysocki1129-2023,0,2064357,3463975,7723624,7606408,-0.317259,unrelated
S209,S419,H15-2023,Wysocki1129-2023,0,1915358,3498454,7723624,7110209,-0.342565,unrelated
S209,S420,H15-2023,Wysocki1129-2023,0,2107159,3283780,7723624,7733647,-0.288563,unrelated
S209,S421,H15-2023,Wysocki1129-2023,0,2047194,3425231,7723624,7799266,-0.309431,unrelated
S209,S422,H15-2023,Wysocki1129-2023,0,2068236,3413445,7723624,7735411,-0.307823,unrelated
S209,S423,H15-2023,Wysocki1129-2023,0,2090706,3340770,7723624,7838314,-0.295004,unrelated
S209,S424,H15-2023,Wysocki1129-2023,0,2136564,3489402,7723624,7581744,-0.316375,unrelated
S209,S442,H15-2023,Wedekind_3-2023,0,1680899,3802909,7723624,6337465,-0.421370,unrelated
S209,S443,H15-2023,Wedekind_3-2023,0,1998312,3424072,7723624,7460484,-0.319402,unrelated
S209,S444,H15-2023,Wedekind_3-2023,0,1937348,3515385,7723624,7291631,-0.339216,unrelated
S209,S445,H15-2023,Wedekind_3-2023,0,2209370,3347935,7723624,7860728,-0.287885,unrelated
S209,S446,H15-2023,Wedekind_3-2023,0,2106115,3412254,7723624,7648040,-0.306954,unrelated
S209,S447,H15-2023,Wedekind_3-2023,0,2058448,3500602,7723624,7678231,-0.320920,unrelated
S209,S448,H15-2023,Wedekind_3-2023,0,1992699,3610222,7723624,7296097,-0.348059,unrelated
S209,S474,H15-2023,Airport04-2023,0,2167084,3357886,7723624,7804708,-0.292928,unrelated
S209,S475,H15-2023,Airport04-2023,0,2147851,3315478,7723624,8082784,-0.283626,unrelated
S209,S476,H15-2023,Airport04-2023,0,1989097,3464219,7723624,7482884,-0.324818,unrelated
S209,S477,H15-2023,Airport04-2023,0,1995865,3337634,7723624,7485865,-0.307663,unrelated
S209,S478,H15-2023,Airport04-2023,0,2084442,3332325,7723624,7652969,-0.297869,unrelated
S209,S479,H15-2023,Airport04-2023,0,1976610,3379732,7723624,7412292,-0.315994,unrelated
S209,S480,H15-2023,Airport04-2023,0,1913500,3558377,7723624,6986357,-0.353723,unrelated
S210,S211,H15-2023,H15-2023,1,2032636,3369686,7739257,7405367,-0.310786,unrelated
S210,S212,H15-2023,H15-2023,1,806989,4713066,7739257,3113003,-0.794226,unrelated
S210,S219,H15-2023,H41-2023,0,2003613,3239330,7739257,7585961,-0.292005,unrelated
S210,S220,H15-2023,H41-2023,0,1891206,3283307,7739257,7179670,-0.313388,unrelated
S210,S221,H15-2023,H41-2023,0,41606,5870142,7739257,158911,-1.481189,unrelated
S210,S222,H15-2023,H41-2023,0,384470,5372072,7739257,1476333,-1.124147,unrelated
S210,S223,H15-2023,H41-2023,0,1017475,4416381,7739257,3926923,-0.669910,unrelated
S210,S224,H15-2023,H41-2023,0,2071131,3323914,7739257,7733862,-0.295784,unrelated
S210,S225,H15-2023,H41-2023,0,1925260,3429479,7739257,7293024,-0.328207,unrelated
S210,S250,H15-2023,H66-2023,0,2048990,3442568,7739257,7497400,-0.317402,unrelated
S210,S251,H15-2023,H66-2023,0,1926045,3520044,7739257,7298189,-0.340087,unrelated
S210,S252,H15-2023,H66-2023,0,2110444,3301008,7739257,7784671,-0.289332,unrelated
S210,S253,H15-2023,H66-2023,0,2083676,3327865,7739257,7828319,-0.293691,unrelated
S210,S254,H15-2023,H66-2023,0,2121894,3466775,7739257,7899268,-0.307680,unrelated
S210,S255,H15-2023,H66-2023,0,1623645,3814857,7739257,6261999,-0.428966,unrelated
S210,S256,H15-2023,H66-2023,0,1938234,3439471,7739257,7050507,-0.334063,unrelated
S210,S257,H15-2023,H66-2023,0,1955904,3514589,7739257,7226941,-0.338982,unrelated
S210,S258,H15-2023,H66-2023,0,1973118,3554069,7739257,7345804,-0.340404,unrelated
S210,S259,H15-2023,H66-2023,0,2092609,3396161,7739257,7685226,-0.304692,unrelated
S210,S260,H15-2023,H66-2023,0,2160954,3340044,7739257,7760564,-0.291560,unrelated
S210,S288,H15-2023,Du-2023,0,2095612,3311633,7739257,7781391,-0.291718,unrelated
S210,S289,H15-2023,Du-2023,0,2231044,3159219,7739257,8243626,-0.255736,unrelated
S210,S290,H15-2023,Du-2023,0,2288054,3235333,7739257,8328446,-0.260312,unrelated
S210,S291,H15-2023,Du-2023,0,2319506,3038534,7739257,8614604,-0.229766,unrelated
S210,S292,H15-2023,Du-2023,0,2459179,2906236,7739257,9175472,-0.198247,unrelated
S210,S293,H15-2023,Du-2023,0,2440385,3042109,7739257,9002064,-0.217655,unrelated
S210,S294,H15-2023,Du-2023,0,2266519,3126846,7739257,8280057,-0.248898,unrelated
S210,S312,H15-2023,OkrayGrosheks40-2023,0,2198447,3245080,7739257,7983456,-0.272963,unrelated
S210,S313,H15-2023,OkrayGrosheks40-2023,0,2021997,3470137,7739257,7465948,-0.323460,unrelated
S210,S314,H15-2023,OkrayGrosheks40-2023,0,2093699,3361950,7739257,7693326,-0.300028,unrelated
S210,S315,H15-2023,OkrayGrosheks40-2023,0,2153596,3267574,7739257,7911196,-0.279963,unrelated
S210,S316,H15-2023,OkrayGrosheks40-2023,0,2099505,3403708,7739257,7767507,-0.303604,unrelated
S210,S317,H15-2023,OkrayGrosheks40-2023,0,2216435,3321452,7739257,8428115,-0.273790,unrelated
S210,S318,H15-2023,OkrayGrosheks40-2023,0,1999284,3522938,7739257,7352916,-0.334385,unrelated
S210,S328,H15-2023,LaszSE-O14-2023,0,2106136,3310687,7739257,7746042,-0.291582,unrelated
S210,S329,H15-2023,LaszSE-O14-2023,0,2064970,3479813,7739257,7797235,-0.315043,unrelated
S210,S330,H15-2023,LaszSE-O14-2023,0,2030936,3542856,7739257,7462058,-0.332522,unrelated
S210,S331,H15-2023,LaszSE-O14-2023,0,2046608,3455662,7739257,7438819,-0.320509,unrelated
S210,S332,H15-2023,LaszSE-O14-2023,0,2287443,3100082,7739257,8314732,-0.243723,unrelated
S210,S370,H15-2023,BrikalskiPats-2023,0,1983055,3449176,7739257,7223088,-0.328511,unrelated
S210,S371,H15-2023,BrikalskiPats-2023,0,2103965,3428865,7739257,7850890,-0.304921,unrelated
S210,S372,H15-2023,BrikalskiPats-2023,0,2155274,3385463,7739257,7962119,-0.293965,unrelated
S210,S373,H15-2023,BrikalskiPats-2023,0,2061131,3338992,7739257,7688767,-0.299251,unrelated
S210,S374,H15-2023,BrikalskiPats-2023,0,2062395,3346993,7739257,7505467,-0.303816,unrelated
S210,S375,H15-2023,BrikalskiPats-2023,0,2131186,3248551,7739257,7610693,-0.284425,unrelated
S210,S376,H15-2023,BrikalskiPats-2023,0,2063019,3379910,7739257,7674386,-0.304717,unrelated
S210,S386,H15-2023,DaveBrilowski-2023,0,2088477,3287390,7739257,7581179,-0.292831,unrelated
S210,S387,H15-2023,DaveBrilowski-2023,0,2035974,3357240,7739257,7340180,-0.310257,unrelated
S210,S388,H15-2023,DaveBrilowski-2023,0,2104159,3304562,7739257,7711070,-0.291577,unrelated
S210,S389,H15-2023,DaveBrilowski-2023,0,2016344,3543252,7739257,7419012,-0.334481,unrelated
S210,S390,H15-2023,DaveBrilowski-2023,0,2086444,3476287,7739257,7664668,-0.315902,unrelated
S210,S391,H15-2023,DaveBrilowski-2023,0,2121508,3280429,7739257,7786721,-0.285930,unrelated
S210,S392,H15-2023,DaveBrilowski-2023,0,2118684,3429795,7739257,7941139,-0.302346,unrelated
S210,S418,H15-2023,Wysocki1129-2023,0,2079309,3338634,7739257,7606408,-0.299626,unrelated
S210,S419,H15-2023,Wysocki1129-2023,0,1965217,3457553,7739257,7110209,-0.333338,unrelated
S210,S420,H15-2023,Wysocki1129-2023,0,2124572,3318261,7739257,7733647,-0.291603,unrelated
S210,S421,H15-2023,Wysocki1129-2023,0,2102331,3408198,7739257,7799266,-0.303379,unrelated
S210,S422,H15-2023,Wysocki1129-2023,0,2124650,3593349,7739257,7735411,-0.327118,unrelated
S210,S423,H15-2023,Wysocki1129-2023,0,2136888,3424734,7739257,7838314,-0.302523,unrelated
S210,S424,H15-2023,Wysocki1129-2023,0,1991734,3517723,7739257,7581744,-0.329203,unrelated
S210,S442,H15-2023,Wedekind_3-2023,0,1756578,3589102,7739257,6337465,-0.385148,unrelated
S210,S443,H15-2023,Wedekind_3-2023,0,2032176,3343664,7739257,7460484,-0.306265,unrelated
S210,S444,H15-2023,Wedekind_3-2023,0,2044836,3301162,7739257,7291631,-0.303208,unrelated
S210,S445,H15-2023,Wedekind_3-2023,0,2170813,3272668,7739257,7860728,-0.280418,unrelated
S210,S446,H15-2023,Wedekind_3-2023,0,2048235,3490105,7739257,7648040,-0.320523,unrelated
S210,S447,H15-2023,Wedekind_3-2023,0,2076102,3363327,7739257,7678231,-0.301641,unrelated
S210,S448,H15-2023,Wedekind_3-2023,0,1986652,3511869,7739257,7296097,-0.335016,unrelated
S210,S474,H15-2023,Airport04-2023,0,2064648,3420824,7739257,7804708,-0.307322,unrelated
S210,S475,H15-2023,Airport04-2023,0,2207689,3198253,7739257,8082784,-0.264746,unrelated
S210,S476,H15-2023,Airport04-2023,0,2074267,3386494,7739257,7482884,-0.308677,unrelated
S210,S477,H15-2023,Airport04-2023,0,2047525,3351009,7739257,7485865,-0.305711,unrelated
S210,S478,H15-2023,Airport04-2023,0,2070989,3262387,7739257,7652969,-0.289353,unrelated
S210,S479,H15-2023,Airport04-2023,0,1986764,3329022,7739257,7412292,-0.308304,unrelated
S210,S480,H15-2023,Airport04-2023,0,1847453,3582043,7739257,6986357,-0.361047,unrelated
S211,S212,H15-2023,H15-2023,1,785829,4741405,7405367,3113003,-0.826837,unrelated
S211,S219,H15-2023,H41-2023,0,1956684,3245516,7405367,7585961,-0.302465,unrelated
S211,S220,H15-2023,H41-2023,0,1853616,3417631,7405367,7179670,-0.341559,unrelated
S211,S221,H15-2023,H41-2023,0,40669,5881071,7405367,158911,-1.549583,unrelated
S211,S222,H15-2023,H41-2023,0,372659,5366499,7405367,1476333,-1.166482,unrelated
S211,S223,H15-2023,H41-2023,0,990393,4431590,7405367,3926923,-0.694722,unrelated
S211,S224,H15-2023,H41-2023,0,2067007,3306826,7405367,7733862,-0.300322,unrelated
S211,S225,H15-2023,H41-2023,0,1896039,3444238,7405367,7293024,-0.339659,unrelated
S211,S250,H15-2023,H66-2023,0,1976010,3437530,7405367,7497400,-0.328734,unrelated
S211,S251,H15-2023,H66-2023,0,1862956,3563351,7405367,7298189,-0.357991,unrelated
S211,S252,H15-2023,H66-2023,0,2066958,3288721,7405367,7784671,-0.296937,unrelated
S211,S253,H15-2023,H66-2023,0,2051759,3361422,7405367,7828319,-0.306629,unrelated
S211,S254,H15-2023,H66-2023,0,2018865,3518094,7405367,7899268,-0.327830,unrelated
S211,S255,H15-2023,H66-2023,0,1577540,3861277,7405367,6261999,-0.449612,unrelated
S211,S256,H15-2023,H66-2023,0,1863812,3617468,7405367,7050507,-0.371553,unrelated
S211,S257,H15-2023,H66-2023,0,1892770,3661807,7405367,7226941,-0.371154,unrelated
S211,S258,H15-2023,H66-2023,0,1904564,3549345,7405367,7345804,-0.352116,unrelated
S211,S259,H15-2023,H66-2023,0,2031133,3447234,7405367,7685226,-0.322276,unrelated
S211,S260,H15-2023,H66-2023,0,2057093,3445387,7405367,7760564,-0.318720,unrelated
S211,S288,H15-2023,Du-2023,0,2047211,3326387,7405367,7781391,-0.303262,unrelated
S211,S289,H15-2023,Du-2023,0,2162317,3246082,7405367,8243626,-0.276685,unrelated
S211,S290,H15-2023,Du-2023,0,2163664,3358355,7405367,8328446,-0.289380,unrelated
S211,S291,H15-2023,Du-2023,0,2227347,3206004,7405367,8614604,-0.261215,unrelated
S211,S292,H15-2023,Du-2023,0,2405358,2978266,7405367,9175472,-0.214173,unrelated
S211,S293,H15-2023,Du-2023,0,2323372,3144598,7405367,9002064,-0.241709,unrelated
S211,S294,H15-2023,Du-2023,0,2172068,3214055,7405367,8280057,-0.271337,unrelated
S211,S312,H15-2023,OkrayGrosheks40-2023,0,2065077,3364980,7405367,7983456,-0.303134,unrelated
S211,S313,H15-2023,OkrayGrosheks40-2023,0,1963889,3551818,7405367,7465948,-0.345615,unrelated
S211,S314,H15-2023,OkrayGrosheks40-2023,0,2024381,3459010,7405367,7693326,-0.324110,unrelated
S211,S315,H15-2023,OkrayGrosheks40-2023,0,2089413,3352819,7405367,7911196,-0.301388,unrelated
S211,S316,H15-2023,OkrayGrosheks40-2023,0,2050117,3432113,7405367,7767507,-0.317284,unrelated
S211,S317,H15-2023,OkrayGrosheks40-2023,0,2159671,3302889,7405367,8428115,-0.280804,unrelated
S211,S318,H15-2023,OkrayGrosheks40-2023,0,1938512,3488148,7405367,7352916,-0.341353,unrelated
S211,S328,H15-2023,LaszSE-O14-2023,0,2015612,3495756,7405367,7746042,-0.328412,unrelated
S211,S329,H15-2023,LaszSE-O14-2023,0,1979179,3571736,7405367,7797235,-0.339698,unrelated
S211,S330,H15-2023,LaszSE-O14-2023,0,1930797,3565795,7405367,7462058,-0.349811,unrelated
S211,S331,H15-2023,LaszSE-O14-2023,0,1987250,3418078,7405367,7438819,-0.326654,unrelated
S211,S332,H15-2023,LaszSE-O14-2023,0,2203412,3204792,7405367,8314732,-0.267567,unrelated
S211,S370,H15-2023,BrikalskiPats-2023,0,1914005,3524890,7405367,7223088,-0.351081,unrelated
S211,S371,H15-2023,BrikalskiPats-2023,0,1976467,3561435,7405367,7850890,-0.337331,unrelated
S211,S372,H15-2023,BrikalskiPats-2023,0,2078829,3406639,7405367,7962119,-0.308082,unrelated
S211,S373,H15-2023,BrikalskiPats-2023,0,1993489,3407567,7405367,7688767,-0.319438,unrelated
S211,S374,H15-2023,BrikalskiPats-2023,0,1985838,3429094,7405367,7505467,-0.326766,unrelated
S211,S375,H15-2023,BrikalskiPats-2023,0,2015780,3396389,7405367,7610693,-0.318126,unrelated
S211,S376,H15-2023,BrikalskiPats-2023,0,1984930,3471187,7405367,7674386,-0.328748,unrelated
S211,S386,H15-2023,DaveBrilowski-2023,0,2008221,3403318,7405367,7581179,-0.320182,unrelated
S211,S387,H15-2023,DaveBrilowski-2023,0,1925238,3566423,7405367,7340180,-0.353165,unrelated
S211,S388,H15-2023,DaveBrilowski-2023,0,1999193,3491903,7405367,7711070,-0.329748,unrelated
S211,S389,H15-2023,DaveBrilowski-2023,0,1995673,3521935,7405367,7419012,-0.340533,unrelated
S211,S390,H15-2023,DaveBrilowski-2023,0,2009031,3484316,7405367,7664668,-0.329103,unrelated
S211,S391,H15-2023,DaveBrilowski-2023,0,1996338,3430534,7405367,7786721,-0.320215,unrelated
S211,S392,H15-2023,DaveBrilowski-2023,0,2040781,3498584,7405367,7941139,-0.322965,unrelated
S211,S418,H15-2023,Wysocki1129-2023,0,2035550,3436273,7405367,7606408,-0.322213,unrelated
S211,S419,H15-2023,Wysocki1129-2023,0,1882039,3564693,7405367,7110209,-0.361498,unrelated
S211,S420,H15-2023,Wysocki1129-2023,0,2060683,3305031,7405367,7733647,-0.300507,unrelated
S211,S421,H15-2023,Wysocki1129-2023,0,2048031,3426510,7405367,7799266,-0.316021,unrelated
S211,S422,H15-2023,Wysocki1129-2023,0,2030193,3627257,7405367,7735411,-0.345050,unrelated
S211,S423,H15-2023,Wysocki1129-2023,0,2052765,3413767,7405367,7838314,-0.313229,unrelated
S211,S424,H15-2023,Wysocki1129-2023,0,1934824,3630643,7405367,7581744,-0.355403,unrelated
S211,S442,H15-2023,Wedekind_3-2023,0,1654238,3697088,7405367,6337465,-0.417668,unrelated
S211,S443,H15-2023,Wedekind_3-2023,0,1944178,3470155,7405367,7460484,-0.336081,unrelated
S211,S444,H15-2023,Wedekind_3-2023,0,1931312,3387930,7405367,7291631,-0.329628,unrelated
S211,S445,H15-2023,Wedekind_3-2023,0,2043549,3370442,7405367,7860728,-0.307697,unrelated
S211,S446,H15-2023,Wedekind_3-2023,0,1974076,3538830,7405367,7648040,-0.339032,unrelated
S211,S447,H15-2023,Wedekind_3-2023,0,1992497,3486275,7405367,7678231,-0.330163,unrelated
S211,S448,H15-2023,Wedekind_3-2023,0,1901771,3624945,7405367,7296097,-0.363781,unrelated
S211,S474,H15-2023,Airport04-2023,0,2028961,3440101,7405367,7804708,-0.318949,unrelated
S211,S475,H15-2023,Airport04-2023,0,2088840,3246183,7405367,8082784,-0.284316,unrelated
S211,S476,H15-2023,Airport04-2023,0,1922992,3544173,7405367,7482884,-0.346942,unrelated
S211,S477,H15-2023,Airport04-2023,0,1968333,3393199,7405367,7485865,-0.323550,unrelated
S211,S478,H15-2023,Airport04-2023,0,2029651,3346455,7405367,7652969,-0.309680,unrelated
S211,S479,H15-2023,Airport04-2023,0,1922793,3385898,7405367,7412292,-0.327245,unrelated
S211,S480,H15-2023,Airport04-2023,0,1810052,3580496,7405367,6986357,-0.371807,unrelated
S212,S219,H15-2023,H41-2023,0,863817,4371233,3113003,7585961,-0.736394,unrelated
S212,S220,H15-2023,H41-2023,0,813967,4536520,3113003,7179670,-0.802423,unrelated
S212,S221,H15-2023,H41-2023,0,39688,1113989,3113003,158911,-0.668810,unrelated
S212,S222,H15-2023,H41-2023,0,346502,1098322,3113003,1476333,-0.403139,unrelated
S212,S223,H15-2023,H41-2023,0,804478,1365257,3113003,3926923,-0.273588,unrelated
S212,S224,H15-2023,H41-2023,0,839803,4534981,3113003,7733862,-0.758759,unrelated
S212,S225,H15-2023,H41-2023,0,776687,4754345,3113003,7293024,-0.839129,unrelated
S212,S250,H15-2023,H66-2023,0,778846,4860726,3113003,7497400,-0.842815,unrelated
S212,S251,H15-2023,H66-2023,0,749996,4944260,3113003,7298189,-0.877760,unrelated
S212,S252,H15-2023,H66-2023,0,840000,4538775,3113003,7784671,-0.755900,unrelated
S212,S253,H15-2023,H66-2023,0,787921,4740284,3113003,7828319,-0.794479,unrelated
S212,S254,H15-2023,H66-2023,0,796341,4708051,3113003,7899268,-0.782741,unrelated
S212,S255,H15-2023,H66-2023,0,688331,4824532,3113003,6261999,-0.955811,unrelated
S212,S256,H15-2023,H66-2023,0,747759,4877725,3113003,7050507,-0.886278,unrelated
S212,S257,H15-2023,H66-2023,0,765045,4812832,3113003,7226941,-0.856931,unrelated
S212,S258,H15-2023,H66-2023,0,774849,4755885,3113003,7345804,-0.835365,unrelated
S212,S259,H15-2023,H66-2023,0,816935,4634664,3113003,7685226,-0.782757,unrelated
S212,S260,H15-2023,H66-2023,0,819493,4642544,3113003,7760564,-0.778548,unrelated
S212,S288,H15-2023,Du-2023,0,827375,4632209,3113003,7781391,-0.774439,unrelated
S212,S289,H15-2023,Du-2023,0,863347,4543016,3113003,8243626,-0.724043,unrelated
S212,S290,H15-2023,Du-2023,0,883337,4489720,3113003,8328446,-0.707612,unrelated
S212,S291,H15-2023,Du-2023,0,873690,4556675,3113003,8614604,-0.702587,unrelated
S212,S292,H15-2023,Du-2023,0,963046,4350837,3113003,9175472,-0.629747,unrelated
S212,S293,H15-2023,Du-2023,0,942666,4295455,3113003,9002064,-0.631300,unrelated
S212,S294,H15-2023,Du-2023,0,853044,4618517,3113003,8280057,-0.735886,unrelated
S212,S312,H15-2023,OkrayGrosheks40-2023,0,814612,4667711,3113003,7983456,-0.767886,unrelated
S212,S313,H15-2023,OkrayGrosheks40-2023,0,783704,4702721,3113003,7465948,-0.814990,unrelated
S212,S314,H15-2023,OkrayGrosheks40-2023,0,796862,4738525,3113003,7693326,-0.803250,unrelated
S212,S315,H15-2023,OkrayGrosheks40-2023,0,839830,4574441,3113003,7911196,-0.753710,unrelated
S212,S316,H15-2023,OkrayGrosheks40-2023,0,815357,4617812,3113003,7767507,-0.773885,unrelated
S212,S317,H15-2023,OkrayGrosheks40-2023,0,855369,4445741,3113003,8428115,-0.696303,unrelated
S212,S318,H15-2023,OkrayGrosheks40-2023,0,767150,4752524,3113003,7352916,-0.834891,unrelated
S212,S328,H15-2023,LaszSE-O14-2023,0,801016,4843395,3113003,7746042,-0.818283,unrelated
S212,S329,H15-2023,LaszSE-O14-2023,0,784868,4769302,3113003,7797235,-0.802341,unrelated
S212,S330,H15-2023,LaszSE-O14-2023,0,762142,4868222,3113003,7462058,-0.848629,unrelated
S212,S331,H15-2023,LaszSE-O14-2023,0,778856,4842617,3113003,7438819,-0.844061,unrelated
S212,S332,H15-2023,LaszSE-O14-2023,0,885599,4487547,3113003,8314732,-0.707883,unrelated
S212,S370,H15-2023,BrikalskiPats-2023,0,759831,4920617,3113003,7223088,-0.878611,unrelated
S212,S371,H15-2023,BrikalskiPats-2023,0,810057,4639119,3113003,7850890,-0.772370,unrelated
S212,S372,H15-2023,BrikalskiPats-2023,0,824627,4676565,3113003,7962119,-0.770060,unrelated
S212,S373,H15-2023,BrikalskiPats-2023,0,799809,4670105,3113003,7688767,-0.790648,unrelated
S212,S374,H15-2023,BrikalskiPats-2023,0,772277,4863054,3113003,7505467,-0.843232,unrelated
S212,S375,H15-2023,BrikalskiPats-2023,0,802114,4743746,3113003,7610693,-0.809924,unrelated
S212,S376,H15-2023,BrikalskiPats-2023,0,777460,4903059,3113003,7674386,-0.836964,unrelated
S212,S386,H15-2023,DaveBrilowski-2023,0,795710,4720538,3113003,7581179,-0.808418,unrelated
S212,S387,H15-2023,DaveBrilowski-2023,0,773388,4817632,3113003,7340180,-0.847768,unrelated
S212,S388,H15-2023,DaveBrilowski-2023,0,803232,4708361,3113003,7711070,-0.795772,unrelated
S212,S389,H15-2023,DaveBrilowski-2023,0,775026,4862726,3113003,7419012,-0.849830,unrelated
S212,S390,H15-2023,DaveBrilowski-2023,0,808969,4607706,3113003,7664668,-0.779987,unrelated
S212,S391,H15-2023,DaveBrilowski-2023,0,793609,4757650,3113003,7786721,-0.800175,unrelated
S212,S392,H15-2023,DaveBrilowski-2023,0,793763,4773374,3113003,7941139,-0.791829,unrelated
S212,S418,H15-2023,Wysocki1129-2023,0,806388,4706534,3113003,7606408,-0.802906,unrelated
S212,S419,H15-2023,Wysocki1129-2023,0,760409,4777754,3113003,7110209,-0.860307,unrelated
S212,S420,H15-2023,Wysocki1129-2023,0,808433,4693651,3113003,7733647,-0.790923,unrelated
S212,S421,H15-2023,Wysocki1129-2023,0,813697,4623427,3113003,7799266,-0.772814,unrelated
S212,S422,H15-2023,Wysocki1129-2023,0,798277,4928814,3113003,7735411,-0.835085,unrelated
S212,S423,H15-2023,Wysocki1129-2023,0,818652,4607792,3113003,7838314,-0.766751,unrelated
S212,S424,H15-2023,Wysocki1129-2023,0,781014,4844825,3113003,7581744,-0.832992,unrelated
S212,S442,H15-2023,Wedekind_3-2023,0,676804,5073338,3113003,6337465,-1.002053,unrelated
S212,S443,H15-2023,Wedekind_3-2023,0,785551,4628230,3113003,7460484,-0.801146,unrelated
S212,S444,H15-2023,Wedekind_3-2023,0,775780,4756854,3113003,7291631,-0.839811,unrelated
S212,S445,H15-2023,Wedekind_3-2023,0,805578,4733355,3113003,7860728,-0.789260,unrelated
S212,S446,H15-2023,Wedekind_3-2023,0,800597,4645083,3113003,7648040,-0.788917,unrelated
S212,S447,H15-2023,Wedekind_3-2023,0,801759,4725866,3113003,7678231,-0.801574,unrelated
S212,S448,H15-2023,Wedekind_3-2023,0,757333,4876425,3113003,7296097,-0.864197,unrelated
S212,S474,H15-2023,Airport04-2023,0,811693,4599186,3113003,7804708,-0.768172,unrelated
S212,S475,H15-2023,Airport04-2023,0,871104,4455233,3113003,8082784,-0.718070,unrelated
S212,S476,H15-2023,Airport04-2023,0,808142,4571538,3113003,7482884,-0.786620,unrelated
S212,S477,H15-2023,Airport04-2023,0,812330,4563433,3113003,7485865,-0.784474,unrelated
S212,S478,H15-2023,Airport04-2023,0,827978,4549202,3113003,7652969,-0.768201,unrelated
S212,S479,H15-2023,Airport04-2023,0,802656,4631371,3113003,7412292,-0.803786,unrelated
S212,S480,H15-2023,Airport04-2023,0,752821,4770020,3113003,6986357,-0.870077,unrelated
S219,S220,H41-2023,H41-2023,1,2160953,3084623,7585961,7179670,-0.271461,unrelated
S219,S221,H41-2023,H41-2023,1,43505,5490110,7585961,158911,-1.412123,unrelated
S219,S222,H41-2023,H41-2023,1,406358,4994867,7585961,1476333,-1.057500,unrelated
S219,S223,H41-2023,H41-2023,1,1066388,4043126,7585961,3926923,-0.609740,unrelated
S219,S224,H41-2023,H41-2023,1,2100969,3058481,7585961,7733862,-0.262144,unrelated
S219,S225,H41-2023,H41-2023,1,1976079,3379057,7585961,7293024,-0.321395,unrelated
S219,S250,H41-2023,H66-2023,0,2008392,3325441,7585961,7497400,-0.307789,unrelated
S219,S251,H41-2023,H66-2023,0,1947125,3343768,7585961,7298189,-0.318487,unrelated
S219,S252,H41-2023,H66-2023,0,2089296,3135984,7585961,7784671,-0.272121,unrelated
S219,S253,H41-2023,H66-2023,0,2009339,3243422,7585961,7828319,-0.290478,unrelated
S219,S254,H41-2023,H66-2023,0,1972226,3268497,7585961,7899268,-0.294782,unrelated
S219,S255,H41-2023,H66-2023,0,1640010,3626269,7585961,6261999,-0.405296,unrelated
S219,S256,H41-2023,H66-2023,0,1932657,3401469,7585961,7050507,-0.332750,unrelated
S219,S257,H41-2023,H66-2023,0,1966412,3389997,7585961,7226941,-0.324959,unrelated
S219,S258,H41-2023,H66-2023,0,1980304,3348671,7585961,7345804,-0.315906,unrelated
S219,S259,H41-2023,H66-2023,0,2028051,3255823,7585961,7685226,-0.293598,unrelated
S219,S260,H41-2023,H66-2023,0,2036380,3197963,7585961,7760564,-0.284074,unrelated
S219,S288,H41-2023,Du-2023,0,2148170,3151606,7585961,7781391,-0.270381,unrelated
S219,S289,H41-2023,Du-2023,0,2250676,2995396,7585961,8243626,-0.236274,unrelated
S219,S290,H41-2023,Du-2023,0,2232751,2988416,7585961,8328446,-0.235264,unrelated
S219,S291,H41-2023,Du-2023,0,2247906,3066797,7585961,8614604,-0.239849,unrelated
S219,S292,H41-2023,Du-2023,0,2431886,2835151,7585961,9175472,-0.193206,unrelated
S219,S293,H41-2023,Du-2023,0,2379673,2880038,7585961,9002064,-0.203786,unrelated
S219,S294,H41-2023,Du-2023,0,2152942,3092318,7585961,8280057,-0.254109,unrelated
S219,S312,H41-2023,OkrayGrosheks40-2023,0,2041612,3202398,7585961,7983456,-0.280241,unrelated
S219,S313,H41-2023,OkrayGrosheks40-2023,0,1969978,3358208,7585961,7465948,-0.315338,unrelated
S219,S314,H41-2023,OkrayGrosheks40-2023,0,2063390,3318421,7585961,7693326,-0.299324,unrelated
S219,S315,H41-2023,OkrayGrosheks40-2023,0,2085347,3222917,7585961,7911196,-0.281373,unrelated
S219,S316,H41-2023,OkrayGrosheks40-2023,0,2116300,3289791,7585961,7767507,-0.290702,unrelated
S219,S317,H41-2023,OkrayGrosheks40-2023,0,2105962,3156295,7585961,8428115,-0.262683,unrelated
S219,S318,H41-2023,OkrayGrosheks40-2023,0,1951356,3376030,7585961,7352916,-0.321356,unrelated
S219,S328,H41-2023,LaszSE-O14-2023,0,2085364,3324035,7585961,7746042,-0.297594,unrelated
S219,S329,H41-2023,LaszSE-O14-2023,0,2032929,3305404,7585961,7797235,-0.297590,unrelated
S219,S330,H41-2023,LaszSE-O14-2023,0,1923139,3344977,7585961,7462058,-0.316774,unrelated
S219,S331,H41-2023,LaszSE-O14-2023,0,2007212,3211969,7585961,7438819,-0.293963,unrelated
S219,S332,H41-2023,LaszSE-O14-2023,0,2239002,3032582,7585961,8314732,-0.240629,unrelated
S219,S370,H41-2023,BrikalskiPats-2023,0,1948654,3425251,7585961,7223088,-0.331004,unrelated
S219,S371,H41-2023,BrikalskiPats-2023,0,2029485,3269765,7585961,7850890,-0.292161,unrelated
S219,S372,H41-2023,BrikalskiPats-2023,0,2093759,3139093,7585961,7962119,-0.269128,unrelated
S219,S373,H41-2023,BrikalskiPats-2023,0,2055149,3267973,7585961,7688767,-0.293347,unrelated
S219,S374,H41-2023,BrikalskiPats-2023,0,1977983,3279856,7585961,7505467,-0.303598,unrelated
S219,S375,H41-2023,BrikalskiPats-2023,0,2014307,3209524,7585961,7610693,-0.289849,unrelated
S219,S376,H41-2023,BrikalskiPats-2023,0,1998126,3249803,7585961,7674386,-0.294979,unrelated
S219,S386,H41-2023,DaveBrilowski-2023,0,1997577,3300813,7585961,7581179,-0.303554,unrelated
S219,S387,H41-2023,DaveBrilowski-2023,0,1980778,3359850,7585961,7340180,-0.317491,unrelated
S219,S388,H41-2023,DaveBrilowski-2023,0,2044605,3253447,7585961,7711070,-0.291709,unrelated
S219,S389,H41-2023,DaveBrilowski-2023,0,2010102,3391332,7585961,7419012,-0.318065,unrelated
S219,S390,H41-2023,DaveBrilowski-2023,0,2002765,3193298,7585961,7664668,-0.287452,unrelated
S219,S391,H41-2023,DaveBrilowski-2023,0,1994003,3305668,7585961,7786721,-0.300360,unrelated
S219,S392,H41-2023,DaveBrilowski-2023,0,1994857,3326795,7585961,7941139,-0.300039,unrelated
S219,S418,H41-2023,Wysocki1129-2023,0,2033202,3289113,7585961,7606408,-0.299165,unrelated
S219,S419,H41-2023,Wysocki1129-2023,0,1886555,3292045,7585961,7110209,-0.319643,unrelated
S219,S420,H41-2023,Wysocki1129-2023,0,2021096,3213332,7585961,7733647,-0.287577,unrelated
S219,S421,H41-2023,Wysocki1129-2023,0,2036814,3162957,7585961,7799266,-0.278780,unrelated
S219,S422,H41-2023,Wysocki1129-2023,0,2028703,3491707,7585961,7735411,-0.323386,unrelated
S219,S423,H41-2023,Wysocki1129-2023,0,2006274,3298235,7585961,7838314,-0.297596,unrelated
S219,S424,H41-2023,Wysocki1129-2023,0,2047717,3357148,7585961,7581744,-0.307665,unrelated
S219,S442,H41-2023,Wedekind_3-2023,0,1663404,3579191,7585961,6337465,-0.394657,unrelated
S219,S443,H41-2023,Wedekind_3-2023,0,1944259,3287623,7585961,7460484,-0.307779,unrelated
S219,S444,H41-2023,Wedekind_3-2023,0,1931497,3322040,7585961,7291631,-0.316757,unrelated
S219,S445,H41-2023,Wedekind_3-2023,0,1988319,3286287,7585961,7860728,-0.296779,unrelated
S219,S446,H41-2023,Wedekind_3-2023,0,1964112,3347688,7585961,7648040,-0.310573,unrelated
S219,S447,H41-2023,Wedekind_3-2023,0,2038474,3266813,7585961,7678231,-0.294490,unrelated
S219,S448,H41-2023,Wedekind_3-2023,0,1963714,3395484,7585961,7296097,-0.324367,unrelated
S219,S474,H41-2023,Airport04-2023,0,2061294,3143374,7585961,7804708,-0.274546,unrelated
S219,S475,H41-2023,Airport04-2023,0,2231699,3000484,7585961,8082784,-0.240560,unrelated
S219,S476,H41-2023,Airport04-2023,0,2003588,3239133,7585961,7482884,-0.296949,unrelated
S219,S477,H41-2023,Airport04-2023,0,2062602,3088049,7585961,7485865,-0.272926,unrelated
S219,S478,H41-2023,Airport04-2023,0,2095640,3080046,7585961,7652969,-0.266715,unrelated
S219,S479,H41-2023,Airport04-2023,0,1999624,3126873,7585961,7412292,-0.283641,unrelated
S219,S480,H41-2023,Airport04-2023,0,1931711,3317609,7585961,6986357,-0.322770,unrelated
S220,S221,H41-2023,H41-2023,1,39803,5667542,7179670,158911,-1.539164,unrelated
S220,S222,H41-2023,H41-2023,1,383980,5165541,7179670,1476333,-1.149156,unrelated
S220,S223,H41-2023,H41-2023,1,1004364,4193359,7179670,3926923,-0.664682,unrelated
S220,S224,H41-2023,H41-2023,1,2014738,3250752,7179670,7733862,-0.300852,unrelated
S220,S225,H41-2023,H41-2023,1,1903025,3515696,7179670,7293024,-0.354348,unrelated
S220,S250,H41-2023,H66-2023,0,1912085,3520417,7179670,7497400,-0.349440,unrelated
S220,S251,H41-2023,H66-2023,0,1873887,3536620,7179670,7298189,-0.359124,unrelated
S220,S252,H41-2023,H66-2023,0,1952561,3324254,7179670,7784671,-0.313809,unrelated
S220,S253,H41-2023,H66-2023,0,1907411,3452693,7179670,7828319,-0.333021,unrelated
S220,S254,H41-2023,H66-2023,0,1877584,3422666,7179670,7899268,-0.329449,unrelated
S220,S255,H41-2023,H66-2023,0,1532316,3769025,7179670,6261999,-0.446800,unrelated
S220,S256,H41-2023,H66-2023,0,1828494,3516606,7179670,7050507,-0.365752,unrelated
S220,S257,H41-2023,H66-2023,0,1866977,3545429,7179670,7226941,-0.362603,unrelated
S220,S258,H41-2023,H66-2023,0,1855270,3526440,7179670,7345804,-0.357827,unrelated
S220,S259,H41-2023,H66-2023,0,1915695,3296875,7179670,7685226,-0.314705,unrelated
S220,S260,H41-2023,H66-2023,0,1919868,3335961,7179670,7760564,-0.318071,unrelated
S220,S288,H41-2023,Du-2023,0,2054521,3303884,7179670,7781391,-0.304340,unrelated
S220,S289,H41-2023,Du-2023,0,2137255,3075776,7179670,8243626,-0.260275,unrelated
S220,S290,H41-2023,Du-2023,0,2060886,3101757,7179670,8328446,-0.267126,unrelated
S220,S291,H41-2023,Du-2023,0,2158321,3074280,7179670,8614604,-0.252638,unrelated
S220,S292,H41-2023,Du-2023,0,2330211,3006768,7179670,9175472,-0.225209,unrelated
S220,S293,H41-2023,Du-2023,0,2285067,2970396,7179670,9002064,-0.225917,unrelated
S220,S294,H41-2023,Du-2023,0,2040683,3159476,7179670,8280057,-0.276736,unrelated
S220,S312,H41-2023,OkrayGrosheks40-2023,0,1935829,3279576,7179670,7983456,-0.304906,unrelated
S220,S313,H41-2023,OkrayGrosheks40-2023,0,1878541,3395490,7179670,7465948,-0.335420,unrelated
S220,S314,H41-2023,OkrayGrosheks40-2023,0,1987237,3410109,7179670,7693326,-0.324950,unrelated
S220,S315,H41-2023,OkrayGrosheks40-2023,0,1984635,3329789,7179670,7911196,-0.309786,unrelated
S220,S316,H41-2023,OkrayGrosheks40-2023,0,2026424,3424015,7179670,7767507,-0.322576,unrelated
S220,S317,H41-2023,OkrayGrosheks40-2023,0,2005566,3286776,7179670,8428115,-0.292674,unrelated
S220,S318,H41-2023,OkrayGrosheks40-2023,0,1861351,3517773,7179670,7352916,-0.356041,unrelated
S220,S328,H41-2023,LaszSE-O14-2023,0,1995773,3453890,7179670,7746042,-0.329097,unrelated
S220,S329,H41-2023,LaszSE-O14-2023,0,1948378,3341056,7179670,7797235,-0.316069,unrelated
S220,S330,H41-2023,LaszSE-O14-2023,0,1821034,3643016,7179670,7462058,-0.373248,unrelated
S220,S331,H41-2023,LaszSE-O14-2023,0,1882804,3470841,7179670,7438819,-0.346060,unrelated
S220,S332,H41-2023,LaszSE-O14-2023,0,2077278,3202465,7179670,8314732,-0.279304,unrelated
S220,S370,H41-2023,BrikalskiPats-2023,0,1847543,3571553,7179670,7223088,-0.367677,unrelated
S220,S371,H41-2023,BrikalskiPats-2023,0,1906547,3430577,7179670,7850890,-0.329636,unrelated
S220,S372,H41-2023,BrikalskiPats-2023,0,1976566,3284544,7179670,7962119,-0.303301,unrelated
S220,S373,H41-2023,BrikalskiPats-2023,0,1916100,3456491,7179670,7688767,-0.336073,unrelated
S220,S374,H41-2023,BrikalskiPats-2023,0,1844779,3384551,7179670,7505467,-0.335327,unrelated
S220,S375,H41-2023,BrikalskiPats-2023,0,1852420,3385372,7179670,7610693,-0.332536,unrelated
S220,S376,H41-2023,BrikalskiPats-2023,0,1856511,3562508,7179670,7674386,-0.354685,unrelated
S220,S386,H41-2023,DaveBrilowski-2023,0,1897048,3406470,7179670,7581179,-0.333036,unrelated
S220,S387,H41-2023,DaveBrilowski-2023,0,1879363,3521356,7179670,7340180,-0.355606,unrelated
S220,S388,H41-2023,DaveBrilowski-2023,0,1910273,3340999,7179670,7711070,-0.320449,unrelated
S220,S389,H41-2023,DaveBrilowski-2023,0,1934251,3470767,7179670,7419012,-0.342996,unrelated
S220,S390,H41-2023,DaveBrilowski-2023,0,1887100,3388715,7179670,7664668,-0.329441,unrelated
S220,S391,H41-2023,DaveBrilowski-2023,0,1875764,3454853,7179670,7786721,-0.336350,unrelated
S220,S392,H41-2023,DaveBrilowski-2023,0,1922498,3380310,7179670,7941139,-0.319964,unrelated
S220,S418,H41-2023,Wysocki1129-2023,0,1954295,3311776,7179670,7606408,-0.315787,unrelated
S220,S419,H41-2023,Wysocki1129-2023,0,1763016,3542973,7179670,7110209,-0.372497,unrelated
S220,S420,H41-2023,Wysocki1129-2023,0,1941676,3360444,7179670,7733647,-0.320466,unrelated
S220,S421,H41-2023,Wysocki1129-2023,0,1887410,3354656,7179670,7799266,-0.321912,unrelated
S220,S422,H41-2023,Wysocki1129-2023,0,1897736,3637820,7179670,7735411,-0.360568,unrelated
S220,S423,H41-2023,Wysocki1129-2023,0,1923096,3374866,7179670,7838314,-0.321390,unrelated
S220,S424,H41-2023,Wysocki1129-2023,0,1900913,3546124,7179670,7581744,-0.351683,unrelated
S220,S442,H41-2023,Wedekind_3-2023,0,1559261,3737935,7179670,6337465,-0.437712,unrelated
S220,S443,H41-2023,Wedekind_3-2023,0,1823290,3444735,7179670,7460484,-0.346047,unrelated
S220,S444,H41-2023,Wedekind_3-2023,0,1841669,3417171,7179670,7291631,-0.345005,unrelated
S220,S445,H41-2023,Wedekind_3-2023,0,1896668,3318701,7179670,7860728,-0.315200,unrelated
S220,S446,H41-2023,Wedekind_3-2023,0,1857673,3441779,7179670,7648040,-0.338952,unrelated
S220,S447,H41-2023,Wedekind_3-2023,0,1926784,3398682,7179670,7678231,-0.327811,unrelated
S220,S448,H41-2023,Wedekind_3-2023,0,1894225,3522526,7179670,7296097,-0.355824,unrelated
S220,S474,H41-2023,Airport04-2023,0,1914526,3338386,7179670,7804708,-0.317814,unrelated
S220,S475,H41-2023,Airport04-2023,0,2072629,3115975,7179670,8082784,-0.272520,unrelated
S220,S476,H41-2023,Airport04-2023,0,1884402,3366437,7179670,7482884,-0.330670,unrelated
S220,S477,H41-2023,Airport04-2023,0,1904116,3332217,7179670,7485865,-0.324592,unrelated
S220,S478,H41-2023,Airport04-2023,0,1982629,3241254,7179670,7652969,-0.303377,unrelated
S220,S479,H41-2023,Airport04-2023,0,1870957,3301376,7179670,7412292,-0.324274,unrelated
S220,S480,H41-2023,Airport04-2023,0,1823737,3498079,7179670,6986357,-0.365129,unrelated
S221,S222,H41-2023,H41-2023,1,28812,486422,158911,1476333,-0.577303,unrelated
S221,S223,H41-2023,H41-2023,1,47037,1350669,158911,3926923,-0.649635,unrelated
S221,S224,H41-2023,H41-2023,1,43614,5674775,158911,7733862,-1.432442,unrelated
S221,S225,H41-2023,H41-2023,1,39505,5914910,158911,7293024,-1.582182,unrelated
S221,S250,H41-2023,H66-2023,0,39434,6031973,158911,7497400,-1.570536,unrelated
S221,S251,H41-2023,H66-2023,0,37537,6143745,158911,7298189,-1.642723,unrelated
S221,S252,H41-2023,H66-2023,0,43277,5652310,158911,7784671,-1.417666,unrelated
S221,S253,H41-2023,H66-2023,0,40114,5902643,158911,7828319,-1.472998,unrelated
S221,S254,H41-2023,H66-2023,0,42323,5836961,158911,7899268,-1.443453,unrelated
S221,S255,H41-2023,H66-2023,0,35558,6005245,158911,6261999,-1.864990,unrelated
S221,S256,H41-2023,H66-2023,0,38053,6037794,158911,7050507,-1.669696,unrelated
S221,S257,H41-2023,H66-2023,0,38049,5975340,158911,7226941,-1.612899,unrelated
S221,S258,H41-2023,H66-2023,0,38914,5914671,158911,7345804,-1.571069,unrelated
S221,S259,H41-2023,H66-2023,0,43124,5774968,158911,7685226,-1.466932,unrelated
S221,S260,H41-2023,H66-2023,0,40807,5772684,158911,7760564,-1.452692,unrelated
S221,S288,H41-2023,Du-2023,0,41942,5765584,158911,7781391,-1.446951,unrelated
S221,S289,H41-2023,Du-2023,0,45141,5660946,158911,8243626,-1.342065,unrelated
S221,S290,H41-2023,Du-2023,0,44773,5598105,158911,8328446,-1.313888,unrelated
S221,S291,H41-2023,Du-2023,0,45061,5694655,158911,8614604,-1.293011,unrelated
S221,S292,H41-2023,Du-2023,0,48289,5447566,158911,9175472,-1.162031,unrelated
S221,S293,H41-2023,Du-2023,0,49143,5358970,158911,9002064,-1.164592,unrelated
S221,S294,H41-2023,Du-2023,0,45902,5768548,158911,8280057,-1.361682,unrelated
S221,S312,H41-2023,OkrayGrosheks40-2023,0,42675,5786619,158911,7983456,-1.416119,unrelated
S221,S313,H41-2023,OkrayGrosheks40-2023,0,39720,5809886,158911,7465948,-1.518723,unrelated
S221,S314,H41-2023,OkrayGrosheks40-2023,0,39984,5877857,158911,7693326,-1.492025,unrelated
S221,S315,H41-2023,OkrayGrosheks40-2023,0,42633,5701188,158911,7911196,-1.407632,unrelated
S221,S316,H41-2023,OkrayGrosheks40-2023,0,40751,5746421,158911,7767507,-1.444800,unrelated
S221,S317,H41-2023,OkrayGrosheks40-2023,0,43861,5541165,158911,8428115,-1.285482,unrelated
S221,S318,H41-2023,OkrayGrosheks40-2023,0,38942,5889081,158911,7352916,-1.562765,unrelated
S221,S328,H41-2023,LaszSE-O14-2023,0,39550,5990708,158911,7746042,-1.510681,unrelated
S221,S329,H41-2023,LaszSE-O14-2023,0,40763,5903942,158911,7797235,-1.478998,unrelated
S221,S330,H41-2023,LaszSE-O14-2023,0,38909,6023117,158911,7462058,-1.575564,unrelated
S221,S331,H41-2023,LaszSE-O14-2023,0,38167,6008402,158911,7438819,-1.576607,unrelated
S221,S332,H41-2023,LaszSE-O14-2023,0,45152,5589982,158911,8314732,-1.314053,unrelated
S221,S370,H41-2023,BrikalskiPats-2023,0,39698,6086131,158911,7223088,-1.643534,unrelated
S221,S371,H41-2023,BrikalskiPats-2023,0,42003,5760473,158911,7850890,-1.433112,unrelated
S221,S372,H41-2023,BrikalskiPats-2023,0,43784,5796317,158911,7962119,-1.422092,unrelated
S221,S373,H41-2023,BrikalskiPats-2023,0,41557,5824197,158911,7688767,-1.479015,unrelated
S221,S374,H41-2023,BrikalskiPats-2023,0,39386,6044334,158911,7505467,-1.572115,unrelated
S221,S375,H41-2023,BrikalskiPats-2023,0,40203,5893059,158911,7610693,-1.511778,unrelated
S221,S376,H41-2023,BrikalskiPats-2023,0,39870,6074918,158911,7674386,-1.545960,unrelated
S221,S386,H41-2023,DaveBrilowski-2023,0,40629,5858171,158911,7581179,-1.508473,unrelated
S221,S387,H41-2023,DaveBrilowski-2023,0,39659,5981973,158911,7340180,-1.590098,unrelated
S221,S388,H41-2023,DaveBrilowski-2023,0,41188,5839966,158911,7711070,-1.478878,unrelated
S221,S389,H41-2023,DaveBrilowski-2023,0,37958,6011581,158911,7419012,-1.581595,unrelated
S221,S390,H41-2023,DaveBrilowski-2023,0,40996,5719612,158911,7664668,-1.456907,unrelated
S221,S391,H41-2023,DaveBrilowski-2023,0,41530,5925667,158911,7786721,-1.486327,unrelated
S221,S392,H41-2023,DaveBrilowski-2023,0,41326,5912894,158911,7941139,-1.454863,unrelated
S221,S418,H41-2023,Wysocki1129-2023,0,40627,5861606,158911,7606408,-1.504457,unrelated
S221,S419,H41-2023,Wysocki1129-2023,0,38511,5921900,158911,7110209,-1.624033,unrelated
S221,S420,H41-2023,Wysocki1129-2023,0,41261,5857339,158911,7733647,-1.479041,unrelated
S221,S421,H41-2023,Wysocki1129-2023,0,41624,5773432,158911,7799266,-1.445713,unrelated
S221,S422,H41-2023,Wysocki1129-2023,0,41167,6063915,158911,7735411,-1.531058,unrelated
S221,S423,H41-2023,Wysocki1129-2023,0,41404,5714039,158911,7838314,-1.423828,unrelated
S221,S424,H41-2023,Wysocki1129-2023,0,39262,5986553,158911,7581744,-1.541710,unrelated
S221,S442,H41-2023,Wedekind_3-2023,0,34948,6292324,158911,6337465,-1.931800,unrelated
S221,S443,H41-2023,Wedekind_3-2023,0,41140,5768970,158911,7460484,-1.508886,unrelated
S221,S444,H41-2023,Wedekind_3-2023,0,40763,5934820,158911,7291631,-1.587653,unrelated
S221,S445,H41-2023,Wedekind_3-2023,0,42509,5856882,158911,7860728,-1.455334,unrelated
S221,S446,H41-2023,Wedekind_3-2023,0,40878,5759057,158911,7648040,-1.470130,unrelated
S221,S447,H41-2023,Wedekind_3-2023,0,43036,5867304,158911,7678231,-1.491816,unrelated
S221,S448,H41-2023,Wedekind_3-2023,0,39958,6034132,158911,7296097,-1.613453,unrelated
S221,S474,H41-2023,Airport04-2023,0,41770,5739168,158911,7804708,-1.436102,unrelated
S221,S475,H41-2023,Airport04-2023,0,45588,5589599,158911,8082784,-1.350888,unrelated
S221,S476,H41-2023,Airport04-2023,0,42311,5716048,158911,7482884,-1.490459,unrelated
S221,S477,H41-2023,Airport04-2023,0,42559,5707810,158911,7485865,-1.487691,unrelated
S221,S478,H41-2023,Airport04-2023,0,42692,5685721,158911,7652969,-1.450195,unrelated
S221,S479,H41-2023,Airport04-2023,0,41446,5790787,158911,7412292,-1.524213,unrelated
S221,S480,H41-2023,Airport04-2023,0,39619,5938430,158911,6986357,-1.656655,unrelated
S222,S223,H41-2023,H41-2023,1,416296,1275616,1476333,3926923,-0.395120,unrelated
S222,S224,H41-2023,H41-2023,1,392527,5177109,1476333,7733862,-1.081594,unrelated
S222,S225,H41-2023,H41-2023,1,370860,5408182,1476333,7293024,-1.191137,unrelated
S222,S250,H41-2023,H66-2023,0,368877,5522399,1476333,7497400,-1.189686,unrelated
S222,S251,H41-2023,H66-2023,0,349620,5622669,1476333,7298189,-1.241745,unrelated
S222,S252,H41-2023,H66-2023,0,394415,5159415,1476333,7784671,-1.071635,unrelated
S222,S253,H41-2023,H66-2023,0,375635,5387984,1476333,7828319,-1.117756,unrelated
S222,S254,H41-2023,H66-2023,0,381401,5339996,1476333,7899268,-1.098446,unrelated
S222,S255,H41-2023,H66-2023,0,326456,5486498,1476333,6261999,-1.375818,unrelated
S222,S256,H41-2023,H66-2023,0,357480,5521824,1476333,7050507,-1.253239,unrelated
S222,S257,H41-2023,H66-2023,0,365209,5473036,1476333,7226941,-1.215734,unrelated
S222,S258,H41-2023,H66-2023,0,368728,5410235,1476333,7345804,-1.184718,unrelated
S222,S259,H41-2023,H66-2023,0,388099,5279893,1476333,7685226,-1.110257,unrelated
S222,S260,H41-2023,H66-2023,0,392880,5274443,1476333,7760564,-1.099504,unrelated
S222,S288,H41-2023,Du-2023,0,389791,5264063,1476333,7781391,-1.095122,unrelated
S222,S289,H41-2023,Du-2023,0,417230,5163522,1476333,8243626,-1.019532,unrelated
S222,S290,H41-2023,Du-2023,0,416852,5111156,1476333,8328446,-1.000069,unrelated
S222,S291,H41-2023,Du-2023,0,416761,5188349,1476333,8614604,-0.987018,unrelated
S222,S292,H41-2023,Du-2023,0,456347,4973567,1476333,9175472,-0.891003,unrelated
S222,S293,H41-2023,Du-2023,0,448723,4890910,1476333,9002064,-0.890699,unrelated
S222,S294,H41-2023,Du-2023,0,411684,5268563,1476333,8280057,-1.037827,unrelated
S222,S312,H41-2023,OkrayGrosheks40-2023,0,390066,5283993,1476333,7983456,-1.075914,unrelated
S222,S313,H41-2023,OkrayGrosheks40-2023,0,368010,5305977,1476333,7465948,-1.145563,unrelated
S222,S314,H41-2023,OkrayGrosheks40-2023,0,376593,5373309,1476333,7693326,-1.130906,unrelated
S222,S315,H41-2023,OkrayGrosheks40-2023,0,394983,5208128,1476333,7911196,-1.067509,unrelated
S222,S316,H41-2023,OkrayGrosheks40-2023,0,385772,5254106,1476333,7767507,-1.095047,unrelated
S222,S317,H41-2023,OkrayGrosheks40-2023,0,408895,5053090,1476333,8428115,-0.979084,unrelated
S222,S318,H41-2023,OkrayGrosheks40-2023,0,364380,5383939,1476333,7352916,-1.178299,unrelated
S222,S328,H41-2023,LaszSE-O14-2023,0,378053,5485848,1476333,7746042,-1.148689,unrelated
S222,S329,H41-2023,LaszSE-O14-2023,0,372316,5395463,1476333,7797235,-1.123474,unrelated
S222,S330,H41-2023,LaszSE-O14-2023,0,358671,5508659,1476333,7462058,-1.192457,unrelated
S222,S331,H41-2023,LaszSE-O14-2023,0,358590,5495870,1476333,7438819,-1.192705,unrelated
S222,S332,H41-2023,LaszSE-O14-2023,0,419999,5100922,1476333,8314732,-0.999058,unrelated
S222,S370,H41-2023,BrikalskiPats-2023,0,361163,5576223,1476333,7223088,-1.240460,unrelated
S222,S371,H41-2023,BrikalskiPats-2023,0,384448,5269560,1476333,7850890,-1.088713,unrelated
S222,S372,H41-2023,BrikalskiPats-2023,0,396399,5301788,1476333,7962119,-1.081446,unrelated
S222,S373,H41-2023,BrikalskiPats-2023,0,383832,5322151,1476333,7688767,-1.119515,unrelated
S222,S374,H41-2023,BrikalskiPats-2023,0,367538,5527743,1476333,7505467,-1.189956,unrelated
S222,S375,H41-2023,BrikalskiPats-2023,0,380654,5388546,1476333,7610693,-1.144097,unrelated
S222,S376,H41-2023,BrikalskiPats-2023,0,370444,5554507,1476333,7674386,-1.173522,unrelated
S222,S386,H41-2023,DaveBrilowski-2023,0,383389,5353450,1476333,7581179,-1.139773,unrelated
S222,S387,H41-2023,DaveBrilowski-2023,0,365304,5469793,1476333,7340180,-1.199372,unrelated
S222,S388,H41-2023,DaveBrilowski-2023,0,380342,5341164,1476333,7711070,-1.121316,unrelated
S222,S389,H41-2023,DaveBrilowski-2023,0,369690,5500754,1476333,7419012,-1.195211,unrelated
S222,S390,H41-2023,DaveBrilowski-2023,0,384414,5231173,1476333,7664668,-1.102498,unrelated
S222,S391,H41-2023,DaveBrilowski-2023,0,378661,5416756,1476333,7786721,-1.128661,unrelated
S222,S392,H41-2023,DaveBrilowski-2023,0,380559,5404160,1476333,7941139,-1.107278,unrelated
S222,S418,H41-2023,Wysocki1129-2023,0,380427,5352733,1476333,7606408,-1.136776,unrelated
S222,S419,H41-2023,Wysocki1129-2023,0,360028,5414534,1476333,7110209,-1.219238,unrelated
S222,S420,H41-2023,Wysocki1129-2023,0,384139,5341613,1476333,7733647,-1.118253,unrelated
S222,S421,H41-2023,Wysocki1129-2023,0,386828,5269269,1476333,7799266,-1.094453,unrelated
S222,S422,H41-2023,Wysocki1129-2023,0,383980,5563298,1476333,7735411,-1.166187,unrelated
S222,S423,H41-2023,Wysocki1129-2023,0,393121,5222730,1476333,7838314,-1.079197,unrelated
S222,S424,H41-2023,Wysocki1129-2023,0,369277,5481110,1476333,7581744,-1.169447,unrelated
S222,S442,H41-2023,Wedekind_3-2023,0,320674,5753689,1476333,6337465,-1.431660,unrelated
S222,S443,H41-2023,Wedekind_3-2023,0,376731,5270250,1476333,7460484,-1.137292,unrelated
S222,S444,H41-2023,Wedekind_3-2023,0,364820,5417648,1476333,7291631,-1.194174,unrelated
S222,S445,H41-2023,Wedekind_3-2023,0,384288,5355233,1476333,7860728,-1.105935,unrelated
S222,S446,H41-2023,Wedekind_3-2023,0,381526,5273310,1476333,7648040,-1.114059,unrelated
S222,S447,H41-2023,Wedekind_3-2023,0,383858,5369571,1476333,7678231,-1.131161,unrelated
S222,S448,H41-2023,Wedekind_3-2023,0,361195,5519446,1476333,7296097,-1.217188,unrelated
S222,S474,H41-2023,Airport04-2023,0,387608,5233725,1476333,7804708,-1.086068,unrelated
S222,S475,H41-2023,Airport04-2023,0,413624,5087990,1476333,8082784,-1.021261,unrelated
S222,S476,H41-2023,Airport04-2023,0,384096,5227420,1476333,7482884,-1.124065,unrelated
S222,S477,H41-2023,Airport04-2023,0,387244,5206254,1476333,7485865,-1.118617,unrelated
S222,S478,H41-2023,Airport04-2023,0,387309,5184023,1476333,7652969,-1.093264,unrelated
S222,S479,H41-2023,Airport04-2023,0,383135,5281443,1476333,7412292,-1.145256,unrelated
S222,S480,H41-2023,Airport04-2023,0,355895,5423311,1476333,6986357,-1.239644,unrelated
S223,S224,H41-2023,H41-2023,1,1049796,4229428,3926923,7733862,-0.635383,unrelated
S223,S225,H41-2023,H41-2023,1,959562,4430018,3926923,7293024,-0.704145,unrelated
S223,S250,H41-2023,H66-2023,0,964522,4537765,3926923,7497400,-0.709977,unrelated
S223,S251,H41-2023,H66-2023,0,923544,4599224,3926923,7298189,-0.737178,unrelated
S223,S252,H41-2023,H66-2023,0,1054178,4248943,3926923,7784671,-0.635585,unrelated
S223,S253,H41-2023,H66-2023,0,995763,4435515,3926923,7828319,-0.669937,unrelated
S223,S254,H41-2023,H66-2023,0,1016837,4381373,3926923,7899268,-0.654979,unrelated
S223,S255,H41-2023,H66-2023,0,874259,4496285,3926923,6261999,-0.796778,unrelated
S223,S256,H41-2023,H66-2023,0,930456,4521632,3926923,7050507,-0.739044,unrelated
S223,S257,H41-2023,H66-2023,0,948445,4499896,3926923,7226941,-0.721844,unrelated
S223,S258,H41-2023,H66-2023,0,959485,4432189,3926923,7345804,-0.701241,unrelated
S223,S259,H41-2023,H66-2023,0,1030854,4335556,3926923,7685226,-0.657954,unrelated
S223,S260,H41-2023,H66-2023,0,1035823,4337679,3926923,7760564,-0.653651,unrelated
S223,S288,H41-2023,Du-2023,0,1024972,4306230,3926923,7781391,-0.648043,unrelated
S223,S289,H41-2023,Du-2023,0,1106782,4219408,3926923,8243626,-0.602441,unrelated
S223,S290,H41-2023,Du-2023,0,1113692,4178127,3926923,8328446,-0.590971,unrelated
S223,S291,H41-2023,Du-2023,0,1106978,4241027,3926923,8614604,-0.588052,unrelated
S223,S292,H41-2023,Du-2023,0,1198844,4051393,3926923,9175472,-0.526922,unrelated
S223,S293,H41-2023,Du-2023,0,1188329,3992691,3926923,9002064,-0.525722,unrelated
S223,S294,H41-2023,Du-2023,0,1077201,4304541,3926923,8280057,-0.617014,unrelated
S223,S312,H41-2023,OkrayGrosheks40-2023,0,1039214,4338760,3926923,7983456,-0.641315,unrelated
S223,S313,H41-2023,OkrayGrosheks40-2023,0,967326,4360553,3926923,7465948,-0.680582,unrelated
S223,S314,H41-2023,OkrayGrosheks40-2023,0,983471,4401369,3926923,7693326,-0.672900,unrelated
S223,S315,H41-2023,OkrayGrosheks40-2023,0,1047377,4273533,3926923,7911196,-0.633520,unrelated
S223,S316,H41-2023,OkrayGrosheks40-2023,0,1004200,4321555,3926923,7767507,-0.653209,unrelated
S223,S317,H41-2023,OkrayGrosheks40-2023,0,1085267,4152645,3926923,8428115,-0.584379,unrelated
S223,S318,H41-2023,OkrayGrosheks40-2023,0,953485,4420386,3926923,7352916,-0.699238,unrelated
S223,S328,H41-2023,LaszSE-O14-2023,0,986686,4499145,3926923,7746042,-0.686338,unrelated
S223,S329,H41-2023,LaszSE-O14-2023,0,977104,4420535,3926923,7797235,-0.670749,unrelated
S223,S330,H41-2023,LaszSE-O14-2023,0,940560,4550491,3926923,7462058,-0.716519,unrelated
S223,S331,H41-2023,LaszSE-O14-2023,0,965298,4499361,3926923,7438819,-0.706810,unrelated
S223,S332,H41-2023,LaszSE-O14-2023,0,1109192,4172004,3926923,8314732,-0.591000,unrelated
S223,S370,H41-2023,BrikalskiPats-2023,0,946513,4579978,3926923,7223088,-0.736631,unrelated
S223,S371,H41-2023,BrikalskiPats-2023,0,1020307,4329781,3926923,7850890,-0.648614,unrelated
S223,S372,H41-2023,BrikalskiPats-2023,0,1048442,4347695,3926923,7962119,-0.643193,unrelated
S223,S373,H41-2023,BrikalskiPats-2023,0,1002425,4358848,3926923,7688767,-0.664211,unrelated
S223,S374,H41-2023,BrikalskiPats-2023,0,972684,4533944,3926923,7505467,-0.708094,unrelated
S223,S375,H41-2023,BrikalskiPats-2023,0,1015293,4434998,3926923,7610693,-0.680791,unrelated
S223,S376,H41-2023,BrikalskiPats-2023,0,966955,4546622,3926923,7674386,-0.700463,unrelated
S223,S386,H41-2023,DaveBrilowski-2023,0,1007944,4396381,3926923,7581179,-0.676464,unrelated
S223,S387,H41-2023,DaveBrilowski-2023,0,950609,4481046,3926923,7340180,-0.711051,unrelated
S223,S388,H41-2023,DaveBrilowski-2023,0,1018978,4389861,3926923,7711070,-0.666846,unrelated
S223,S389,H41-2023,DaveBrilowski-2023,0,953295,4506602,3926923,7419012,-0.710379,unrelated
S223,S390,H41-2023,DaveBrilowski-2023,0,1026855,4283879,3926923,7664668,-0.650549,unrelated
S223,S391,H41-2023,DaveBrilowski-2023,0,996771,4458265,3926923,7786721,-0.676114,unrelated
S223,S392,H41-2023,DaveBrilowski-2023,0,1005604,4433649,3926923,7941139,-0.662424,unrelated
S223,S418,H41-2023,Wysocki1129-2023,0,1012230,4391962,3926923,7606408,-0.673846,unrelated
S223,S419,H41-2023,Wysocki1129-2023,0,959426,4465197,3926923,7110209,-0.722196,unrelated
S223,S420,H41-2023,Wysocki1129-2023,0,1023366,4361769,3926923,7733647,-0.660360,unrelated
S223,S421,H41-2023,Wysocki1129-2023,0,1028659,4302147,3926923,7799266,-0.646044,unrelated
S223,S422,H41-2023,Wysocki1129-2023,0,1014770,4606081,3926923,7735411,-0.702895,unrelated
S223,S423,H41-2023,Wysocki1129-2023,0,1034871,4298643,3926923,7838314,-0.642776,unrelated
S223,S424,H41-2023,Wysocki1129-2023,0,961911,4497102,3926923,7581744,-0.697934,unrelated
S223,S442,H41-2023,Wedekind_3-2023,0,851272,4740079,3926923,6337465,-0.840662,unrelated
S223,S443,H41-2023,Wedekind_3-2023,0,992438,4332892,3926923,7460484,-0.673845,unrelated
S223,S444,H41-2023,Wedekind_3-2023,0,959524,4463056,3926923,7291631,-0.710126,unrelated
S223,S445,H41-2023,Wedekind_3-2023,0,1017624,4406022,3926923,7860728,-0.661236,unrelated
S223,S446,H41-2023,Wedekind_3-2023,0,1002748,4337336,3926923,7648040,-0.662803,unrelated
S223,S447,H41-2023,Wedekind_3-2023,0,1011275,4385525,3926923,7678231,-0.668649,unrelated
S223,S448,H41-2023,Wedekind_3-2023,0,945815,4521244,3926923,7296097,-0.721434,unrelated
S223,S474,H41-2023,Airport04-2023,0,1032320,4274105,3926923,7804708,-0.640652,unrelated
S223,S475,H41-2023,Airport04-2023,0,1093905,4167164,3926923,8082784,-0.602881,unrelated
S223,S476,H41-2023,Airport04-2023,0,1011276,4278438,3926923,7482884,-0.661326,unrelated
S223,S477,H41-2023,Airport04-2023,0,1021338,4251793,3926923,7485865,-0.655602,unrelated
S223,S478,H41-2023,Airport04-2023,0,1043032,4237261,3926923,7652969,-0.641758,unrelated
S223,S479,H41-2023,Airport04-2023,0,1019315,4312418,3926923,7412292,-0.670727,unrelated
S223,S480,H41-2023,Airport04-2023,0,936237,4423439,3926923,6986357,-0.724864,unrelated
S224,S225,H41-2023,H41-2023,1,1996141,3362914,7733862,7293024,-0.314748,unrelated
S224,S250,H41-2023,H66-2023,0,2067116,3358275,7733862,7497400,-0.305256,unrelated
S224,S251,H41-2023,H66-2023,0,2003434,3401421,7733862,7298189,-0.319278,unrelated
S224,S252,H41-2023,H66-2023,0,2139930,3222394,7733862,7784671,-0.277401,unrelated
S224,S253,H41-2023,H66-2023,0,2147433,3226171,7733862,7828319,-0.276626,unrelated
S224,S254,H41-2023,H66-2023,0,2095261,3316797,7733862,7899268,-0.290302,unrelated
S224,S255,H41-2023,H66-2023,0,1652226,3694515,7733862,6261999,-0.409893,unrelated
S224,S256,H41-2023,H66-2023,0,1950332,3501463,7733862,7050507,-0.341752,unrelated
S224,S257,H41-2023,H66-2023,0,1981972,3437611,7733862,7226941,-0.327071,unrelated
S224,S258,H41-2023,H66-2023,0,2031003,3288153,7733862,7345804,-0.301419,unrelated
S224,S259,H41-2023,H66-2023,0,2090649,3334044,7733862,7685226,-0.296868,unrelated
S224,S260,H41-2023,H66-2023,0,2120109,3273028,7733862,7760564,-0.285648,unrelated
S224,S288,H41-2023,Du-2023,0,2183413,3153733,7733862,7781391,-0.265806,unrelated
S224,S289,H41-2023,Du-2023,0,2291868,3130287,7733862,8243626,-0.248394,unrelated
S224,S290,H41-2023,Du-2023,0,2275087,3082987,7733862,8328446,-0.242237,unrelated
S224,S291,H41-2023,Du-2023,0,2390499,3091398,7733862,8614604,-0.231967,unrelated
S224,S292,H41-2023,Du-2023,0,2572404,2897032,7733862,9175472,-0.190526,unrelated
S224,S293,H41-2023,Du-2023,0,2462733,2937230,7733862,9002064,-0.203856,unrelated
S224,S294,H41-2023,Du-2023,0,2223819,3143698,7733862,8280057,-0.253753,unrelated
S224,S312,H41-2023,OkrayGrosheks40-2023,0,2154566,3197793,7733862,7983456,-0.269831,unrelated
S224,S313,H41-2023,OkrayGrosheks40-2023,0,2034125,3360243,7733862,7465948,-0.308317,unrelated
S224,S314,H41-2023,OkrayGrosheks40-2023,0,2107877,3321064,7733862,7693326,-0.293913,unrelated
S224,S315,H41-2023,OkrayGrosheks40-2023,0,2235340,3159538,7733862,7911196,-0.261024,unrelated
S224,S316,H41-2023,OkrayGrosheks40-2023,0,2166610,3262224,7733862,7767507,-0.281126,unrelated
S224,S317,H41-2023,OkrayGrosheks40-2023,0,2192648,3158387,7733862,8428115,-0.255175,unrelated
S224,S318,H41-2023,OkrayGrosheks40-2023,0,1995555,3357050,7733862,7352916,-0.312760,unrelated
S224,S328,H41-2023,LaszSE-O14-2023,0,2114609,3349916,7733862,7746042,-0.296205,unrelated
S224,S329,H41-2023,LaszSE-O14-2023,0,2077113,3343797,7733862,7797235,-0.296855,unrelated
S224,S330,H41-2023,LaszSE-O14-2023,0,2002858,3436518,7733862,7462058,-0.320492,unrelated
S224,S331,H41-2023,LaszSE-O14-2023,0,2051502,3311727,7733862,7438819,-0.301328,unrelated
S224,S332,H41-2023,LaszSE-O14-2023,0,2287945,3155361,7733862,8314732,-0.250662,unrelated
S224,S370,H41-2023,BrikalskiPats-2023,0,1982797,3456288,7733862,7223088,-0.329598,unrelated
S224,S371,H41-2023,BrikalskiPats-2023,0,2078685,3303096,7733862,7850890,-0.290509,unrelated
S224,S372,H41-2023,BrikalskiPats-2023,0,2188073,3207863,7733862,7962119,-0.269346,unrelated
S224,S373,H41-2023,BrikalskiPats-2023,0,2109134,3244665,7733862,7688767,-0.284011,unrelated
S224,S374,H41-2023,BrikalskiPats-2023,0,2045538,3305501,7733862,7505467,-0.299584,unrelated
S224,S375,H41-2023,BrikalskiPats-2023,0,2087100,3300094,7733862,7610693,-0.294117,unrelated
S224,S376,H41-2023,BrikalskiPats-2023,0,2044887,3311053,7733862,7674386,-0.297063,unrelated
S224,S386,H41-2023,DaveBrilowski-2023,0,2062306,3341548,7733862,7581179,-0.301716,unrelated
S224,S387,H41-2023,DaveBrilowski-2023,0,2021147,3426857,7733862,7340180,-0.320589,unrelated
S224,S388,H41-2023,DaveBrilowski-2023,0,2105216,3367819,7733862,7711070,-0.299802,unrelated
S224,S389,H41-2023,DaveBrilowski-2023,0,2051185,3411237,7733862,7419012,-0.314877,unrelated
S224,S390,H41-2023,DaveBrilowski-2023,0,2133295,3206470,7733862,7664668,-0.277926,unrelated
S224,S391,H41-2023,DaveBrilowski-2023,0,2075832,3353798,7733862,7786721,-0.298427,unrelated
S224,S392,H41-2023,DaveBrilowski-2023,0,2078119,3369755,7733862,7941139,-0.297377,unrelated
S224,S418,H41-2023,Wysocki1129-2023,0,2112781,3314988,7733862,7606408,-0.294466,unrelated
S224,S419,H41-2023,Wysocki1129-2023,0,1969512,3408642,7733862,7110209,-0.326580,unrelated
S224,S420,H41-2023,Wysocki1129-2023,0,2164952,3175149,7733862,7733647,-0.270590,unrelated
S224,S421,H41-2023,Wysocki1129-2023,0,2138751,3220308,7733862,7799266,-0.276948,unrelated
S224,S422,H41-2023,Wysocki1129-2023,0,2131702,3481672,7733862,7735411,-0.312338,unrelated
S224,S423,H41-2023,Wysocki1129-2023,0,2109427,3279353,7733862,7838314,-0.285720,unrelated
S224,S424,H41-2023,Wysocki1129-2023,0,2039478,3363731,7733862,7581744,-0.306092,unrelated
S224,S442,H41-2023,Wedekind_3-2023,0,1711320,3637537,7733862,6337465,-0.395397,unrelated
S224,S443,H41-2023,Wedekind_3-2023,0,2041636,3375053,7733862,7460484,-0.309883,unrelated
S224,S444,H41-2023,Wedekind_3-2023,0,2007905,3357995,7733862,7291631,-0.313340,unrelated
S224,S445,H41-2023,Wedekind_3-2023,0,2082805,3330865,7733862,7860728,-0.293623,unrelated
S224,S446,H41-2023,Wedekind_3-2023,0,2027472,3395521,7733862,7648040,-0.309687,unrelated
S224,S447,H41-2023,Wedekind_3-2023,0,2126835,3320918,7733862,7678231,-0.292952,unrelated
S224,S448,H41-2023,Wedekind_3-2023,0,2002590,3414568,7733862,7296097,-0.321128,unrelated
S224,S474,H41-2023,Airport04-2023,0,2140675,3182827,7733862,7804708,-0.271903,unrelated
S224,S475,H41-2023,Airport04-2023,0,2259820,3116319,7733862,8082784,-0.251180,unrelated
S224,S476,H41-2023,Airport04-2023,0,2084178,3236091,7733862,7482884,-0.288367,unrelated
S224,S477,H41-2023,Airport04-2023,0,2065190,3202202,7733862,7485865,-0.285105,unrelated
S224,S478,H41-2023,Airport04-2023,0,2151669,3155145,7733862,7652969,-0.270271,unrelated
S224,S479,H41-2023,Airport04-2023,0,2051624,3218775,7733862,7412292,-0.289574,unrelated
S224,S480,H41-2023,Airport04-2023,0,1876218,3415691,7733862,6986357,-0.336623,unrelated
S225,S250,H41-2023,H66-2023,0,1925831,3667725,7293024,7497400,-0.365751,unrelated
S225,S251,H41-2023,H66-2023,0,1997009,3692269,7293024,7298189,-0.369231,unrelated
S225,S252,H41-2023,H66-2023,0,1947065,3411322,7293024,7784671,-0.323364,unrelated
S225,S253,H41-2023,H66-2023,0,2019465,3472508,7293024,7828319,-0.325735,unrelated
S225,S254,H41-2023,H66-2023,0,2033186,3524778,7293024,7899268,-0.330192,unrelated
S225,S255,H41-2023,H66-2023,0,1549658,3788845,7293024,6261999,-0.444708,unrelated
S225,S256,H41-2023,H66-2023,0,1863080,3633714,7293024,7050507,-0.376779,unrelated
S225,S257,H41-2023,H66-2023,0,1897652,3688929,7293024,7226941,-0.377426,unrelated
S225,S258,H41-2023,H66-2023,0,1929435,3555442,7293024,7345804,-0.353952,unrelated
S225,S259,H41-2023,H66-2023,0,1912438,3559099,7293024,7685226,-0.347555,unrelated
S225,S260,H41-2023,H66-2023,0,1947558,3487313,7293024,7760564,-0.333945,unrelated
S225,S288,H41-2023,Du-2023,0,2049045,3479721,7293024,7781391,-0.325744,unrelated
S225,S289,H41-2023,Du-2023,0,2122169,3297181,7293024,8243626,-0.287848,unrelated
S225,S290,H41-2023,Du-2023,0,2082094,3329158,7293024,8328446,-0.292944,unrelated
S225,S291,H41-2023,Du-2023,0,2304111,3264259,7293024,8614604,-0.265559,unrelated
S225,S292,H41-2023,Du-2023,0,2344279,3093327,7293024,9175472,-0.233317,unrelated
S225,S293,H41-2023,Du-2023,0,2279319,3142424,7293024,9002064,-0.245812,unrelated
S225,S294,H41-2023,Du-2023,0,2188368,3241276,7293024,8280057,-0.275744,unrelated
S225,S312,H41-2023,OkrayGrosheks40-2023,0,2056181,3419350,7293024,7983456,-0.313064,unrelated
S225,S313,H41-2023,OkrayGrosheks40-2023,0,1919670,3620930,7293024,7465948,-0.360607,unrelated
S225,S314,H41-2023,OkrayGrosheks40-2023,0,1991810,3525431,7293024,7693326,-0.337577,unrelated
S225,S315,H41-2023,OkrayGrosheks40-2023,0,1988305,3382441,7293024,7911196,-0.314161,unrelated
S225,S316,H41-2023,OkrayGrosheks40-2023,0,2020217,3493373,7293024,7767507,-0.329771,unrelated
S225,S317,H41-2023,OkrayGrosheks40-2023,0,2147659,3309733,7293024,8428115,-0.284445,unrelated
S225,S318,H41-2023,OkrayGrosheks40-2023,0,1897213,3647812,7293024,7352916,-0.368594,unrelated
S225,S328,H41-2023,LaszSE-O14-2023,0,1975600,3584634,7293024,7746042,-0.345345,unrelated
S225,S329,H41-2023,LaszSE-O14-2023,0,2047685,3623446,7293024,7797235,-0.344541,unrelated
S225,S330,H41-2023,LaszSE-O14-2023,0,1974715,3751289,7293024,7462058,-0.374641,unrelated
S225,S331,H41-2023,LaszSE-O14-2023,0,1882505,3599015,7293024,7438819,-0.360819,unrelated
S225,S332,H41-2023,LaszSE-O14-2023,0,2097358,3277421,7293024,8314732,-0.285594,unrelated
S225,S370,H41-2023,BrikalskiPats-2023,0,1864310,3673375,7293024,7223088,-0.377680,unrelated
S225,S371,H41-2023,BrikalskiPats-2023,0,2040398,3533496,7293024,7850890,-0.331922,unrelated
S225,S372,H41-2023,BrikalskiPats-2023,0,1973189,3478443,7293024,7962119,-0.326690,unrelated
S225,S373,H41-2023,BrikalskiPats-2023,0,2040766,3412882,7293024,7688767,-0.319388,unrelated
S225,S374,H41-2023,BrikalskiPats-2023,0,1873412,3492200,7293024,7505467,-0.345372,unrelated
S225,S375,H41-2023,BrikalskiPats-2023,0,1912845,3463786,7293024,7610693,-0.336475,unrelated
S225,S376,H41-2023,BrikalskiPats-2023,0,2072481,3496743,7293024,7674386,-0.328781,unrelated
S225,S386,H41-2023,DaveBrilowski-2023,0,1877813,3534294,7293024,7581179,-0.348978,unrelated
S225,S387,H41-2023,DaveBrilowski-2023,0,1885992,3630086,7293024,7340180,-0.367259,unrelated
S225,S388,H41-2023,DaveBrilowski-2023,0,1908732,3493097,7293024,7711070,-0.338405,unrelated
S225,S389,H41-2023,DaveBrilowski-2023,0,1905374,3705957,7293024,7419012,-0.374288,unrelated
S225,S390,H41-2023,DaveBrilowski-2023,0,1933511,3439693,7293024,7664668,-0.330658,unrelated
S225,S391,H41-2023,DaveBrilowski-2023,0,2068289,3401080,7293024,7786721,-0.313922,unrelated
S225,S392,H41-2023,DaveBrilowski-2023,0,2073563,3533425,7293024,7941139,-0.327769,unrelated
S225,S418,H41-2023,Wysocki1129-2023,0,1957280,3494586,7293024,7606408,-0.337724,unrelated
S225,S419,H41-2023,Wysocki1129-2023,0,1771761,3723676,7293024,7110209,-0.394050,unrelated
S225,S420,H41-2023,Wysocki1129-2023,0,1955581,3393213,7293024,7733647,-0.321485,unrelated
S225,S421,H41-2023,Wysocki1129-2023,0,1933570,3430783,7293024,7799266,-0.326524,unrelated
S225,S422,H41-2023,Wysocki1129-2023,0,1950869,3408745,7293024,7735411,-0.323828,unrelated
S225,S423,H41-2023,Wysocki1129-2023,0,1930331,3473995,7293024,7838314,-0.331607,unrelated
S225,S424,H41-2023,Wysocki1129-2023,0,2026839,3683803,7293024,7581744,-0.359049,unrelated
S225,S442,H41-2023,Wedekind_3-2023,0,1573507,3818356,7293024,6337465,-0.444827,unrelated
S225,S443,H41-2023,Wedekind_3-2023,0,1828320,3579514,7293024,7460484,-0.361318,unrelated
S225,S444,H41-2023,Wedekind_3-2023,0,1874099,3509018,7293024,7291631,-0.352695,unrelated
S225,S445,H41-2023,Wedekind_3-2023,0,2072843,3433717,7293024,7860728,-0.316396,unrelated
S225,S446,H41-2023,Wedekind_3-2023,0,2002054,3457139,7293024,7648040,-0.328773,unrelated
S225,S447,H41-2023,Wedekind_3-2023,0,1934544,3554368,7293024,7678231,-0.345608,unrelated
S225,S448,H41-2023,Wedekind_3-2023,0,1844258,3752602,7293024,7296097,-0.388025,unrelated
S225,S474,H41-2023,Airport04-2023,0,2055977,3441974,7293024,7804708,-0.319781,unrelated
S225,S475,H41-2023,Airport04-2023,0,2055179,3289462,7293024,8082784,-0.294212,unrelated
S225,S476,H41-2023,Airport04-2023,0,1907545,3460066,7293024,7482884,-0.339241,unrelated
S225,S477,H41-2023,Airport04-2023,0,1928697,3477409,7293024,7485865,-0.340088,unrelated
S225,S478,H41-2023,Airport04-2023,0,1946460,3395775,7293024,7652969,-0.324173,unrelated
S225,S479,H41-2023,Airport04-2023,0,1889767,3392589,7293024,7412292,-0.332901,unrelated
S225,S480,H41-2023,Airport04-2023,0,1942823,3569283,7293024,6986357,-0.363863,unrelated
S250,S251,H66-2023,H66-2023,1,1973411,3590914,7497400,7298189,-0.352025,unrelated
S250,S252,H66-2023,H66-2023,1,2073451,3378187,7497400,7784671,-0.306432,unrelated
S250,S253,H66-2023,H66-2023,1,2049535,3436735,7497400,7828319,-0.314761,unrelated
S250,S254,H66-2023,H66-2023,1,2047936,3448365,7497400,7899268,-0.314925,unrelated
S250,S255,H66-2023,H66-2023,1,1589702,3920751,7497400,6261999,-0.454366,unrelated
S250,S256,H66-2023,H66-2023,1,1968898,3649964,7497400,7050507,-0.366447,unrelated
S250,S257,H66-2023,H66-2023,1,1980986,3670775,7497400,7226941,-0.364061,unrelated
S250,S258,H66-2023,H66-2023,1,2003107,3542175,7497400,7345804,-0.342328,unrelated
S250,S259,H66-2023,H66-2023,1,2008314,3503994,7497400,7685226,-0.329302,unrelated
S250,S260,H66-2023,H66-2023,1,2049947,3461939,7497400,7760564,-0.319435,unrelated
S250,S288,H66-2023,Du-2023,0,2078137,3448090,7497400,7781391,-0.315342,unrelated
S250,S289,H66-2023,Du-2023,0,2211429,3283016,7497400,8243626,-0.276640,unrelated
S250,S290,H66-2023,Du-2023,0,2172021,3317020,7497400,8328446,-0.281945,unrelated
S250,S291,H66-2023,Du-2023,0,2231755,3312622,7497400,8614604,-0.272684,unrelated
S250,S292,H66-2023,Du-2023,0,2490461,2938783,7497400,9175472,-0.203151,unrelated
S250,S293,H66-2023,Du-2023,0,2317123,3080010,7497400,9002064,-0.232910,unrelated
S250,S294,H66-2023,Du-2023,0,2069817,3354757,7497400,8280057,-0.294071,unrelated
S250,S312,H66-2023,OkrayGrosheks40-2023,0,2077594,3426547,7497400,7983456,-0.308478,unrelated
S250,S313,H66-2023,OkrayGrosheks40-2023,0,2047531,3563159,7497400,7465948,-0.339415,unrelated
S250,S314,H66-2023,OkrayGrosheks40-2023,0,2153865,3495951,7497400,7693326,-0.318486,unrelated
S250,S315,H66-2023,OkrayGrosheks40-2023,0,2135260,3403327,7497400,7911196,-0.303168,unrelated
S250,S316,H66-2023,OkrayGrosheks40-2023,0,2141644,3523424,7497400,7767507,-0.321339,unrelated
S250,S317,H66-2023,OkrayGrosheks40-2023,0,2135372,3367737,7497400,8428115,-0.288851,unrelated
S250,S318,H66-2023,OkrayGrosheks40-2023,0,2008213,3584838,7497400,7352916,-0.347566,unrelated
S250,S328,H66-2023,LaszSE-O14-2023,0,2136953,3585000,7497400,7746042,-0.330178,unrelated
S250,S329,H66-2023,LaszSE-O14-2023,0,2071234,3586561,7497400,7797235,-0.333574,unrelated
S250,S330,H66-2023,LaszSE-O14-2023,0,1986458,3643976,7497400,7462058,-0.354391,unrelated
S250,S331,H66-2023,LaszSE-O14-2023,0,2025761,3500986,7497400,7438819,-0.333164,unrelated
S250,S332,H66-2023,LaszSE-O14-2023,0,2245890,3240552,7497400,8314732,-0.267846,unrelated
S250,S370,H66-2023,BrikalskiPats-2023,0,1986322,3682880,7497400,7223088,-0.365439,unrelated
S250,S371,H66-2023,BrikalskiPats-2023,0,2017968,3521207,7497400,7850890,-0.327362,unrelated
S250,S372,H66-2023,BrikalskiPats-2023,0,2118332,3383525,7497400,7962119,-0.300703,unrelated
S250,S373,H66-2023,BrikalskiPats-2023,0,2008137,3601469,7497400,7688767,-0.342075,unrelated
S250,S374,H66-2023,BrikalskiPats-2023,0,1974853,3578906,7497400,7505467,-0.345465,unrelated
S250,S375,H66-2023,BrikalskiPats-2023,0,1970217,3536967,7497400,7610693,-0.337813,unrelated
S250,S376,H66-2023,BrikalskiPats-2023,0,2051950,3536883,7497400,7674386,-0.330997,unrelated
S250,S386,H66-2023,DaveBrilowski-2023,0,2001724,3542400,7497400,7581179,-0.337106,unrelated
S250,S387,H66-2023,DaveBrilowski-2023,0,2050686,3604791,7497400,7340180,-0.347691,unrelated
S250,S388,H66-2023,DaveBrilowski-2023,0,2073967,3459948,7497400,7711070,-0.318634,unrelated
S250,S389,H66-2023,DaveBrilowski-2023,0,2069029,3618677,7497400,7419012,-0.346486,unrelated
S250,S390,H66-2023,DaveBrilowski-2023,0,2015975,3437793,7497400,7664668,-0.320511,unrelated
S250,S391,H66-2023,DaveBrilowski-2023,0,1989368,3559456,7497400,7786721,-0.335613,unrelated
S250,S392,H66-2023,DaveBrilowski-2023,0,2042176,3532636,7497400,7941139,-0.325361,unrelated
S250,S418,H66-2023,Wysocki1129-2023,0,2042377,3490486,7497400,7606408,-0.326977,unrelated
S250,S419,H66-2023,Wysocki1129-2023,0,1895818,3547828,7497400,7110209,-0.355968,unrelated
S250,S420,H66-2023,Wysocki1129-2023,0,2053840,3416008,7497400,7733647,-0.313713,unrelated
S250,S421,H66-2023,Wysocki1129-2023,0,2026831,3419772,7497400,7799266,-0.314625,unrelated
S250,S422,H66-2023,Wysocki1129-2023,0,2042101,3737267,7497400,7735411,-0.356627,unrelated
S250,S423,H66-2023,Wysocki1129-2023,0,2059622,3431928,7497400,7838314,-0.313271,unrelated
S250,S424,H66-2023,Wysocki1129-2023,0,1992278,3727966,7497400,7581744,-0.362332,unrelated
S250,S442,H66-2023,Wedekind_3-2023,0,1628137,3869001,7497400,6337465,-0.441628,unrelated
S250,S443,H66-2023,Wedekind_3-2023,0,2005942,3469607,7497400,7460484,-0.329811,unrelated
S250,S444,H66-2023,Wedekind_3-2023,0,1924322,3543472,7497400,7291631,-0.349085,unrelated
S250,S445,H66-2023,Wedekind_3-2023,0,2026759,3463887,7497400,7860728,-0.319115,unrelated
S250,S446,H66-2023,Wedekind_3-2023,0,1963869,3535557,7497400,7648040,-0.337213,unrelated
S250,S447,H66-2023,Wedekind_3-2023,0,2054655,3469344,7497400,7678231,-0.321834,unrelated
S250,S448,H66-2023,Wedekind_3-2023,0,2004345,3616535,7497400,7296097,-0.353448,unrelated
S250,S474,H66-2023,Airport04-2023,0,1985879,3452263,7497400,7804708,-0.321436,unrelated
S250,S475,H66-2023,Airport04-2023,0,2059872,3370555,7497400,8082784,-0.300461,unrelated
S250,S476,H66-2023,Airport04-2023,0,1909617,3511335,7497400,7482884,-0.341319,unrelated
S250,S477,H66-2023,Airport04-2023,0,1996812,3390709,7497400,7485865,-0.319330,unrelated
S250,S478,H66-2023,Airport04-2023,0,2049415,3298414,7497400,7652969,-0.300152,unrelated
S250,S479,H66-2023,Airport04-2023,0,1916337,3446051,7497400,7412292,-0.333727,unrelated
S250,S480,H66-2023,Airport04-2023,0,1839315,3597180,7497400,6986357,-0.369728,unrelated
S251,S252,H66-2023,H66-2023,1,1967725,3466039,7298189,7784671,-0.329139,unrelated
S251,S253,H66-2023,H66-2023,1,2066281,3411842,7298189,7828319,-0.314508,unrelated
S251,S254,H66-2023,H66-2023,1,2065395,3547643,7298189,7899268,-0.330969,unrelated
S251,S255,H66-2023,H66-2023,1,1562496,3784253,7298189,6261999,-0.442915,unrelated
S251,S256,H66-2023,H66-2023,1,1862017,3804775,7298189,7050507,-0.400561,unrelated
S251,S257,H66-2023,H66-2023,1,1879734,3805000,7298189,7226941,-0.394507,unrelated
S251,S258,H66-2023,H66-2023,1,1915250,3671949,7298189,7345804,-0.370708,unrelated
S251,S259,H66-2023,H66-2023,1,1946155,3574509,7298189,7685226,-0.347241,unrelated
S251,S260,H66-2023,H66-2023,1,1938022,3572584,7298189,7760564,-0.345789,unrelated
S251,S288,H66-2023,Du-2023,0,2028214,3430582,7298189,7781391,-0.320496,unrelated
S251,S289,H66-2023,Du-2023,0,2094019,3367662,7298189,8243626,-0.298633,unrelated
S251,S290,H66-2023,Du-2023,0,2074394,3353395,7298189,8328446,-0.296442,unrelated
S251,S291,H66-2023,Du-2023,0,2323577,3280671,7298189,8614604,-0.266312,unrelated
S251,S292,H66-2023,Du-2023,0,2359740,3000071,7298189,9175472,-0.220983,unrelated
S251,S293,H66-2023,Du-2023,0,2265339,3127586,7298189,9002064,-0.244771,unrelated
S251,S294,H66-2023,Du-2023,0,2122299,3369833,7298189,8280057,-0.296398,unrelated
S251,S312,H66-2023,OkrayGrosheks40-2023,0,2103704,3394648,7298189,7983456,-0.306616,unrelated
S251,S313,H66-2023,OkrayGrosheks40-2023,0,1926423,3703180,7298189,7465948,-0.371165,unrelated
S251,S314,H66-2023,OkrayGrosheks40-2023,0,2044732,3631966,7298189,7693326,-0.348144,unrelated
S251,S315,H66-2023,OkrayGrosheks40-2023,0,2019561,3533194,7298189,7911196,-0.331823,unrelated
S251,S316,H66-2023,OkrayGrosheks40-2023,0,2008972,3658017,7298189,7767507,-0.352261,unrelated
S251,S317,H66-2023,OkrayGrosheks40-2023,0,2221841,3336380,7298189,8428115,-0.283024,unrelated
S251,S318,H66-2023,OkrayGrosheks40-2023,0,1911328,3611461,7298189,7352916,-0.362539,unrelated
S251,S328,H66-2023,LaszSE-O14-2023,0,2041425,3700064,7298189,7746042,-0.356197,unrelated
S251,S329,H66-2023,LaszSE-O14-2023,0,2096672,3629708,7298189,7797235,-0.342007,unrelated
S251,S330,H66-2023,LaszSE-O14-2023,0,2020743,3617061,7298189,7462058,-0.353204,unrelated
S251,S331,H66-2023,LaszSE-O14-2023,0,1930948,3519302,7298189,7438819,-0.346587,unrelated
S251,S332,H66-2023,LaszSE-O14-2023,0,2116096,3356732,7298189,8314732,-0.294459,unrelated
S251,S370,H66-2023,BrikalskiPats-2023,0,1915070,3716078,7298189,7223088,-0.379931,unrelated
S251,S371,H66-2023,BrikalskiPats-2023,0,2103989,3516107,7298189,7850890,-0.325315,unrelated
S251,S372,H66-2023,BrikalskiPats-2023,0,1985437,3516088,7298189,7962119,-0.330710,unrelated
S251,S373,H66-2023,BrikalskiPats-2023,0,2065010,3603188,7298189,7688767,-0.343056,unrelated
S251,S374,H66-2023,BrikalskiPats-2023,0,1870598,3641807,7298189,7505467,-0.365654,unrelated
S251,S375,H66-2023,BrikalskiPats-2023,0,1886941,3626613,7298189,7610693,-0.359939,unrelated
S251,S376,H66-2023,BrikalskiPats-2023,0,2072467,3451819,7298189,7674386,-0.322668,unrelated
S251,S386,H66-2023,DaveBrilowski-2023,0,1899821,3621309,7298189,7581179,-0.359074,unrelated
S251,S387,H66-2023,DaveBrilowski-2023,0,1947909,3704462,7298189,7340180,-0.373062,unrelated
S251,S388,H66-2023,DaveBrilowski-2023,0,1953647,3596512,7298189,7711070,-0.349076,unrelated
S251,S389,H66-2023,DaveBrilowski-2023,0,1966432,3679346,7298189,7419012,-0.366392,unrelated
S251,S390,H66-2023,DaveBrilowski-2023,0,1903216,3513449,7298189,7664668,-0.342427,unrelated
S251,S391,H66-2023,DaveBrilowski-2023,0,2031245,3642584,7298189,7786721,-0.348290,unrelated
S251,S392,H66-2023,DaveBrilowski-2023,0,2096593,3512200,7298189,7941139,-0.323361,unrelated
S251,S418,H66-2023,Wysocki1129-2023,0,1973565,3577250,7298189,7606408,-0.347607,unrelated
S251,S419,H66-2023,Wysocki1129-2023,0,1802844,3551197,7298189,7110209,-0.367810,unrelated
S251,S420,H66-2023,Wysocki1129-2023,0,1974030,3426862,7298189,7733647,-0.324624,unrelated
S251,S421,H66-2023,Wysocki1129-2023,0,1940304,3481278,7298189,7799266,-0.332656,unrelated
S251,S422,H66-2023,Wysocki1129-2023,0,1977581,3462340,7298189,7735411,-0.329069,unrelated
S251,S423,H66-2023,Wysocki1129-2023,0,1957897,3502100,7298189,7838314,-0.333386,unrelated
S251,S424,H66-2023,Wysocki1129-2023,0,2038410,3787985,7298189,7581744,-0.372150,unrelated
S251,S442,H66-2023,Wedekind_3-2023,0,1589961,3927057,7298189,6337465,-0.459395,unrelated
S251,S443,H66-2023,Wedekind_3-2023,0,1893440,3610268,7298189,7460484,-0.360947,unrelated
S251,S444,H66-2023,Wedekind_3-2023,0,1855515,3663592,7298189,7291631,-0.375033,unrelated
S251,S445,H66-2023,Wedekind_3-2023,0,2110308,3449712,7298189,7860728,-0.315927,unrelated
S251,S446,H66-2023,Wedekind_3-2023,0,1960737,3594701,7298189,7648040,-0.349832,unrelated
S251,S447,H66-2023,Wedekind_3-2023,0,1970513,3526967,7298189,7678231,-0.339428,unrelated
S251,S448,H66-2023,Wedekind_3-2023,0,1885672,3812937,7298189,7296097,-0.393318,unrelated
S251,S474,H66-2023,Airport04-2023,0,2076727,3413309,7298189,7804708,-0.314502,unrelated
S251,S475,H66-2023,Airport04-2023,0,2025604,3414314,7298189,8082784,-0.312270,unrelated
S251,S476,H66-2023,Airport04-2023,0,1839480,3632938,7298189,7482884,-0.367118,unrelated
S251,S477,H66-2023,Airport04-2023,0,1921228,3376873,7298189,7485865,-0.326874,unrelated
S251,S478,H66-2023,Airport04-2023,0,1958537,3448976,7298189,7652969,-0.330370,unrelated
S251,S479,H66-2023,Airport04-2023,0,1863717,3471861,7298189,7412292,-0.345332,unrelated
S251,S480,H66-2023,Airport04-2023,0,1874510,3621078,7298189,6986357,-0.375766,unrelated
S252,S253,H66-2023,H66-2023,1,2265343,3161962,7784671,7828319,-0.259949,unrelated
S252,S254,H66-2023,H66-2023,1,2125973,3339077,7784671,7899268,-0.290245,unrelated
S252,S255,H66-2023,H66-2023,1,1689384,3736594,7784671,6261999,-0.411756,unrelated
S252,S256,H66-2023,H66-2023,1,1966852,3458862,7784671,7050507,-0.333725,unrelated
S252,S257,H66-2023,H66-2023,1,1987771,3457915,7784671,7226941,-0.328283,unrelated
S252,S258,H66-2023,H66-2023,1,1966376,3409513,7784671,7345804,-0.320720,unrelated
S252,S259,H66-2023,H66-2023,1,2119614,3287381,7784671,7685226,-0.287988,unrelated
S252,S260,H66-2023,H66-2023,1,2104215,3333203,7784671,7760564,-0.293478,unrelated
S252,S288,H66-2023,Du-2023,0,2134443,3197019,7784671,7781391,-0.273646,unrelated
S252,S289,H66-2023,Du-2023,0,2245349,3242021,7784671,8243626,-0.264451,unrelated
S252,S290,H66-2023,Du-2023,0,2286051,3089510,7784671,8328446,-0.241602,unrelated
S252,S291,H66-2023,Du-2023,0,2334758,3117329,7784671,8614604,-0.237809,unrelated
S252,S292,H66-2023,Du-2023,0,2540906,2863299,7784671,9175472,-0.187834,unrelated
S252,S293,H66-2023,Du-2023,0,2429310,2996741,7784671,9002064,-0.212321,unrelated
S252,S294,H66-2023,Du-2023,0,2233861,3129427,7784671,8280057,-0.250548,unrelated
S252,S312,H66-2023,OkrayGrosheks40-2023,0,2207622,3260540,7784671,7983456,-0.273556,unrelated
S252,S313,H66-2023,OkrayGrosheks40-2023,0,2032364,3357909,7784671,7465948,-0.307099,unrelated
S252,S314,H66-2023,OkrayGrosheks40-2023,0,2099982,3378555,7784671,7693326,-0.300887,unrelated
S252,S315,H66-2023,OkrayGrosheks40-2023,0,2191760,3248240,7784671,7911196,-0.274258,unrelated
S252,S316,H66-2023,OkrayGrosheks40-2023,0,2097728,3383679,7784671,7767507,-0.300256,unrelated
S252,S317,H66-2023,OkrayGrosheks40-2023,0,2265388,3148440,7784671,8428115,-0.248661,unrelated
S252,S318,H66-2023,OkrayGrosheks40-2023,0,2007833,3444129,7784671,7352916,-0.322404,unrelated
S252,S328,H66-2023,LaszSE-O14-2023,0,2140882,3410917,7784671,7746042,-0.301400,unrelated
S252,S329,H66-2023,LaszSE-O14-2023,0,2063638,3352272,7784671,7797235,-0.297839,unrelated
S252,S330,H66-2023,LaszSE-O14-2023,0,2003303,3443065,7784671,7462058,-0.320254,unrelated
S252,S331,H66-2023,LaszSE-O14-2023,0,2073706,3373735,7784671,7438819,-0.307010,unrelated
S252,S332,H66-2023,LaszSE-O14-2023,0,2277474,3205671,7784671,8314732,-0.256772,unrelated
S252,S370,H66-2023,BrikalskiPats-2023,0,2008704,3333517,7784671,7223088,-0.310395,unrelated
S252,S371,H66-2023,BrikalskiPats-2023,0,2171820,3248875,7784671,7850890,-0.276673,unrelated
S252,S372,H66-2023,BrikalskiPats-2023,0,2233185,3221902,7784671,7962119,-0.267395,unrelated
S252,S373,H66-2023,BrikalskiPats-2023,0,2118317,3279261,7784671,7688767,-0.286957,unrelated
S252,S374,H66-2023,BrikalskiPats-2023,0,2021625,3391735,7784671,7505467,-0.311432,unrelated
S252,S375,H66-2023,BrikalskiPats-2023,0,2100158,3331392,7784671,7610693,-0.296364,unrelated
S252,S376,H66-2023,BrikalskiPats-2023,0,2033320,3428414,7784671,7674386,-0.312018,unrelated
S252,S386,H66-2023,DaveBrilowski-2023,0,2081297,3336104,7784671,7581179,-0.298774,unrelated
S252,S387,H66-2023,DaveBrilowski-2023,0,2018060,3396213,7784671,7340180,-0.315664,unrelated
S252,S388,H66-2023,DaveBrilowski-2023,0,2216849,3261180,7784671,7711070,-0.277851,unrelated
S252,S389,H66-2023,DaveBrilowski-2023,0,2054688,3498521,7784671,7419012,-0.325076,unrelated
S252,S390,H66-2023,DaveBrilowski-2023,0,2093877,3340207,7784671,7664668,-0.296876,unrelated
S252,S391,H66-2023,DaveBrilowski-2023,0,2102696,3347535,7784671,7786721,-0.294924,unrelated
S252,S392,H66-2023,DaveBrilowski-2023,0,2117223,3327717,7784671,7941139,-0.288584,unrelated
S252,S418,H66-2023,Wysocki1129-2023,0,2138423,3312321,7784671,7606408,-0.291482,unrelated
S252,S419,H66-2023,Wysocki1129-2023,0,1974986,3411733,7784671,7110209,-0.325513,unrelated
S252,S420,H66-2023,Wysocki1129-2023,0,2213808,3203645,7784671,7733647,-0.270228,unrelated
S252,S421,H66-2023,Wysocki1129-2023,0,2112581,3298878,7784671,7799266,-0.287808,unrelated
S252,S422,H66-2023,Wysocki1129-2023,0,2152433,3510723,7784671,7735411,-0.313723,unrelated
S252,S423,H66-2023,Wysocki1129-2023,0,2134586,3263559,7784671,7838314,-0.281158,unrelated
S252,S424,H66-2023,Wysocki1129-2023,0,2015274,3452156,7784671,7581744,-0.318164,unrelated
S252,S442,H66-2023,Wedekind_3-2023,0,1724248,3660623,7784671,6337465,-0.396328,unrelated
S252,S443,H66-2023,Wedekind_3-2023,0,2037873,3378449,7784671,7460484,-0.309543,unrelated
S252,S444,H66-2023,Wedekind_3-2023,0,1994356,3374134,7784671,7291631,-0.315323,unrelated
S252,S445,H66-2023,Wedekind_3-2023,0,2131241,3313348,7784671,7860728,-0.287334,unrelated
S252,S446,H66-2023,Wedekind_3-2023,0,2071413,3345892,7784671,7648040,-0.299388,unrelated
S252,S447,H66-2023,Wedekind_3-2023,0,2142427,3296005,7784671,7678231,-0.287759,unrelated
S252,S448,H66-2023,Wedekind_3-2023,0,1983912,3416524,7784671,7296097,-0.321544,unrelated
S252,S474,H66-2023,Airport04-2023,0,2106318,3239587,7784671,7804708,-0.280502,unrelated
S252,S475,H66-2023,Airport04-2023,0,2310814,2976452,7784671,8082784,-0.229532,unrelated
S252,S476,H66-2023,Airport04-2023,0,2101484,3261203,7784671,7482884,-0.289563,unrelated
S252,S477,H66-2023,Airport04-2023,0,2108024,3168795,7784671,7485865,-0.276976,unrelated
S252,S478,H66-2023,Airport04-2023,0,2154441,3213179,7784671,7652969,-0.276721,unrelated
S252,S479,H66-2023,Airport04-2023,0,2059980,3271979,7784671,7412292,-0.295058,unrelated
S252,S480,H66-2023,Airport04-2023,0,1872471,3440485,7784671,6986357,-0.339076,unrelated
S253,S254,H66-2023,H66-2023,1,2175578,3443993,7828319,7899268,-0.299627,unrelated
S253,S255,H66-2023,H66-2023,1,1768860,3586383,7828319,6261999,-0.383519,unrelated
S253,S256,H66-2023,H66-2023,1,1916463,3584948,7828319,7050507,-0.353081,unrelated
S253,S257,H66-2023,H66-2023,1,1953890,3589005,7828319,7226941,-0.346996,unrelated
S253,S258,H66-2023,H66-2023,1,1961744,3520725,7828319,7345804,-0.334761,unrelated
S253,S259,H66-2023,H66-2023,1,2060539,3429849,7828319,7685226,-0.309353,unrelated
S253,S260,H66-2023,H66-2023,1,2077563,3385590,7828319,7760564,-0.301087,unrelated
S253,S288,H66-2023,Du-2023,0,2127886,3189361,7828319,7781391,-0.272320,unrelated
S253,S289,H66-2023,Du-2023,0,2221258,3341704,7828319,8243626,-0.277636,unrelated
S253,S290,H66-2023,Du-2023,0,2214608,3282449,7828319,8328446,-0.269255,unrelated
S253,S291,H66-2023,Du-2023,0,2464430,3139546,7828319,8614604,-0.231994,unrelated
S253,S292,H66-2023,Du-2023,0,2487468,2970519,7828319,9175472,-0.203106,unrelated
S253,S293,H66-2023,Du-2023,0,2398973,2997231,7828319,9002064,-0.213631,unrelated
S253,S294,H66-2023,Du-2023,0,2281734,3198766,7828319,8280057,-0.255507,unrelated
S253,S312,H66-2023,OkrayGrosheks40-2023,0,2245567,3297723,7828319,7983456,-0.275104,unrelated
S253,S313,H66-2023,OkrayGrosheks40-2023,0,1980588,3529950,7828319,7465948,-0.332106,unrelated
S253,S314,H66-2023,OkrayGrosheks40-2023,0,2066709,3454665,7828319,7693326,-0.311991,unrelated
S253,S315,H66-2023,OkrayGrosheks40-2023,0,2161663,3350767,7828319,7911196,-0.288438,unrelated
S253,S316,H66-2023,OkrayGrosheks40-2023,0,2109760,3384801,7828319,7767507,-0.298788,unrelated
S253,S317,H66-2023,OkrayGrosheks40-2023,0,2320636,3198536,7828319,8428115,-0.250758,unrelated
S253,S318,H66-2023,OkrayGrosheks40-2023,0,1959355,3529387,7828319,7352916,-0.335903,unrelated
S253,S328,H66-2023,LaszSE-O14-2023,0,2105257,3532365,7828319,7746042,-0.318438,unrelated
S253,S329,H66-2023,LaszSE-O14-2023,0,2134837,3505537,7828319,7797235,-0.312068,unrelated
S253,S330,H66-2023,LaszSE-O14-2023,0,2073417,3375903,7828319,7462058,-0.305969,unrelated
S253,S331,H66-2023,LaszSE-O14-2023,0,2032335,3424587,7828319,7438819,-0.315504,unrelated
S253,S332,H66-2023,LaszSE-O14-2023,0,2288858,3242410,7828319,8314732,-0.259924,unrelated
S253,S370,H66-2023,BrikalskiPats-2023,0,1975863,3547286,7828319,7223088,-0.340082,unrelated
S253,S371,H66-2023,BrikalskiPats-2023,0,2139790,3427479,7828319,7850890,-0.300727,unrelated
S253,S372,H66-2023,BrikalskiPats-2023,0,2225673,3361149,7828319,7962119,-0.284769,unrelated
S253,S373,H66-2023,BrikalskiPats-2023,0,2167012,3402586,7828319,7688767,-0.298907,unrelated
S253,S374,H66-2023,BrikalskiPats-2023,0,2028132,3529939,7828319,7505467,-0.328148,unrelated
S253,S375,H66-2023,BrikalskiPats-2023,0,2053251,3420947,7828319,7610693,-0.310165,unrelated
S253,S376,H66-2023,BrikalskiPats-2023,0,2124227,3444543,7828319,7674386,-0.307357,unrelated
S253,S386,H66-2023,DaveBrilowski-2023,0,2059828,3429516,7828319,7581179,-0.311445,unrelated
S253,S387,H66-2023,DaveBrilowski-2023,0,2026984,3465652,7828319,7340180,-0.323323,unrelated
S253,S388,H66-2023,DaveBrilowski-2023,0,2081664,3442370,7828319,7711070,-0.309090,unrelated
S253,S389,H66-2023,DaveBrilowski-2023,0,2008479,3570178,7828319,7419012,-0.336575,unrelated
S253,S390,H66-2023,DaveBrilowski-2023,0,2108354,3408209,7828319,7664668,-0.303884,unrelated
S253,S391,H66-2023,DaveBrilowski-2023,0,2177984,3372575,7828319,7786721,-0.292485,unrelated
S253,S392,H66-2023,DaveBrilowski-2023,0,2226175,3390973,7828319,7941139,-0.288898,unrelated
S253,S418,H66-2023,Wysocki1129-2023,0,2074846,3428160,7828319,7606408,-0.309787,unrelated
S253,S419,H66-2023,Wysocki1129-2023,0,1950379,3464794,7828319,7110209,-0.333313,unrelated
S253,S420,H66-2023,Wysocki1129-2023,0,2172196,3272765,7828319,7733647,-0.281027,unrelated
S253,S421,H66-2023,Wysocki1129-2023,0,2105568,3381587,7828319,7799266,-0.298037,unrelated
S253,S422,H66-2023,Wysocki1129-2023,0,2123705,3406325,7828319,7735411,-0.301274,unrelated
S253,S423,H66-2023,Wysocki1129-2023,0,2130555,3328899,7828319,7838314,-0.288974,unrelated
S253,S424,H66-2023,Wysocki1129-2023,0,2110906,3516087,7828319,7581744,-0.319354,unrelated
S253,S442,H66-2023,Wedekind_3-2023,0,1672631,3767159,7828319,6337465,-0.413792,unrelated
S253,S443,H66-2023,Wedekind_3-2023,0,2050497,3407312,7828319,7460484,-0.311609,unrelated
S253,S444,H66-2023,Wedekind_3-2023,0,1991395,3375664,7828319,7291631,-0.314811,unrelated
S253,S445,H66-2023,Wedekind_3-2023,0,2187910,3379130,7828319,7860728,-0.291308,unrelated
S253,S446,H66-2023,Wedekind_3-2023,0,2116491,3388669,7828319,7648040,-0.301159,unrelated
S253,S447,H66-2023,Wedekind_3-2023,0,2096800,3398948,7828319,7678231,-0.303168,unrelated
S253,S448,H66-2023,Wedekind_3-2023,0,1976957,3503423,7828319,7296097,-0.332567,unrelated
S253,S474,H66-2023,Airport04-2023,0,2164351,3370565,7828319,7804708,-0.292763,unrelated
S253,S475,H66-2023,Airport04-2023,0,2146468,3249491,7828319,8082784,-0.273552,unrelated
S253,S476,H66-2023,Airport04-2023,0,1982745,3449052,7828319,7482884,-0.321030,unrelated
S253,S477,H66-2023,Airport04-2023,0,2050053,3280001,7828319,7485865,-0.294495,unrelated
S253,S478,H66-2023,Airport04-2023,0,2102991,3342740,7828319,7652969,-0.296002,unrelated
S253,S479,H66-2023,Airport04-2023,0,1991859,3386902,7828319,7412292,-0.313763,unrelated
S253,S480,H66-2023,Airport04-2023,0,1943385,3488619,7828319,6986357,-0.339788,unrelated
S254,S255,H66-2023,H66-2023,1,1821219,3415559,7899268,6261999,-0.353775,unrelated
S254,S256,H66-2023,H66-2023,1,1893316,3541282,7899268,7050507,-0.347112,unrelated
S254,S257,H66-2023,H66-2023,1,1952483,3486185,7899268,7226941,-0.331867,unrelated
S254,S258,H66-2023,H66-2023,1,2017143,3345655,7899268,7345804,-0.306602,unrelated
S254,S259,H66-2023,H66-2023,1,2099244,3408237,7899268,7685226,-0.302687,unrelated
S254,S260,H66-2023,H66-2023,1,2157290,3323282,7899268,7760564,-0.286674,unrelated
S254,S288,H66-2023,Du-2023,0,2114312,3327182,7899268,7781391,-0.289532,unrelated
S254,S289,H66-2023,Du-2023,0,2232270,3229576,7899268,8243626,-0.261842,unrelated
S254,S290,H66-2023,Du-2023,0,2223738,3260793,7899268,8328446,-0.264846,unrelated
S254,S291,H66-2023,Du-2023,0,2435561,3100886,7899268,8614604,-0.228063,unrelated
S254,S292,H66-2023,Du-2023,0,2419388,3064831,7899268,9175472,-0.217296,unrelated
S254,S293,H66-2023,Du-2023,0,2420923,3032612,7899268,9002064,-0.215622,unrelated
S254,S294,H66-2023,Du-2023,0,2327429,3245764,7899268,8280057,-0.257372,unrelated
S254,S312,H66-2023,OkrayGrosheks40-2023,0,2266161,3319395,7899268,7983456,-0.275307,unrelated
S254,S313,H66-2023,OkrayGrosheks40-2023,0,2037793,3401080,7899268,7465948,-0.310075,unrelated
S254,S314,H66-2023,OkrayGrosheks40-2023,0,2073797,3431109,7899268,7693326,-0.307096,unrelated
S254,S315,H66-2023,OkrayGrosheks40-2023,0,2124824,3343154,7899268,7911196,-0.288510,unrelated
S254,S316,H66-2023,OkrayGrosheks40-2023,0,2104593,3342116,7899268,7767507,-0.292315,unrelated
S254,S317,H66-2023,OkrayGrosheks40-2023,0,2394550,3163450,7899268,8428115,-0.240844,unrelated
S254,S318,H66-2023,OkrayGrosheks40-2023,0,2001597,3466907,7899268,7352916,-0.323378,unrelated
S254,S328,H66-2023,LaszSE-O14-2023,0,2120275,3364072,7899268,7746042,-0.294521,unrelated
S254,S329,H66-2023,LaszSE-O14-2023,0,2203053,3341679,7899268,7797235,-0.285433,unrelated
S254,S330,H66-2023,LaszSE-O14-2023,0,2105943,3483838,7899268,7462058,-0.316492,unrelated
S254,S331,H66-2023,LaszSE-O14-2023,0,2011135,3522952,7899268,7438819,-0.328253,unrelated
S254,S332,H66-2023,LaszSE-O14-2023,0,2249768,3247503,7899268,8314732,-0.261825,unrelated
S254,S370,H66-2023,BrikalskiPats-2023,0,1944174,3491697,7899268,7223088,-0.333230,unrelated
S254,S371,H66-2023,BrikalskiPats-2023,0,2251498,3314671,7899268,7850890,-0.277956,unrelated
S254,S372,H66-2023,BrikalskiPats-2023,0,2147384,3386270,7899268,7962119,-0.291598,unrelated
S254,S373,H66-2023,BrikalskiPats-2023,0,2145573,3449451,7899268,7688767,-0.304934,unrelated
S254,S374,H66-2023,BrikalskiPats-2023,0,2047633,3510437,7899268,7505467,-0.322838,unrelated
S254,S375,H66-2023,BrikalskiPats-2023,0,2090146,3473780,7899268,7610693,-0.313180,unrelated
S254,S376,H66-2023,BrikalskiPats-2023,0,2155878,3527203,7899268,7674386,-0.314539,unrelated
S254,S386,H66-2023,DaveBrilowski-2023,0,2073834,3496912,7899268,7581179,-0.317820,unrelated
S254,S387,H66-2023,DaveBrilowski-2023,0,2001111,3492762,7899268,7340180,-0.327073,unrelated
S254,S388,H66-2023,DaveBrilowski-2023,0,2105275,3404408,7899268,7711070,-0.301309,unrelated
S254,S389,H66-2023,DaveBrilowski-2023,0,1981001,3539498,7899268,7419012,-0.332805,unrelated
S254,S390,H66-2023,DaveBrilowski-2023,0,2121156,3347256,7899268,7664668,-0.293843,unrelated
S254,S391,H66-2023,DaveBrilowski-2023,0,2226961,3471469,7899268,7786721,-0.300649,unrelated
S254,S392,H66-2023,DaveBrilowski-2023,0,2273560,3304095,7899268,7941139,-0.273644,unrelated
S254,S418,H66-2023,Wysocki1129-2023,0,2073194,3394907,7899268,7606408,-0.304187,unrelated
S254,S419,H66-2023,Wysocki1129-2023,0,1941230,3522962,7899268,7110209,-0.340098,unrelated
S254,S420,H66-2023,Wysocki1129-2023,0,2123822,3361748,7899268,7733647,-0.294230,unrelated
S254,S421,H66-2023,Wysocki1129-2023,0,2115656,3342615,7899268,7799266,-0.291083,unrelated
S254,S422,H66-2023,Wysocki1129-2023,0,2114062,3370369,7899268,7735411,-0.295924,unrelated
S254,S423,H66-2023,Wysocki1129-2023,0,2116391,3398777,7899268,7838314,-0.297451,unrelated
S254,S424,H66-2023,Wysocki1129-2023,0,2151404,3410642,7899268,7581744,-0.301652,unrelated
S254,S442,H66-2023,Wedekind_3-2023,0,1705872,3814626,7899268,6337465,-0.416063,unrelated
S254,S443,H66-2023,Wedekind_3-2023,0,2012936,3454328,7899268,7460484,-0.318737,unrelated
S254,S444,H66-2023,Wedekind_3-2023,0,1962303,3576454,7899268,7291631,-0.341692,unrelated
S254,S445,H66-2023,Wedekind_3-2023,0,2233321,3433352,7899268,7860728,-0.293996,unrelated
S254,S446,H66-2023,Wedekind_3-2023,0,2165759,3397643,7899268,7648040,-0.297770,unrelated
S254,S447,H66-2023,Wedekind_3-2023,0,2101356,3360325,7899268,7678231,-0.296536,unrelated
S254,S448,H66-2023,Wedekind_3-2023,0,1974644,3432070,7899268,7296097,-0.321775,unrelated
S254,S474,H66-2023,Airport04-2023,0,2208523,3256102,7899268,7804708,-0.274050,unrelated
S254,S475,H66-2023,Airport04-2023,0,2147453,3280040,7899268,8082784,-0.276099,unrelated
S254,S476,H66-2023,Airport04-2023,0,2117659,3343023,7899268,7482884,-0.296993,unrelated
S254,S477,H66-2023,Airport04-2023,0,2035203,3334514,7899268,7485865,-0.301188,unrelated
S254,S478,H66-2023,Airport04-2023,0,2081751,3279957,7899268,7652969,-0.287943,unrelated
S254,S479,H66-2023,Airport04-2023,0,2068356,3379911,7899268,7412292,-0.306400,unrelated
S254,S480,H66-2023,Airport04-2023,0,1932198,3502047,7899268,6986357,-0.340724,unrelated
S255,S256,H66-2023,H66-2023,1,1501158,4012115,6261999,7050507,-0.489996,unrelated
S255,S257,H66-2023,H66-2023,1,1506809,3986495,6261999,7226941,-0.479369,unrelated
S255,S258,H66-2023,H66-2023,1,1539576,3893705,6261999,7345804,-0.459136,unrelated
S255,S259,H66-2023,H66-2023,1,1618718,3840254,6261999,7685226,-0.434623,unrelated
S255,S260,H66-2023,H66-2023,1,1623086,3849776,6261999,7760564,-0.433335,unrelated
S255,S288,H66-2023,Du-2023,0,1624769,3765350,6261999,7781391,-0.420549,unrelated
S255,S289,H66-2023,Du-2023,0,1742216,3626417,6261999,8243626,-0.379895,unrelated
S255,S290,H66-2023,Du-2023,0,1720374,3686173,6261999,8328446,-0.387375,unrelated
S255,S291,H66-2023,Du-2023,0,1827197,3483809,6261999,8614604,-0.345537,unrelated
S255,S292,H66-2023,Du-2023,0,1920875,3442211,6261999,9175472,-0.321526,unrelated
S255,S293,H66-2023,Du-2023,0,1868130,3506424,6261999,9002064,-0.337048,unrelated
S255,S294,H66-2023,Du-2023,0,1743895,3531552,6261999,8280057,-0.365781,unrelated
S255,S312,H66-2023,OkrayGrosheks40-2023,0,1704227,3678630,6261999,7983456,-0.396831,unrelated
S255,S313,H66-2023,OkrayGrosheks40-2023,0,1559656,3915179,6261999,7465948,-0.456784,unrelated
S255,S314,H66-2023,OkrayGrosheks40-2023,0,1627950,3816586,6261999,7693326,-0.430318,unrelated
S255,S315,H66-2023,OkrayGrosheks40-2023,0,1677484,3763263,6261999,7911196,-0.412683,unrelated
S255,S316,H66-2023,OkrayGrosheks40-2023,0,1601986,3877222,6261999,7767507,-0.438537,unrelated
S255,S317,H66-2023,OkrayGrosheks40-2023,0,1791430,3517274,6261999,8428115,-0.356915,unrelated
S255,S318,H66-2023,OkrayGrosheks40-2023,0,1542724,3889516,6261999,7352916,-0.458050,unrelated
S255,S328,H66-2023,LaszSE-O14-2023,0,1622753,3853817,6261999,7746042,-0.434385,unrelated
S255,S329,H66-2023,LaszSE-O14-2023,0,1635246,3694846,6261999,7797235,-0.409300,unrelated
S255,S330,H66-2023,LaszSE-O14-2023,0,1564158,3833153,6261999,7462058,-0.444631,unrelated
S255,S331,H66-2023,LaszSE-O14-2023,0,1571791,3892479,6261999,7438819,-0.453489,unrelated
S255,S332,H66-2023,LaszSE-O14-2023,0,1749819,3683583,6261999,8314732,-0.385364,unrelated
S255,S370,H66-2023,BrikalskiPats-2023,0,1512765,3978004,6261999,7223088,-0.477805,unrelated
S255,S371,H66-2023,BrikalskiPats-2023,0,1665657,3651599,6261999,7850890,-0.399460,unrelated
S255,S372,H66-2023,BrikalskiPats-2023,0,1692605,3782598,6261999,7962119,-0.412862,unrelated
S255,S373,H66-2023,BrikalskiPats-2023,0,1637036,3694219,6261999,7688767,-0.412264,unrelated
S255,S374,H66-2023,BrikalskiPats-2023,0,1614087,3832077,6261999,7505467,-0.439447,unrelated
S255,S375,H66-2023,BrikalskiPats-2023,0,1603527,3854104,6261999,7610693,-0.440050,unrelated
S255,S376,H66-2023,BrikalskiPats-2023,0,1617180,3747954,6261999,7674386,-0.421826,unrelated
S255,S386,H66-2023,DaveBrilowski-2023,0,1603036,3849349,6261999,7581179,-0.440337,unrelated
S255,S387,H66-2023,DaveBrilowski-2023,0,1558296,3928312,6261999,7340180,-0.463038,unrelated
S255,S388,H66-2023,DaveBrilowski-2023,0,1618358,3826270,6261999,7711070,-0.431844,unrelated
S255,S389,H66-2023,DaveBrilowski-2023,0,1551412,3995964,6261999,7419012,-0.470763,unrelated
S255,S390,H66-2023,DaveBrilowski-2023,0,1689456,3742131,6261999,7664668,-0.416094,unrelated
S255,S391,H66-2023,DaveBrilowski-2023,0,1676183,3665252,6261999,7786721,-0.402479,unrelated
S255,S392,H66-2023,DaveBrilowski-2023,0,1680894,3643400,6261999,7941139,-0.394695,unrelated
S255,S418,H66-2023,Wysocki1129-2023,0,1614310,3833526,6261999,7606408,-0.436441,unrelated
S255,S419,H66-2023,Wysocki1129-2023,0,1530896,3980897,6261999,7110209,-0.480915,unrelated
S255,S420,H66-2023,Wysocki1129-2023,0,1680105,3783978,6261999,7733647,-0.420692,unrelated
S255,S421,H66-2023,Wysocki1129-2023,0,1646776,3753575,6261999,7799266,-0.416774,unrelated
S255,S422,H66-2023,Wysocki1129-2023,0,1686665,3621373,6261999,7735411,-0.396936,unrelated
S255,S423,H66-2023,Wysocki1129-2023,0,1611006,3886893,6261999,7838314,-0.437067,unrelated
S255,S424,H66-2023,Wysocki1129-2023,0,1616333,3646599,6261999,7581744,-0.410067,unrelated
S255,S442,H66-2023,Wedekind_3-2023,0,1354288,4209516,6261999,6337465,-0.560718,unrelated
S255,S443,H66-2023,Wedekind_3-2023,0,1623642,3852358,6261999,7460484,-0.443147,unrelated
S255,S444,H66-2023,Wedekind_3-2023,0,1527226,3911381,6261999,7291631,-0.464491,unrelated
S255,S445,H66-2023,Wedekind_3-2023,0,1687743,3677047,6261999,7860728,-0.401222,unrelated
S255,S446,H66-2023,Wedekind_3-2023,0,1614497,3767956,6261999,7648040,-0.425694,unrelated
S255,S447,H66-2023,Wedekind_3-2023,0,1638217,3831974,6261999,7678231,-0.432255,unrelated
S255,S448,H66-2023,Wedekind_3-2023,0,1532152,3946455,6261999,7296097,-0.469148,unrelated
S255,S474,H66-2023,Airport04-2023,0,1660205,3603227,6261999,7804708,-0.394282,unrelated
S255,S475,H66-2023,Airport04-2023,0,1707832,3659594,6261999,8082784,-0.391177,unrelated
S255,S476,H66-2023,Airport04-2023,0,1596844,3783329,6261999,7482884,-0.434330,unrelated
S255,S477,H66-2023,Airport04-2023,0,1596532,3754910,6261999,7485865,-0.430124,unrelated
S255,S478,H66-2023,Airport04-2023,0,1677322,3677090,6261999,7652969,-0.407968,unrelated
S255,S479,H66-2023,Airport04-2023,0,1593905,3736908,6261999,7412292,-0.429998,unrelated
S255,S480,H66-2023,Airport04-2023,0,1513893,3825873,6261999,6986357,-0.463292,unrelated
S256,S257,H66-2023,H66-2023,1,1866547,3720035,7050507,7226941,-0.390372,unrelated
S256,S258,H66-2023,H66-2023,1,1938100,3611781,7050507,7345804,-0.367140,unrelated
S256,S259,H66-2023,H66-2023,1,1896077,3577310,7050507,7685226,-0.356857,unrelated
S256,S260,H66-2023,H66-2023,1,1965661,3430552,7050507,7760564,-0.330526,unrelated
S256,S288,H66-2023,Du-2023,0,1988985,3567480,7050507,7781391,-0.346953,unrelated
S256,S289,H66-2023,Du-2023,0,2063617,3377348,7050507,8243626,-0.306724,unrelated
S256,S290,H66-2023,Du-2023,0,2025607,3336947,7050507,8328446,-0.302250,unrelated
S256,S291,H66-2023,Du-2023,0,2118369,3283648,7050507,8614604,-0.284002,unrelated
S256,S292,H66-2023,Du-2023,0,2307354,3164810,7050507,9175472,-0.247890,unrelated
S256,S293,H66-2023,Du-2023,0,2192587,3225110,7050507,9002064,-0.265231,unrelated
S256,S294,H66-2023,Du-2023,0,2036665,3327479,7050507,8280057,-0.301247,unrelated
S256,S312,H66-2023,OkrayGrosheks40-2023,0,1974798,3474680,7050507,7983456,-0.330888,unrelated
S256,S313,H66-2023,OkrayGrosheks40-2023,0,1923552,3580095,7050507,7465948,-0.360738,unrelated
S256,S314,H66-2023,OkrayGrosheks40-2023,0,2010963,3579427,7050507,7693326,-0.349156,unrelated
S256,S315,H66-2023,OkrayGrosheks40-2023,0,2014990,3506574,7050507,7911196,-0.334063,unrelated
S256,S316,H66-2023,OkrayGrosheks40-2023,0,2010552,3622434,7050507,7767507,-0.353240,unrelated
S256,S317,H66-2023,OkrayGrosheks40-2023,0,2027953,3416232,7050507,8428115,-0.310397,unrelated
S256,S318,H66-2023,OkrayGrosheks40-2023,0,1912233,3716529,7050507,7352916,-0.383300,unrelated
S256,S328,H66-2023,LaszSE-O14-2023,0,2000789,3675119,7050507,7746042,-0.361534,unrelated
S256,S329,H66-2023,LaszSE-O14-2023,0,1956631,3609654,7050507,7797235,-0.354443,unrelated
S256,S330,H66-2023,LaszSE-O14-2023,0,1890003,3721605,7050507,7462058,-0.382648,unrelated
S256,S331,H66-2023,LaszSE-O14-2023,0,1922629,3616175,7050507,7438819,-0.366457,unrelated
S256,S332,H66-2023,LaszSE-O14-2023,0,2086451,3392037,7050507,8314732,-0.305731,unrelated
S256,S370,H66-2023,BrikalskiPats-2023,0,1890148,3680864,7050507,7223088,-0.383336,unrelated
S256,S371,H66-2023,BrikalskiPats-2023,0,1942143,3529595,7050507,7850890,-0.343394,unrelated
S256,S372,H66-2023,BrikalskiPats-2023,0,1993445,3512200,7050507,7962119,-0.335115,unrelated
S256,S373,H66-2023,BrikalskiPats-2023,0,1934756,3645548,7050507,7688767,-0.363406,unrelated
S256,S374,H66-2023,BrikalskiPats-2023,0,1876212,3591519,7050507,7505467,-0.364581,unrelated
S256,S375,H66-2023,BrikalskiPats-2023,0,1865537,3558453,7050507,7610693,-0.358181,unrelated
S256,S376,H66-2023,BrikalskiPats-2023,0,1912412,3734433,7050507,7674386,-0.377351,unrelated
S256,S386,H66-2023,DaveBrilowski-2023,0,1895445,3553137,7050507,7581179,-0.356133,unrelated
S256,S387,H66-2023,DaveBrilowski-2023,0,1911982,3697352,7050507,7340180,-0.380991,unrelated
S256,S388,H66-2023,DaveBrilowski-2023,0,1960934,3496269,7050507,7711070,-0.340858,unrelated
S256,S389,H66-2023,DaveBrilowski-2023,0,1898495,3793332,7050507,7419012,-0.393114,unrelated
S256,S390,H66-2023,DaveBrilowski-2023,0,1899349,3561084,7050507,7664668,-0.354927,unrelated
S256,S391,H66-2023,DaveBrilowski-2023,0,1886637,3566287,7050507,7786721,-0.353566,unrelated
S256,S392,H66-2023,DaveBrilowski-2023,0,1949747,3559098,7050507,7941139,-0.344755,unrelated
S256,S418,H66-2023,Wysocki1129-2023,0,1920300,3602554,7050507,7606408,-0.360568,unrelated
S256,S419,H66-2023,Wysocki1129-2023,0,1750479,3750139,7050507,7110209,-0.406039,unrelated
S256,S420,H66-2023,Wysocki1129-2023,0,1921621,3521125,7050507,7733647,-0.346359,unrelated
S256,S421,H66-2023,Wysocki1129-2023,0,1923376,3489727,7050507,7799266,-0.340482,unrelated
S256,S422,H66-2023,Wysocki1129-2023,0,1902511,3838277,7050507,7735411,-0.390510,unrelated
S256,S423,H66-2023,Wysocki1129-2023,0,1919570,3543056,7050507,7838314,-0.347008,unrelated
S256,S424,H66-2023,Wysocki1129-2023,0,1920941,3753529,7050507,7581744,-0.381767,unrelated
S256,S442,H66-2023,Wedekind_3-2023,0,1556790,3904022,7050507,6337465,-0.466931,unrelated
S256,S443,H66-2023,Wedekind_3-2023,0,1857338,3589830,7050507,7460484,-0.366779,unrelated
S256,S444,H66-2023,Wedekind_3-2023,0,1851748,3577527,7050507,7291631,-0.369771,unrelated
S256,S445,H66-2023,Wedekind_3-2023,0,1924018,3510479,7050507,7860728,-0.341819,unrelated
S256,S446,H66-2023,Wedekind_3-2023,0,1833764,3624095,7050507,7648040,-0.368365,unrelated
S256,S447,H66-2023,Wedekind_3-2023,0,1960297,3599875,7050507,7678231,-0.355730,unrelated
S256,S448,H66-2023,Wedekind_3-2023,0,1901483,3698495,7050507,7296097,-0.383053,unrelated
S256,S474,H66-2023,Airport04-2023,0,1888198,3475091,7050507,7804708,-0.340755,unrelated
S256,S475,H66-2023,Airport04-2023,0,1988931,3362847,7050507,8082784,-0.313003,unrelated
S256,S476,H66-2023,Airport04-2023,0,1854080,3544223,7050507,7482884,-0.360161,unrelated
S256,S477,H66-2023,Airport04-2023,0,1874359,3543028,7050507,7485865,-0.358528,unrelated
S256,S478,H66-2023,Airport04-2023,0,1968448,3417275,7050507,7652969,-0.330949,unrelated
S256,S479,H66-2023,Airport04-2023,0,1850263,3469839,7050507,7412292,-0.351897,unrelated
S256,S480,H66-2023,Airport04-2023,0,1776455,3734127,7050507,6986357,-0.405489,unrelated
S257,S258,H66-2023,H66-2023,1,1989645,3580480,7226941,7345804,-0.354862,unrelated
S257,S259,H66-2023,H66-2023,1,1991071,3380899,7226941,7685226,-0.319922,unrelated
S257,S260,H66-2023,H66-2023,1,1973540,3484010,7226941,7760564,-0.333243,unrelated
S257,S288,H66-2023,Du-2023,0,2098735,3533482,7226941,7781391,-0.331031,unrelated
S257,S289,H66-2023,Du-2023,0,2088416,3250367,7226941,8243626,-0.285207,unrelated
S257,S290,H66-2023,Du-2023,0,2152048,3225085,7226941,8328446,-0.276311,unrelated
S257,S291,H66-2023,Du-2023,0,2134918,3288079,7226941,8614604,-0.280354,unrelated
S257,S292,H66-2023,Du-2023,0,2302473,3151823,7226941,9175472,-0.243938,unrelated
S257,S293,H66-2023,Du-2023,0,2309647,3073040,7226941,9002064,-0.236394,unrelated
S257,S294,H66-2023,Du-2023,0,2106429,3384551,7226941,8280057,-0.300682,unrelated
S257,S312,H66-2023,OkrayGrosheks40-2023,0,1984556,3523560,7226941,7983456,-0.332836,unrelated
S257,S313,H66-2023,OkrayGrosheks40-2023,0,1962276,3648736,7226941,7465948,-0.363114,unrelated
S257,S314,H66-2023,OkrayGrosheks40-2023,0,2004410,3620052,7226941,7693326,-0.350912,unrelated
S257,S315,H66-2023,OkrayGrosheks40-2023,0,2005138,3468894,7226941,7911196,-0.325843,unrelated
S257,S316,H66-2023,OkrayGrosheks40-2023,0,2049584,3590939,7226941,7767507,-0.342280,unrelated
S257,S317,H66-2023,OkrayGrosheks40-2023,0,2075398,3348002,7226941,8428115,-0.295151,unrelated
S257,S318,H66-2023,OkrayGrosheks40-2023,0,1946627,3653657,7226941,7352916,-0.367678,unrelated
S257,S328,H66-2023,LaszSE-O14-2023,0,2023187,3538416,7226941,7746042,-0.337518,unrelated
S257,S329,H66-2023,LaszSE-O14-2023,0,2045254,3552362,7226941,7797235,-0.336755,unrelated
S257,S330,H66-2023,LaszSE-O14-2023,0,1973861,3619733,7226941,7462058,-0.358473,unrelated
S257,S331,H66-2023,LaszSE-O14-2023,0,1931269,3592473,7226941,7438819,-0.358227,unrelated
S257,S332,H66-2023,LaszSE-O14-2023,0,2132209,3295349,7226941,8314732,-0.286873,unrelated
S257,S370,H66-2023,BrikalskiPats-2023,0,1903568,3779951,7226941,7223088,-0.391441,unrelated
S257,S371,H66-2023,BrikalskiPats-2023,0,2001596,3516866,7226941,7850890,-0.333744,unrelated
S257,S372,H66-2023,BrikalskiPats-2023,0,2057504,3446838,7226941,7962119,-0.318398,unrelated
S257,S373,H66-2023,BrikalskiPats-2023,0,1988224,3547041,7226941,7688767,-0.342314,unrelated
S257,S374,H66-2023,BrikalskiPats-2023,0,1973926,3563154,7226941,7505467,-0.349731,unrelated
S257,S375,H66-2023,BrikalskiPats-2023,0,1974042,3561098,7226941,7610693,-0.346966,unrelated
S257,S376,H66-2023,BrikalskiPats-2023,0,2001592,3798344,7226941,7674386,-0.375476,unrelated
S257,S386,H66-2023,DaveBrilowski-2023,0,1940665,3623700,7226941,7581179,-0.358367,unrelated
S257,S387,H66-2023,DaveBrilowski-2023,0,1911915,3704657,7226941,7340180,-0.377384,unrelated
S257,S388,H66-2023,DaveBrilowski-2023,0,2005857,3433998,7226941,7711070,-0.325488,unrelated
S257,S389,H66-2023,DaveBrilowski-2023,0,1957319,3678261,7226941,7419012,-0.368648,unrelated
S257,S390,H66-2023,DaveBrilowski-2023,0,1970806,3457110,7226941,7664668,-0.331960,unrelated
S257,S391,H66-2023,DaveBrilowski-2023,0,1938460,3651216,7226941,7786721,-0.357273,unrelated
S257,S392,H66-2023,DaveBrilowski-2023,0,1989478,3545867,7226941,7941139,-0.336381,unrelated
S257,S418,H66-2023,Wysocki1129-2023,0,1968678,3565921,7226941,7606408,-0.348078,unrelated
S257,S419,H66-2023,Wysocki1129-2023,0,1818065,3695256,7226941,7110209,-0.388672,unrelated
S257,S420,H66-2023,Wysocki1129-2023,0,1936596,3521573,7226941,7733647,-0.341334,unrelated
S257,S421,H66-2023,Wysocki1129-2023,0,1987848,3412645,7226941,7799266,-0.321934,unrelated
S257,S422,H66-2023,Wysocki1129-2023,0,1947863,3713883,7226941,7735411,-0.366246,unrelated
S257,S423,H66-2023,Wysocki1129-2023,0,1988302,3469971,7226941,7838314,-0.328679,unrelated
S257,S424,H66-2023,Wysocki1129-2023,0,1971168,3608754,7226941,7581744,-0.354275,unrelated
S257,S442,H66-2023,Wedekind_3-2023,0,1598150,3884938,7226941,6337465,-0.454994,unrelated
S257,S443,H66-2023,Wedekind_3-2023,0,1861709,3581113,7226941,7460484,-0.360888,unrelated
S257,S444,H66-2023,Wedekind_3-2023,0,1883729,3689053,7226941,7291631,-0.378438,unrelated
S257,S445,H66-2023,Wedekind_3-2023,0,1980562,3634043,7226941,7860728,-0.350453,unrelated
S257,S446,H66-2023,Wedekind_3-2023,0,1892055,3594567,7226941,7648040,-0.356107,unrelated
S257,S447,H66-2023,Wedekind_3-2023,0,1968577,3511028,7226941,7678231,-0.339042,unrelated
S257,S448,H66-2023,Wedekind_3-2023,0,1943268,3634209,7226941,7296097,-0.366669,unrelated
S257,S474,H66-2023,Airport04-2023,0,1982202,3372765,7226941,7804708,-0.316887,unrelated
S257,S475,H66-2023,Airport04-2023,0,2062019,3298557,7226941,8082784,-0.296223,unrelated
S257,S476,H66-2023,Airport04-2023,0,1945261,3437565,7226941,7482884,-0.335141,unrelated
S257,S477,H66-2023,Airport04-2023,0,1967998,3442314,7226941,7485865,-0.334174,unrelated
S257,S478,H66-2023,Airport04-2023,0,1980716,3398060,7226941,7652969,-0.323618,unrelated
S257,S479,H66-2023,Airport04-2023,0,1877848,3579604,7226941,7412292,-0.360768,unrelated
S257,S480,H66-2023,Airport04-2023,0,1833680,3717541,7226941,6986357,-0.394096,unrelated
S258,S259,H66-2023,H66-2023,1,2005400,3465366,7345804,7685226,-0.327678,unrelated
S258,S260,H66-2023,H66-2023,1,2021015,3428454,7345804,7760564,-0.320123,unrelated
S258,S288,H66-2023,Du-2023,0,2103841,3355610,7345804,7781391,-0.304576,unrelated
S258,S289,H66-2023,Du-2023,0,2106068,3343892,7345804,8243626,-0.293899,unrelated
S258,S290,H66-2023,Du-2023,0,2142592,3261020,7345804,8328446,-0.279404,unrelated
S258,S291,H66-2023,Du-2023,0,2175889,3245281,7345804,8614604,-0.270336,unrelated
S258,S292,H66-2023,Du-2023,0,2351265,3038947,7345804,9175472,-0.225565,unrelated
S258,S293,H66-2023,Du-2023,0,2324714,3113400,7345804,9002064,-0.238691,unrelated
S258,S294,H66-2023,Du-2023,0,2138386,3337162,7345804,8280057,-0.290284,unrelated
S258,S312,H66-2023,OkrayGrosheks40-2023,0,2024001,3408792,7345804,7983456,-0.312708,unrelated
S258,S313,H66-2023,OkrayGrosheks40-2023,0,2011475,3482441,7345804,7465948,-0.334424,unrelated
S258,S314,H66-2023,OkrayGrosheks40-2023,0,2076738,3438603,7345804,7693326,-0.319199,unrelated
S258,S315,H66-2023,OkrayGrosheks40-2023,0,2069086,3335329,7345804,7911196,-0.301604,unrelated
S258,S316,H66-2023,OkrayGrosheks40-2023,0,2092051,3437665,7345804,7767507,-0.316494,unrelated
S258,S317,H66-2023,OkrayGrosheks40-2023,0,2111442,3249675,7345804,8428115,-0.278175,unrelated
S258,S318,H66-2023,OkrayGrosheks40-2023,0,2002358,3503138,7345804,7352916,-0.340432,unrelated
S258,S328,H66-2023,LaszSE-O14-2023,0,2072845,3500197,7345804,7746042,-0.326504,unrelated
S258,S329,H66-2023,LaszSE-O14-2023,0,2060499,3472138,7345804,7797235,-0.322510,unrelated
S258,S330,H66-2023,LaszSE-O14-2023,0,1954197,3642269,7345804,7462058,-0.359967,unrelated
S258,S331,H66-2023,LaszSE-O14-2023,0,1964976,3550209,7345804,7438819,-0.347350,unrelated
S258,S332,H66-2023,LaszSE-O14-2023,0,2126110,3275480,7345804,8314732,-0.282548,unrelated
S258,S370,H66-2023,BrikalskiPats-2023,0,1931577,3639477,7345804,7223088,-0.367041,unrelated
S258,S371,H66-2023,BrikalskiPats-2023,0,2013794,3463095,7345804,7850890,-0.323254,unrelated
S258,S372,H66-2023,BrikalskiPats-2023,0,2046235,3361099,7345804,7962119,-0.305460,unrelated
S258,S373,H66-2023,BrikalskiPats-2023,0,1945019,3532285,7345804,7688767,-0.340519,unrelated
S258,S374,H66-2023,BrikalskiPats-2023,0,1974358,3576749,7345804,7505467,-0.348734,unrelated
S258,S375,H66-2023,BrikalskiPats-2023,0,1979698,3545068,7345804,7610693,-0.341687,unrelated
S258,S376,H66-2023,BrikalskiPats-2023,0,2032853,3601708,7345804,7674386,-0.344241,unrelated
S258,S386,H66-2023,DaveBrilowski-2023,0,1972499,3547519,7345804,7581179,-0.343173,unrelated
S258,S387,H66-2023,DaveBrilowski-2023,0,1974341,3552822,7345804,7340180,-0.349401,unrelated
S258,S388,H66-2023,DaveBrilowski-2023,0,1977620,3452603,7345804,7711070,-0.327265,unrelated
S258,S389,H66-2023,DaveBrilowski-2023,0,1982343,3576783,7345804,7419012,-0.350240,unrelated
S258,S390,H66-2023,DaveBrilowski-2023,0,2038267,3352658,7345804,7664668,-0.310920,unrelated
S258,S391,H66-2023,DaveBrilowski-2023,0,1940863,3595031,7345804,7786721,-0.346882,unrelated
S258,S392,H66-2023,DaveBrilowski-2023,0,2048574,3433917,7345804,7941139,-0.315253,unrelated
S258,S418,H66-2023,Wysocki1129-2023,0,1954434,3507722,7345804,7606408,-0.338479,unrelated
S258,S419,H66-2023,Wysocki1129-2023,0,1860735,3514136,7345804,7110209,-0.357466,unrelated
S258,S420,H66-2023,Wysocki1129-2023,0,2005985,3352266,7345804,7733647,-0.311586,unrelated
S258,S421,H66-2023,Wysocki1129-2023,0,2016283,3347729,7345804,7799266,-0.308957,unrelated
S258,S422,H66-2023,Wysocki1129-2023,0,1987900,3648887,7345804,7735411,-0.352085,unrelated
S258,S423,H66-2023,Wysocki1129-2023,0,2035979,3388592,7345804,7838314,-0.312248,unrelated
S258,S424,H66-2023,Wysocki1129-2023,0,2038055,3546119,7345804,7581744,-0.338581,unrelated
S258,S442,H66-2023,Wedekind_3-2023,0,1636248,3869659,7345804,6337465,-0.446024,unrelated
S258,S443,H66-2023,Wedekind_3-2023,0,1905981,3502035,7345804,7460484,-0.344319,unrelated
S258,S444,H66-2023,Wedekind_3-2023,0,1905952,3645014,7345804,7291631,-0.367829,unrelated
S258,S445,H66-2023,Wedekind_3-2023,0,1986823,3532903,7345804,7860728,-0.334000,unrelated
S258,S446,H66-2023,Wedekind_3-2023,0,1917337,3437434,7345804,7648040,-0.330638,unrelated
S258,S447,H66-2023,Wedekind_3-2023,0,2008596,3420922,7345804,7678231,-0.321701,unrelated
S258,S448,H66-2023,Wedekind_3-2023,0,1967443,3560432,7345804,7296097,-0.351964,unrelated
S258,S474,H66-2023,Airport04-2023,0,1973764,3325468,7345804,7804708,-0.308714,unrelated
S258,S475,H66-2023,Airport04-2023,0,2090005,3252913,7345804,8082784,-0.286210,unrelated
S258,S476,H66-2023,Airport04-2023,0,1968147,3369333,7345804,7482884,-0.321709,unrelated
S258,S477,H66-2023,Airport04-2023,0,1968488,3335212,7345804,7485865,-0.317020,unrelated
S258,S478,H66-2023,Airport04-2023,0,2009704,3335772,7345804,7652969,-0.310815,unrelated
S258,S479,H66-2023,Airport04-2023,0,1930513,3469341,7345804,7412292,-0.339351,unrelated
S258,S480,H66-2023,Airport04-2023,0,1849468,3614192,7345804,6986357,-0.375304,unrelated
S259,S260,H66-2023,H66-2023,1,2128200,3255161,7685226,7760564,-0.283710,unrelated
S259,S288,H66-2023,Du-2023,0,2144206,3217774,7685226,7781391,-0.277458,unrelated
S259,S289,H66-2023,Du-2023,0,2226298,3202110,7685226,8243626,-0.262286,unrelated
S259,S290,H66-2023,Du-2023,0,2290145,3074463,7685226,8328446,-0.240968,unrelated
S259,S291,H66-2023,Du-2023,0,2273400,3206505,7685226,8614604,-0.253966,unrelated
S259,S292,H66-2023,Du-2023,0,2465536,2994546,7685226,9175472,-0.208980,unrelated
S259,S293,H66-2023,Du-2023,0,2410425,3037303,7685226,9002064,-0.219579,unrelated
S259,S294,H66-2023,Du-2023,0,2210922,3259343,7685226,8280057,-0.269821,unrelated
S259,S312,H66-2023,OkrayGrosheks40-2023,0,2133465,3359045,7685226,7983456,-0.292598,unrelated
S259,S313,H66-2023,OkrayGrosheks40-2023,0,2031014,3377950,7685226,7465948,-0.311849,unrelated
S259,S314,H66-2023,OkrayGrosheks40-2023,0,2055081,3417186,7685226,7693326,-0.310776,unrelated
S259,S315,H66-2023,OkrayGrosheks40-2023,0,2164664,3321307,7685226,7911196,-0.287114,unrelated
S259,S316,H66-2023,OkrayGrosheks40-2023,0,2115253,3306311,7685226,7767507,-0.291040,unrelated
S259,S317,H66-2023,OkrayGrosheks40-2023,0,2207380,3190482,7685226,8428115,-0.259014,unrelated
S259,S318,H66-2023,OkrayGrosheks40-2023,0,2000842,3425081,7685226,7352916,-0.322468,unrelated
S259,S328,H66-2023,LaszSE-O14-2023,0,2063563,3472400,7685226,7746042,-0.316321,unrelated
S259,S329,H66-2023,LaszSE-O14-2023,0,2056775,3423759,7685226,7797235,-0.309430,unrelated
S259,S330,H66-2023,LaszSE-O14-2023,0,1990428,3498662,7685226,7462058,-0.330547,unrelated
S259,S331,H66-2023,LaszSE-O14-2023,0,2021259,3413043,7685226,7438819,-0.317695,unrelated
S259,S332,H66-2023,LaszSE-O14-2023,0,2251981,3211721,7685226,8314732,-0.260717,unrelated
S259,S370,H66-2023,BrikalskiPats-2023,0,1944593,3569260,7685226,7223088,-0.348391,unrelated
S259,S371,H66-2023,BrikalskiPats-2023,0,2091145,3360669,7685226,7850890,-0.298028,unrelated
S259,S372,H66-2023,BrikalskiPats-2023,0,2185830,3266044,7685226,7962119,-0.277763,unrelated
S259,S373,H66-2023,BrikalskiPats-2023,0,2076980,3333200,7685226,7688767,-0.298518,unrelated
S259,S374,H66-2023,BrikalskiPats-2023,0,2053367,3518651,7685226,7505467,-0.328091,unrelated
S259,S375,H66-2023,BrikalskiPats-2023,0,2071483,3390699,7685226,7610693,-0.307920,unrelated
S259,S376,H66-2023,BrikalskiPats-2023,0,2018294,3604824,7685226,7674386,-0.337987,unrelated
S259,S386,H66-2023,DaveBrilowski-2023,0,2053003,3511986,7685226,7581179,-0.325615,unrelated
S259,S387,H66-2023,DaveBrilowski-2023,0,1979596,3509548,7685226,7340180,-0.335399,unrelated
S259,S388,H66-2023,DaveBrilowski-2023,0,2092264,3351523,7685226,7711070,-0.299473,unrelated
S259,S389,H66-2023,DaveBrilowski-2023,0,1981495,3581201,7685226,7419012,-0.343010,unrelated
S259,S390,H66-2023,DaveBrilowski-2023,0,2125886,3305207,7685226,7664668,-0.292154,unrelated
S259,S391,H66-2023,DaveBrilowski-2023,0,2075915,3481568,7685226,7786721,-0.315876,unrelated
S259,S392,H66-2023,DaveBrilowski-2023,0,2115221,3371711,7685226,7941139,-0.296179,unrelated
S259,S418,H66-2023,Wysocki1129-2023,0,2100199,3348988,7685226,7606408,-0.300673,unrelated
S259,S419,H66-2023,Wysocki1129-2023,0,1925114,3490896,7685226,7110209,-0.341773,unrelated
S259,S420,H66-2023,Wysocki1129-2023,0,2113608,3354088,7685226,7733647,-0.297983,unrelated
S259,S421,H66-2023,Wysocki1129-2023,0,2109858,3285674,7685226,7799266,-0.288126,unrelated
S259,S422,H66-2023,Wysocki1129-2023,0,2063932,3657376,7685226,7735411,-0.340506,unrelated
S259,S423,H66-2023,Wysocki1129-2023,0,2154776,3280669,7685226,7838314,-0.283863,unrelated
S259,S424,H66-2023,Wysocki1129-2023,0,1978138,3534801,7685226,7581744,-0.333495,unrelated
S259,S442,H66-2023,Wedekind_3-2023,0,1692530,3770562,7685226,6337465,-0.417081,unrelated
S259,S443,H66-2023,Wedekind_3-2023,0,2002604,3445232,7685226,7460484,-0.322722,unrelated
S259,S444,H66-2023,Wedekind_3-2023,0,1995944,3487327,7685226,7291631,-0.332427,unrelated
S259,S445,H66-2023,Wedekind_3-2023,0,2134181,3371817,7685226,7860728,-0.296505,unrelated
S259,S446,H66-2023,Wedekind_3-2023,0,2055085,3387275,7685226,7648040,-0.307793,unrelated
S259,S447,H66-2023,Wedekind_3-2023,0,2037799,3449272,7685226,7678231,-0.316384,unrelated
S259,S448,H66-2023,Wedekind_3-2023,0,1978121,3524606,7685226,7296097,-0.338494,unrelated
S259,S474,H66-2023,Airport04-2023,0,2075736,3272560,7685226,7804708,-0.288535,unrelated
S259,S475,H66-2023,Airport04-2023,0,2212911,3099875,7685226,8082784,-0.252844,unrelated
S259,S476,H66-2023,Airport04-2023,0,2068217,3275471,7685226,7482884,-0.295536,unrelated
S259,S477,H66-2023,Airport04-2023,0,2045616,3302761,7685226,7485865,-0.300565,unrelated
S259,S478,H66-2023,Airport04-2023,0,2094426,3276529,7685226,7652969,-0.290688,unrelated
S259,S479,H66-2023,Airport04-2023,0,1993662,3454151,7685226,7412292,-0.325526,unrelated
S259,S480,H66-2023,Airport04-2023,0,1878300,3437863,7685226,6986357,-0.340619,unrelated
S260,S288,H66-2023,Du-2023,0,2143571,3192542,7760564,7781391,-0.272907,unrelated
S260,S289,H66-2023,Du-2023,0,2276592,3175946,7760564,8243626,-0.254640,unrelated
S260,S290,H66-2023,Du-2023,0,2292346,3086938,7760564,8328446,-0.241254,unrelated
S260,S291,H66-2023,Du-2023,0,2326237,3085078,7760564,8614604,-0.234741,unrelated
S260,S292,H66-2023,Du-2023,0,2458680,2919852,7760564,9175472,-0.199635,unrelated
S260,S293,H66-2023,Du-2023,0,2460530,2961015,7760564,9002064,-0.206501,unrelated
S260,S294,H66-2023,Du-2023,0,2246945,3223636,7760564,8280057,-0.261856,unrelated
S260,S312,H66-2023,OkrayGrosheks40-2023,0,2184926,3264458,7760564,7983456,-0.275914,unrelated
S260,S313,H66-2023,OkrayGrosheks40-2023,0,2042753,3347105,7760564,7465948,-0.305484,unrelated
S260,S314,H66-2023,OkrayGrosheks40-2023,0,2085275,3386278,7760564,7693326,-0.303308,unrelated
S260,S315,H66-2023,OkrayGrosheks40-2023,0,2164769,3274055,7760564,7911196,-0.279697,unrelated
S260,S316,H66-2023,OkrayGrosheks40-2023,0,2104704,3409837,7760564,7767507,-0.303642,unrelated
S260,S317,H66-2023,OkrayGrosheks40-2023,0,2229628,3219286,7760564,8428115,-0.259993,unrelated
S260,S318,H66-2023,OkrayGrosheks40-2023,0,2006308,3445711,7760564,7352916,-0.323229,unrelated
S260,S328,H66-2023,LaszSE-O14-2023,0,2156815,3334772,7760564,7746042,-0.291020,unrelated
S260,S329,H66-2023,LaszSE-O14-2023,0,2072120,3381448,7760564,7797235,-0.301506,unrelated
S260,S330,H66-2023,LaszSE-O14-2023,0,2011151,3471038,7760564,7462058,-0.323921,unrelated
S260,S331,H66-2023,LaszSE-O14-2023,0,2041562,3450847,7760564,7438819,-0.319759,unrelated
S260,S332,H66-2023,LaszSE-O14-2023,0,2296190,3172740,7760564,8314732,-0.251895,unrelated
S260,S370,H66-2023,BrikalskiPats-2023,0,1978385,3514844,7760564,7223088,-0.337121,unrelated
S260,S371,H66-2023,BrikalskiPats-2023,0,2105990,3361731,7760564,7850890,-0.295775,unrelated
S260,S372,H66-2023,BrikalskiPats-2023,0,2157719,3298667,7760564,7962119,-0.282370,unrelated
S260,S373,H66-2023,BrikalskiPats-2023,0,2032194,3473115,7760564,7688767,-0.318074,unrelated
S260,S374,H66-2023,BrikalskiPats-2023,0,2053612,3499066,7760564,7505467,-0.323890,unrelated
S260,S375,H66-2023,BrikalskiPats-2023,0,2057294,3461603,7760564,7610693,-0.316559,unrelated
S260,S376,H66-2023,BrikalskiPats-2023,0,2029118,3489497,7760564,7674386,-0.320693,unrelated
S260,S386,H66-2023,DaveBrilowski-2023,0,2055084,3423395,7760564,7581179,-0.312331,unrelated
S260,S387,H66-2023,DaveBrilowski-2023,0,2001088,3458523,7760564,7340180,-0.325544,unrelated
S260,S388,H66-2023,DaveBrilowski-2023,0,2093707,3390579,7760564,7711070,-0.302971,unrelated
S260,S389,H66-2023,DaveBrilowski-2023,0,2044253,3505037,7760564,7419012,-0.327138,unrelated
S260,S390,H66-2023,DaveBrilowski-2023,0,2109958,3358555,7760564,7664668,-0.298676,unrelated
S260,S391,H66-2023,DaveBrilowski-2023,0,2079907,3467099,7760564,7786721,-0.312228,unrelated
S260,S392,H66-2023,DaveBrilowski-2023,0,2117002,3362833,7760564,7941139,-0.293514,unrelated
S260,S418,H66-2023,Wysocki1129-2023,0,2085912,3363524,7760564,7606408,-0.302020,unrelated
S260,S419,H66-2023,Wysocki1129-2023,0,1986742,3400641,7760564,7110209,-0.323759,unrelated
S260,S420,H66-2023,Wysocki1129-2023,0,2132945,3288187,7760564,7733647,-0.286780,unrelated
S260,S421,H66-2023,Wysocki1129-2023,0,2122955,3286807,7760564,7799266,-0.286035,unrelated
S260,S422,H66-2023,Wysocki1129-2023,0,2093118,3629653,7760564,7735411,-0.333389,unrelated
S260,S423,H66-2023,Wysocki1129-2023,0,2165551,3274358,7760564,7838314,-0.280992,unrelated
S260,S424,H66-2023,Wysocki1129-2023,0,2050157,3450276,7760564,7581744,-0.316145,unrelated
S260,S442,H66-2023,Wedekind_3-2023,0,1726799,3735325,7760564,6337465,-0.407422,unrelated
S260,S443,H66-2023,Wedekind_3-2023,0,2028691,3391781,7760564,7460484,-0.312388,unrelated
S260,S444,H66-2023,Wedekind_3-2023,0,2006497,3518640,7760564,7291631,-0.334223,unrelated
S260,S445,H66-2023,Wedekind_3-2023,0,2104437,3403274,7760564,7860728,-0.301007,unrelated
S260,S446,H66-2023,Wedekind_3-2023,0,2070351,3367649,7760564,7648040,-0.302749,unrelated
S260,S447,H66-2023,Wedekind_3-2023,0,2082381,3390937,7760564,7678231,-0.304395,unrelated
S260,S448,H66-2023,Wedekind_3-2023,0,2007212,3515115,7760564,7296097,-0.333608,unrelated
S260,S474,H66-2023,Airport04-2023,0,2077451,3307792,7760564,7804708,-0.291555,unrelated
S260,S475,H66-2023,Airport04-2023,0,2247952,3108473,7760564,8082784,-0.250515,unrelated
S260,S476,H66-2023,Airport04-2023,0,2063662,3290563,7760564,7482884,-0.296354,unrelated
S260,S477,H66-2023,Airport04-2023,0,2067370,3271774,7760564,7485865,-0.293589,unrelated
S260,S478,H66-2023,Airport04-2023,0,2071885,3317881,7760564,7652969,-0.296095,unrelated
S260,S479,H66-2023,Airport04-2023,0,2015671,3427683,7760564,7412292,-0.318971,unrelated
S260,S480,H66-2023,Airport04-2023,0,1867980,3476026,7760564,6986357,-0.344755,unrelated
S288,S289,Du-2023,Du-2023,1,2275075,3189091,7781391,8243626,-0.256044,unrelated
S288,S290,Du-2023,Du-2023,1,2306365,3161362,7781391,8328446,-0.249311,unrelated
S288,S291,Du-2023,Du-2023,1,2343725,3049058,7781391,8614604,-0.228982,unrelated
S288,S292,Du-2023,Du-2023,1,2555233,2831835,7781391,9175472,-0.183314,unrelated
S288,S293,Du-2023,Du-2023,1,2478730,2944352,7781391,9002064,-0.203175,unrelated
S288,S294,Du-2023,Du-2023,1,2241016,3241554,7781391,8280057,-0.264116,unrelated
S288,S312,Du-2023,OkrayGrosheks40-2023,0,2117297,3246097,7781391,7983456,-0.277510,unrelated
S288,S313,Du-2023,OkrayGrosheks40-2023,0,2105703,3375672,7781391,7465948,-0.304685,unrelated
S288,S314,Du-2023,OkrayGrosheks40-2023,0,2128954,3360294,7781391,7693326,-0.296718,unrelated
S288,S315,Du-2023,OkrayGrosheks40-2023,0,2173319,3240543,7781391,7911196,-0.274510,unrelated
S288,S316,Du-2023,OkrayGrosheks40-2023,0,2217550,3370330,7781391,7767507,-0.290896,unrelated
S288,S317,Du-2023,OkrayGrosheks40-2023,0,2222272,3129344,7781391,8428115,-0.249015,unrelated
S288,S318,Du-2023,OkrayGrosheks40-2023,0,2121519,3292435,7781391,7352916,-0.294916,unrelated
S288,S328,Du-2023,LaszSE-O14-2023,0,2197940,3388316,7781391,7746042,-0.294878,unrelated
S288,S329,Du-2023,LaszSE-O14-2023,0,2151405,3399727,7781391,7797235,-0.298361,unrelated
S288,S330,Du-2023,LaszSE-O14-2023,0,2089339,3459905,7781391,7462058,-0.316888,unrelated
S288,S331,Du-2023,LaszSE-O14-2023,0,2055454,3348280,7781391,7438819,-0.304930,unrelated
S288,S332,Du-2023,LaszSE-O14-2023,0,2264690,3158609,7781391,8314732,-0.251770,unrelated
S288,S370,Du-2023,BrikalskiPats-2023,0,2053314,3442463,7781391,7223088,-0.322011,unrelated
S288,S371,Du-2023,BrikalskiPats-2023,0,2115289,3340151,7781391,7850890,-0.292025,unrelated
S288,S372,Du-2023,BrikalskiPats-2023,0,2223447,3258714,7781391,7962119,-0.272746,unrelated
S288,S373,Du-2023,BrikalskiPats-2023,0,2137697,3380055,7781391,7688767,-0.298795,unrelated
S288,S374,Du-2023,BrikalskiPats-2023,0,2050786,3427885,7781391,7505467,-0.314321,unrelated
S288,S375,Du-2023,BrikalskiPats-2023,0,2088653,3383842,7781391,7610693,-0.303989,unrelated
S288,S376,Du-2023,BrikalskiPats-2023,0,2172981,3373582,7781391,7674386,-0.295953,unrelated
S288,S386,Du-2023,DaveBrilowski-2023,0,2076736,3413204,7781391,7581179,-0.309172,unrelated
S288,S387,Du-2023,DaveBrilowski-2023,0,2062290,3451245,7781391,7340180,-0.320086,unrelated
S288,S388,Du-2023,DaveBrilowski-2023,0,2111233,3405767,7781391,7711070,-0.303393,unrelated
S288,S389,Du-2023,DaveBrilowski-2023,0,2063802,3542118,7781391,7419012,-0.330283,unrelated
S288,S390,Du-2023,DaveBrilowski-2023,0,2116308,3264597,7781391,7664668,-0.285697,unrelated
S288,S391,Du-2023,DaveBrilowski-2023,0,2092043,3390071,7781391,7786721,-0.301135,unrelated
S288,S392,Du-2023,DaveBrilowski-2023,0,2128706,3341425,7781391,7941139,-0.289657,unrelated
S288,S418,Du-2023,Wysocki1129-2023,0,2111431,3348763,7781391,7606408,-0.298035,unrelated
S288,S419,Du-2023,Wysocki1129-2023,0,1961408,3256340,7781391,7110209,-0.305627,unrelated
S288,S420,Du-2023,Wysocki1129-2023,0,2149811,3125212,7781391,7733647,-0.264299,unrelated
S288,S421,Du-2023,Wysocki1129-2023,0,2129650,3226941,7781391,7799266,-0.277538,unrelated
S288,S422,Du-2023,Wysocki1129-2023,0,2115665,3486299,7781391,7735411,-0.313011,unrelated
S288,S423,Du-2023,Wysocki1129-2023,0,2145136,3175289,7781391,7838314,-0.269240,unrelated
S288,S424,Du-2023,Wysocki1129-2023,0,2120841,3492184,7781391,7581744,-0.316571,unrelated
S288,S442,Du-2023,Wedekind_3-2023,0,1694903,3737849,7781391,6337465,-0.409438,unrelated
S288,S443,Du-2023,Wedekind_3-2023,0,1997680,3370246,7781391,7460484,-0.311170,unrelated
S288,S444,Du-2023,Wedekind_3-2023,0,2038617,3463964,7781391,7291631,-0.324375,unrelated
S288,S445,Du-2023,Wedekind_3-2023,0,2143072,3354858,7781391,7860728,-0.291945,unrelated
S288,S446,Du-2023,Wedekind_3-2023,0,2102403,3241581,7781391,7648040,-0.283922,unrelated
S288,S447,Du-2023,Wedekind_3-2023,0,2098468,3362392,7781391,7678231,-0.299252,unrelated
S288,S448,Du-2023,Wedekind_3-2023,0,2082266,3439422,7781391,7296097,-0.318128,unrelated
S288,S474,Du-2023,Airport04-2023,0,2115175,3219764,7781391,7804708,-0.277449,unrelated
S288,S475,Du-2023,Airport04-2023,0,2233203,3116202,7781391,8082784,-0.252090,unrelated
S288,S476,Du-2023,Airport04-2023,0,2145167,3227566,7781391,7482884,-0.282356,unrelated
S288,S477,Du-2023,Airport04-2023,0,2151230,3106424,7781391,7485865,-0.266035,unrelated
S288,S478,Du-2023,Airport04-2023,0,2138664,3198349,7781391,7652969,-0.275880,unrelated
S288,S479,Du-2023,Airport04-2023,0,2016068,3411386,7781391,7412292,-0.316362,unrelated
S288,S480,Du-2023,Airport04-2023,0,1998022,3378289,7781391,6986357,-0.322226,unrelated
S289,S290,Du-2023,Du-2023,1,2422882,3037772,8243626,8328446,-0.220411,unrelated
S289,S291,Du-2023,Du-2023,1,2515999,2957571,8243626,8614604,-0.201631,unrelated
S289,S292,Du-2023,Du-2023,1,2696818,2833315,8243626,9175472,-0.170492,unrelated
S289,S293,Du-2023,Du-2023,1,2661410,2794114,8243626,9002064,-0.169713,unrelated
S289,S294,Du-2023,Du-2023,1,2408738,3020209,8243626,8280057,-0.219786,unrelated
S289,S312,Du-2023,OkrayGrosheks40-2023,0,2260498,3239371,8243626,7983456,-0.259951,unrelated
S289,S313,Du-2023,OkrayGrosheks40-2023,0,2134681,3301522,8243626,7465948,-0.284436,unrelated
S289,S314,Du-2023,OkrayGrosheks40-2023,0,2206076,3266264,8243626,7693326,-0.271473,unrelated
S289,S315,Du-2023,OkrayGrosheks40-2023,0,2293019,3186741,8243626,7911196,-0.252585,unrelated
S289,S316,Du-2023,OkrayGrosheks40-2023,0,2251407,3238422,8243626,7767507,-0.263906,unrelated
S289,S317,Du-2023,OkrayGrosheks40-2023,0,2336514,3142292,8243626,8428115,-0.236812,unrelated
S289,S318,Du-2023,OkrayGrosheks40-2023,0,2111477,3349980,8243626,7352916,-0.294199,unrelated
S289,S328,Du-2023,LaszSE-O14-2023,0,2261683,3160319,8243626,7746042,-0.253849,unrelated
S289,S329,Du-2023,LaszSE-O14-2023,0,2210001,3224725,8243626,7797235,-0.264291,unrelated
S289,S330,Du-2023,LaszSE-O14-2023,0,2102607,3398566,8243626,7462058,-0.298906,unrelated
S289,S331,Du-2023,LaszSE-O14-2023,0,2168868,3348261,8243626,7438819,-0.288708,unrelated
S289,S332,Du-2023,LaszSE-O14-2023,0,2437634,2993296,8243626,8314732,-0.214330,unrelated
S289,S370,Du-2023,BrikalskiPats-2023,0,2093322,3394620,8243626,7223088,-0.303614,unrelated
S289,S371,Du-2023,BrikalskiPats-2023,0,2167273,3311861,8243626,7850890,-0.276892,unrelated
S289,S372,Du-2023,BrikalskiPats-2023,0,2339840,3102587,8243626,7962119,-0.238516,unrelated
S289,S373,Du-2023,BrikalskiPats-2023,0,2238774,3256032,8243626,7688767,-0.268214,unrelated
S289,S374,Du-2023,BrikalskiPats-2023,0,2161028,3190148,8243626,7505467,-0.267905,unrelated
S289,S375,Du-2023,BrikalskiPats-2023,0,2165594,3243239,8243626,7610693,-0.272537,unrelated
S289,S376,Du-2023,BrikalskiPats-2023,0,2130935,3303417,8243626,7674386,-0.281185,unrelated
S289,S386,Du-2023,DaveBrilowski-2023,0,2181937,3219983,8243626,7581179,-0.269073,unrelated
S289,S387,Du-2023,DaveBrilowski-2023,0,2140857,3317825,8243626,7340180,-0.288427,unrelated
S289,S388,Du-2023,DaveBrilowski-2023,0,2306805,3152979,8243626,7711070,-0.250657,unrelated
S289,S389,Du-2023,DaveBrilowski-2023,0,2170261,3288339,8243626,7419012,-0.281333,unrelated
S289,S390,Du-2023,DaveBrilowski-2023,0,2222699,3142237,8243626,7664668,-0.255324,unrelated
S289,S391,Du-2023,DaveBrilowski-2023,0,2185411,3268097,8243626,7786721,-0.271409,unrelated
S289,S392,Du-2023,DaveBrilowski-2023,0,2238215,3235478,8243626,7941139,-0.261526,unrelated
S289,S418,Du-2023,Wysocki1129-2023,0,2194570,3280475,8243626,7606408,-0.275481,unrelated
S289,S419,Du-2023,Wysocki1129-2023,0,2072709,3360661,8243626,7110209,-0.302766,unrelated
S289,S420,Du-2023,Wysocki1129-2023,0,2303541,3154254,8243626,7733647,-0.250666,unrelated
S289,S421,Du-2023,Wysocki1129-2023,0,2238192,3203549,8243626,7799266,-0.259860,unrelated
S289,S422,Du-2023,Wysocki1129-2023,0,2254726,3449515,8243626,7735411,-0.290650,unrelated
S289,S423,Du-2023,Wysocki1129-2023,0,2259657,3258314,8243626,7838314,-0.264705,unrelated
S289,S424,Du-2023,Wysocki1129-2023,0,2154962,3283796,8243626,7581744,-0.278833,unrelated
S289,S442,Du-2023,Wedekind_3-2023,0,1833325,3501001,8243626,6337465,-0.354478,unrelated
S289,S443,Du-2023,Wedekind_3-2023,0,2149742,3263011,8243626,7460484,-0.278671,unrelated
S289,S444,Du-2023,Wedekind_3-2023,0,2097353,3319125,8243626,7291631,-0.292296,unrelated
S289,S445,Du-2023,Wedekind_3-2023,0,2176074,3262853,8243626,7860728,-0.270090,unrelated
S289,S446,Du-2023,Wedekind_3-2023,0,2120367,3357430,8243626,7648040,-0.289113,unrelated
S289,S447,Du-2023,Wedekind_3-2023,0,2311769,3113428,8243626,7678231,-0.245894,unrelated
S289,S448,Du-2023,Wedekind_3-2023,0,2126552,3360835,8243626,7296097,-0.295701,unrelated
S289,S474,Du-2023,Airport04-2023,0,2255285,3128083,8243626,7804708,-0.249302,unrelated
S289,S475,Du-2023,Airport04-2023,0,2407470,3020279,8243626,8082784,-0.222528,unrelated
S289,S476,Du-2023,Airport04-2023,0,2161941,3205527,8243626,7482884,-0.270188,unrelated
S289,S477,Du-2023,Airport04-2023,0,2187603,3218896,8243626,7485865,-0.270205,unrelated
S289,S478,Du-2023,Airport04-2023,0,2283109,3098590,8243626,7652969,-0.246221,unrelated
S289,S479,Du-2023,Airport04-2023,0,2168418,3135674,8243626,7412292,-0.262069,unrelated
S289,S480,Du-2023,Airport04-2023,0,2002197,3344114,8243626,6986357,-0.307685,unrelated
S290,S291,Du-2023,Du-2023,1,2459051,3010385,8328446,8614604,-0.210217,unrelated
S290,S292,Du-2023,Du-2023,1,2695964,2791789,8328446,9175472,-0.164970,unrelated
S290,S293,Du-2023,Du-2023,1,2722772,2698819,8328446,9002064,-0.154344,unrelated
S290,S294,Du-2023,Du-2023,1,2439788,3067602,8328446,8280057,-0.222501,unrelated
S290,S312,Du-2023,OkrayGrosheks40-2023,0,2291102,3158392,8328446,7983456,-0.246794,unrelated
S290,S313,Du-2023,OkrayGrosheks40-2023,0,2147798,3230589,8328446,7465948,-0.273096,unrelated
S290,S314,Du-2023,OkrayGrosheks40-2023,0,2205133,3253567,8328446,7693326,-0.268510,unrelated
S290,S315,Du-2023,OkrayGrosheks40-2023,0,2290869,3173004,8328446,7911196,-0.249706,unrelated
S290,S316,Du-2023,OkrayGrosheks40-2023,0,2235111,3254949,8328446,7767507,-0.265581,unrelated
S290,S317,Du-2023,OkrayGrosheks40-2023,0,2367225,3043175,8328446,8428115,-0.221950,unrelated
S290,S318,Du-2023,OkrayGrosheks40-2023,0,2106367,3286049,8328446,7352916,-0.284780,unrelated
S290,S328,Du-2023,LaszSE-O14-2023,0,2272941,3202810,8328446,7746042,-0.257096,unrelated
S290,S329,Du-2023,LaszSE-O14-2023,0,2222853,3204655,8328446,7797235,-0.259614,unrelated
S290,S330,Du-2023,LaszSE-O14-2023,0,2114023,3330968,8328446,7462058,-0.288016,unrelated
S290,S331,Du-2023,LaszSE-O14-2023,0,2179783,3295213,8328446,7438819,-0.279734,unrelated
S290,S332,Du-2023,LaszSE-O14-2023,0,2455199,2982957,8328446,8314732,-0.210940,unrelated
S290,S370,Du-2023,BrikalskiPats-2023,0,2127329,3402947,8328446,7223088,-0.300843,unrelated
S290,S371,Du-2023,BrikalskiPats-2023,0,2268465,3149859,8328446,7850890,-0.249161,unrelated
S290,S372,Du-2023,BrikalskiPats-2023,0,2376760,3095121,8328446,7962119,-0.234091,unrelated
S290,S373,Du-2023,BrikalskiPats-2023,0,2249506,3188289,8328446,7688767,-0.257665,unrelated
S290,S374,Du-2023,BrikalskiPats-2023,0,2190139,3364145,8328446,7505467,-0.286610,unrelated
S290,S375,Du-2023,BrikalskiPats-2023,0,2299495,3244223,8328446,7610693,-0.262809,unrelated
S290,S376,Du-2023,BrikalskiPats-2023,0,2213403,3386808,8328446,7674386,-0.284963,unrelated
S290,S386,Du-2023,DaveBrilowski-2023,0,2245322,3266653,8328446,7581179,-0.269521,unrelated
S290,S387,Du-2023,DaveBrilowski-2023,0,2141201,3311804,8328446,7340180,-0.286075,unrelated
S290,S388,Du-2023,DaveBrilowski-2023,0,2263492,3175717,8328446,7711070,-0.254867,unrelated
S290,S389,Du-2023,DaveBrilowski-2023,0,2141935,3314050,8328446,7419012,-0.284882,unrelated
S290,S390,Du-2023,DaveBrilowski-2023,0,2207514,3213782,8328446,7664668,-0.263867,unrelated
S290,S391,Du-2023,DaveBrilowski-2023,0,2229409,3314138,8328446,7786721,-0.272964,unrelated
S290,S392,Du-2023,DaveBrilowski-2023,0,2257226,3193303,8328446,7941139,-0.253810,unrelated
S290,S418,Du-2023,Wysocki1129-2023,0,2259283,3168891,8328446,7606408,-0.255948,unrelated
S290,S419,Du-2023,Wysocki1129-2023,0,2069630,3329177,8328446,7110209,-0.297223,unrelated
S290,S420,Du-2023,Wysocki1129-2023,0,2262026,3190783,8328446,7733647,-0.256476,unrelated
S290,S421,Du-2023,Wysocki1129-2023,0,2308726,3083583,8328446,7799266,-0.239243,unrelated
S290,S422,Du-2023,Wysocki1129-2023,0,2250991,3423586,8328446,7735411,-0.286119,unrelated
S290,S423,Du-2023,Wysocki1129-2023,0,2328936,3069427,8328446,7838314,-0.235664,unrelated
S290,S424,Du-2023,Wysocki1129-2023,0,2162492,3353204,8328446,7581744,-0.285598,unrelated
S290,S442,Du-2023,Wedekind_3-2023,0,1820542,3601908,8328446,6337465,-0.367060,unrelated
S290,S443,Du-2023,Wedekind_3-2023,0,2144237,3231644,8328446,7460484,-0.273549,unrelated
S290,S444,Du-2023,Wedekind_3-2023,0,2147338,3350956,8328446,7291631,-0.291585,unrelated
S290,S445,Du-2023,Wedekind_3-2023,0,2287098,3275508,8328446,7860728,-0.263381,unrelated
S290,S446,Du-2023,Wedekind_3-2023,0,2198564,3259862,8328446,7648040,-0.270470,unrelated
S290,S447,Du-2023,Wedekind_3-2023,0,2214473,3203508,8328446,7678231,-0.261925,unrelated
S290,S448,Du-2023,Wedekind_3-2023,0,2114101,3324525,8328446,7296097,-0.290245,unrelated
S290,S474,Du-2023,Airport04-2023,0,2298417,3014815,8328446,7804708,-0.231276,unrelated
S290,S475,Du-2023,Airport04-2023,0,2466786,2922933,8328446,8082784,-0.205900,unrelated
S290,S476,Du-2023,Airport04-2023,0,2201954,3142223,8328446,7482884,-0.258200,unrelated
S290,S477,Du-2023,Airport04-2023,0,2192984,3199794,8328446,7485865,-0.266000,unrelated
S290,S478,Du-2023,Airport04-2023,0,2265520,3115740,8328446,7652969,-0.248161,unrelated
S290,S479,Du-2023,Airport04-2023,0,2196360,3249974,8328446,7412292,-0.273404,unrelated
S290,S480,Du-2023,Airport04-2023,0,2073927,3309113,8328446,6986357,-0.296726,unrelated
S291,S292,Du-2023,Du-2023,1,2830047,2797280,8614604,9175472,-0.155396,unrelated
S291,S293,Du-2023,Du-2023,1,2720685,2797568,8614604,9002064,-0.163167,unrelated
S291,S294,Du-2023,Du-2023,1,2620258,2890107,8614604,8280057,-0.187039,unrelated
S291,S312,Du-2023,OkrayGrosheks40-2023,0,2483033,3055639,8614604,7983456,-0.218595,unrelated
S291,S313,Du-2023,OkrayGrosheks40-2023,0,2210441,3151902,8614604,7465948,-0.254554,unrelated
S291,S314,Du-2023,OkrayGrosheks40-2023,0,2324923,3121481,8614604,7693326,-0.240254,unrelated
S291,S315,Du-2023,OkrayGrosheks40-2023,0,2372040,3130575,8614604,7911196,-0.235336,unrelated
S291,S316,Du-2023,OkrayGrosheks40-2023,0,2319017,3216369,8614604,7767507,-0.251111,unrelated
S291,S317,Du-2023,OkrayGrosheks40-2023,0,2524833,3033770,8614604,8428115,-0.207872,unrelated
S291,S318,Du-2023,OkrayGrosheks40-2023,0,2176296,3284124,8614604,7352916,-0.275055,unrelated
S291,S328,Du-2023,LaszSE-O14-2023,0,2333632,3204450,8614604,7746042,-0.249090,unrelated
S291,S329,Du-2023,LaszSE-O14-2023,0,2341821,3172061,8614604,7797235,-0.243867,unrelated
S291,S330,Du-2023,LaszSE-O14-2023,0,2348878,3230909,8614604,7462058,-0.255833,unrelated
S291,S331,Du-2023,LaszSE-O14-2023,0,2260509,3256868,8614604,7438819,-0.264942,unrelated
S291,S332,Du-2023,LaszSE-O14-2023,0,2511749,3045506,8614604,8314732,-0.211424,unrelated
S291,S370,Du-2023,BrikalskiPats-2023,0,2179861,3306964,8614604,7223088,-0.279969,unrelated
S291,S371,Du-2023,BrikalskiPats-2023,0,2404015,3167337,8614604,7850890,-0.238721,unrelated
S291,S372,Du-2023,BrikalskiPats-2023,0,2357585,3118661,8614604,7962119,-0.234047,unrelated
S291,S373,Du-2023,BrikalskiPats-2023,0,2378859,3229695,8614604,7688767,-0.250288,unrelated
S291,S374,Du-2023,BrikalskiPats-2023,0,2200163,3233183,8614604,7505467,-0.264652,unrelated
S291,S375,Du-2023,BrikalskiPats-2023,0,2268856,3136422,8614604,7610693,-0.246774,unrelated
S291,S376,Du-2023,BrikalskiPats-2023,0,2397846,3247831,8614604,7674386,-0.251570,unrelated
S291,S386,Du-2023,DaveBrilowski-2023,0,2252792,3161342,8614604,7581179,-0.251293,unrelated
S291,S387,Du-2023,DaveBrilowski-2023,0,2204632,3308794,8614604,7340180,-0.276591,unrelated
S291,S388,Du-2023,DaveBrilowski-2023,0,2277252,3192673,8614604,7711070,-0.251634,unrelated
S291,S389,Du-2023,DaveBrilowski-2023,0,2222364,3299176,8614604,7419012,-0.272926,unrelated
S291,S390,Du-2023,DaveBrilowski-2023,0,2214253,3225141,8614604,7664668,-0.260210,unrelated
S291,S391,Du-2023,DaveBrilowski-2023,0,2387412,3159501,8614604,7786721,-0.239712,unrelated
S291,S392,Du-2023,DaveBrilowski-2023,0,2426861,3150402,8614604,7941139,-0.233994,unrelated
S291,S418,Du-2023,Wysocki1129-2023,0,2295528,3213068,8614604,7606408,-0.254646,unrelated
S291,S419,Du-2023,Wysocki1129-2023,0,2102222,3238224,8614604,7110209,-0.278173,unrelated
S291,S420,Du-2023,Wysocki1129-2023,0,2337883,3116954,8614604,7733647,-0.238314,unrelated
S291,S421,Du-2023,Wysocki1129-2023,0,2297868,3111680,8614604,7799266,-0.239157,unrelated
S291,S422,Du-2023,Wysocki1129-2023,0,2376690,3115146,8614604,7735411,-0.235694,unrelated
S291,S423,Du-2023,Wysocki1129-2023,0,2321908,3159339,8614604,7838314,-0.242922,unrelated
S291,S424,Du-2023,Wysocki1129-2023,0,2350184,3262212,8614604,7581744,-0.257727,unrelated
S291,S442,Du-2023,Wedekind_3-2023,0,1835190,3478523,8614604,6337465,-0.342552,unrelated
S291,S443,Du-2023,Wedekind_3-2023,0,2223509,3209180,8614604,7460484,-0.260954,unrelated
S291,S444,Du-2023,Wedekind_3-2023,0,2164644,3209472,8614604,7291631,-0.267461,unrelated
S291,S445,Du-2023,Wedekind_3-2023,0,2464780,3126091,8614604,7860728,-0.229883,unrelated
S291,S446,Du-2023,Wedekind_3-2023,0,2345843,3189547,8614604,7648040,-0.248007,unrelated
S291,S447,Du-2023,Wedekind_3-2023,0,2301433,3212601,8614604,7678231,-0.253103,unrelated
S291,S448,Du-2023,Wedekind_3-2023,0,2187906,3299241,8614604,7296097,-0.277208,unrelated
S291,S474,Du-2023,Airport04-2023,0,2427845,3093746,8614604,7804708,-0.228977,unrelated
S291,S475,Du-2023,Airport04-2023,0,2473969,2921897,8614604,8082784,-0.201817,unrelated
S291,S476,Du-2023,Airport04-2023,0,2217748,3180949,8614604,7482884,-0.257441,unrelated
S291,S477,Du-2023,Airport04-2023,0,2219793,3115518,8614604,7485865,-0.249138,unrelated
S291,S478,Du-2023,Airport04-2023,0,2349227,3104485,8614604,7652969,-0.237266,unrelated
S291,S479,Du-2023,Airport04-2023,0,2219432,3108400,8614604,7412292,-0.249416,unrelated
S291,S480,Du-2023,Airport04-2023,0,2162152,3268665,8614604,6986357,-0.280443,unrelated
S292,S293,Du-2023,Du-2023,1,2951807,2593586,9175472,9002064,-0.122974,unrelated
S292,S294,Du-2023,Du-2023,1,2612409,2845593,9175472,8280057,-0.176378,unrelated
S292,S312,Du-2023,OkrayGrosheks40-2023,0,2540303,2899292,9175472,7983456,-0.189888,unrelated
S292,S313,Du-2023,OkrayGrosheks40-2023,0,2378399,3081011,9175472,7465948,-0.227362,unrelated
S292,S314,Du-2023,OkrayGrosheks40-2023,0,2470478,3011428,9175472,7693326,-0.210589,unrelated
S292,S315,Du-2023,OkrayGrosheks40-2023,0,2561100,2951227,9175472,7911196,-0.195553,unrelated
S292,S316,Du-2023,OkrayGrosheks40-2023,0,2507428,3033851,9175472,7767507,-0.210133,unrelated
S292,S317,Du-2023,OkrayGrosheks40-2023,0,2591531,2883920,9175472,8428115,-0.180435,unrelated
S292,S318,Du-2023,OkrayGrosheks40-2023,0,2374942,3018173,9175472,7352916,-0.221522,unrelated
S292,S328,Du-2023,LaszSE-O14-2023,0,2508427,3059796,9175472,7746042,-0.213407,unrelated
S292,S329,Du-2023,LaszSE-O14-2023,0,2434059,3030165,9175472,7797235,-0.213653,unrelated
S292,S330,Du-2023,LaszSE-O14-2023,0,2340658,3123724,9175472,7462058,-0.234818,unrelated
S292,S331,Du-2023,LaszSE-O14-2023,0,2463928,2971086,9175472,7438819,-0.209353,unrelated
S292,S332,Du-2023,LaszSE-O14-2023,0,2733527,2803793,9175472,8314732,-0.164324,unrelated
S292,S370,Du-2023,BrikalskiPats-2023,0,2383526,3044508,9175472,7223088,-0.225964,unrelated
S292,S371,Du-2023,BrikalskiPats-2023,0,2445649,3013857,9175472,7850890,-0.210383,unrelated
S292,S372,Du-2023,BrikalskiPats-2023,0,2540338,2958966,9175472,7962119,-0.197087,unrelated
S292,S373,Du-2023,BrikalskiPats-2023,0,2487697,2999928,9175472,7688767,-0.208261,unrelated
S292,S374,Du-2023,BrikalskiPats-2023,0,2380575,3107529,9175472,7505467,-0.229872,unrelated
S292,S375,Du-2023,BrikalskiPats-2023,0,2433070,2960697,9175472,7610693,-0.207809,unrelated
S292,S376,Du-2023,BrikalskiPats-2023,0,2428709,2965642,9175472,7674386,-0.207870,unrelated
S292,S386,Du-2023,DaveBrilowski-2023,0,2410196,3033308,9175472,7581179,-0.218207,unrelated
S292,S387,Du-2023,DaveBrilowski-2023,0,2379208,3109045,9175472,7340180,-0.232439,unrelated
S292,S388,Du-2023,DaveBrilowski-2023,0,2515178,2990310,9175472,7711070,-0.205219,unrelated
S292,S389,Du-2023,DaveBrilowski-2023,0,2406620,3138799,9175472,7419012,-0.233269,unrelated
S292,S390,Du-2023,DaveBrilowski-2023,0,2466247,2922244,9175472,7664668,-0.200606,unrelated
S292,S391,Du-2023,DaveBrilowski-2023,0,2453864,2981477,9175472,7786721,-0.206877,unrelated
S292,S392,Du-2023,DaveBrilowski-2023,0,2487999,2989629,9175472,7941139,-0.203969,unrelated
S292,S418,Du-2023,Wysocki1129-2023,0,2487659,2994071,9175472,7606408,-0.208587,unrelated
S292,S419,Du-2023,Wysocki1129-2023,0,2312451,2933291,9175472,7110209,-0.218237,unrelated
S292,S420,Du-2023,Wysocki1129-2023,0,2520666,2935452,9175472,7733647,-0.198132,unrelated
S292,S421,Du-2023,Wysocki1129-2023,0,2463882,2958585,9175472,7799266,-0.203437,unrelated
S292,S422,Du-2023,Wysocki1129-2023,0,2470140,3260206,9175472,7735411,-0.239507,unrelated
S292,S423,Du-2023,Wysocki1129-2023,0,2532930,2947669,9175472,7838314,-0.197628,unrelated
S292,S424,Du-2023,Wysocki1129-2023,0,2378652,3164926,9175472,7581744,-0.235791,unrelated
S292,S442,Du-2023,Wedekind_3-2023,0,1990491,3305634,9175472,6337465,-0.297866,unrelated
S292,S443,Du-2023,Wedekind_3-2023,0,2352159,3046327,9175472,7460484,-0.224844,unrelated
S292,S444,Du-2023,Wedekind_3-2023,0,2350993,3064333,9175472,7291631,-0.229407,unrelated
S292,S445,Du-2023,Wedekind_3-2023,0,2431010,2978048,9175472,7860728,-0.206917,unrelated
S292,S446,Du-2023,Wedekind_3-2023,0,2407666,3037775,9175472,7648040,-0.218021,unrelated
S292,S447,Du-2023,Wedekind_3-2023,0,2524590,2940916,9175472,7678231,-0.199199,unrelated
S292,S448,Du-2023,Wedekind_3-2023,0,2323689,3111725,9175472,7296097,-0.236757,unrelated
S292,S474,Du-2023,Airport04-2023,0,2442010,2925606,9175472,7804708,-0.200775,unrelated
S292,S475,Du-2023,Airport04-2023,0,2603879,2827236,9175472,8082784,-0.176761,unrelated
S292,S476,Du-2023,Airport04-2023,0,2365144,3034782,9175472,7482884,-0.222376,unrelated
S292,S477,Du-2023,Airport04-2023,0,2430683,2846732,9175472,7485865,-0.195829,unrelated
S292,S478,Du-2023,Airport04-2023,0,2527468,2865512,9175472,7652969,-0.190366,unrelated
S292,S479,Du-2023,Airport04-2023,0,2354816,2995868,9175472,7412292,-0.219253,unrelated
S292,S480,Du-2023,Airport04-2023,0,2233289,3058737,9175472,6986357,-0.240331,unrelated
S293,S294,Du-2023,Du-2023,1,2588056,2966051,9002064,8280057,-0.193497,unrelated
S293,S312,Du-2023,OkrayGrosheks40-2023,0,2420774,3013118,9002064,7983456,-0.212267,unrelated
S293,S313,Du-2023,OkrayGrosheks40-2023,0,2343155,3084079,9002064,7465948,-0.232269,unrelated
S293,S314,Du-2023,OkrayGrosheks40-2023,0,2404715,3073894,9002064,7693326,-0.224198,unrelated
S293,S315,Du-2023,OkrayGrosheks40-2023,0,2477020,3007322,9002064,7911196,-0.209163,unrelated
S293,S316,Du-2023,OkrayGrosheks40-2023,0,2405183,3095033,9002064,7767507,-0.225699,unrelated
S293,S317,Du-2023,OkrayGrosheks40-2023,0,2604341,2871608,9002064,8428115,-0.180083,unrelated
S293,S318,Du-2023,OkrayGrosheks40-2023,0,2287098,3115003,9002064,7352916,-0.241083,unrelated
S293,S328,Du-2023,LaszSE-O14-2023,0,2410285,3109163,9002064,7746042,-0.227371,unrelated
S293,S329,Du-2023,LaszSE-O14-2023,0,2412076,3068289,9002064,7797235,-0.221706,unrelated
S293,S330,Du-2023,LaszSE-O14-2023,0,2313839,3188750,9002064,7462058,-0.246819,unrelated
S293,S331,Du-2023,LaszSE-O14-2023,0,2354889,3116569,9002064,7438819,-0.235891,unrelated
S293,S332,Du-2023,LaszSE-O14-2023,0,2707593,2738205,9002064,8314732,-0.159892,unrelated
S293,S370,Du-2023,BrikalskiPats-2023,0,2288874,3153449,9002064,7223088,-0.247642,unrelated
S293,S371,Du-2023,BrikalskiPats-2023,0,2457074,2991785,9002064,7850890,-0.209251,unrelated
S293,S372,Du-2023,BrikalskiPats-2023,0,2517661,2985051,9002064,7962119,-0.203514,unrelated
S293,S373,Du-2023,BrikalskiPats-2023,0,2404909,3032092,9002064,7688767,-0.219239,unrelated
S293,S374,Du-2023,BrikalskiPats-2023,0,2383978,3152059,9002064,7505467,-0.237476,unrelated
S293,S375,Du-2023,BrikalskiPats-2023,0,2403016,3117526,9002064,7610693,-0.230668,unrelated
S293,S376,Du-2023,BrikalskiPats-2023,0,2356070,3244920,9002064,7674386,-0.247881,unrelated
S293,S386,Du-2023,DaveBrilowski-2023,0,2398798,3123058,9002064,7581179,-0.232000,unrelated
S293,S387,Du-2023,DaveBrilowski-2023,0,2292150,3124710,9002064,7340180,-0.242150,unrelated
S293,S388,Du-2023,DaveBrilowski-2023,0,2471681,2929500,9002064,7711070,-0.202674,unrelated
S293,S389,Du-2023,DaveBrilowski-2023,0,2300833,3029096,9002064,7419012,-0.228813,unrelated
S293,S390,Du-2023,DaveBrilowski-2023,0,2419575,3012005,9002064,7664668,-0.216265,unrelated
S293,S391,Du-2023,DaveBrilowski-2023,0,2397224,3121925,9002064,7786721,-0.229119,unrelated
S293,S392,Du-2023,DaveBrilowski-2023,0,2468583,2980086,9002064,7941139,-0.206076,unrelated
S293,S418,Du-2023,Wysocki1129-2023,0,2404957,3009486,9002064,7606408,-0.217601,unrelated
S293,S419,Du-2023,Wysocki1129-2023,0,2230815,3121611,9002064,7110209,-0.249028,unrelated
S293,S420,Du-2023,Wysocki1129-2023,0,2431369,3024619,9002064,7733647,-0.216177,unrelated
S293,S421,Du-2023,Wysocki1129-2023,0,2493795,2914265,9002064,7799266,-0.198480,unrelated
S293,S422,Du-2023,Wysocki1129-2023,0,2439787,3265906,9002064,7735411,-0.244483,unrelated
S293,S423,Du-2023,Wysocki1129-2023,0,2528998,2929066,9002064,7838314,-0.197688,unrelated
S293,S424,Du-2023,Wysocki1129-2023,0,2349909,3162638,9002064,7581744,-0.239714,unrelated
S293,S442,Du-2023,Wedekind_3-2023,0,1985314,3363496,9002064,6337465,-0.309115,unrelated
S293,S443,Du-2023,Wedekind_3-2023,0,2314564,3065910,9002064,7460484,-0.231875,unrelated
S293,S444,Du-2023,Wedekind_3-2023,0,2343873,3195680,9002064,7291631,-0.248408,unrelated
S293,S445,Du-2023,Wedekind_3-2023,0,2366258,3164190,9002064,7860728,-0.234962,unrelated
S293,S446,Du-2023,Wedekind_3-2023,0,2368425,3063420,9002064,7648040,-0.225729,unrelated
S293,S447,Du-2023,Wedekind_3-2023,0,2426675,3007820,9002064,7678231,-0.215162,unrelated
S293,S448,Du-2023,Wedekind_3-2023,0,2301078,3130192,9002064,7296097,-0.242930,unrelated
S293,S474,Du-2023,Airport04-2023,0,2429239,2918862,9002064,7804708,-0.202804,unrelated
S293,S475,Du-2023,Airport04-2023,0,2565543,2850146,9002064,8082784,-0.183481,unrelated
S293,S476,Du-2023,Airport04-2023,0,2386343,2989778,9002064,7482884,-0.217969,unrelated
S293,S477,Du-2023,Airport04-2023,0,2395564,2907979,9002064,7485865,-0.207448,unrelated
S293,S478,Du-2023,Airport04-2023,0,2446093,2911131,9002064,7652969,-0.202712,unrelated
S293,S479,Du-2023,Airport04-2023,0,2329233,3155252,9002064,7412292,-0.242548,unrelated
S293,S480,Du-2023,Airport04-2023,0,2205560,3126318,9002064,6986357,-0.253125,unrelated
S294,S312,Du-2023,OkrayGrosheks40-2023,0,2331197,3218069,8280057,7983456,-0.252402,unrelated
S294,S313,Du-2023,OkrayGrosheks40-2023,0,2115475,3319414,8280057,7465948,-0.287270,unrelated
S294,S314,Du-2023,OkrayGrosheks40-2023,0,2203866,3215282,8280057,7693326,-0.264609,unrelated
S294,S315,Du-2023,OkrayGrosheks40-2023,0,2307539,3092382,8280057,7911196,-0.239464,unrelated
S294,S316,Du-2023,OkrayGrosheks40-2023,0,2209981,3241607,8280057,7767507,-0.266285,unrelated
S294,S317,Du-2023,OkrayGrosheks40-2023,0,2445047,3082623,8280057,8428115,-0.222657,unrelated
S294,S318,Du-2023,OkrayGrosheks40-2023,0,2107000,3360834,8280057,7352916,-0.295188,unrelated
S294,S328,Du-2023,LaszSE-O14-2023,0,2209045,3231357,8280057,7746042,-0.265421,unrelated
S294,S329,Du-2023,LaszSE-O14-2023,0,2236012,3307966,8280057,7797235,-0.272429,unrelated
S294,S330,Du-2023,LaszSE-O14-2023,0,2191714,3405387,8280057,7462058,-0.293421,unrelated
S294,S331,Du-2023,LaszSE-O14-2023,0,2124052,3284438,8280057,7438819,-0.282770,unrelated
S294,S332,Du-2023,LaszSE-O14-2023,0,2404203,3035412,8280057,8314732,-0.220950,unrelated
S294,S370,Du-2023,BrikalskiPats-2023,0,2073308,3297919,8280057,7223088,-0.291717,unrelated
S294,S371,Du-2023,BrikalskiPats-2023,0,2287143,3301607,8280057,7850890,-0.267565,unrelated
S294,S372,Du-2023,BrikalskiPats-2023,0,2301269,3218003,8280057,7962119,-0.254568,unrelated
S294,S373,Du-2023,BrikalskiPats-2023,0,2257593,3224491,8280057,7688767,-0.262473,unrelated
S294,S374,Du-2023,BrikalskiPats-2023,0,2160510,3187483,8280057,7505467,-0.266982,unrelated
S294,S375,Du-2023,BrikalskiPats-2023,0,2275625,3098541,8280057,7610693,-0.246776,unrelated
S294,S376,Du-2023,BrikalskiPats-2023,0,2314046,3146496,8280057,7674386,-0.249394,unrelated
S294,S386,Du-2023,DaveBrilowski-2023,0,2177044,3173461,8280057,7581179,-0.262897,unrelated
S294,S387,Du-2023,DaveBrilowski-2023,0,2110610,3273587,8280057,7340180,-0.284027,unrelated
S294,S388,Du-2023,DaveBrilowski-2023,0,2222220,3205151,8280057,7711070,-0.261900,unrelated
S294,S389,Du-2023,DaveBrilowski-2023,0,2124873,3225432,8280057,7419012,-0.275557,unrelated
S294,S390,Du-2023,DaveBrilowski-2023,0,2189430,3325963,8280057,7664668,-0.279873,unrelated
S294,S391,Du-2023,DaveBrilowski-2023,0,2315144,3148758,8280057,7786721,-0.247864,unrelated
S294,S392,Du-2023,DaveBrilowski-2023,0,2331655,3251415,8280057,7941139,-0.257143,unrelated
S294,S418,Du-2023,Wysocki1129-2023,0,2192027,3214668,8280057,7606408,-0.266724,unrelated
S294,S419,Du-2023,Wysocki1129-2023,0,2015171,3433750,8280057,7110209,-0.315286,unrelated
S294,S420,Du-2023,Wysocki1129-2023,0,2195117,3159786,8280057,7733647,-0.257558,unrelated
S294,S421,Du-2023,Wysocki1129-2023,0,2248125,3254587,8280057,7799266,-0.265002,unrelated
S294,S422,Du-2023,Wysocki1129-2023,0,2248121,3255267,8280057,7735411,-0.266144,unrelated
S294,S423,Du-2023,Wysocki1129-2023,0,2292389,3188885,8280057,7838314,-0.253461,unrelated
S294,S424,Du-2023,Wysocki1129-2023,0,2208912,3343413,8280057,7581744,-0.282308,unrelated
S294,S442,Du-2023,Wedekind_3-2023,0,1809214,3486123,8280057,6337465,-0.353208,unrelated
S294,S443,Du-2023,Wedekind_3-2023,0,2067070,3284982,8280057,7460484,-0.286070,unrelated
S294,S444,Du-2023,Wedekind_3-2023,0,2094632,3205163,8280057,7291631,-0.277150,unrelated
S294,S445,Du-2023,Wedekind_3-2023,0,2352437,3156666,8280057,7860728,-0.245397,unrelated
S294,S446,Du-2023,Wedekind_3-2023,0,2292236,3280201,8280057,7648040,-0.267965,unrelated
S294,S447,Du-2023,Wedekind_3-2023,0,2224429,3193785,8280057,7678231,-0.260876,unrelated
S294,S448,Du-2023,Wedekind_3-2023,0,2056921,3382025,8280057,7296097,-0.302201,unrelated
S294,S474,Du-2023,Airport04-2023,0,2303856,3217349,8280057,7804708,-0.256817,unrelated
S294,S475,Du-2023,Airport04-2023,0,2400872,2956912,8280057,8082784,-0.214691,unrelated
S294,S476,Du-2023,Airport04-2023,0,2194857,3273785,8280057,7482884,-0.276136,unrelated
S294,S477,Du-2023,Airport04-2023,0,2140622,3281717,8280057,7485865,-0.280530,unrelated
S294,S478,Du-2023,Airport04-2023,0,2251069,3100978,8280057,7652969,-0.247968,unrelated
S294,S479,Du-2023,Airport04-2023,0,2146316,3160671,8280057,7412292,-0.266055,unrelated
S294,S480,Du-2023,Airport04-2023,0,2117517,3363276,8280057,6986357,-0.301907,unrelated
S312,S313,OkrayGrosheks40-2023,OkrayGrosheks40-2023,1,2053421,3379075,7983456,7465948,-0.304525,unrelated
S312,S314,OkrayGrosheks40-2023,OkrayGrosheks40-2023,1,2142628,3386114,7983456,7693326,-0.295316,unrelated
S312,S315,OkrayGrosheks40-2023,OkrayGrosheks40-2023,1,2209532,3293496,7983456,7911196,-0.275405,unrelated
S312,S316,OkrayGrosheks40-2023,OkrayGrosheks40-2023,1,2145756,3383393,7983456,7767507,-0.293381,unrelated
S312,S317,OkrayGrosheks40-2023,OkrayGrosheks40-2023,1,2323265,3185851,7983456,8428115,-0.246682,unrelated
S312,S318,OkrayGrosheks40-2023,OkrayGrosheks40-2023,1,2023715,3437674,7983456,7352916,-0.316348,unrelated
S312,S328,OkrayGrosheks40-2023,LaszSE-O14-2023,0,2154975,3434285,7983456,7746042,-0.299666,unrelated
S312,S329,OkrayGrosheks40-2023,LaszSE-O14-2023,0,2184977,3354514,7983456,7797235,-0.286683,unrelated
S312,S330,OkrayGrosheks40-2023,LaszSE-O14-2023,0,2147480,3398976,7983456,7462058,-0.301089,unrelated
S312,S331,OkrayGrosheks40-2023,LaszSE-O14-2023,0,2070427,3416028,7983456,7438819,-0.308750,unrelated
S312,S332,OkrayGrosheks40-2023,LaszSE-O14-2023,0,2316200,3166778,7983456,8314732,-0.246491,unrelated
S312,S370,OkrayGrosheks40-2023,BrikalskiPats-2023,0,2001374,3445101,7983456,7223088,-0.321495,unrelated
S312,S371,OkrayGrosheks40-2023,BrikalskiPats-2023,0,2204178,3339149,7983456,7850890,-0.282558,unrelated
S312,S372,OkrayGrosheks40-2023,BrikalskiPats-2023,0,2190495,3317276,7983456,7962119,-0.278702,unrelated
S312,S373,OkrayGrosheks40-2023,BrikalskiPats-2023,0,2216452,3349339,7983456,7688767,-0.285998,unrelated
S312,S374,OkrayGrosheks40-2023,BrikalskiPats-2023,0,2083329,3413834,7983456,7505467,-0.306305,unrelated
S312,S375,OkrayGrosheks40-2023,BrikalskiPats-2023,0,2114928,3342741,7983456,7610693,-0.293094,unrelated
S312,S376,OkrayGrosheks40-2023,BrikalskiPats-2023,0,2177584,3397192,7983456,7674386,-0.294855,unrelated
S312,S386,OkrayGrosheks40-2023,DaveBrilowski-2023,0,2097357,3342079,7983456,7581179,-0.294694,unrelated
S312,S387,OkrayGrosheks40-2023,DaveBrilowski-2023,0,2027924,3485366,7983456,7340180,-0.322561,unrelated
S312,S388,OkrayGrosheks40-2023,DaveBrilowski-2023,0,2118131,3434331,7983456,7711070,-0.302687,unrelated
S312,S389,OkrayGrosheks40-2023,DaveBrilowski-2023,0,2044338,3520172,7983456,7419012,-0.324364,unrelated
S312,S390,OkrayGrosheks40-2023,DaveBrilowski-2023,0,2118439,3393481,7983456,7664668,-0.298344,unrelated
S312,S391,OkrayGrosheks40-2023,DaveBrilowski-2023,0,2197480,3342656,7983456,7786721,-0.284577,unrelated
S312,S392,OkrayGrosheks40-2023,DaveBrilowski-2023,0,2218641,3355365,7983456,7941139,-0.282085,unrelated
S312,S418,OkrayGrosheks40-2023,Wysocki1129-2023,0,2142191,3325670,7983456,7606408,-0.289236,unrelated
S312,S419,OkrayGrosheks40-2023,Wysocki1129-2023,0,1966727,3395665,7983456,7110209,-0.319644,unrelated
S312,S420,OkrayGrosheks40-2023,Wysocki1129-2023,0,2167214,3311757,7983456,7733647,-0.283532,unrelated
S312,S421,OkrayGrosheks40-2023,Wysocki1129-2023,0,2176058,3306491,7983456,7799266,-0.281125,unrelated
S312,S422,OkrayGrosheks40-2023,Wysocki1129-2023,0,2169945,3399407,7983456,7735411,-0.294479,unrelated
S312,S423,OkrayGrosheks40-2023,Wysocki1129-2023,0,2146542,3323087,7983456,7838314,-0.284395,unrelated
S312,S424,OkrayGrosheks40-2023,Wysocki1129-2023,0,2152772,3451245,7983456,7581744,-0.305150,unrelated
S312,S442,OkrayGrosheks40-2023,Wedekind_3-2023,0,1734384,3697489,7983456,6337465,-0.395267,unrelated
S312,S443,OkrayGrosheks40-2023,Wedekind_3-2023,0,2085544,3371652,7983456,7460484,-0.301591,unrelated
S312,S444,OkrayGrosheks40-2023,Wedekind_3-2023,0,2032002,3322137,7983456,7291631,-0.301947,unrelated
S312,S445,OkrayGrosheks40-2023,Wedekind_3-2023,0,2224516,3317028,7983456,7860728,-0.278307,unrelated
S312,S446,OkrayGrosheks40-2023,Wedekind_3-2023,0,2176315,3309021,7983456,7648040,-0.284152,unrelated
S312,S447,OkrayGrosheks40-2023,Wedekind_3-2023,0,2141710,3339268,7983456,7678231,-0.289677,unrelated
S312,S448,OkrayGrosheks40-2023,Wedekind_3-2023,0,1982129,3525477,7983456,7296097,-0.331739,unrelated
S312,S474,OkrayGrosheks40-2023,Airport04-2023,0,2177145,3301387,7983456,7804708,-0.280313,unrelated
S312,S475,OkrayGrosheks40-2023,Airport04-2023,0,2220409,3209815,7983456,8082784,-0.261369,unrelated
S312,S476,OkrayGrosheks40-2023,Airport04-2023,0,2045055,3361257,7983456,7482884,-0.302428,unrelated
S312,S477,OkrayGrosheks40-2023,Airport04-2023,0,2074243,3271299,7983456,7485865,-0.288853,unrelated
S312,S478,OkrayGrosheks40-2023,Airport04-2023,0,2095630,3310225,7983456,7652969,-0.289377,unrelated
S312,S479,OkrayGrosheks40-2023,Airport04-2023,0,2050007,3327241,7983456,7412292,-0.299074,unrelated
S312,S480,OkrayGrosheks40-2023,Airport04-2023,0,1978112,3471803,7983456,6986357,-0.331700,unrelated
S313,S314,OkrayGrosheks40-2023,OkrayGrosheks40-2023,1,2124167,3423842,7465948,7693326,-0.311593,unrelated
S313,S315,OkrayGrosheks40-2023,OkrayGrosheks40-2023,1,2076062,3353451,7465948,7911196,-0.301151,unrelated
S313,S316,OkrayGrosheks40-2023,OkrayGrosheks40-2023,1,2133240,3450983,7465948,7767507,-0.313043,unrelated
S313,S317,OkrayGrosheks40-2023,OkrayGrosheks40-2023,1,2164278,3268540,7465948,8428115,-0.275122,unrelated
S313,S318,OkrayGrosheks40-2023,OkrayGrosheks40-2023,1,2047767,3517212,7465948,7352916,-0.336507,unrelated
S313,S328,OkrayGrosheks40-2023,LaszSE-O14-2023,0,2096166,3543234,7465948,7746042,-0.328051,unrelated
S313,S329,OkrayGrosheks40-2023,LaszSE-O14-2023,0,2083528,3404931,7465948,7797235,-0.309656,unrelated
S313,S330,OkrayGrosheks40-2023,LaszSE-O14-2023,0,2044965,3577676,7465948,7462058,-0.342336,unrelated
S313,S331,OkrayGrosheks40-2023,LaszSE-O14-2023,0,1983114,3566672,7465948,7438819,-0.345542,unrelated
S313,S332,OkrayGrosheks40-2023,LaszSE-O14-2023,0,2172133,3261682,7465948,8314732,-0.275732,unrelated
S313,S370,OkrayGrosheks40-2023,BrikalskiPats-2023,0,1966902,3602331,7465948,7223088,-0.356576,unrelated
S313,S371,OkrayGrosheks40-2023,BrikalskiPats-2023,0,2000891,3491945,7465948,7850890,-0.325328,unrelated
S313,S372,OkrayGrosheks40-2023,BrikalskiPats-2023,0,2084727,3390146,7465948,7962119,-0.304352,unrelated
S313,S373,OkrayGrosheks40-2023,BrikalskiPats-2023,0,1952035,3562397,7465948,7688767,-0.341330,unrelated
S313,S374,OkrayGrosheks40-2023,BrikalskiPats-2023,0,1985376,3542568,7465948,7505467,-0.340633,unrelated
S313,S375,OkrayGrosheks40-2023,BrikalskiPats-2023,0,1985211,3570972,7465948,7610693,-0.342035,unrelated
S313,S376,OkrayGrosheks40-2023,BrikalskiPats-2023,0,2050429,3661842,7465948,7674386,-0.348292,unrelated
S313,S386,OkrayGrosheks40-2023,DaveBrilowski-2023,0,2003838,3545417,7465948,7581179,-0.338071,unrelated
S313,S387,OkrayGrosheks40-2023,DaveBrilowski-2023,0,1995622,3575092,7465948,7340180,-0.348137,unrelated
S313,S388,OkrayGrosheks40-2023,DaveBrilowski-2023,0,1992300,3495026,7465948,7711070,-0.329297,unrelated
S313,S389,OkrayGrosheks40-2023,DaveBrilowski-2023,0,2006787,3638722,7465948,7419012,-0.354093,unrelated
S313,S390,OkrayGrosheks40-2023,DaveBrilowski-2023,0,2009687,3419562,7465948,7664668,-0.319183,unrelated
S313,S391,OkrayGrosheks40-2023,DaveBrilowski-2023,0,1994050,3538962,7465948,7786721,-0.333310,unrelated
S313,S392,OkrayGrosheks40-2023,DaveBrilowski-2023,0,2066748,3423645,7465948,7941139,-0.310282,unrelated
S313,S418,OkrayGrosheks40-2023,Wysocki1129-2023,0,2015674,3421784,7465948,7606408,-0.320314,unrelated
S313,S419,OkrayGrosheks40-2023,Wysocki1129-2023,0,1851343,3588966,7465948,7110209,-0.365432,unrelated
S313,S420,OkrayGrosheks40-2023,Wysocki1129-2023,0,2000826,3398556,7465948,7733647,-0.315554,unrelated
S313,S421,OkrayGrosheks40-2023,Wysocki1129-2023,0,2045135,3356679,7465948,7799266,-0.305808,unrelated
S313,S422,OkrayGrosheks40-2023,Wysocki1129-2023,0,2024906,3631338,7465948,7735411,-0.344559,unrelated
S313,S423,OkrayGrosheks40-2023,Wysocki1129-2023,0,2052417,3366594,7465948,7838314,-0.305848,unrelated
S313,S424,OkrayGrosheks40-2023,Wysocki1129-2023,0,2012585,3587342,7465948,7581744,-0.343049,unrelated
S313,S442,OkrayGrosheks40-2023,Wedekind_3-2023,0,1642763,3848001,7465948,6337465,-0.438532,unrelated
S313,S443,OkrayGrosheks40-2023,Wedekind_3-2023,0,1931145,3514155,7465948,7460484,-0.341486,unrelated
S313,S444,OkrayGrosheks40-2023,Wedekind_3-2023,0,1921581,3662185,7465948,7291631,-0.366103,unrelated
S313,S445,OkrayGrosheks40-2023,Wedekind_3-2023,0,2005372,3528585,7465948,7860728,-0.329608,unrelated
S313,S446,OkrayGrosheks40-2023,Wedekind_3-2023,0,1942184,3495956,7465948,7648040,-0.334110,unrelated
S313,S447,OkrayGrosheks40-2023,Wedekind_3-2023,0,2016148,3470250,7465948,7678231,-0.325165,unrelated
S313,S448,OkrayGrosheks40-2023,Wedekind_3-2023,0,1978965,3622756,7465948,7296097,-0.356763,unrelated
S313,S474,OkrayGrosheks40-2023,Airport04-2023,0,1995527,3360954,7465948,7804708,-0.309507,unrelated
S313,S475,OkrayGrosheks40-2023,Airport04-2023,0,2076876,3188676,7465948,8082784,-0.276580,unrelated
S313,S476,OkrayGrosheks40-2023,Airport04-2023,0,1914825,3429783,7465948,7482884,-0.330778,unrelated
S313,S477,OkrayGrosheks40-2023,Airport04-2023,0,1981262,3370770,7465948,7485865,-0.318375,unrelated
S313,S478,OkrayGrosheks40-2023,Airport04-2023,0,1991986,3350105,7465948,7652969,-0.311413,unrelated
S313,S479,OkrayGrosheks40-2023,Airport04-2023,0,1922680,3505296,7465948,7412292,-0.341970,unrelated
S313,S480,OkrayGrosheks40-2023,Airport04-2023,0,1851349,3573812,7465948,6986357,-0.366466,unrelated
S314,S315,OkrayGrosheks40-2023,OkrayGrosheks40-2023,1,2155949,3390226,7693326,7911196,-0.296357,unrelated
S314,S316,OkrayGrosheks40-2023,OkrayGrosheks40-2023,1,2222580,3423634,7693326,7767507,-0.299123,unrelated
S314,S317,OkrayGrosheks40-2023,OkrayGrosheks40-2023,1,2192649,3285260,7693326,8428115,-0.271556,unrelated
S314,S318,OkrayGrosheks40-2023,OkrayGrosheks40-2023,1,2069544,3536892,7693326,7352916,-0.332591,unrelated
S314,S328,OkrayGrosheks40-2023,LaszSE-O14-2023,0,2229246,3402064,7693326,7746042,-0.296313,unrelated
S314,S329,OkrayGrosheks40-2023,LaszSE-O14-2023,0,2142978,3430111,7693326,7797235,-0.304524,unrelated
S314,S330,OkrayGrosheks40-2023,LaszSE-O14-2023,0,2042366,3578310,7693326,7462058,-0.337455,unrelated
S314,S331,OkrayGrosheks40-2023,LaszSE-O14-2023,0,2098244,3518834,7693326,7438819,-0.326419,unrelated
S314,S332,OkrayGrosheks40-2023,LaszSE-O14-2023,0,2249982,3284025,7693326,8314732,-0.269743,unrelated
S314,S370,OkrayGrosheks40-2023,BrikalskiPats-2023,0,2053451,3557299,7693326,7223088,-0.339301,unrelated
S314,S371,OkrayGrosheks40-2023,BrikalskiPats-2023,0,2111259,3412306,7693326,7850890,-0.303222,unrelated
S314,S372,OkrayGrosheks40-2023,BrikalskiPats-2023,0,2118271,3412660,7693326,7962119,-0.300665,unrelated
S314,S373,OkrayGrosheks40-2023,BrikalskiPats-2023,0,2074800,3490552,7693326,7688767,-0.318962,unrelated
S314,S374,OkrayGrosheks40-2023,BrikalskiPats-2023,0,2065811,3424781,7693326,7505467,-0.314745,unrelated
S314,S375,OkrayGrosheks40-2023,BrikalskiPats-2023,0,2062607,3369045,7693326,7610693,-0.305507,unrelated
S314,S376,OkrayGrosheks40-2023,BrikalskiPats-2023,0,2085128,3604006,7693326,7674386,-0.333354,unrelated
S314,S386,OkrayGrosheks40-2023,DaveBrilowski-2023,0,2025918,3501251,7693326,7581179,-0.325810,unrelated
S314,S387,OkrayGrosheks40-2023,DaveBrilowski-2023,0,2094063,3535467,7693326,7340180,-0.331052,unrelated
S314,S388,OkrayGrosheks40-2023,DaveBrilowski-2023,0,2106850,3373725,7693326,7711070,-0.301252,unrelated
S314,S389,OkrayGrosheks40-2023,DaveBrilowski-2023,0,2145074,3549246,7693326,7419012,-0.327773,unrelated
S314,S390,OkrayGrosheks40-2023,DaveBrilowski-2023,0,2066577,3383308,7693326,7664668,-0.306032,unrelated
S314,S391,OkrayGrosheks40-2023,DaveBrilowski-2023,0,2059073,3422375,7693326,7786721,-0.309151,unrelated
S314,S392,OkrayGrosheks40-2023,DaveBrilowski-2023,0,2114692,3437214,7693326,7941139,-0.304439,unrelated
S314,S418,OkrayGrosheks40-2023,Wysocki1129-2023,0,2085136,3460201,7693326,7606408,-0.316036,unrelated
S314,S419,OkrayGrosheks40-2023,Wysocki1129-2023,0,1930364,3498708,7693326,7110209,-0.342287,unrelated
S314,S420,OkrayGrosheks40-2023,Wysocki1129-2023,0,2101478,3358629,7693326,7733647,-0.299202,unrelated
S314,S421,OkrayGrosheks40-2023,Wysocki1129-2023,0,2110079,3310151,7693326,7799266,-0.291121,unrelated
S314,S422,OkrayGrosheks40-2023,Wysocki1129-2023,0,2104853,3644909,7693326,7735411,-0.336059,unrelated
S314,S423,OkrayGrosheks40-2023,Wysocki1129-2023,0,2090591,3393284,7693326,7838314,-0.302349,unrelated
S314,S424,OkrayGrosheks40-2023,Wysocki1129-2023,0,2098570,3551422,7693326,7581744,-0.327611,unrelated
S314,S442,OkrayGrosheks40-2023,Wedekind_3-2023,0,1718693,3730836,7693326,6337465,-0.409313,unrelated
S314,S443,OkrayGrosheks40-2023,Wedekind_3-2023,0,2032722,3480913,7693326,7460484,-0.325272,unrelated
S314,S444,OkrayGrosheks40-2023,Wedekind_3-2023,0,2015339,3460047,7693326,7291631,-0.327312,unrelated
S314,S445,OkrayGrosheks40-2023,Wedekind_3-2023,0,2064629,3423717,7693326,7860728,-0.307496,unrelated
S314,S446,OkrayGrosheks40-2023,Wedekind_3-2023,0,2024393,3444871,7693326,7648040,-0.317139,unrelated
S314,S447,OkrayGrosheks40-2023,Wedekind_3-2023,0,2122429,3406630,7693326,7678231,-0.305163,unrelated
S314,S448,OkrayGrosheks40-2023,Wedekind_3-2023,0,2033382,3580020,7693326,7296097,-0.342018,unrelated
S314,S474,OkrayGrosheks40-2023,Airport04-2023,0,2022056,3372941,7693326,7804708,-0.304802,unrelated
S314,S475,OkrayGrosheks40-2023,Airport04-2023,0,2153689,3233282,7693326,8082784,-0.273380,unrelated
S314,S476,OkrayGrosheks40-2023,Airport04-2023,0,1992275,3412816,7693326,7482884,-0.318482,unrelated
S314,S477,OkrayGrosheks40-2023,Airport04-2023,0,2046638,3303952,7693326,7485865,-0.300495,unrelated
S314,S478,OkrayGrosheks40-2023,Airport04-2023,0,2083411,3327538,7693326,7652969,-0.297900,unrelated
S314,S479,OkrayGrosheks40-2023,Airport04-2023,0,1976919,3365310,7693326,7412292,-0.314698,unrelated
S314,S480,OkrayGrosheks40-2023,Airport04-2023,0,1894454,3590182,7693326,6986357,-0.360083,unrelated
S315,S316,OkrayGrosheks40-2023,OkrayGrosheks40-2023,1,2210708,3265420,7911196,7767507,-0.275541,unrelated
S315,S317,OkrayGrosheks40-2023,OkrayGrosheks40-2023,1,2293638,3152445,7911196,8428115,-0.245497,unrelated
S315,S318,OkrayGrosheks40-2023,OkrayGrosheks40-2023,1,2037223,3369780,7911196,7352916,-0.308065,unrelated
S315,S328,OkrayGrosheks40-2023,LaszSE-O14-2023,0,2185088,3367873,7911196,7746042,-0.290642,unrelated
S315,S329,OkrayGrosheks40-2023,LaszSE-O14-2023,0,2111455,3398400,7911196,7797235,-0.298269,unrelated
S315,S330,OkrayGrosheks40-2023,LaszSE-O14-2023,0,2024237,3497782,7911196,7462058,-0.323375,unrelated
S315,S331,OkrayGrosheks40-2023,LaszSE-O14-2023,0,2129665,3368861,7911196,7438819,-0.300199,unrelated
S315,S332,OkrayGrosheks40-2023,LaszSE-O14-2023,0,2344223,3131607,7911196,8314732,-0.241526,unrelated
S315,S370,OkrayGrosheks40-2023,BrikalskiPats-2023,0,2035369,3457513,7911196,7223088,-0.322424,unrelated
S315,S371,OkrayGrosheks40-2023,BrikalskiPats-2023,0,2104465,3378888,7911196,7850890,-0.295222,unrelated
S315,S372,OkrayGrosheks40-2023,BrikalskiPats-2023,0,2243283,3221700,7911196,7962119,-0.264602,unrelated
S315,S373,OkrayGrosheks40-2023,BrikalskiPats-2023,0,2110615,3343765,7911196,7688767,-0.293393,unrelated
S315,S374,OkrayGrosheks40-2023,BrikalskiPats-2023,0,2084240,3351175,7911196,7505467,-0.299553,unrelated
S315,S375,OkrayGrosheks40-2023,BrikalskiPats-2023,0,2107812,3334480,7911196,7610693,-0.293853,unrelated
S315,S376,OkrayGrosheks40-2023,BrikalskiPats-2023,0,2090848,3413138,7911196,7674386,-0.303834,unrelated
S315,S386,OkrayGrosheks40-2023,DaveBrilowski-2023,0,2123575,3331153,7911196,7581179,-0.292965,unrelated
S315,S387,OkrayGrosheks40-2023,DaveBrilowski-2023,0,2092063,3394049,7911196,7340180,-0.307909,unrelated
S315,S388,OkrayGrosheks40-2023,DaveBrilowski-2023,0,2162304,3356834,7911196,7711070,-0.291338,unrelated
S315,S389,OkrayGrosheks40-2023,DaveBrilowski-2023,0,2092938,3472969,7911196,7419012,-0.316565,unrelated
S315,S390,OkrayGrosheks40-2023,DaveBrilowski-2023,0,2126200,3341749,7911196,7664668,-0.292587,unrelated
S315,S391,OkrayGrosheks40-2023,DaveBrilowski-2023,0,2117590,3363043,7911196,7786721,-0.293574,unrelated
S315,S392,OkrayGrosheks40-2023,DaveBrilowski-2023,0,2151873,3344590,7911196,7941139,-0.286223,unrelated
S315,S418,OkrayGrosheks40-2023,Wysocki1129-2023,0,2177484,3317879,7911196,7606408,-0.287304,unrelated
S315,S419,OkrayGrosheks40-2023,Wysocki1129-2023,0,1948356,3469052,7911196,7110209,-0.332176,unrelated
S315,S420,OkrayGrosheks40-2023,Wysocki1129-2023,0,2160701,3278750,7911196,7733647,-0.281038,unrelated
S315,S421,OkrayGrosheks40-2023,Wysocki1129-2023,0,2154404,3301660,7911196,7799266,-0.283182,unrelated
S315,S422,OkrayGrosheks40-2023,Wysocki1129-2023,0,2210756,3519850,7911196,7735411,-0.308626,unrelated
S315,S423,OkrayGrosheks40-2023,Wysocki1129-2023,0,2210324,3275965,7911196,7838314,-0.275666,unrelated
S315,S424,OkrayGrosheks40-2023,Wysocki1129-2023,0,2074206,3448680,7911196,7581744,-0.311313,unrelated
S315,S442,OkrayGrosheks40-2023,Wedekind_3-2023,0,1720490,3690521,7911196,6337465,-0.397269,unrelated
S315,S443,OkrayGrosheks40-2023,Wedekind_3-2023,0,2077856,3360753,7911196,7460484,-0.302091,unrelated
S315,S444,OkrayGrosheks40-2023,Wedekind_3-2023,0,2023043,3349859,7911196,7291631,-0.307619,unrelated
S315,S445,OkrayGrosheks40-2023,Wedekind_3-2023,0,2151195,3301471,7911196,7860728,-0.282258,unrelated
S315,S446,OkrayGrosheks40-2023,Wedekind_3-2023,0,2100727,3342369,7911196,7648040,-0.294617,unrelated
S315,S447,OkrayGrosheks40-2023,Wedekind_3-2023,0,2153920,3350062,7911196,7678231,-0.291621,unrelated
S315,S448,OkrayGrosheks40-2023,Wedekind_3-2023,0,2036659,3445834,7911196,7296097,-0.319255,unrelated
S315,S474,OkrayGrosheks40-2023,Airport04-2023,0,2097582,3274094,7911196,7804708,-0.283191,unrelated
S315,S475,OkrayGrosheks40-2023,Airport04-2023,0,2252900,3113120,7911196,8082784,-0.248427,unrelated
S315,S476,OkrayGrosheks40-2023,Airport04-2023,0,2067530,3320774,7911196,7482884,-0.297128,unrelated
S315,S477,OkrayGrosheks40-2023,Airport04-2023,0,2079673,3250038,7911196,7485865,-0.287094,unrelated
S315,S478,OkrayGrosheks40-2023,Airport04-2023,0,2164400,3214565,7911196,7652969,-0.274010,unrelated
S315,S479,OkrayGrosheks40-2023,Airport04-2023,0,2049294,3270480,7911196,7412292,-0.293123,unrelated
S315,S480,OkrayGrosheks40-2023,Airport04-2023,0,1913080,3443987,7911196,6986357,-0.333940,unrelated
S316,S317,OkrayGrosheks40-2023,OkrayGrosheks40-2023,1,2407523,3008154,7767507,8428115,-0.222825,unrelated
S316,S318,OkrayGrosheks40-2023,OkrayGrosheks40-2023,1,2103293,3470909,7767507,7352916,-0.319999,unrelated
S316,S328,OkrayGrosheks40-2023,LaszSE-O14-2023,0,2230153,3464589,7767507,7746042,-0.302898,unrelated
S316,S329,OkrayGrosheks40-2023,LaszSE-O14-2023,0,2152939,3490869,7767507,7797235,-0.310240,unrelated
S316,S330,OkrayGrosheks40-2023,LaszSE-O14-2023,0,2082846,3537081,7767507,7462058,-0.327739,unrelated
S316,S331,OkrayGrosheks40-2023,LaszSE-O14-2023,0,2063818,3485208,7767507,7438819,-0.322668,unrelated
S316,S332,OkrayGrosheks40-2023,LaszSE-O14-2023,0,2267248,3251972,7767507,8314732,-0.263439,unrelated
S316,S370,OkrayGrosheks40-2023,BrikalskiPats-2023,0,2056067,3581798,7767507,7223088,-0.340716,unrelated
S316,S371,OkrayGrosheks40-2023,BrikalskiPats-2023,0,2071688,3462501,7767507,7850890,-0.310743,unrelated
S316,S372,OkrayGrosheks40-2023,BrikalskiPats-2023,0,2175224,3326290,7767507,7962119,-0.284645,unrelated
S316,S373,OkrayGrosheks40-2023,BrikalskiPats-2023,0,2087363,3389183,7767507,7688767,-0.303502,unrelated
S316,S374,OkrayGrosheks40-2023,BrikalskiPats-2023,0,2037424,3414946,7767507,7505467,-0.313787,unrelated
S316,S375,OkrayGrosheks40-2023,BrikalskiPats-2023,0,2037590,3402331,7767507,7610693,-0.309989,unrelated
S316,S376,OkrayGrosheks40-2023,BrikalskiPats-2023,0,2133225,3497847,7767507,7674386,-0.314888,unrelated
S316,S386,OkrayGrosheks40-2023,DaveBrilowski-2023,0,2062424,3431032,7767507,7581179,-0.312707,unrelated
S316,S387,OkrayGrosheks40-2023,DaveBrilowski-2023,0,2086263,3552549,7767507,7340180,-0.332204,unrelated
S316,S388,OkrayGrosheks40-2023,DaveBrilowski-2023,0,2101932,3443181,7767507,7711070,-0.309100,unrelated
S316,S389,OkrayGrosheks40-2023,DaveBrilowski-2023,0,2154499,3542074,7767507,7419012,-0.324607,unrelated
S316,S390,OkrayGrosheks40-2023,DaveBrilowski-2023,0,2067633,3389343,7767507,7664668,-0.305275,unrelated
S316,S391,OkrayGrosheks40-2023,DaveBrilowski-2023,0,2072223,3415353,7767507,7786721,-0.305929,unrelated
S316,S392,OkrayGrosheks40-2023,DaveBrilowski-2023,0,2128299,3443200,7767507,7941139,-0.302897,unrelated
S316,S418,OkrayGrosheks40-2023,Wysocki1129-2023,0,2117645,3407751,7767507,7606408,-0.305573,unrelated
S316,S419,OkrayGrosheks40-2023,Wysocki1129-2023,0,1919177,3565123,7767507,7110209,-0.350260,unrelated
S316,S420,OkrayGrosheks40-2023,Wysocki1129-2023,0,2096483,3313441,7767507,7733647,-0.292262,unrelated
S316,S421,OkrayGrosheks40-2023,Wysocki1129-2023,0,2112078,3356265,7767507,7799266,-0.295530,unrelated
S316,S422,OkrayGrosheks40-2023,Wysocki1129-2023,0,2079065,3636238,7767507,7735411,-0.334996,unrelated
S316,S423,OkrayGrosheks40-2023,Wysocki1129-2023,0,2101242,3369537,7767507,7838314,-0.297186,unrelated
S316,S424,OkrayGrosheks40-2023,Wysocki1129-2023,0,2092928,3563136,7767507,7581744,-0.327921,unrelated
S316,S442,OkrayGrosheks40-2023,Wedekind_3-2023,0,1703426,3752159,7767507,6337465,-0.411266,unrelated
S316,S443,OkrayGrosheks40-2023,Wedekind_3-2023,0,2013200,3423235,7767507,7460484,-0.317394,unrelated
S316,S444,OkrayGrosheks40-2023,Wedekind_3-2023,0,2002687,3391936,7767507,7291631,-0.317494,unrelated
S316,S445,OkrayGrosheks40-2023,Wedekind_3-2023,0,2092567,3347176,7767507,7860728,-0.294453,unrelated
S316,S446,OkrayGrosheks40-2023,Wedekind_3-2023,0,2036062,3424346,7767507,7648040,-0.312193,unrelated
S316,S447,OkrayGrosheks40-2023,Wedekind_3-2023,0,2116292,3432421,7767507,7678231,-0.307434,unrelated
S316,S448,OkrayGrosheks40-2023,Wedekind_3-2023,0,2071163,3556500,7767507,7296097,-0.334703,unrelated
S316,S474,OkrayGrosheks40-2023,Airport04-2023,0,2081035,3322332,7767507,7804708,-0.293062,unrelated
S316,S475,OkrayGrosheks40-2023,Airport04-2023,0,2184351,3193832,7767507,8082784,-0.265188,unrelated
S316,S476,OkrayGrosheks40-2023,Airport04-2023,0,2006275,3390170,7767507,7482884,-0.313045,unrelated
S316,S477,OkrayGrosheks40-2023,Airport04-2023,0,2037447,3380585,7767507,7485865,-0.309684,unrelated
S316,S478,OkrayGrosheks40-2023,Airport04-2023,0,2112115,3261371,7767507,7652969,-0.286024,unrelated
S316,S479,OkrayGrosheks40-2023,Airport04-2023,0,2018099,3348323,7767507,7412292,-0.308209,unrelated
S316,S480,OkrayGrosheks40-2023,Airport04-2023,0,1938104,3564290,7767507,6986357,-0.351805,unrelated
S317,S318,OkrayGrosheks40-2023,OkrayGrosheks40-2023,1,2142401,3272589,8428115,7352916,-0.278992,unrelated
S317,S328,OkrayGrosheks40-2023,LaszSE-O14-2023,0,2217769,3328229,8428115,7746042,-0.274431,unrelated
S317,S329,OkrayGrosheks40-2023,LaszSE-O14-2023,0,2309696,3310321,8428115,7797235,-0.265692,unrelated
S317,S330,OkrayGrosheks40-2023,LaszSE-O14-2023,0,2199577,3344378,8428115,7462058,-0.282513,unrelated
S317,S331,OkrayGrosheks40-2023,LaszSE-O14-2023,0,2144946,3328031,8428115,7438819,-0.284309,unrelated
S317,S332,OkrayGrosheks40-2023,LaszSE-O14-2023,0,2377264,3064968,8428115,8314732,-0.224136,unrelated
S317,S370,OkrayGrosheks40-2023,BrikalskiPats-2023,0,2067052,3363136,8428115,7223088,-0.297691,unrelated
S317,S371,OkrayGrosheks40-2023,BrikalskiPats-2023,0,2357616,3174761,8428115,7850890,-0.245218,unrelated
S317,S372,OkrayGrosheks40-2023,BrikalskiPats-2023,0,2306946,3148952,8428115,7962119,-0.243496,unrelated
S317,S373,OkrayGrosheks40-2023,BrikalskiPats-2023,0,2245965,3235239,8428115,7688767,-0.262117,unrelated
S317,S374,OkrayGrosheks40-2023,BrikalskiPats-2023,0,2157853,3376970,8428115,7505467,-0.288453,unrelated
S317,S375,OkrayGrosheks40-2023,BrikalskiPats-2023,0,2209268,3289128,8428115,7610693,-0.272401,unrelated
S317,S376,OkrayGrosheks40-2023,BrikalskiPats-2023,0,2283334,3361177,8428115,7674386,-0.275673,unrelated
S317,S386,OkrayGrosheks40-2023,DaveBrilowski-2023,0,2199809,3311988,8428115,7581179,-0.276350,unrelated
S317,S387,OkrayGrosheks40-2023,DaveBrilowski-2023,0,2118191,3307326,8428115,7340180,-0.285158,unrelated
S317,S388,OkrayGrosheks40-2023,DaveBrilowski-2023,0,2222234,3271774,8428115,7711070,-0.267753,unrelated
S317,S389,OkrayGrosheks40-2023,DaveBrilowski-2023,0,2127821,3346276,8428115,7419012,-0.288048,unrelated
S317,S390,OkrayGrosheks40-2023,DaveBrilowski-2023,0,2211710,3243635,8428115,7664668,-0.265682,unrelated
S317,S391,OkrayGrosheks40-2023,DaveBrilowski-2023,0,2321654,3268268,8428115,7786721,-0.259940,unrelated
S317,S392,OkrayGrosheks40-2023,DaveBrilowski-2023,0,2425051,3117724,8428115,7941139,-0.232778,unrelated
S317,S418,OkrayGrosheks40-2023,Wysocki1129-2023,0,2190357,3219216,8428115,7606408,-0.264933,unrelated
S317,S419,OkrayGrosheks40-2023,Wysocki1129-2023,0,2061877,3330509,8428115,7110209,-0.295987,unrelated
S317,S420,OkrayGrosheks40-2023,Wysocki1129-2023,0,2197169,3193707,8428115,7733647,-0.259269,unrelated
S317,S421,OkrayGrosheks40-2023,Wysocki1129-2023,0,2249572,3173558,8428115,7799266,-0.252508,unrelated
S317,S422,OkrayGrosheks40-2023,Wysocki1129-2023,0,2303781,3123486,8428115,7735411,-0.243956,unrelated
S317,S423,OkrayGrosheks40-2023,Wysocki1129-2023,0,2301984,3060849,8428115,7838314,-0.234822,unrelated
S317,S424,OkrayGrosheks40-2023,Wysocki1129-2023,0,2223487,3271264,8428115,7581744,-0.269774,unrelated
S317,S442,OkrayGrosheks40-2023,Wedekind_3-2023,0,1812840,3623991,8428115,6337465,-0.368095,unrelated
S317,S443,OkrayGrosheks40-2023,Wedekind_3-2023,0,2170014,3274130,8428115,7460484,-0.275559,unrelated
S317,S444,OkrayGrosheks40-2023,Wedekind_3-2023,0,2098638,3376582,8428115,7291631,-0.296094,unrelated
S317,S445,OkrayGrosheks40-2023,Wedekind_3-2023,0,2409356,3200785,8428115,7860728,-0.245089,unrelated
S317,S446,OkrayGrosheks40-2023,Wedekind_3-2023,0,2271178,3179083,8428115,7648040,-0.254227,unrelated
S317,S447,OkrayGrosheks40-2023,Wedekind_3-2023,0,2207870,3267109,8428115,7678231,-0.268611,unrelated
S317,S448,OkrayGrosheks40-2023,Wedekind_3-2023,0,2113800,3278926,8428115,7296097,-0.282625,unrelated
S317,S474,OkrayGrosheks40-2023,Airport04-2023,0,2342684,3098844,8428115,7804708,-0.237482,unrelated
S317,S475,OkrayGrosheks40-2023,Airport04-2023,0,2278381,3065894,8428115,8082784,-0.233386,unrelated
S317,S476,OkrayGrosheks40-2023,Airport04-2023,0,2162639,3173720,8428115,7482884,-0.263013,unrelated
S317,S477,OkrayGrosheks40-2023,Airport04-2023,0,2166353,3143357,8428115,7485865,-0.258915,unrelated
S317,S478,OkrayGrosheks40-2023,Airport04-2023,0,2211829,3131495,8428115,7652969,-0.251921,unrelated
S317,S479,OkrayGrosheks40-2023,Airport04-2023,0,2128948,3238543,8428115,7412292,-0.274497,unrelated
S317,S480,OkrayGrosheks40-2023,Airport04-2023,0,2064046,3274596,8428115,6986357,-0.290970,unrelated
S318,S328,OkrayGrosheks40-2023,LaszSE-O14-2023,0,2119093,3462059,7352916,7746042,-0.318236,unrelated
S318,S329,OkrayGrosheks40-2023,LaszSE-O14-2023,0,2040191,3525352,7352916,7797235,-0.330724,unrelated
S318,S330,OkrayGrosheks40-2023,LaszSE-O14-2023,0,1990353,3630778,7352916,7462058,-0.355802,unrelated
S318,S331,OkrayGrosheks40-2023,LaszSE-O14-2023,0,1975958,3553228,7352916,7438819,-0.346849,unrelated
S318,S332,OkrayGrosheks40-2023,LaszSE-O14-2023,0,2130929,3333596,7352916,8314732,-0.289531,unrelated
S318,S370,OkrayGrosheks40-2023,BrikalskiPats-2023,0,1951771,3637363,7352916,7223088,-0.365186,unrelated
S318,S371,OkrayGrosheks40-2023,BrikalskiPats-2023,0,2032398,3437682,7352916,7850890,-0.318536,unrelated
S318,S372,OkrayGrosheks40-2023,BrikalskiPats-2023,0,2041441,3401835,7352916,7962119,-0.310951,unrelated
S318,S373,OkrayGrosheks40-2023,BrikalskiPats-2023,0,1970405,3484011,7352916,7688767,-0.332251,unrelated
S318,S374,OkrayGrosheks40-2023,BrikalskiPats-2023,0,1956753,3571765,7352916,7505467,-0.349081,unrelated
S318,S375,OkrayGrosheks40-2023,BrikalskiPats-2023,0,1938991,3582533,7352916,7610693,-0.349252,unrelated
S318,S376,OkrayGrosheks40-2023,BrikalskiPats-2023,0,2051898,3561563,7352916,7674386,-0.337468,unrelated
S318,S386,OkrayGrosheks40-2023,DaveBrilowski-2023,0,1921832,3630402,7352916,7581179,-0.357502,unrelated
S318,S387,OkrayGrosheks40-2023,DaveBrilowski-2023,0,1988398,3607682,7352916,7340180,-0.355743,unrelated
S318,S388,OkrayGrosheks40-2023,DaveBrilowski-2023,0,1972352,3539166,7352916,7711070,-0.338953,unrelated
S318,S389,OkrayGrosheks40-2023,DaveBrilowski-2023,0,1986577,3653390,7352916,7419012,-0.360156,unrelated
S318,S390,OkrayGrosheks40-2023,DaveBrilowski-2023,0,1997556,3411314,7352916,7664668,-0.321295,unrelated
S318,S391,OkrayGrosheks40-2023,DaveBrilowski-2023,0,1978707,3593250,7352916,7786721,-0.343984,unrelated
S318,S392,OkrayGrosheks40-2023,DaveBrilowski-2023,0,2051731,3494830,7352916,7941139,-0.322866,unrelated
S318,S418,OkrayGrosheks40-2023,Wysocki1129-2023,0,1978834,3483818,7352916,7606408,-0.333491,unrelated
S318,S419,OkrayGrosheks40-2023,Wysocki1129-2023,0,1865223,3560355,7352916,7110209,-0.363371,unrelated
S318,S420,OkrayGrosheks40-2023,Wysocki1129-2023,0,1994972,3413254,7352916,7733647,-0.320254,unrelated
S318,S421,OkrayGrosheks40-2023,Wysocki1129-2023,0,1973825,3430349,7352916,7799266,-0.322519,unrelated
S318,S422,OkrayGrosheks40-2023,Wysocki1129-2023,0,1976229,3684223,7352916,7735411,-0.357377,unrelated
S318,S423,OkrayGrosheks40-2023,Wysocki1129-2023,0,2020165,3425317,7352916,7838314,-0.317977,unrelated
S318,S424,OkrayGrosheks40-2023,Wysocki1129-2023,0,1999070,3632294,7352916,7581744,-0.352570,unrelated
S318,S442,OkrayGrosheks40-2023,Wedekind_3-2023,0,1624879,3883183,7352916,6337465,-0.448599,unrelated
S318,S443,OkrayGrosheks40-2023,Wedekind_3-2023,0,1917924,3512962,7352916,7460484,-0.344823,unrelated
S318,S444,OkrayGrosheks40-2023,Wedekind_3-2023,0,1886532,3671067,7352916,7291631,-0.372535,unrelated
S318,S445,OkrayGrosheks40-2023,Wedekind_3-2023,0,1970809,3528876,7352916,7860728,-0.334367,unrelated
S318,S446,OkrayGrosheks40-2023,Wedekind_3-2023,0,1946693,3474141,7352916,7648040,-0.333418,unrelated
S318,S447,OkrayGrosheks40-2023,Wedekind_3-2023,0,2011632,3468174,7352916,7678231,-0.327634,unrelated
S318,S448,OkrayGrosheks40-2023,Wedekind_3-2023,0,1976257,3660394,7352916,7296097,-0.364839,unrelated
S318,S474,OkrayGrosheks40-2023,Airport04-2023,0,1980529,3331346,7352916,7804708,-0.308898,unrelated
S318,S475,OkrayGrosheks40-2023,Airport04-2023,0,2054143,3308341,7352916,8082784,-0.295584,unrelated
S318,S476,OkrayGrosheks40-2023,Airport04-2023,0,1894743,3480595,7352916,7482884,-0.341501,unrelated
S318,S477,OkrayGrosheks40-2023,Airport04-2023,0,1973931,3363140,7352916,7485865,-0.320265,unrelated
S318,S478,OkrayGrosheks40-2023,Airport04-2023,0,1963559,3403363,7352916,7652969,-0.322751,unrelated
S318,S479,OkrayGrosheks40-2023,Airport04-2023,0,1884888,3577099,7352916,7412292,-0.356873,unrelated
S318,S480,OkrayGrosheks40-2023,Airport04-2023,0,1824016,3608567,7352916,6986357,-0.376108,unrelated
S328,S329,LaszSE-O14-2023,LaszSE-O14-2023,1,2218743,3426113,7746042,7797235,-0.298102,unrelated
S328,S330,LaszSE-O14-2023,LaszSE-O14-2023,1,2065154,3669385,7746042,7462058,-0.346764,unrelated
S328,S331,LaszSE-O14-2023,LaszSE-O14-2023,1,2119805,3543367,7746042,7438819,-0.327097,unrelated
S328,S332,LaszSE-O14-2023,LaszSE-O14-2023,1,2259534,3217701,7746042,8314732,-0.260004,unrelated
S328,S370,LaszSE-O14-2023,BrikalskiPats-2023,0,2085465,3545151,7746042,7223088,-0.334344,unrelated
S328,S371,LaszSE-O14-2023,BrikalskiPats-2023,0,2089323,3436307,7746042,7850890,-0.306682,unrelated
S328,S372,LaszSE-O14-2023,BrikalskiPats-2023,0,2162921,3388768,7746042,7962119,-0.293772,unrelated
S328,S373,LaszSE-O14-2023,BrikalskiPats-2023,0,2094286,3499493,7746042,7688767,-0.317769,unrelated
S328,S374,LaszSE-O14-2023,BrikalskiPats-2023,0,2070066,3454144,7746042,7505467,-0.317229,unrelated
S328,S375,LaszSE-O14-2023,BrikalskiPats-2023,0,2050025,3420075,7746042,7610693,-0.311923,unrelated
S328,S376,LaszSE-O14-2023,BrikalskiPats-2023,0,2148498,3498915,7746042,7674386,-0.314475,unrelated
S328,S386,LaszSE-O14-2023,DaveBrilowski-2023,0,2093750,3445116,7746042,7581179,-0.312939,unrelated
S328,S387,LaszSE-O14-2023,DaveBrilowski-2023,0,2120399,3522398,7746042,7340180,-0.326417,unrelated
S328,S388,LaszSE-O14-2023,DaveBrilowski-2023,0,2105307,3438032,7746042,7711070,-0.308645,unrelated
S328,S389,LaszSE-O14-2023,DaveBrilowski-2023,0,2126587,3573789,7746042,7419012,-0.331090,unrelated
S328,S390,LaszSE-O14-2023,DaveBrilowski-2023,0,2110979,3298526,7746042,7664668,-0.291101,unrelated
S328,S391,LaszSE-O14-2023,DaveBrilowski-2023,0,2062827,3472776,7746042,7786721,-0.314350,unrelated
S328,S392,LaszSE-O14-2023,DaveBrilowski-2023,0,2124045,3437197,7746042,7941139,-0.302817,unrelated
S328,S418,LaszSE-O14-2023,Wysocki1129-2023,0,2114661,3384650,7746042,7606408,-0.303185,unrelated
S328,S419,LaszSE-O14-2023,Wysocki1129-2023,0,1919449,3598457,7746042,7110209,-0.355235,unrelated
S328,S420,LaszSE-O14-2023,Wysocki1129-2023,0,2164353,3331214,7746042,7733647,-0.290579,unrelated
S328,S421,LaszSE-O14-2023,Wysocki1129-2023,0,2115352,3346458,7746042,7799266,-0.294466,unrelated
S328,S422,LaszSE-O14-2023,Wysocki1129-2023,0,2138586,3589148,7746042,7735411,-0.325532,unrelated
S328,S423,LaszSE-O14-2023,Wysocki1129-2023,0,2124033,3459863,7746042,7838314,-0.307725,unrelated
S328,S424,LaszSE-O14-2023,Wysocki1129-2023,0,2115858,3460865,7746042,7581744,-0.313540,unrelated
S328,S442,LaszSE-O14-2023,Wedekind_3-2023,0,1706064,3721063,7746042,6337465,-0.407289,unrelated
S328,S443,LaszSE-O14-2023,Wedekind_3-2023,0,1999624,3503741,7746042,7460484,-0.329323,unrelated
S328,S444,LaszSE-O14-2023,Wedekind_3-2023,0,2000869,3551241,7746042,7291631,-0.339255,unrelated
S328,S445,LaszSE-O14-2023,Wedekind_3-2023,0,2090528,3421028,7746042,7860728,-0.304453,unrelated
S328,S446,LaszSE-O14-2023,Wedekind_3-2023,0,2016028,3505319,7746042,7648040,-0.324450,unrelated
S328,S447,LaszSE-O14-2023,Wedekind_3-2023,0,2123146,3446218,7746042,7678231,-0.309207,unrelated
S328,S448,LaszSE-O14-2023,Wedekind_3-2023,0,2070620,3592943,7746042,7296097,-0.340062,unrelated
S328,S474,LaszSE-O14-2023,Airport04-2023,0,2067964,3383918,7746042,7804708,-0.302228,unrelated
S328,S475,LaszSE-O14-2023,Airport04-2023,0,2207788,3191065,7746042,8082784,-0.263718,unrelated
S328,S476,LaszSE-O14-2023,Airport04-2023,0,1998254,3426481,7746042,7482884,-0.318782,unrelated
S328,S477,LaszSE-O14-2023,Airport04-2023,0,2042970,3396661,7746042,7485865,-0.311869,unrelated
S328,S478,LaszSE-O14-2023,Airport04-2023,0,2102562,3322901,7746042,7652969,-0.295035,unrelated
S328,S479,LaszSE-O14-2023,Airport04-2023,0,1977475,3408811,7746042,7412292,-0.319306,unrelated
S328,S480,LaszSE-O14-2023,Airport04-2023,0,1922222,3616145,7746042,6986357,-0.360435,unrelated
S329,S330,LaszSE-O14-2023,LaszSE-O14-2023,1,2127792,3591509,7797235,7462058,-0.331288,unrelated
S329,S331,LaszSE-O14-2023,LaszSE-O14-2023,1,2060252,3482822,7797235,7438819,-0.321959,unrelated
S329,S332,LaszSE-O14-2023,LaszSE-O14-2023,1,2237689,3263545,7797235,8314732,-0.266225,unrelated
S329,S370,LaszSE-O14-2023,BrikalskiPats-2023,0,2042777,3586899,7797235,7223088,-0.341605,unrelated
S329,S371,LaszSE-O14-2023,BrikalskiPats-2023,0,2208253,3380353,7797235,7850890,-0.290926,unrelated
S329,S372,LaszSE-O14-2023,BrikalskiPats-2023,0,2123582,3407445,7797235,7962119,-0.297684,unrelated
S329,S373,LaszSE-O14-2023,BrikalskiPats-2023,0,2157028,3473710,7797235,7688767,-0.309337,unrelated
S329,S374,LaszSE-O14-2023,BrikalskiPats-2023,0,2017681,3583023,7797235,7505467,-0.336435,unrelated
S329,S375,LaszSE-O14-2023,BrikalskiPats-2023,0,1995763,3570140,7797235,7610693,-0.333888,unrelated
S329,S376,LaszSE-O14-2023,BrikalskiPats-2023,0,2195169,3596139,7797235,7674386,-0.322985,unrelated
S329,S386,LaszSE-O14-2023,DaveBrilowski-2023,0,2023684,3559939,7797235,7581179,-0.331386,unrelated
S329,S387,LaszSE-O14-2023,DaveBrilowski-2023,0,2035035,3588851,7797235,7340180,-0.339732,unrelated
S329,S388,LaszSE-O14-2023,DaveBrilowski-2023,0,2074320,3401368,7797235,7711070,-0.304896,unrelated
S329,S389,LaszSE-O14-2023,DaveBrilowski-2023,0,2062205,3627869,7797235,7419012,-0.341315,unrelated
S329,S390,LaszSE-O14-2023,DaveBrilowski-2023,0,2062619,3400933,7797235,7664668,-0.306511,unrelated
S329,S391,LaszSE-O14-2023,DaveBrilowski-2023,0,2149728,3550268,7797235,7786721,-0.317686,unrelated
S329,S392,LaszSE-O14-2023,DaveBrilowski-2023,0,2247336,3347478,7797235,7941139,-0.282597,unrelated
S329,S418,LaszSE-O14-2023,Wysocki1129-2023,0,2036776,3501092,7797235,7606408,-0.322353,unrelated
S329,S419,LaszSE-O14-2023,Wysocki1129-2023,0,1881001,3571717,7797235,7110209,-0.353007,unrelated
S329,S420,LaszSE-O14-2023,Wysocki1129-2023,0,2077021,3413760,7797235,7733647,-0.305874,unrelated
S329,S421,LaszSE-O14-2023,Wysocki1129-2023,0,2057836,3401398,7797235,7799266,-0.304232,unrelated
S329,S422,LaszSE-O14-2023,Wysocki1129-2023,0,2069484,3465733,7797235,7735411,-0.313017,unrelated
S329,S423,LaszSE-O14-2023,Wysocki1129-2023,0,2114940,3444285,7797235,7838314,-0.305306,unrelated
S329,S424,LaszSE-O14-2023,Wysocki1129-2023,0,2191500,3563140,7797235,7581744,-0.320878,unrelated
S329,S442,LaszSE-O14-2023,Wedekind_3-2023,0,1671603,3857160,7797235,6337465,-0.427509,unrelated
S329,S443,LaszSE-O14-2023,Wedekind_3-2023,0,1967409,3556838,7797235,7460484,-0.337289,unrelated
S329,S444,LaszSE-O14-2023,Wedekind_3-2023,0,1982974,3632415,7797235,7291631,-0.350050,unrelated
S329,S445,LaszSE-O14-2023,Wedekind_3-2023,0,2178181,3469393,7797235,7860728,-0.304037,unrelated
S329,S446,LaszSE-O14-2023,Wedekind_3-2023,0,2121764,3449306,7797235,7648040,-0.309276,unrelated
S329,S447,LaszSE-O14-2023,Wedekind_3-2023,0,2061163,3442118,7797235,7678231,-0.311659,unrelated
S329,S448,LaszSE-O14-2023,Wedekind_3-2023,0,2026090,3600860,7797235,7296097,-0.342908,unrelated
S329,S474,LaszSE-O14-2023,Airport04-2023,0,2218642,3189840,7797235,7804708,-0.266700,unrelated
S329,S475,LaszSE-O14-2023,Airport04-2023,0,2119759,3234282,7797235,8082784,-0.273854,unrelated
S329,S476,LaszSE-O14-2023,Airport04-2023,0,1959248,3454045,7797235,7482884,-0.323875,unrelated
S329,S477,LaszSE-O14-2023,Airport04-2023,0,1992690,3395620,7797235,7485865,-0.313978,unrelated
S329,S478,LaszSE-O14-2023,Airport04-2023,0,2023847,3353145,7797235,7652969,-0.303067,unrelated
S329,S479,LaszSE-O14-2023,Airport04-2023,0,1949084,3520365,7797235,7412292,-0.334767,unrelated
S329,S480,LaszSE-O14-2023,Airport04-2023,0,1997617,3600659,7797235,6986357,-0.351992,unrelated
S330,S331,LaszSE-O14-2023,LaszSE-O14-2023,1,1930326,3611465,7462058,7438819,-0.355187,unrelated
S330,S332,LaszSE-O14-2023,LaszSE-O14-2023,1,2149273,3372200,7462058,8314732,-0.291259,unrelated
S330,S370,LaszSE-O14-2023,BrikalskiPats-2023,0,1955866,3681345,7462058,7223088,-0.368183,unrelated
S330,S371,LaszSE-O14-2023,BrikalskiPats-2023,0,2112239,3500893,7462058,7850890,-0.319308,unrelated
S330,S372,LaszSE-O14-2023,BrikalskiPats-2023,0,2032230,3477202,7462058,7962119,-0.319121,unrelated
S330,S373,LaszSE-O14-2023,BrikalskiPats-2023,0,2070539,3584396,7462058,7688767,-0.336500,unrelated
S330,S374,LaszSE-O14-2023,BrikalskiPats-2023,0,1927770,3733284,7462058,7505467,-0.370054,unrelated
S330,S375,LaszSE-O14-2023,BrikalskiPats-2023,0,1945678,3621652,7462058,7610693,-0.351470,unrelated
S330,S376,LaszSE-O14-2023,BrikalskiPats-2023,0,2119897,3724654,7462058,7674386,-0.352091,unrelated
S330,S386,LaszSE-O14-2023,DaveBrilowski-2023,0,1945322,3659375,7462058,7581179,-0.357199,unrelated
S330,S387,LaszSE-O14-2023,DaveBrilowski-2023,0,1943461,3708083,7462058,7340180,-0.369721,unrelated
S330,S388,LaszSE-O14-2023,DaveBrilowski-2023,0,1958291,3589096,7462058,7711070,-0.344023,unrelated
S330,S389,LaszSE-O14-2023,DaveBrilowski-2023,0,1964150,3734406,7462058,7419012,-0.369910,unrelated
S330,S390,LaszSE-O14-2023,DaveBrilowski-2023,0,1947380,3549193,7462058,7664668,-0.340524,unrelated
S330,S391,LaszSE-O14-2023,DaveBrilowski-2023,0,2090998,3579422,7462058,7786721,-0.332344,unrelated
S330,S392,LaszSE-O14-2023,DaveBrilowski-2023,0,2115172,3542369,7462058,7941139,-0.322632,unrelated
S330,S418,LaszSE-O14-2023,Wysocki1129-2023,0,1997721,3563182,7462058,7606408,-0.340356,unrelated
S330,S419,LaszSE-O14-2023,Wysocki1129-2023,0,1860394,3520160,7462058,7110209,-0.355465,unrelated
S330,S420,LaszSE-O14-2023,Wysocki1129-2023,0,1998945,3449974,7462058,7733647,-0.322526,unrelated
S330,S421,LaszSE-O14-2023,Wysocki1129-2023,0,2044875,3379481,7462058,7799266,-0.308891,unrelated
S330,S422,LaszSE-O14-2023,Wysocki1129-2023,0,2032001,3562388,7462058,7735411,-0.335107,unrelated
S330,S423,LaszSE-O14-2023,Wysocki1129-2023,0,2076186,3368113,7462058,7838314,-0.304570,unrelated
S330,S424,LaszSE-O14-2023,Wysocki1129-2023,0,2107843,3615985,7462058,7581744,-0.340614,unrelated
S330,S442,LaszSE-O14-2023,Wedekind_3-2023,0,1606869,3964748,7462058,6337465,-0.458177,unrelated
S330,S443,LaszSE-O14-2023,Wedekind_3-2023,0,1917145,3524712,7462058,7460484,-0.343928,unrelated
S330,S444,LaszSE-O14-2023,Wedekind_3-2023,0,1936125,3637487,7462058,7291631,-0.361865,unrelated
S330,S445,LaszSE-O14-2023,Wedekind_3-2023,0,2090481,3606589,7462058,7860728,-0.334319,unrelated
S330,S446,LaszSE-O14-2023,Wedekind_3-2023,0,2037149,3470025,7462058,7648040,-0.324478,unrelated
S330,S447,LaszSE-O14-2023,Wedekind_3-2023,0,1975099,3559681,7462058,7678231,-0.339773,unrelated
S330,S448,LaszSE-O14-2023,Wedekind_3-2023,0,1972651,3677400,7462058,7296097,-0.364690,unrelated
S330,S474,LaszSE-O14-2023,Airport04-2023,0,2064487,3423671,7462058,7804708,-0.313285,unrelated
S330,S475,LaszSE-O14-2023,Airport04-2023,0,2056630,3366525,7462058,8082784,-0.300834,unrelated
S330,S476,LaszSE-O14-2023,Airport04-2023,0,1924142,3539743,7462058,7482884,-0.344956,unrelated
S330,S477,LaszSE-O14-2023,Airport04-2023,0,1967870,3361987,7462058,7485865,-0.318178,unrelated
S330,S478,LaszSE-O14-2023,Airport04-2023,0,1963582,3466159,7462058,7652969,-0.328728,unrelated
S330,S479,LaszSE-O14-2023,Airport04-2023,0,1903822,3556029,7462058,7412292,-0.350149,unrelated
S330,S480,LaszSE-O14-2023,Airport04-2023,0,1954953,3636803,7462058,6986357,-0.368113,unrelated
S331,S332,LaszSE-O14-2023,LaszSE-O14-2023,1,2287105,3208937,7438819,8314732,-0.262212,unrelated
S331,S370,LaszSE-O14-2023,BrikalskiPats-2023,0,1955685,3617355,7438819,7223088,-0.360050,unrelated
S331,S371,LaszSE-O14-2023,BrikalskiPats-2023,0,2044238,3493373,7438819,7850890,-0.323257,unrelated
S331,S372,LaszSE-O14-2023,BrikalskiPats-2023,0,2087765,3363087,7438819,7962119,-0.301177,unrelated
S331,S373,LaszSE-O14-2023,BrikalskiPats-2023,0,2008362,3522819,7438819,7688767,-0.332986,unrelated
S331,S374,LaszSE-O14-2023,BrikalskiPats-2023,0,1999074,3499537,7438819,7505467,-0.334576,unrelated
S331,S375,LaszSE-O14-2023,BrikalskiPats-2023,0,1997728,3512520,7438819,7610693,-0.334051,unrelated
S331,S376,LaszSE-O14-2023,BrikalskiPats-2023,0,2032338,3424618,7438819,7674386,-0.318721,unrelated
S331,S386,LaszSE-O14-2023,DaveBrilowski-2023,0,1993987,3542577,7438819,7581179,-0.338959,unrelated
S331,S387,LaszSE-O14-2023,DaveBrilowski-2023,0,2030295,3619483,7438819,7340180,-0.352437,unrelated
S331,S388,LaszSE-O14-2023,DaveBrilowski-2023,0,2063385,3472842,7438819,7711070,-0.322266,unrelated
S331,S389,LaszSE-O14-2023,DaveBrilowski-2023,0,1997653,3652029,7438819,7419012,-0.357145,unrelated
S331,S390,LaszSE-O14-2023,DaveBrilowski-2023,0,2004392,3444681,7438819,7664668,-0.323433,unrelated
S331,S391,LaszSE-O14-2023,DaveBrilowski-2023,0,1979354,3542300,7438819,7786721,-0.335308,unrelated
S331,S392,LaszSE-O14-2023,DaveBrilowski-2023,0,2064423,3459912,7438819,7941139,-0.315697,unrelated
S331,S418,LaszSE-O14-2023,Wysocki1129-2023,0,2017905,3498562,7438819,7606408,-0.330950,unrelated
S331,S419,LaszSE-O14-2023,Wysocki1129-2023,0,1852516,3567824,7438819,7110209,-0.363126,unrelated
S331,S420,LaszSE-O14-2023,Wysocki1129-2023,0,2105005,3324814,7438819,7733647,-0.299531,unrelated
S331,S421,LaszSE-O14-2023,Wysocki1129-2023,0,1993698,3440965,7438819,7799266,-0.320790,unrelated
S331,S422,LaszSE-O14-2023,Wysocki1129-2023,0,2070649,3667761,7438819,7735411,-0.346961,unrelated
S331,S423,LaszSE-O14-2023,Wysocki1129-2023,0,2046316,3456252,7438819,7838314,-0.318528,unrelated
S331,S424,LaszSE-O14-2023,Wysocki1129-2023,0,1981340,3635684,7438819,7581744,-0.352186,unrelated
S331,S442,LaszSE-O14-2023,Wedekind_3-2023,0,1660108,3806636,7438819,6337465,-0.432131,unrelated
S331,S443,LaszSE-O14-2023,Wedekind_3-2023,0,1962302,3528072,7438819,7460484,-0.341885,unrelated
S331,S444,LaszSE-O14-2023,Wedekind_3-2023,0,1938933,3569801,7438819,7291631,-0.353056,unrelated
S331,S445,LaszSE-O14-2023,Wedekind_3-2023,0,2033332,3446061,7438819,7860728,-0.317577,unrelated
S331,S446,LaszSE-O14-2023,Wedekind_3-2023,0,1985357,3513514,7438819,7648040,-0.334176,unrelated
S331,S447,LaszSE-O14-2023,Wedekind_3-2023,0,2032369,3499314,7438819,7678231,-0.328520,unrelated
S331,S448,LaszSE-O14-2023,Wedekind_3-2023,0,1936934,3696959,7438819,7296097,-0.370344,unrelated
S331,S474,LaszSE-O14-2023,Airport04-2023,0,2017665,3347671,7438819,7804708,-0.306863,unrelated
S331,S475,LaszSE-O14-2023,Airport04-2023,0,2109223,3270721,7438819,8082784,-0.285552,unrelated
S331,S476,LaszSE-O14-2023,Airport04-2023,0,1924433,3465996,7438819,7482884,-0.335589,unrelated
S331,S477,LaszSE-O14-2023,Airport04-2023,0,2017124,3284021,7438819,7485865,-0.304926,unrelated
S331,S478,LaszSE-O14-2023,Airport04-2023,0,2012243,3354315,7438819,7652969,-0.311188,unrelated
S331,S479,LaszSE-O14-2023,Airport04-2023,0,1928851,3386078,7438819,7412292,-0.326124,unrelated
S331,S480,LaszSE-O14-2023,Airport04-2023,0,1854014,3576154,7438819,6986357,-0.367295,unrelated
S332,S370,LaszSE-O14-2023,BrikalskiPats-2023,0,2177346,3276214,8314732,7223088,-0.281576,unrelated
S332,S371,LaszSE-O14-2023,BrikalskiPats-2023,0,2245705,3237263,8314732,7850890,-0.261593,unrelated
S332,S372,LaszSE-O14-2023,BrikalskiPats-2023,0,2318976,3174277,8314732,7962119,-0.247565,unrelated
S332,S373,LaszSE-O14-2023,BrikalskiPats-2023,0,2248663,3205311,8314732,7688767,-0.260066,unrelated
S332,S374,LaszSE-O14-2023,BrikalskiPats-2023,0,2205107,3263185,8314732,7505467,-0.273148,unrelated
S332,S375,LaszSE-O14-2023,BrikalskiPats-2023,0,2220082,3218696,8314732,7610693,-0.264816,unrelated
S332,S376,LaszSE-O14-2023,BrikalskiPats-2023,0,2214334,3271183,8314732,7674386,-0.270686,unrelated
S332,S386,LaszSE-O14-2023,DaveBrilowski-2023,0,2216189,3220592,8314732,7581179,-0.265791,unrelated
S332,S387,LaszSE-O14-2023,DaveBrilowski-2023,0,2181001,3242831,8314732,7340180,-0.274972,unrelated
S332,S388,LaszSE-O14-2023,DaveBrilowski-2023,0,2310372,3185549,8314732,7711070,-0.253387,unrelated
S332,S389,LaszSE-O14-2023,DaveBrilowski-2023,0,2210592,3276757,8314732,7419012,-0.276026,unrelated
S332,S390,LaszSE-O14-2023,DaveBrilowski-2023,0,2252967,3203508,8314732,7664668,-0.259963,unrelated
S332,S391,LaszSE-O14-2023,DaveBrilowski-2023,0,2240848,3230936,8314732,7786721,-0.262152,unrelated
S332,S392,LaszSE-O14-2023,DaveBrilowski-2023,0,2271469,3232743,8314732,7941139,-0.258000,unrelated
S332,S418,LaszSE-O14-2023,Wysocki1129-2023,0,2302826,3166869,8314732,7606408,-0.253180,unrelated
S332,S419,LaszSE-O14-2023,Wysocki1129-2023,0,2080230,3310696,8314732,7110209,-0.294404,unrelated
S332,S420,LaszSE-O14-2023,Wysocki1129-2023,0,2274663,3191186,8314732,7733647,-0.255958,unrelated
S332,S421,LaszSE-O14-2023,Wysocki1129-2023,0,2262220,3173355,8314732,7799266,-0.253475,unrelated
S332,S422,LaszSE-O14-2023,Wysocki1129-2023,0,2282445,3470284,8314732,7735411,-0.290223,unrelated
S332,S423,LaszSE-O14-2023,Wysocki1129-2023,0,2351315,3102954,8314732,7838314,-0.238629,unrelated
S332,S424,LaszSE-O14-2023,Wysocki1129-2023,0,2183708,3315110,8314732,7581744,-0.279717,unrelated
S332,S442,LaszSE-O14-2023,Wedekind_3-2023,0,1845988,3477737,8314732,6337465,-0.348718,unrelated
S332,S443,LaszSE-O14-2023,Wedekind_3-2023,0,2223597,3195051,8314732,7460484,-0.264117,unrelated
S332,S444,LaszSE-O14-2023,Wedekind_3-2023,0,2182688,3240086,8314732,7291631,-0.275367,unrelated
S332,S445,LaszSE-O14-2023,Wedekind_3-2023,0,2254140,3222582,8314732,7860728,-0.259098,unrelated
S332,S446,LaszSE-O14-2023,Wedekind_3-2023,0,2201826,3252876,8314732,7648040,-0.269623,unrelated
S332,S447,LaszSE-O14-2023,Wedekind_3-2023,0,2288928,3195318,8314732,7678231,-0.256470,unrelated
S332,S448,LaszSE-O14-2023,Wedekind_3-2023,0,2137812,3338986,8314732,7296097,-0.290834,unrelated
S332,S474,LaszSE-O14-2023,Airport04-2023,0,2241377,3149090,8314732,7804708,-0.251671,unrelated
S332,S475,LaszSE-O14-2023,Airport04-2023,0,2363324,3024058,8314732,8082784,-0.224716,unrelated
S332,S476,LaszSE-O14-2023,Airport04-2023,0,2155162,3244654,8314732,7482884,-0.274354,unrelated
S332,S477,LaszSE-O14-2023,Airport04-2023,0,2193944,3147457,8314732,7485865,-0.259545,unrelated
S332,S478,LaszSE-O14-2023,Airport04-2023,0,2303606,3108264,8314732,7652969,-0.245052,unrelated
S332,S479,LaszSE-O14-2023,Airport04-2023,0,2132777,3226256,8314732,7412292,-0.274670,unrelated
S332,S480,LaszSE-O14-2023,Airport04-2023,0,2029776,3342994,8314732,6986357,-0.304306,unrelated
S370,S371,BrikalskiPats-2023,BrikalskiPats-2023,1,1960500,3442783,7223088,7850890,-0.326726,unrelated
S370,S372,BrikalskiPats-2023,BrikalskiPats-2023,1,2014501,3481715,7223088,7962119,-0.325905,unrelated
S370,S373,BrikalskiPats-2023,BrikalskiPats-2023,1,1949930,3622778,7223088,7688767,-0.355129,unrelated
S370,S374,BrikalskiPats-2023,BrikalskiPats-2023,1,1935236,3490285,7223088,7505467,-0.342555,unrelated
S370,S375,BrikalskiPats-2023,BrikalskiPats-2023,1,1933666,3448467,7223088,7610693,-0.334592,unrelated
S370,S376,BrikalskiPats-2023,BrikalskiPats-2023,1,2005868,3608998,7223088,7674386,-0.349867,unrelated
S370,S386,BrikalskiPats-2023,DaveBrilowski-2023,0,1894555,3500707,7223088,7581179,-0.344959,unrelated
S370,S387,BrikalskiPats-2023,DaveBrilowski-2023,0,2012738,3525057,7223088,7340180,-0.345896,unrelated
S370,S388,BrikalskiPats-2023,DaveBrilowski-2023,0,1985301,3482902,7223088,7711070,-0.333497,unrelated
S370,S389,BrikalskiPats-2023,DaveBrilowski-2023,0,1968940,3698289,7223088,7419012,-0.370687,unrelated
S370,S390,BrikalskiPats-2023,DaveBrilowski-2023,0,1946073,3486238,7223088,7664668,-0.337620,unrelated
S370,S391,BrikalskiPats-2023,DaveBrilowski-2023,0,1925279,3491996,7223088,7786721,-0.337027,unrelated
S370,S392,BrikalskiPats-2023,DaveBrilowski-2023,0,1984803,3392104,7223088,7941139,-0.316495,unrelated
S370,S418,BrikalskiPats-2023,Wysocki1129-2023,0,1967132,3368827,7223088,7606408,-0.321691,unrelated
S370,S419,BrikalskiPats-2023,Wysocki1129-2023,0,1821850,3514340,7223088,7110209,-0.363268,unrelated
S370,S420,BrikalskiPats-2023,Wysocki1129-2023,0,2014513,3288673,7223088,7733647,-0.305069,unrelated
S370,S421,BrikalskiPats-2023,Wysocki1129-2023,0,1962363,3492685,7223088,7799266,-0.334369,unrelated
S370,S422,BrikalskiPats-2023,Wysocki1129-2023,0,1998053,3697605,7223088,7735411,-0.360809,unrelated
S370,S423,BrikalskiPats-2023,Wysocki1129-2023,0,2023428,3452834,7223088,7838314,-0.324156,unrelated
S370,S424,BrikalskiPats-2023,Wysocki1129-2023,0,1985276,3619115,7223088,7581744,-0.354813,unrelated
S370,S442,BrikalskiPats-2023,Wedekind_3-2023,0,1597490,3861486,7223088,6337465,-0.451713,unrelated
S370,S443,BrikalskiPats-2023,Wedekind_3-2023,0,1915031,3492989,7223088,7460484,-0.345348,unrelated
S370,S444,BrikalskiPats-2023,Wedekind_3-2023,0,1902721,3521155,7223088,7291631,-0.354095,unrelated
S370,S445,BrikalskiPats-2023,Wedekind_3-2023,0,1952936,3488151,7223088,7860728,-0.333030,unrelated
S370,S446,BrikalskiPats-2023,Wedekind_3-2023,0,1922824,3519991,7223088,7648040,-0.344100,unrelated
S370,S447,BrikalskiPats-2023,Wedekind_3-2023,0,1984057,3379866,7223088,7678231,-0.320487,unrelated
S370,S448,BrikalskiPats-2023,Wedekind_3-2023,0,1960122,3527404,7223088,7296097,-0.350893,unrelated
S370,S474,BrikalskiPats-2023,Airport04-2023,0,1952966,3453323,7223088,7804708,-0.329634,unrelated
S370,S475,BrikalskiPats-2023,Airport04-2023,0,2031474,3367143,7223088,8082784,-0.307255,unrelated
S370,S476,BrikalskiPats-2023,Airport04-2023,0,1859675,3452661,7223088,7482884,-0.343102,unrelated
S370,S477,BrikalskiPats-2023,Airport04-2023,0,1932565,3387821,7223088,7485865,-0.329260,unrelated
S370,S478,BrikalskiPats-2023,Airport04-2023,0,1999689,3269704,7223088,7652969,-0.305170,unrelated
S370,S479,BrikalskiPats-2023,Airport04-2023,0,1864856,3394076,7223088,7412292,-0.336397,unrelated
S370,S480,BrikalskiPats-2023,Airport04-2023,0,1812684,3708898,7223088,6986357,-0.394464,unrelated
S371,S372,BrikalskiPats-2023,BrikalskiPats-2023,1,2197182,3330513,7850890,7962119,-0.282289,unrelated
S371,S373,BrikalskiPats-2023,BrikalskiPats-2023,1,2199425,3336477,7850890,7688767,-0.287878,unrelated
S371,S374,BrikalskiPats-2023,BrikalskiPats-2023,1,2038947,3497076,7850890,7505467,-0.322681,unrelated
S371,S375,BrikalskiPats-2023,BrikalskiPats-2023,1,2107777,3412821,7850890,7610693,-0.305135,unrelated
S371,S376,BrikalskiPats-2023,BrikalskiPats-2023,1,2136194,3581125,7850890,7674386,-0.323734,unrelated
S371,S386,BrikalskiPats-2023,DaveBrilowski-2023,0,2097446,3423347,7850890,7581179,-0.307752,unrelated
S371,S387,BrikalskiPats-2023,DaveBrilowski-2023,0,2005805,3501487,7850890,7340180,-0.328954,unrelated
S371,S388,BrikalskiPats-2023,DaveBrilowski-2023,0,2121311,3348257,7850890,7711070,-0.293999,unrelated
S371,S389,BrikalskiPats-2023,DaveBrilowski-2023,0,1974209,3617558,7850890,7419012,-0.344528,unrelated
S371,S390,BrikalskiPats-2023,DaveBrilowski-2023,0,2081499,3360654,7850890,7664668,-0.299042,unrelated
S371,S391,BrikalskiPats-2023,DaveBrilowski-2023,0,2212568,3405606,7850890,7786721,-0.294076,unrelated
S371,S392,BrikalskiPats-2023,DaveBrilowski-2023,0,2260794,3253207,7850890,7941139,-0.268846,unrelated
S371,S418,BrikalskiPats-2023,Wysocki1129-2023,0,2087219,3359651,7850890,7606408,-0.299670,unrelated
S371,S419,BrikalskiPats-2023,Wysocki1129-2023,0,1928650,3486229,7850890,7110209,-0.337128,unrelated
S371,S420,BrikalskiPats-2023,Wysocki1129-2023,0,2113963,3339223,7850890,7733647,-0.292885,unrelated
S371,S421,BrikalskiPats-2023,Wysocki1129-2023,0,2112545,3309632,7850890,7799266,-0.287966,unrelated
S371,S422,BrikalskiPats-2023,Wysocki1129-2023,0,2061729,3385530,7850890,7735411,-0.302146,unrelated
S371,S423,BrikalskiPats-2023,Wysocki1129-2023,0,2110895,3361308,7850890,7838314,-0.293942,unrelated
S371,S424,BrikalskiPats-2023,Wysocki1129-2023,0,2130535,3473287,7850890,7581744,-0.312069,unrelated
S371,S442,BrikalskiPats-2023,Wedekind_3-2023,0,1700193,3820299,7850890,6337465,-0.418682,unrelated
S371,S443,BrikalskiPats-2023,Wedekind_3-2023,0,1964725,3465208,7850890,7460484,-0.324314,unrelated
S371,S444,BrikalskiPats-2023,Wedekind_3-2023,0,1988662,3534925,7850890,7291631,-0.335558,unrelated
S371,S445,BrikalskiPats-2023,Wedekind_3-2023,0,2263084,3401610,7850890,7860728,-0.288967,unrelated
S371,S446,BrikalskiPats-2023,Wedekind_3-2023,0,2183731,3285459,7850890,7648040,-0.283064,unrelated
S371,S447,BrikalskiPats-2023,Wedekind_3-2023,0,2098838,3339091,7850890,7678231,-0.294888,unrelated
S371,S448,BrikalskiPats-2023,Wedekind_3-2023,0,1986719,3408236,7850890,7296097,-0.318859,unrelated
S371,S474,BrikalskiPats-2023,Airport04-2023,0,2205859,3250759,7850890,7804708,-0.274385,unrelated
S371,S475,BrikalskiPats-2023,Airport04-2023,0,2210041,3193208,7850890,8082784,-0.262110,unrelated
S371,S476,BrikalskiPats-2023,Airport04-2023,0,2130301,3206698,7850890,7482884,-0.279324,unrelated
S371,S477,BrikalskiPats-2023,Airport04-2023,0,2051944,3321452,7850890,7485865,-0.299344,unrelated
S371,S478,BrikalskiPats-2023,Airport04-2023,0,2084355,3287171,7850890,7652969,-0.289604,unrelated
S371,S479,BrikalskiPats-2023,Airport04-2023,0,2002058,3471955,7850890,7412292,-0.323776,unrelated
S371,S480,BrikalskiPats-2023,Airport04-2023,0,1963450,3482704,7850890,6986357,-0.337122,unrelated
S372,S373,BrikalskiPats-2023,BrikalskiPats-2023,1,2133549,3388962,7962119,7688767,-0.296748,unrelated
S372,S374,BrikalskiPats-2023,BrikalskiPats-2023,1,2125142,3446278,7962119,7505467,-0.308220,unrelated
S372,S375,BrikalskiPats-2023,BrikalskiPats-2023,1,2156660,3391645,7962119,7610693,-0.297097,unrelated
S372,S376,BrikalskiPats-2023,BrikalskiPats-2023,1,2130218,3389074,7962119,7674386,-0.297249,unrelated
S372,S386,BrikalskiPats-2023,DaveBrilowski-2023,0,2174057,3294734,7962119,7581179,-0.284072,unrelated
S372,S387,BrikalskiPats-2023,DaveBrilowski-2023,0,2039824,3457276,7962119,7340180,-0.318562,unrelated
S372,S388,BrikalskiPats-2023,DaveBrilowski-2023,0,2173748,3344364,7962119,7711070,-0.288070,unrelated
S372,S389,BrikalskiPats-2023,DaveBrilowski-2023,0,2081541,3433860,7962119,7419012,-0.311172,unrelated
S372,S390,BrikalskiPats-2023,DaveBrilowski-2023,0,2197342,3273484,7962119,7664668,-0.278344,unrelated
S372,S391,BrikalskiPats-2023,DaveBrilowski-2023,0,2160102,3395972,7962119,7786721,-0.294107,unrelated
S372,S392,BrikalskiPats-2023,DaveBrilowski-2023,0,2183345,3366781,7962119,7941139,-0.286119,unrelated
S372,S418,BrikalskiPats-2023,Wysocki1129-2023,0,2157859,3329763,7962119,7606408,-0.289152,unrelated
S372,S419,BrikalskiPats-2023,Wysocki1129-2023,0,2029263,3439106,7962119,7110209,-0.321712,unrelated
S372,S420,BrikalskiPats-2023,Wysocki1129-2023,0,2207074,3275838,7962119,7733647,-0.276801,unrelated
S372,S421,BrikalskiPats-2023,Wysocki1129-2023,0,2219878,3221929,7962119,7799266,-0.267995,unrelated
S372,S422,BrikalskiPats-2023,Wysocki1129-2023,0,2163449,3567049,7962119,7735411,-0.316652,unrelated
S372,S423,BrikalskiPats-2023,Wysocki1129-2023,0,2167359,3306248,7962119,7838314,-0.281330,unrelated
S372,S424,BrikalskiPats-2023,Wysocki1129-2023,0,2063704,3459347,7962119,7581744,-0.312341,unrelated
S372,S442,BrikalskiPats-2023,Wedekind_3-2023,0,1759216,3769684,7962119,6337465,-0.404218,unrelated
S372,S443,BrikalskiPats-2023,Wedekind_3-2023,0,2079897,3405520,7962119,7460484,-0.306767,unrelated
S372,S444,BrikalskiPats-2023,Wedekind_3-2023,0,2050596,3476657,7962119,7291631,-0.321411,unrelated
S372,S445,BrikalskiPats-2023,Wedekind_3-2023,0,2190219,3391825,7962119,7860728,-0.290304,unrelated
S372,S446,BrikalskiPats-2023,Wedekind_3-2023,0,2096681,3410439,7962119,7648040,-0.302636,unrelated
S372,S447,BrikalskiPats-2023,Wedekind_3-2023,0,2215156,3331456,7962119,7678231,-0.284377,unrelated
S372,S448,BrikalskiPats-2023,Wedekind_3-2023,0,2064966,3457371,7962119,7296097,-0.317847,unrelated
S372,S474,BrikalskiPats-2023,Airport04-2023,0,2147182,3291927,7962119,7804708,-0.281393,unrelated
S372,S475,BrikalskiPats-2023,Airport04-2023,0,2263314,3113647,7962119,8082784,-0.247055,unrelated
S372,S476,BrikalskiPats-2023,Airport04-2023,0,2120137,3314451,7962119,7482884,-0.291924,unrelated
S372,S477,BrikalskiPats-2023,Airport04-2023,0,2106867,3271430,7962119,7485865,-0.287157,unrelated
S372,S478,BrikalskiPats-2023,Airport04-2023,0,2132677,3287422,7962119,7652969,-0.284479,unrelated
S372,S479,BrikalskiPats-2023,Airport04-2023,0,2092008,3372079,7962119,7412292,-0.302590,unrelated
S372,S480,BrikalskiPats-2023,Airport04-2023,0,1965744,3399207,7962119,6986357,-0.323288,unrelated
S373,S374,BrikalskiPats-2023,BrikalskiPats-2023,1,2033654,3408937,7688767,7505467,-0.314871,unrelated
S373,S375,BrikalskiPats-2023,BrikalskiPats-2023,1,2036523,3374288,7688767,7610693,-0.307988,unrelated
S373,S376,BrikalskiPats-2023,BrikalskiPats-2023,1,2109259,3524246,7688767,7674386,-0.321499,unrelated
S373,S386,BrikalskiPats-2023,DaveBrilowski-2023,0,2041532,3403855,7688767,7581179,-0.312128,unrelated
S373,S387,BrikalskiPats-2023,DaveBrilowski-2023,0,1956874,3611497,7688767,7340180,-0.350398,unrelated
S373,S388,BrikalskiPats-2023,DaveBrilowski-2023,0,2060651,3457093,7688767,7711070,-0.315168,unrelated
S373,S389,BrikalskiPats-2023,DaveBrilowski-2023,0,2009898,3599382,7688767,7419012,-0.343457,unrelated
S373,S390,BrikalskiPats-2023,DaveBrilowski-2023,0,2040449,3408085,7688767,7664668,-0.311052,unrelated
S373,S391,BrikalskiPats-2023,DaveBrilowski-2023,0,2137467,3407909,7688767,7786721,-0.302307,unrelated
S373,S392,BrikalskiPats-2023,DaveBrilowski-2023,0,2137629,3458667,7688767,7941139,-0.305805,unrelated
S373,S418,BrikalskiPats-2023,Wysocki1129-2023,0,2106761,3369696,7688767,7606408,-0.302882,unrelated
S373,S419,BrikalskiPats-2023,Wysocki1129-2023,0,1875874,3597190,7688767,7110209,-0.359383,unrelated
S373,S420,BrikalskiPats-2023,Wysocki1129-2023,0,2079965,3379961,7688767,7733647,-0.303452,unrelated
S373,S421,BrikalskiPats-2023,Wysocki1129-2023,0,2025950,3460726,7688767,7799266,-0.316083,unrelated
S373,S422,BrikalskiPats-2023,Wysocki1129-2023,0,2088643,3435552,7688767,7735411,-0.310063,unrelated
S373,S423,BrikalskiPats-2023,Wysocki1129-2023,0,2083109,3424274,7688767,7838314,-0.306911,unrelated
S373,S424,BrikalskiPats-2023,Wysocki1129-2023,0,2093619,3543905,7688767,7581744,-0.327048,unrelated
S373,S442,BrikalskiPats-2023,Wedekind_3-2023,0,1681795,3734682,7688767,6337465,-0.412625,unrelated
S373,S443,BrikalskiPats-2023,Wedekind_3-2023,0,1975907,3432678,7688767,7460484,-0.322752,unrelated
S373,S444,BrikalskiPats-2023,Wedekind_3-2023,0,1962334,3406232,7688767,7291631,-0.323765,unrelated
S373,S445,BrikalskiPats-2023,Wedekind_3-2023,0,2184066,3346514,7688767,7860728,-0.289975,unrelated
S373,S446,BrikalskiPats-2023,Wedekind_3-2023,0,2084963,3465943,7688767,7648040,-0.316032,unrelated
S373,S447,BrikalskiPats-2023,Wedekind_3-2023,0,2058254,3437894,7688767,7678231,-0.313499,unrelated
S373,S448,BrikalskiPats-2023,Wedekind_3-2023,0,1947722,3636641,7688767,7296097,-0.355396,unrelated
S373,S474,BrikalskiPats-2023,Airport04-2023,0,2183301,3271260,7688767,7804708,-0.281358,unrelated
S373,S475,BrikalskiPats-2023,Airport04-2023,0,2221839,3147619,7688767,8082784,-0.258275,unrelated
S373,S476,BrikalskiPats-2023,Airport04-2023,0,2026141,3357997,7688767,7482884,-0.309119,unrelated
S373,S477,BrikalskiPats-2023,Airport04-2023,0,2040755,3359121,7688767,7485865,-0.308244,unrelated
S373,S478,BrikalskiPats-2023,Airport04-2023,0,2084437,3284591,7688767,7652969,-0.292323,unrelated
S373,S479,BrikalskiPats-2023,Airport04-2023,0,1977927,3352926,7688767,7412292,-0.313086,unrelated
S373,S480,BrikalskiPats-2023,Airport04-2023,0,1976670,3577501,7688767,6986357,-0.352865,unrelated
S374,S375,BrikalskiPats-2023,BrikalskiPats-2023,1,2035789,3371846,7505467,7610693,-0.311448,unrelated
S374,S376,BrikalskiPats-2023,BrikalskiPats-2023,1,2056475,3467187,7505467,7674386,-0.321340,unrelated
S374,S386,BrikalskiPats-2023,DaveBrilowski-2023,0,2056297,3360332,7505467,7581179,-0.309172,unrelated
S374,S387,BrikalskiPats-2023,DaveBrilowski-2023,0,1971780,3492499,7505467,7340180,-0.337689,unrelated
S374,S388,BrikalskiPats-2023,DaveBrilowski-2023,0,2030357,3405630,7505467,7711070,-0.314191,unrelated
S374,S389,BrikalskiPats-2023,DaveBrilowski-2023,0,1956788,3620444,7505467,7419012,-0.354056,unrelated
S374,S390,BrikalskiPats-2023,DaveBrilowski-2023,0,2101415,3373340,7505467,7664668,-0.306211,unrelated
S374,S391,BrikalskiPats-2023,DaveBrilowski-2023,0,2058329,3373477,7505467,7786721,-0.306603,unrelated
S374,S392,BrikalskiPats-2023,DaveBrilowski-2023,0,2060651,3482127,7505467,7941139,-0.317455,unrelated
S374,S418,BrikalskiPats-2023,Wysocki1129-2023,0,1999353,3452908,7505467,7606408,-0.324676,unrelated
S374,S419,BrikalskiPats-2023,Wysocki1129-2023,0,1891044,3628456,7505467,7110209,-0.367131,unrelated
S374,S420,BrikalskiPats-2023,Wysocki1129-2023,0,2098459,3364826,7505467,7733647,-0.303902,unrelated
S374,S421,BrikalskiPats-2023,Wysocki1129-2023,0,2069141,3446753,7505467,7799266,-0.315220,unrelated
S374,S422,BrikalskiPats-2023,Wysocki1129-2023,0,2070904,3635069,7505467,7735411,-0.341137,unrelated
S374,S423,BrikalskiPats-2023,Wysocki1129-2023,0,2076296,3516649,7505467,7838314,-0.323063,unrelated
S374,S424,BrikalskiPats-2023,Wysocki1129-2023,0,2010048,3354428,7505467,7581744,-0.311443,unrelated
S374,S442,BrikalskiPats-2023,Wedekind_3-2023,0,1688250,3738455,7505467,6337465,-0.418167,unrelated
S374,S443,BrikalskiPats-2023,Wedekind_3-2023,0,1968839,3515005,7505467,7460484,-0.338179,unrelated
S374,S444,BrikalskiPats-2023,Wedekind_3-2023,0,1970601,3361589,7505467,7291631,-0.321183,unrelated
S374,S445,BrikalskiPats-2023,Wedekind_3-2023,0,2075766,3362003,7505467,7860728,-0.302498,unrelated
S374,S446,BrikalskiPats-2023,Wedekind_3-2023,0,1951713,3591688,7505467,7648040,-0.345244,unrelated
S374,S447,BrikalskiPats-2023,Wedekind_3-2023,0,2049485,3378260,7505467,7678231,-0.310006,unrelated
S374,S448,BrikalskiPats-2023,Wedekind_3-2023,0,1946645,3557637,7505467,7296097,-0.349195,unrelated
S374,S474,BrikalskiPats-2023,Airport04-2023,0,2040255,3479648,7505467,7804708,-0.321292,unrelated
S374,S475,BrikalskiPats-2023,Airport04-2023,0,2102184,3286751,7505467,8082784,-0.286839,unrelated
S374,S476,BrikalskiPats-2023,Airport04-2023,0,1953973,3461772,7505467,7482884,-0.331562,unrelated
S374,S477,BrikalskiPats-2023,Airport04-2023,0,1982089,3481807,7505467,7485865,-0.332294,unrelated
S374,S478,BrikalskiPats-2023,Airport04-2023,0,2035311,3339278,7505467,7652969,-0.306314,unrelated
S374,S479,BrikalskiPats-2023,Airport04-2023,0,1982503,3273847,7505467,7412292,-0.306024,unrelated
S374,S480,BrikalskiPats-2023,Airport04-2023,0,1811547,3663087,7505467,6986357,-0.380534,unrelated
S375,S376,BrikalskiPats-2023,BrikalskiPats-2023,1,2068609,3429133,7610693,7674386,-0.313355,unrelated
S375,S386,BrikalskiPats-2023,DaveBrilowski-2023,0,2063618,3339449,7610693,7581179,-0.303799,unrelated
S375,S387,BrikalskiPats-2023,DaveBrilowski-2023,0,1960263,3511011,7610693,7340180,-0.338559,unrelated
S375,S388,BrikalskiPats-2023,DaveBrilowski-2023,0,2128776,3336801,7610693,7711070,-0.296626,unrelated
S375,S389,BrikalskiPats-2023,DaveBrilowski-2023,0,1979253,3482471,7610693,7419012,-0.331722,unrelated
S375,S390,BrikalskiPats-2023,DaveBrilowski-2023,0,2063999,3487840,7610693,7664668,-0.321543,unrelated
S375,S391,BrikalskiPats-2023,DaveBrilowski-2023,0,2088497,3331165,7610693,7786721,-0.297052,unrelated
S375,S392,BrikalskiPats-2023,DaveBrilowski-2023,0,2066539,3401215,7610693,7941139,-0.304523,unrelated
S375,S418,BrikalskiPats-2023,Wysocki1129-2023,0,2067364,3326402,7610693,7606408,-0.301335,unrelated
S375,S419,BrikalskiPats-2023,Wysocki1129-2023,0,1916692,3602581,7610693,7110209,-0.359249,unrelated
S375,S420,BrikalskiPats-2023,Wysocki1129-2023,0,2104049,3349304,7610693,7733647,-0.299430,unrelated
S375,S421,BrikalskiPats-2023,Wysocki1129-2023,0,2123177,3407248,7610693,7799266,-0.304434,unrelated
S375,S422,BrikalskiPats-2023,Wysocki1129-2023,0,2091198,3591051,7610693,7735411,-0.331739,unrelated
S375,S423,BrikalskiPats-2023,Wysocki1129-2023,0,2083778,3472441,7610693,7838314,-0.314655,unrelated
S375,S424,BrikalskiPats-2023,Wysocki1129-2023,0,1985161,3489790,7610693,7581744,-0.328744,unrelated
S375,S442,BrikalskiPats-2023,Wedekind_3-2023,0,1717398,3594775,7610693,6337465,-0.392321,unrelated
S375,S443,BrikalskiPats-2023,Wedekind_3-2023,0,2023309,3386426,7610693,7460484,-0.315141,unrelated
S375,S444,BrikalskiPats-2023,Wedekind_3-2023,0,2007064,3286516,7610693,7291631,-0.306393,unrelated
S375,S445,BrikalskiPats-2023,Wedekind_3-2023,0,2121639,3293803,7610693,7860728,-0.288659,unrelated
S375,S446,BrikalskiPats-2023,Wedekind_3-2023,0,2010744,3525169,7610693,7648040,-0.330276,unrelated
S375,S447,BrikalskiPats-2023,Wedekind_3-2023,0,2083800,3301678,7610693,7678231,-0.295610,unrelated
S375,S448,BrikalskiPats-2023,Wedekind_3-2023,0,1957294,3460970,7610693,7296097,-0.333046,unrelated
S375,S474,BrikalskiPats-2023,Airport04-2023,0,2047199,3392689,7610693,7804708,-0.307367,unrelated
S375,S475,BrikalskiPats-2023,Airport04-2023,0,2207675,3196653,7610693,8082784,-0.266712,unrelated
S375,S476,BrikalskiPats-2023,Airport04-2023,0,2071399,3389785,7610693,7482884,-0.311932,unrelated
S375,S477,BrikalskiPats-2023,Airport04-2023,0,1995465,3420197,7610693,7485865,-0.320929,unrelated
S375,S478,BrikalskiPats-2023,Airport04-2023,0,2089510,3268943,7610693,7652969,-0.291436,unrelated
S375,S479,BrikalskiPats-2023,Airport04-2023,0,2013939,3229086,7610693,7412292,-0.295829,unrelated
S375,S480,BrikalskiPats-2023,Airport04-2023,0,1853313,3605832,7610693,6986357,-0.367085,unrelated
S376,S386,BrikalskiPats-2023,DaveBrilowski-2023,0,2040535,3472286,7674386,7581179,-0.321459,unrelated
S376,S387,BrikalskiPats-2023,DaveBrilowski-2023,0,2029767,3668217,7674386,7340180,-0.353435,unrelated
S376,S388,BrikalskiPats-2023,DaveBrilowski-2023,0,2014904,3515740,7674386,7711070,-0.326060,unrelated
S376,S389,BrikalskiPats-2023,DaveBrilowski-2023,0,2010119,3630081,7674386,7419012,-0.347837,unrelated
S376,S390,BrikalskiPats-2023,DaveBrilowski-2023,0,2023603,3473132,7674386,7664668,-0.320923,unrelated
S376,S391,BrikalskiPats-2023,DaveBrilowski-2023,0,2145499,3444736,7674386,7786721,-0.306833,unrelated
S376,S392,BrikalskiPats-2023,DaveBrilowski-2023,0,2204628,3506197,7674386,7941139,-0.307884,unrelated
S376,S418,BrikalskiPats-2023,Wysocki1129-2023,0,2001696,3527868,7674386,7606408,-0.330745,unrelated
S376,S419,BrikalskiPats-2023,Wysocki1129-2023,0,1889301,3620280,7674386,7110209,-0.361948,unrelated
S376,S420,BrikalskiPats-2023,Wysocki1129-2023,0,2056677,3355522,7674386,7733647,-0.302074,unrelated
S376,S421,BrikalskiPats-2023,Wysocki1129-2023,0,2050826,3478058,7674386,7799266,-0.317009,unrelated
S376,S422,BrikalskiPats-2023,Wysocki1129-2023,0,2078173,3438135,7674386,7735411,-0.311367,unrelated
S376,S423,BrikalskiPats-2023,Wysocki1129-2023,0,2048474,3537913,7674386,7838314,-0.324080,unrelated
S376,S424,BrikalskiPats-2023,Wysocki1129-2023,0,2194105,3599950,7674386,7581744,-0.328117,unrelated
S376,S442,BrikalskiPats-2023,Wedekind_3-2023,0,1657077,3851399,7674386,6337465,-0.431472,unrelated
S376,S443,BrikalskiPats-2023,Wedekind_3-2023,0,1956270,3572786,7674386,7460484,-0.342871,unrelated
S376,S444,BrikalskiPats-2023,Wedekind_3-2023,0,1968579,3543027,7674386,7291631,-0.341940,unrelated
S376,S445,BrikalskiPats-2023,Wedekind_3-2023,0,2191043,3392357,7674386,7860728,-0.295696,unrelated
S376,S446,BrikalskiPats-2023,Wedekind_3-2023,0,2097266,3609126,7674386,7648040,-0.334215,unrelated
S376,S447,BrikalskiPats-2023,Wedekind_3-2023,0,2059367,3457204,7674386,7678231,-0.316235,unrelated
S376,S448,BrikalskiPats-2023,Wedekind_3-2023,0,2008642,3719326,7674386,7296097,-0.362714,unrelated
S376,S474,BrikalskiPats-2023,Airport04-2023,0,2119134,3435220,7674386,7804708,-0.306950,unrelated
S376,S475,BrikalskiPats-2023,Airport04-2023,0,2091090,3303149,7674386,8082784,-0.286549,unrelated
S376,S476,BrikalskiPats-2023,Airport04-2023,0,1962633,3546707,7674386,7482884,-0.338503,unrelated
S376,S477,BrikalskiPats-2023,Airport04-2023,0,1983284,3455198,7674386,7485865,-0.325002,unrelated
S376,S478,BrikalskiPats-2023,Airport04-2023,0,2027168,3392348,7674386,7652969,-0.310395,unrelated
S376,S479,BrikalskiPats-2023,Airport04-2023,0,1976731,3372585,7674386,7412292,-0.316070,unrelated
S376,S480,BrikalskiPats-2023,Airport04-2023,0,1979208,3567855,7674386,6986357,-0.351722,unrelated
S386,S387,DaveBrilowski-2023,DaveBrilowski-2023,1,1967962,3462951,7581179,7340180,-0.332271,unrelated
S386,S388,DaveBrilowski-2023,DaveBrilowski-2023,1,2102485,3364785,7581179,7711070,-0.302577,unrelated
S386,S389,DaveBrilowski-2023,DaveBrilowski-2023,1,1991002,3498886,7581179,7419012,-0.333780,unrelated
S386,S390,DaveBrilowski-2023,DaveBrilowski-2023,1,2065148,3466741,7581179,7664668,-0.319322,unrelated
S386,S391,DaveBrilowski-2023,DaveBrilowski-2023,1,2127690,3323858,7581179,7786721,-0.294121,unrelated
S386,S392,DaveBrilowski-2023,DaveBrilowski-2023,1,2115205,3427364,7581179,7941139,-0.305336,unrelated
S386,S418,DaveBrilowski-2023,Wysocki1129-2023,0,2110765,3335512,7581179,7606408,-0.300262,unrelated
S386,S419,DaveBrilowski-2023,Wysocki1129-2023,0,1918429,3593363,7581179,7110209,-0.358598,unrelated
S386,S420,DaveBrilowski-2023,Wysocki1129-2023,0,2070102,3374894,7581179,7733647,-0.305566,unrelated
S386,S421,DaveBrilowski-2023,Wysocki1129-2023,0,2095209,3413732,7581179,7799266,-0.307680,unrelated
S386,S422,DaveBrilowski-2023,Wysocki1129-2023,0,2061441,3641817,7581179,7735411,-0.340950,unrelated
S386,S423,DaveBrilowski-2023,Wysocki1129-2023,0,2092641,3474834,7581179,7838314,-0.314993,unrelated
S386,S424,DaveBrilowski-2023,Wysocki1129-2023,0,1988241,3499177,7581179,7581744,-0.330419,unrelated
S386,S442,DaveBrilowski-2023,Wedekind_3-2023,0,1692264,3703404,7581179,6337465,-0.410568,unrelated
S386,S443,DaveBrilowski-2023,Wedekind_3-2023,0,2040582,3372335,7581179,7460484,-0.312737,unrelated
S386,S444,DaveBrilowski-2023,Wedekind_3-2023,0,1991796,3361170,7581179,7291631,-0.318067,unrelated
S386,S445,DaveBrilowski-2023,Wedekind_3-2023,0,2074925,3378107,7581179,7860728,-0.303155,unrelated
S386,S446,DaveBrilowski-2023,Wedekind_3-2023,0,2010343,3514699,7581179,7648040,-0.329567,unrelated
S386,S447,DaveBrilowski-2023,Wedekind_3-2023,0,2128588,3300526,7581179,7678231,-0.293095,unrelated
S386,S448,DaveBrilowski-2023,Wedekind_3-2023,0,1952996,3492989,7581179,7296097,-0.338300,unrelated
S386,S474,DaveBrilowski-2023,Airport04-2023,0,2043790,3423226,7581179,7804708,-0.312147,unrelated
S386,S475,DaveBrilowski-2023,Airport04-2023,0,2152082,3202817,7581179,8082784,-0.271550,unrelated
S386,S476,DaveBrilowski-2023,Airport04-2023,0,2008476,3470922,7581179,7482884,-0.327493,unrelated
S386,S477,DaveBrilowski-2023,Airport04-2023,0,2014862,3434903,7581179,7485865,-0.322223,unrelated
S386,S478,DaveBrilowski-2023,Airport04-2023,0,2057617,3282321,7581179,7652969,-0.295850,unrelated
S386,S479,DaveBrilowski-2023,Airport04-2023,0,2072121,3240188,7581179,7412292,-0.294012,unrelated
S386,S480,DaveBrilowski-2023,Airport04-2023,0,1826151,3662527,7581179,6986357,-0.377477,unrelated
S387,S388,DaveBrilowski-2023,DaveBrilowski-2023,1,2003593,3492250,7340180,7711070,-0.330930,unrelated
S387,S389,DaveBrilowski-2023,DaveBrilowski-2023,1,2043756,3554350,7340180,7419012,-0.343172,unrelated
S387,S390,DaveBrilowski-2023,DaveBrilowski-2023,1,1968531,3472293,7340180,7664668,-0.331630,unrelated
S387,S391,DaveBrilowski-2023,DaveBrilowski-2023,1,1976416,3473333,7340180,7786721,-0.328570,unrelated
S387,S392,DaveBrilowski-2023,DaveBrilowski-2023,1,2018684,3459134,7340180,7941139,-0.320626,unrelated
S387,S418,DaveBrilowski-2023,Wysocki1129-2023,0,2027197,3414870,7340180,7606408,-0.321314,unrelated
S387,S419,DaveBrilowski-2023,Wysocki1129-2023,0,1856290,3521272,7340180,7110209,-0.358901,unrelated
S387,S420,DaveBrilowski-2023,Wysocki1129-2023,0,2027594,3411460,7340180,7733647,-0.318123,unrelated
S387,S421,DaveBrilowski-2023,Wysocki1129-2023,0,2016438,3420686,7340180,7799266,-0.318700,unrelated
S387,S422,DaveBrilowski-2023,Wysocki1129-2023,0,1992446,3697441,7340180,7735411,-0.358356,unrelated
S387,S423,DaveBrilowski-2023,Wysocki1129-2023,0,2025030,3438333,7340180,7838314,-0.319639,unrelated
S387,S424,DaveBrilowski-2023,Wysocki1129-2023,0,1986139,3642793,7340180,7581744,-0.355145,unrelated
S387,S442,DaveBrilowski-2023,Wedekind_3-2023,0,1621909,3799745,7340180,6337465,-0.437033,unrelated
S387,S443,DaveBrilowski-2023,Wedekind_3-2023,0,1955398,3513088,7340180,7460484,-0.342605,unrelated
S387,S444,DaveBrilowski-2023,Wedekind_3-2023,0,1913495,3515674,7340180,7291631,-0.349776,unrelated
S387,S445,DaveBrilowski-2023,Wedekind_3-2023,0,1974742,3485302,7340180,7860728,-0.328655,unrelated
S387,S446,DaveBrilowski-2023,Wedekind_3-2023,0,1920707,3554418,7340180,7648040,-0.346147,unrelated
S387,S447,DaveBrilowski-2023,Wedekind_3-2023,0,2049776,3400833,7340180,7678231,-0.316404,unrelated
S387,S448,DaveBrilowski-2023,Wedekind_3-2023,0,1965184,3618822,7340180,7296097,-0.360232,unrelated
S387,S474,DaveBrilowski-2023,Airport04-2023,0,1945106,3459047,7340180,7804708,-0.328361,unrelated
S387,S475,DaveBrilowski-2023,Airport04-2023,0,2082458,3305281,7340180,8082784,-0.293595,unrelated
S387,S476,DaveBrilowski-2023,Airport04-2023,0,1884075,3547265,7340180,7482884,-0.351510,unrelated
S387,S477,DaveBrilowski-2023,Airport04-2023,0,1956171,3409975,7340180,7485865,-0.328056,unrelated
S387,S478,DaveBrilowski-2023,Airport04-2023,0,1983087,3419383,7340180,7652969,-0.323860,unrelated
S387,S479,DaveBrilowski-2023,Airport04-2023,0,1893016,3411748,7340180,7412292,-0.334214,unrelated
S387,S480,DaveBrilowski-2023,Airport04-2023,0,1830157,3663327,7340180,6986357,-0.383658,unrelated
S388,S389,DaveBrilowski-2023,DaveBrilowski-2023,1,2034461,3499065,7711070,7419012,-0.328066,unrelated
S388,S390,DaveBrilowski-2023,DaveBrilowski-2023,1,2103552,3405009,7711070,7664668,-0.306097,unrelated
S388,S391,DaveBrilowski-2023,DaveBrilowski-2023,1,2090885,3433174,7711070,7786721,-0.308138,unrelated
S388,S392,DaveBrilowski-2023,DaveBrilowski-2023,1,2128026,3320894,7711070,7941139,-0.288379,unrelated
S388,S418,DaveBrilowski-2023,Wysocki1129-2023,0,2107559,3363700,7711070,7606408,-0.301606,unrelated
S388,S419,DaveBrilowski-2023,Wysocki1129-2023,0,1927030,3551274,7711070,7110209,-0.349195,unrelated
S388,S420,DaveBrilowski-2023,Wysocki1129-2023,0,2110339,3413019,7711070,7733647,-0.305328,unrelated
S388,S421,DaveBrilowski-2023,Wysocki1129-2023,0,2122384,3305766,7711070,7799266,-0.289429,unrelated
S388,S422,DaveBrilowski-2023,Wysocki1129-2023,0,2090547,3674767,7711070,7735411,-0.340465,unrelated
S388,S423,DaveBrilowski-2023,Wysocki1129-2023,0,2151271,3348494,7711070,7838314,-0.292341,unrelated
S388,S424,DaveBrilowski-2023,Wysocki1129-2023,0,2011180,3500256,7711070,7581744,-0.326253,unrelated
S388,S442,DaveBrilowski-2023,Wedekind_3-2023,0,1704746,3722920,7711070,6337465,-0.408661,unrelated
S388,S443,DaveBrilowski-2023,Wedekind_3-2023,0,2019566,3439525,7711070,7460484,-0.320302,unrelated
S388,S444,DaveBrilowski-2023,Wedekind_3-2023,0,2005028,3406945,7711070,7291631,-0.320533,unrelated
S388,S445,DaveBrilowski-2023,Wedekind_3-2023,0,2089406,3433718,7711070,7860728,-0.306839,unrelated
S388,S446,DaveBrilowski-2023,Wedekind_3-2023,0,2034636,3507130,7711070,7648040,-0.324213,unrelated
S388,S447,DaveBrilowski-2023,Wedekind_3-2023,0,2116330,3349310,7711070,7678231,-0.297758,unrelated
S388,S448,DaveBrilowski-2023,Wedekind_3-2023,0,2002770,3370122,7711070,7296097,-0.315681,unrelated
S388,S474,DaveBrilowski-2023,Airport04-2023,0,2086589,3346139,7711070,7804708,-0.296839,unrelated
S388,S475,DaveBrilowski-2023,Airport04-2023,0,2196087,3205371,7711070,8082784,-0.266854,unrelated
S388,S476,DaveBrilowski-2023,Airport04-2023,0,2093148,3329192,7711070,7482884,-0.300464,unrelated
S388,S477,DaveBrilowski-2023,Airport04-2023,0,2026509,3402260,7711070,7485865,-0.314406,unrelated
S388,S478,DaveBrilowski-2023,Airport04-2023,0,2161227,3198426,7711070,7652969,-0.275684,unrelated
S388,S479,DaveBrilowski-2023,Airport04-2023,0,2032440,3371163,7711070,7412292,-0.311431,unrelated
S388,S480,DaveBrilowski-2023,Airport04-2023,0,1855199,3560862,7711070,6986357,-0.358330,unrelated
S389,S390,DaveBrilowski-2023,DaveBrilowski-2023,1,1980513,3540733,7419012,7664668,-0.338177,unrelated
S389,S391,DaveBrilowski-2023,DaveBrilowski-2023,1,1980531,3585432,7419012,7786721,-0.341341,unrelated
S389,S392,DaveBrilowski-2023,DaveBrilowski-2023,1,2060518,3502490,7419012,7941139,-0.321902,unrelated
S389,S418,DaveBrilowski-2023,Wysocki1129-2023,0,2034886,3481417,7419012,7606408,-0.327974,unrelated
S389,S419,DaveBrilowski-2023,Wysocki1129-2023,0,1858700,3586751,7419012,7110209,-0.365801,unrelated
S389,S420,DaveBrilowski-2023,Wysocki1129-2023,0,2030563,3464806,7419012,7733647,-0.323313,unrelated
S389,S421,DaveBrilowski-2023,Wysocki1129-2023,0,2043185,3366934,7419012,7799266,-0.308227,unrelated
S389,S422,DaveBrilowski-2023,Wysocki1129-2023,0,2026282,3729987,7419012,7735411,-0.358555,unrelated
S389,S423,DaveBrilowski-2023,Wysocki1129-2023,0,2035099,3438909,7419012,7838314,-0.317403,unrelated
S389,S424,DaveBrilowski-2023,Wysocki1129-2023,0,2012365,3686670,7419012,7581744,-0.357380,unrelated
S389,S442,DaveBrilowski-2023,Wedekind_3-2023,0,1633229,3790927,7419012,6337465,-0.432424,unrelated
S389,S443,DaveBrilowski-2023,Wedekind_3-2023,0,1921673,3603568,7419012,7460484,-0.355218,unrelated
S389,S444,DaveBrilowski-2023,Wedekind_3-2023,0,1918883,3646552,7419012,7291631,-0.365329,unrelated
S389,S445,DaveBrilowski-2023,Wedekind_3-2023,0,1961667,3569052,7419012,7860728,-0.338778,unrelated
S389,S446,DaveBrilowski-2023,Wedekind_3-2023,0,1944795,3585799,7419012,7648040,-0.346903,unrelated
S389,S447,DaveBrilowski-2023,Wedekind_3-2023,0,2053695,3458150,7419012,7678231,-0.322086,unrelated
S389,S448,DaveBrilowski-2023,Wedekind_3-2023,0,1970841,3656760,7419012,7296097,-0.363074,unrelated
S389,S474,DaveBrilowski-2023,Airport04-2023,0,1990308,3465314,7419012,7804708,-0.324515,unrelated
S389,S475,DaveBrilowski-2023,Airport04-2023,0,2132414,3242670,7419012,8082784,-0.280801,unrelated
S389,S476,DaveBrilowski-2023,Airport04-2023,0,1909624,3530460,7419012,7482884,-0.345681,unrelated
S389,S477,DaveBrilowski-2023,Airport04-2023,0,1946722,3438481,7419012,7485865,-0.330780,unrelated
S389,S478,DaveBrilowski-2023,Airport04-2023,0,2011799,3426803,7419012,7652969,-0.321246,unrelated
S389,S479,DaveBrilowski-2023,Airport04-2023,0,1900686,3456033,7419012,7412292,-0.337892,unrelated
S389,S480,DaveBrilowski-2023,Airport04-2023,0,1853847,3697057,7419012,6986357,-0.384597,unrelated
S390,S391,DaveBrilowski-2023,DaveBrilowski-2023,1,2054677,3495258,7664668,7786721,-0.319443,unrelated
S390,S392,DaveBrilowski-2023,DaveBrilowski-2023,1,2135429,3308237,7664668,7941139,-0.287140,unrelated
S390,S418,DaveBrilowski-2023,Wysocki1129-2023,0,2026637,3400604,7664668,7606408,-0.312655,unrelated
S390,S419,DaveBrilowski-2023,Wysocki1129-2023,0,1941719,3517414,7664668,7110209,-0.344714,unrelated
S390,S420,DaveBrilowski-2023,Wysocki1129-2023,0,2142946,3307282,7664668,7733647,-0.290397,unrelated
S390,S421,DaveBrilowski-2023,Wysocki1129-2023,0,2130275,3305487,7664668,7799266,-0.289752,unrelated
S390,S422,DaveBrilowski-2023,Wysocki1129-2023,0,2100643,3590072,7664668,7735411,-0.329836,unrelated
S390,S423,DaveBrilowski-2023,Wysocki1129-2023,0,2110963,3366454,7664668,7838314,-0.298133,unrelated
S390,S424,DaveBrilowski-2023,Wysocki1129-2023,0,2045122,3341658,7664668,7581744,-0.304215,unrelated
S390,S442,DaveBrilowski-2023,Wedekind_3-2023,0,1700381,3804887,7664668,6337465,-0.422035,unrelated
S390,S443,DaveBrilowski-2023,Wedekind_3-2023,0,2025338,3464277,7664668,7460484,-0.324176,unrelated
S390,S444,DaveBrilowski-2023,Wedekind_3-2023,0,1981839,3522612,7664668,7291631,-0.338545,unrelated
S390,S445,DaveBrilowski-2023,Wedekind_3-2023,0,2110281,3387887,7664668,7860728,-0.300507,unrelated
S390,S446,DaveBrilowski-2023,Wedekind_3-2023,0,2057795,3357257,7664668,7648040,-0.304108,unrelated
S390,S447,DaveBrilowski-2023,Wedekind_3-2023,0,2075991,3358890,7664668,7678231,-0.302537,unrelated
S390,S448,DaveBrilowski-2023,Wedekind_3-2023,0,1983929,3439197,7664668,7296097,-0.327153,unrelated
S390,S474,DaveBrilowski-2023,Airport04-2023,0,2048616,3269106,7664668,7804708,-0.290225,unrelated
S390,S475,DaveBrilowski-2023,Airport04-2023,0,2156479,3203685,7664668,8082784,-0.269942,unrelated
S390,S476,DaveBrilowski-2023,Airport04-2023,0,2065210,3279524,7664668,7482884,-0.296671,unrelated
S390,S477,DaveBrilowski-2023,Airport04-2023,0,2047189,3292312,7664668,7485865,-0.299490,unrelated
S390,S478,DaveBrilowski-2023,Airport04-2023,0,2058485,3289750,7664668,7652969,-0.295151,unrelated
S390,S479,DaveBrilowski-2023,Airport04-2023,0,2009706,3394120,7664668,7412292,-0.316943,unrelated
S390,S480,DaveBrilowski-2023,Airport04-2023,0,1864102,3457230,7664668,6986357,-0.344710,unrelated
S391,S392,DaveBrilowski-2023,DaveBrilowski-2023,1,2280242,3434300,7786721,7941139,-0.291734,unrelated
S391,S418,DaveBrilowski-2023,Wysocki1129-2023,0,2086783,3419690,7786721,7606408,-0.308748,unrelated
S391,S419,DaveBrilowski-2023,Wysocki1129-2023,0,1906324,3630746,7786721,7110209,-0.359481,unrelated
S391,S420,DaveBrilowski-2023,Wysocki1129-2023,0,2103490,3343025,7786721,7733647,-0.295261,unrelated
S391,S421,DaveBrilowski-2023,Wysocki1129-2023,0,2076161,3434590,7786721,7799266,-0.307521,unrelated
S391,S422,DaveBrilowski-2023,Wysocki1129-2023,0,2121206,3396325,7786721,7735411,-0.300954,unrelated
S391,S423,DaveBrilowski-2023,Wysocki1129-2023,0,2105918,3398683,7786721,7838314,-0.300252,unrelated
S391,S424,DaveBrilowski-2023,Wysocki1129-2023,0,2083775,3492711,7786721,7581744,-0.318942,unrelated
S391,S442,DaveBrilowski-2023,Wedekind_3-2023,0,1693141,3707265,7786721,6337465,-0.405077,unrelated
S391,S443,DaveBrilowski-2023,Wedekind_3-2023,0,2012553,3394949,7786721,7460484,-0.313326,unrelated
S391,S444,DaveBrilowski-2023,Wedekind_3-2023,0,1986210,3372986,7786721,7291631,-0.315669,unrelated
S391,S445,DaveBrilowski-2023,Wedekind_3-2023,0,2237880,3355599,7786721,7860728,-0.285882,unrelated
S391,S446,DaveBrilowski-2023,Wedekind_3-2023,0,2128842,3476165,7786721,7648040,-0.312508,unrelated
S391,S447,DaveBrilowski-2023,Wedekind_3-2023,0,2117659,3425674,7786721,7678231,-0.306091,unrelated
S391,S448,DaveBrilowski-2023,Wedekind_3-2023,0,1951582,3582239,7786721,7296097,-0.345618,unrelated
S391,S474,DaveBrilowski-2023,Airport04-2023,0,2184921,3375435,7786721,7804708,-0.292850,unrelated
S391,S475,DaveBrilowski-2023,Airport04-2023,0,2161345,3215770,7786721,8082784,-0.269082,unrelated
S391,S476,DaveBrilowski-2023,Airport04-2023,0,2022303,3470585,7786721,7482884,-0.322135,unrelated
S391,S477,DaveBrilowski-2023,Airport04-2023,0,2010449,3466129,7786721,7485865,-0.322264,unrelated
S391,S478,DaveBrilowski-2023,Airport04-2023,0,2075558,3321313,7786721,7652969,-0.295800,unrelated
S391,S479,DaveBrilowski-2023,Airport04-2023,0,2030424,3330151,7786721,7412292,-0.304617,unrelated
S391,S480,DaveBrilowski-2023,Airport04-2023,0,1967000,3503020,7786721,6986357,-0.341096,unrelated
S392,S418,DaveBrilowski-2023,Wysocki1129-2023,0,2125187,3312268,7941139,7606408,-0.289393,unrelated
S392,S419,DaveBrilowski-2023,Wysocki1129-2023,0,1965780,3434313,7941139,7110209,-0.325741,unrelated
S392,S420,DaveBrilowski-2023,Wysocki1129-2023,0,2124021,3315462,7941139,7733647,-0.287526,unrelated
S392,S421,DaveBrilowski-2023,Wysocki1129-2023,0,2107451,3355055,7941139,7799266,-0.292410,unrelated
S392,S422,DaveBrilowski-2023,Wysocki1129-2023,0,2130230,3368362,7941139,7735411,-0.293846,unrelated
S392,S423,DaveBrilowski-2023,Wysocki1129-2023,0,2190281,3341307,7941139,7838314,-0.284695,unrelated
S392,S424,DaveBrilowski-2023,Wysocki1129-2023,0,2163417,3384682,7941139,7581744,-0.296720,unrelated
S392,S442,DaveBrilowski-2023,Wedekind_3-2023,0,1707418,3816365,7941139,6337465,-0.414978,unrelated
S392,S443,DaveBrilowski-2023,Wedekind_3-2023,0,1995691,3473499,7941139,7460484,-0.321480,unrelated
S392,S444,DaveBrilowski-2023,Wedekind_3-2023,0,2011087,3545020,7941139,7291631,-0.333423,unrelated
S392,S445,DaveBrilowski-2023,Wedekind_3-2023,0,2231967,3448350,7941139,7860728,-0.295201,unrelated
S392,S446,DaveBrilowski-2023,Wedekind_3-2023,0,2153906,3358581,7941139,7648040,-0.292719,unrelated
S392,S447,DaveBrilowski-2023,Wedekind_3-2023,0,2158001,3288159,7941139,7678231,-0.282874,unrelated
S392,S448,DaveBrilowski-2023,Wedekind_3-2023,0,2064402,3360627,7941139,7296097,-0.305623,unrelated
S392,S474,DaveBrilowski-2023,Airport04-2023,0,2228521,3250252,7941139,7804708,-0.271309,unrelated
S392,S475,DaveBrilowski-2023,Airport04-2023,0,2179433,3248992,7941139,8082784,-0.269506,unrelated
S392,S476,DaveBrilowski-2023,Airport04-2023,0,2062763,3322684,7941139,7482884,-0.297108,unrelated
S392,S477,DaveBrilowski-2023,Airport04-2023,0,2048863,3312669,7941139,7485865,-0.296654,unrelated
S392,S478,DaveBrilowski-2023,Airport04-2023,0,2109858,3220970,7941139,7652969,-0.277802,unrelated
S392,S479,DaveBrilowski-2023,Airport04-2023,0,2054967,3387635,7941139,7412292,-0.307443,unrelated
S392,S480,DaveBrilowski-2023,Airport04-2023,0,2012165,3484142,7941139,6986357,-0.332013,unrelated
S418,S419,Wysocki1129-2023,Wysocki1129-2023,1,1956167,3441864,7606408,7110209,-0.334830,unrelated
S418,S420,Wysocki1129-2023,Wysocki1129-2023,1,2116216,3316129,7606408,7733647,-0.294395,unrelated
S418,S421,Wysocki1129-2023,Wysocki1129-2023,1,2060962,3362263,7606408,7799266,-0.302717,unrelated
S418,S422,Wysocki1129-2023,Wysocki1129-2023,1,2109121,3591924,7606408,7735411,-0.330777,unrelated
S418,S423,Wysocki1129-2023,Wysocki1129-2023,1,2125943,3344138,7606408,7838314,-0.295398,unrelated
S418,S424,Wysocki1129-2023,Wysocki1129-2023,1,2011043,3497881,7606408,7581744,-0.328198,unrelated
S418,S442,Wysocki1129-2023,Wedekind_3-2023,0,1689502,3718709,7606408,6337465,-0.412218,unrelated
S418,S443,Wysocki1129-2023,Wedekind_3-2023,0,2058423,3357852,7606408,7460484,-0.309107,unrelated
S418,S444,Wysocki1129-2023,Wedekind_3-2023,0,1967159,3426672,7606408,7291631,-0.327975,unrelated
S418,S445,Wysocki1129-2023,Wedekind_3-2023,0,2125884,3350536,7606408,7860728,-0.295801,unrelated
S418,S446,Wysocki1129-2023,Wedekind_3-2023,0,2018770,3411391,7606408,7648040,-0.314925,unrelated
S418,S447,Wysocki1129-2023,Wedekind_3-2023,0,2130995,3305227,7606408,7678231,-0.293069,unrelated
S418,S448,Wysocki1129-2023,Wedekind_3-2023,0,1984074,3364087,7606408,7296097,-0.318342,unrelated
S418,S474,Wysocki1129-2023,Airport04-2023,0,2051897,3339638,7606408,7804708,-0.300262,unrelated
S418,S475,Wysocki1129-2023,Airport04-2023,0,2189498,3183569,7606408,8082784,-0.266275,unrelated
S418,S476,Wysocki1129-2023,Airport04-2023,0,2040531,3339962,7606408,7482884,-0.307463,unrelated
S418,S477,Wysocki1129-2023,Airport04-2023,0,2030528,3303668,7606408,7485865,-0.303255,unrelated
S418,S478,Wysocki1129-2023,Airport04-2023,0,2151898,3165673,7606408,7652969,-0.273894,unrelated
S418,S479,Wysocki1129-2023,Airport04-2023,0,2001775,3281285,7606408,7412292,-0.303674,unrelated
S418,S480,Wysocki1129-2023,Airport04-2023,0,1876418,3542581,7606408,6986357,-0.356940,unrelated
S419,S420,Wysocki1129-2023,Wysocki1129-2023,1,1999561,3424553,7110209,7733647,-0.326704,unrelated
S419,S421,Wysocki1129-2023,Wysocki1129-2023,1,1942579,3451736,7110209,7799266,-0.332734,unrelated
S419,S422,Wysocki1129-2023,Wysocki1129-2023,1,1916039,3714083,7110209,7735411,-0.371297,unrelated
S419,S423,Wysocki1129-2023,Wysocki1129-2023,1,1991438,3384719,7110209,7838314,-0.319630,unrelated
S419,S424,Wysocki1129-2023,Wysocki1129-2023,1,1866461,3611616,7110209,7581744,-0.364606,unrelated
S419,S442,Wysocki1129-2023,Wedekind_3-2023,0,1580465,3952518,7110209,6337465,-0.470310,unrelated
S419,S443,Wysocki1129-2023,Wedekind_3-2023,0,1871573,3522264,7110209,7460484,-0.355025,unrelated
S419,S444,Wysocki1129-2023,Wedekind_3-2023,0,1869577,3573152,7110209,7291631,-0.366393,unrelated
S419,S445,Wysocki1129-2023,Wedekind_3-2023,0,1939845,3545618,7110209,7860728,-0.344093,unrelated
S419,S446,Wysocki1129-2023,Wedekind_3-2023,0,1925422,3461572,7110209,7648040,-0.338639,unrelated
S419,S447,Wysocki1129-2023,Wedekind_3-2023,0,1952276,3373994,7110209,7678231,-0.324288,unrelated
S419,S448,Wysocki1129-2023,Wedekind_3-2023,0,1857542,3550414,7110209,7296097,-0.363958,unrelated
S419,S474,Wysocki1129-2023,Airport04-2023,0,1973941,3406413,7110209,7804708,-0.324433,unrelated
S419,S475,Wysocki1129-2023,Airport04-2023,0,2012267,3312595,7110209,8082784,-0.303622,unrelated
S419,S476,Wysocki1129-2023,Airport04-2023,0,1894570,3512686,7110209,7482884,-0.351591,unrelated
S419,S477,Wysocki1129-2023,Airport04-2023,0,1940489,3259610,7110209,7485865,-0.313696,unrelated
S419,S478,Wysocki1129-2023,Airport04-2023,0,1928399,3402588,7110209,7652969,-0.330334,unrelated
S419,S479,Wysocki1129-2023,Airport04-2023,0,1871110,3556006,7110209,7412292,-0.360882,unrelated
S419,S480,Wysocki1129-2023,Airport04-2023,0,1735654,3567395,7110209,6986357,-0.383011,unrelated
S420,S421,Wysocki1129-2023,Wysocki1129-2023,1,2138437,3288590,7733647,7799266,-0.285764,unrelated
S420,S422,Wysocki1129-2023,Wysocki1129-2023,1,2158040,3499553,7733647,7735411,-0.312952,unrelated
S420,S423,Wysocki1129-2023,Wysocki1129-2023,1,2133980,3302818,7733647,7838314,-0.287161,unrelated
S420,S424,Wysocki1129-2023,Wysocki1129-2023,1,2045428,3366402,7733647,7581744,-0.306057,unrelated
S420,S442,Wysocki1129-2023,Wedekind_3-2023,0,1726910,3640970,7733647,6337465,-0.394783,unrelated
S420,S443,Wysocki1129-2023,Wedekind_3-2023,0,2065557,3375865,7733647,7460484,-0.308420,unrelated
S420,S444,Wysocki1129-2023,Wedekind_3-2023,0,1990077,3349692,7733647,7291631,-0.313426,unrelated
S420,S445,Wysocki1129-2023,Wedekind_3-2023,0,2065063,3375423,7733647,7860728,-0.300479,unrelated
S420,S446,Wysocki1129-2023,Wedekind_3-2023,0,2109005,3293540,7733647,7648040,-0.291130,unrelated
S420,S447,Wysocki1129-2023,Wedekind_3-2023,0,2124656,3317195,7733647,7678231,-0.292614,unrelated
S420,S448,Wysocki1129-2023,Wedekind_3-2023,0,1989090,3396108,7733647,7296097,-0.319575,unrelated
S420,S474,Wysocki1129-2023,Airport04-2023,0,2090713,3282430,7733647,7804708,-0.287942,unrelated
S420,S475,Wysocki1129-2023,Airport04-2023,0,2228817,3115295,7733647,8082784,-0.253014,unrelated
S420,S476,Wysocki1129-2023,Airport04-2023,0,2049835,3320545,7733647,7482884,-0.301728,unrelated
S420,S477,Wysocki1129-2023,Airport04-2023,0,2066740,3233345,7733647,7485865,-0.289099,unrelated
S420,S478,Wysocki1129-2023,Airport04-2023,0,2168451,3191171,7733647,7652969,-0.273867,unrelated
S420,S479,Wysocki1129-2023,Airport04-2023,0,2047566,3268407,7733647,7412292,-0.296399,unrelated
S420,S480,Wysocki1129-2023,Airport04-2023,0,1899132,3382820,7733647,6986357,-0.330605,unrelated
S421,S422,Wysocki1129-2023,Wysocki1129-2023,1,2145539,3541743,7799266,7735411,-0.317866,unrelated
S421,S423,Wysocki1129-2023,Wysocki1129-2023,1,2211790,3285380,7799266,7838314,-0.278750,unrelated
S421,S424,Wysocki1129-2023,Wysocki1129-2023,1,2045366,3456246,7799266,7581744,-0.316437,unrelated
S421,S442,Wysocki1129-2023,Wedekind_3-2023,0,1748152,3719198,7799266,6337465,-0.402515,unrelated
S421,S443,Wysocki1129-2023,Wedekind_3-2023,0,2001890,3426263,7799266,7460484,-0.317871,unrelated
S421,S444,Wysocki1129-2023,Wedekind_3-2023,0,2009409,3476464,7799266,7291631,-0.327583,unrelated
S421,S445,Wysocki1129-2023,Wedekind_3-2023,0,2093778,3464720,7799266,7860728,-0.308791,unrelated
S421,S446,Wysocki1129-2023,Wedekind_3-2023,0,2064167,3379325,7799266,7648040,-0.303903,unrelated
S421,S447,Wysocki1129-2023,Wedekind_3-2023,0,2105486,3319598,7799266,7678231,-0.292923,unrelated
S421,S448,Wysocki1129-2023,Wedekind_3-2023,0,2000085,3428908,7799266,7296097,-0.321803,unrelated
S421,S474,Wysocki1129-2023,Airport04-2023,0,2133799,3180739,7799266,7804708,-0.270936,unrelated
S421,S475,Wysocki1129-2023,Airport04-2023,0,2187145,3174205,7799266,8082784,-0.262011,unrelated
S421,S476,Wysocki1129-2023,Airport04-2023,0,2037165,3279371,7799266,7482884,-0.295873,unrelated
S421,S477,Wysocki1129-2023,Airport04-2023,0,2076154,3263835,7799266,7485865,-0.291232,unrelated
S421,S478,Wysocki1129-2023,Airport04-2023,0,2076718,3255450,7799266,7652969,-0.286961,unrelated
S421,S479,Wysocki1129-2023,Airport04-2023,0,2021067,3404034,7799266,7412292,-0.314695,unrelated
S421,S480,Wysocki1129-2023,Airport04-2023,0,1901141,3385642,7799266,6986357,-0.329384,unrelated
S422,S423,Wysocki1129-2023,Wysocki1129-2023,1,2119830,3573732,7735411,7838314,-0.322828,unrelated
S422,S424,Wysocki1129-2023,Wysocki1129-2023,1,2024531,3409079,7735411,7581744,-0.312958,unrelated
S422,S442,Wysocki1129-2023,Wedekind_3-2023,0,1706027,3977828,7735411,6337465,-0.444090,unrelated
S422,S443,Wysocki1129-2023,Wedekind_3-2023,0,2052519,3630876,7735411,7460484,-0.342805,unrelated
S422,S444,Wysocki1129-2023,Wedekind_3-2023,0,1970813,3656751,7735411,7291631,-0.355538,unrelated
S422,S445,Wysocki1129-2023,Wedekind_3-2023,0,2126543,3322184,7735411,7860728,-0.289676,unrelated
S422,S446,Wysocki1129-2023,Wedekind_3-2023,0,2050647,3522610,7735411,7648040,-0.324672,unrelated
S422,S447,Wysocki1129-2023,Wedekind_3-2023,0,2160131,3534464,7735411,7678231,-0.318471,unrelated
S422,S448,Wysocki1129-2023,Wedekind_3-2023,0,1974255,3713281,7735411,7296097,-0.362725,unrelated
S422,S474,Wysocki1129-2023,Airport04-2023,0,2084750,3267240,7735411,7804708,-0.286338,unrelated
S422,S475,Wysocki1129-2023,Airport04-2023,0,2194528,3436803,7735411,8082784,-0.295804,unrelated
S422,S476,Wysocki1129-2023,Airport04-2023,0,2013072,3601157,7735411,7482884,-0.340987,unrelated
S422,S477,Wysocki1129-2023,Airport04-2023,0,2029701,3563594,7735411,7485865,-0.334892,unrelated
S422,S478,Wysocki1129-2023,Airport04-2023,0,2103072,3488421,7735411,7652969,-0.316718,unrelated
S422,S479,Wysocki1129-2023,Airport04-2023,0,2029617,3527484,7735411,7412292,-0.331757,unrelated
S422,S480,Wysocki1129-2023,Airport04-2023,0,1897891,3559930,7735411,6986357,-0.354711,unrelated
S423,S424,Wysocki1129-2023,Wysocki1129-2023,1,2048773,3534605,7838314,7581744,-0.325578,unrelated
S423,S442,Wysocki1129-2023,Wedekind_3-2023,0,1753118,3704568,7838314,6337465,-0.398992,unrelated
S423,S443,Wysocki1129-2023,Wedekind_3-2023,0,2057746,3339614,7838314,7460484,-0.302081,unrelated
S423,S444,Wysocki1129-2023,Wedekind_3-2023,0,2046300,3465321,7838314,7291631,-0.322826,unrelated
S423,S445,Wysocki1129-2023,Wedekind_3-2023,0,2148295,3385806,7838314,7860728,-0.294497,unrelated
S423,S446,Wysocki1129-2023,Wedekind_3-2023,0,2111479,3286161,7838314,7648040,-0.288050,unrelated
S423,S447,Wysocki1129-2023,Wedekind_3-2023,0,2120784,3404424,7838314,7678231,-0.302133,unrelated
S423,S448,Wysocki1129-2023,Wedekind_3-2023,0,2027159,3421424,7838314,7296097,-0.318195,unrelated
S423,S474,Wysocki1129-2023,Airport04-2023,0,2118383,3266286,7838314,7804708,-0.282183,unrelated
S423,S475,Wysocki1129-2023,Airport04-2023,0,2241794,3148144,7838314,8082784,-0.254662,unrelated
S423,S476,Wysocki1129-2023,Airport04-2023,0,2026729,3337195,7838314,7482884,-0.303348,unrelated
S423,S477,Wysocki1129-2023,Airport04-2023,0,2068687,3307177,7838314,7485865,-0.296634,unrelated
S423,S478,Wysocki1129-2023,Airport04-2023,0,2108323,3246668,7838314,7652969,-0.283063,unrelated
S423,S479,Wysocki1129-2023,Airport04-2023,0,2015622,3443720,7838314,7412292,-0.319451,unrelated
S423,S480,Wysocki1129-2023,Airport04-2023,0,1908273,3419619,7838314,6986357,-0.332619,unrelated
S424,S442,Wysocki1129-2023,Wedekind_3-2023,0,1634801,3887144,7581744,6337465,-0.441080,unrelated
S424,S443,Wysocki1129-2023,Wedekind_3-2023,0,1940012,3511779,7581744,7460484,-0.337952,unrelated
S424,S444,Wysocki1129-2023,Wedekind_3-2023,0,1932746,3580873,7581744,7291631,-0.351568,unrelated
S424,S445,Wysocki1129-2023,Wedekind_3-2023,0,2140943,3441122,7581744,7860728,-0.307030,unrelated
S424,S446,Wysocki1129-2023,Wedekind_3-2023,0,2036935,3513100,7581744,7648040,-0.327599,unrelated
S424,S447,Wysocki1129-2023,Wedekind_3-2023,0,2011477,3426755,7581744,7678231,-0.317303,unrelated
S424,S448,Wysocki1129-2023,Wedekind_3-2023,0,1964710,3656010,7581744,7296097,-0.359414,unrelated
S424,S474,Wysocki1129-2023,Airport04-2023,0,2116356,3404275,7581744,7804708,-0.304956,unrelated
S424,S475,Wysocki1129-2023,Airport04-2023,0,2071135,3345036,7581744,8082784,-0.294866,unrelated
S424,S476,Wysocki1129-2023,Airport04-2023,0,1940998,3459406,7581744,7482884,-0.330431,unrelated
S424,S477,Wysocki1129-2023,Airport04-2023,0,1983187,3444836,7581744,7485865,-0.325631,unrelated
S424,S478,Wysocki1129-2023,Airport04-2023,0,2006252,3426198,7581744,7652969,-0.318099,unrelated
S424,S479,Wysocki1129-2023,Airport04-2023,0,1946150,3413410,7581744,7412292,-0.325507,unrelated
S424,S480,Wysocki1129-2023,Airport04-2023,0,1945372,3654053,7581744,6986357,-0.368115,unrelated
S442,S443,Wedekind_3-2023,Wedekind_3-2023,1,1641290,3731539,6337465,7460484,-0.421931,unrelated
S442,S444,Wedekind_3-2023,Wedekind_3-2023,1,1661937,3712561,6337465,7291631,-0.422859,unrelated
S442,S445,Wedekind_3-2023,Wedekind_3-2023,1,1718301,3663496,6337465,7860728,-0.395029,unrelated
S442,S446,Wedekind_3-2023,Wedekind_3-2023,1,1655789,3818506,6337465,7648040,-0.427673,unrelated
S442,S447,Wedekind_3-2023,Wedekind_3-2023,1,1756288,3639206,6337465,7678231,-0.393996,unrelated
S442,S448,Wedekind_3-2023,Wedekind_3-2023,1,1605483,3853237,6337465,7296097,-0.447498,unrelated
S442,S474,Wedekind_3-2023,Airport04-2023,0,1720034,3708476,6337465,7804708,-0.402832,unrelated
S442,S475,Wedekind_3-2023,Airport04-2023,0,1799084,3509917,6337465,8082784,-0.362043,unrelated
S442,S476,Wedekind_3-2023,Airport04-2023,0,1646115,3778013,6337465,7482884,-0.427624,unrelated
S442,S477,Wedekind_3-2023,Airport04-2023,0,1672777,3755226,6337465,7485865,-0.422306,unrelated
S442,S478,Wedekind_3-2023,Airport04-2023,0,1678880,3676009,6337465,7652969,-0.405501,unrelated
S442,S479,Wedekind_3-2023,Airport04-2023,0,1624360,3698516,6337465,7412292,-0.419838,unrelated
S442,S480,Wedekind_3-2023,Airport04-2023,0,1519877,3953901,6337465,6986357,-0.479436,unrelated
S443,S444,Wedekind_3-2023,Wedekind_3-2023,1,1958761,3363756,7460484,7291631,-0.323259,unrelated
S443,S445,Wedekind_3-2023,Wedekind_3-2023,1,2052468,3397811,7460484,7860728,-0.309581,unrelated
S443,S446,Wedekind_3-2023,Wedekind_3-2023,1,2000622,3442573,7460484,7648040,-0.323296,unrelated
S443,S447,Wedekind_3-2023,Wedekind_3-2023,1,2051786,3369511,7460484,7678231,-0.309619,unrelated
S443,S448,Wedekind_3-2023,Wedekind_3-2023,1,1900699,3542256,7460484,7296097,-0.351288,unrelated
S443,S474,Wedekind_3-2023,Airport04-2023,0,1977953,3364470,7460484,7804708,-0.311230,unrelated
S443,S475,Wedekind_3-2023,Airport04-2023,0,2076502,3232852,7460484,8082784,-0.282386,unrelated
S443,S476,Wedekind_3-2023,Airport04-2023,0,1950458,3399285,7460484,7482884,-0.324432,unrelated
S443,S477,Wedekind_3-2023,Airport04-2023,0,1939970,3371703,7460484,7485865,-0.321379,unrelated
S443,S478,Wedekind_3-2023,Airport04-2023,0,2019156,3339651,7460484,7652969,-0.308344,unrelated
S443,S479,Wedekind_3-2023,Airport04-2023,0,1912990,3431034,7460484,7412292,-0.332761,unrelated
S443,S480,Wedekind_3-2023,Airport04-2023,0,1761057,3612186,7460484,6986357,-0.378167,unrelated
S444,S445,Wedekind_3-2023,Wedekind_3-2023,1,2016340,3393443,7291631,7860728,-0.314839,unrelated
S444,S446,Wedekind_3-2023,Wedekind_3-2023,1,1927768,3545043,7291631,7648040,-0.345544,unrelated
S444,S447,Wedekind_3-2023,Wedekind_3-2023,1,1983654,3407904,7291631,7678231,-0.322792,unrelated
S444,S448,Wedekind_3-2023,Wedekind_3-2023,1,1905474,3564067,7291631,7296097,-0.358017,unrelated
S444,S474,Wedekind_3-2023,Airport04-2023,0,1992999,3450331,7291631,7804708,-0.325090,unrelated
S444,S475,Wedekind_3-2023,Airport04-2023,0,2059119,3301902,7291631,8082784,-0.295601,unrelated
S444,S476,Wedekind_3-2023,Airport04-2023,0,1929435,3488991,7291631,7482884,-0.341706,unrelated
S444,S477,Wedekind_3-2023,Airport04-2023,0,1952507,3475842,7291631,7485865,-0.338297,unrelated
S444,S478,Wedekind_3-2023,Airport04-2023,0,1967868,3313951,7291631,7652969,-0.311821,unrelated
S444,S479,Wedekind_3-2023,Airport04-2023,0,1925690,3298860,7291631,7412292,-0.317740,unrelated
S444,S480,Wedekind_3-2023,Airport04-2023,0,1812354,3679306,7291631,6986357,-0.388448,unrelated
S445,S446,Wedekind_3-2023,Wedekind_3-2023,1,2159548,3412794,7860728,7648040,-0.300865,unrelated
S445,S447,Wedekind_3-2023,Wedekind_3-2023,1,2089938,3362687,7860728,7678231,-0.298311,unrelated
S445,S448,Wedekind_3-2023,Wedekind_3-2023,1,1976048,3551626,7860728,7296097,-0.338277,unrelated
S445,S474,Wedekind_3-2023,Airport04-2023,0,2227452,3343803,7860728,7804708,-0.284713,unrelated
S445,S475,Wedekind_3-2023,Airport04-2023,0,2172889,3236542,7860728,8082784,-0.269714,unrelated
S445,S476,Wedekind_3-2023,Airport04-2023,0,2035840,3487982,7860728,7482884,-0.321966,unrelated
S445,S477,Wedekind_3-2023,Airport04-2023,0,2031943,3409133,7860728,7485865,-0.311882,unrelated
S445,S478,Wedekind_3-2023,Airport04-2023,0,2097889,3299235,7860728,7652969,-0.290104,unrelated
S445,S479,Wedekind_3-2023,Airport04-2023,0,2009975,3279652,7860728,7412292,-0.297867,unrelated
S445,S480,Wedekind_3-2023,Airport04-2023,0,1968757,3520876,7860728,6986357,-0.341683,unrelated
S446,S447,Wedekind_3-2023,Wedekind_3-2023,1,1994906,3514392,7648040,7678231,-0.328448,unrelated
S446,S448,Wedekind_3-2023,Wedekind_3-2023,1,1915243,3514948,7648040,7296097,-0.342251,unrelated
S446,S474,Wedekind_3-2023,Airport04-2023,0,2082933,3389893,7648040,7804708,-0.303949,unrelated
S446,S475,Wedekind_3-2023,Airport04-2023,0,2120894,3226882,7648040,8082784,-0.275438,unrelated
S446,S476,Wedekind_3-2023,Airport04-2023,0,2001261,3366465,7648040,7482884,-0.312715,unrelated
S446,S477,Wedekind_3-2023,Airport04-2023,0,1989706,3356335,7648040,7485865,-0.312078,unrelated
S446,S478,Wedekind_3-2023,Airport04-2023,0,2047878,3330760,7648040,7652969,-0.301525,unrelated
S446,S479,Wedekind_3-2023,Airport04-2023,0,1995207,3442966,7648040,7412292,-0.324742,unrelated
S446,S480,Wedekind_3-2023,Airport04-2023,0,1903871,3473653,7648040,6986357,-0.344629,unrelated
S447,S448,Wedekind_3-2023,Wedekind_3-2023,1,2007038,3382469,7678231,7296097,-0.317737,unrelated
S447,S474,Wedekind_3-2023,Airport04-2023,0,2099410,3288408,7678231,7804708,-0.289183,unrelated
S447,S475,Wedekind_3-2023,Airport04-2023,0,2188904,3206372,7678231,8082784,-0.267993,unrelated
S447,S476,Wedekind_3-2023,Airport04-2023,0,2021514,3367938,7678231,7482884,-0.310951,unrelated
S447,S477,Wedekind_3-2023,Airport04-2023,0,2012859,3276007,7678231,7485865,-0.299336,unrelated
S447,S478,Wedekind_3-2023,Airport04-2023,0,2123624,3213672,7678231,7652969,-0.280716,unrelated
S447,S479,Wedekind_3-2023,Airport04-2023,0,2028622,3292069,7678231,7412292,-0.301879,unrelated
S447,S480,Wedekind_3-2023,Airport04-2023,0,1850381,3507659,7678231,6986357,-0.352205,unrelated
S448,S474,Wedekind_3-2023,Airport04-2023,0,1983874,3410991,7296097,7804708,-0.320387,unrelated
S448,S475,Wedekind_3-2023,Airport04-2023,0,2066358,3294991,7296097,8082784,-0.294145,unrelated
S448,S476,Wedekind_3-2023,Airport04-2023,0,1932785,3338677,7296097,7482884,-0.321035,unrelated
S448,S477,Wedekind_3-2023,Airport04-2023,0,1945348,3431949,7296097,7485865,-0.332740,unrelated
S448,S478,Wedekind_3-2023,Airport04-2023,0,1997225,3256520,7296097,7652969,-0.302080,unrelated
S448,S479,Wedekind_3-2023,Airport04-2023,0,1880899,3478156,7296097,7412292,-0.345069,unrelated
S448,S480,Wedekind_3-2023,Airport04-2023,0,1871093,3642057,7296097,6986357,-0.378998,unrelated
S474,S475,Airport04-2023,Airport04-2023,1,2230596,3102543,7804708,8082784,-0.250165,unrelated
S474,S476,Airport04-2023,Airport04-2023,1,2035325,3273067,7804708,7482884,-0.295063,unrelated
S474,S477,Airport04-2023,Airport04-2023,1,2082040,3235277,7804708,7485865,-0.287008,unrelated
S474,S478,Airport04-2023,Airport04-2023,1,2080675,3211063,7804708,7652969,-0.280861,unrelated
S474,S479,Airport04-2023,Airport04-2023,1,2003734,3391993,7804708,7412292,-0.314139,unrelated
S474,S480,Airport04-2023,Airport04-2023,1,1974647,3408456,7804708,6986357,-0.327378,unrelated
S475,S476,Airport04-2023,Airport04-2023,1,2170830,3137440,8082784,7482884,-0.263660,unrelated
S475,S477,Airport04-2023,Airport04-2023,1,2168513,3107859,8082784,7485865,-0.259959,unrelated
S475,S478,Airport04-2023,Airport04-2023,1,2250490,3105507,8082784,7652969,-0.251690,unrelated
S475,S479,Airport04-2023,Airport04-2023,1,2128091,3165225,8082784,7412292,-0.271206,unrelated
S475,S480,Airport04-2023,Airport04-2023,1,2010011,3270983,8082784,6986357,-0.300744,unrelated
S476,S477,Airport04-2023,Airport04-2023,1,2032921,3264339,7482884,7485865,-0.300343,unrelated
S476,S478,Airport04-2023,Airport04-2023,1,2087848,3214991,7482884,7652969,-0.286877,unrelated
S476,S479,Airport04-2023,Airport04-2023,1,2033748,3377414,7482884,7412292,-0.316954,unrelated
S476,S480,Airport04-2023,Airport04-2023,1,1835858,3487380,7482884,6986357,-0.355160,unrelated
S477,S478,Airport04-2023,Airport04-2023,1,2079385,3179959,7485865,7652969,-0.282752,unrelated
S477,S479,Airport04-2023,Airport04-2023,1,2000490,3359072,7485865,7412292,-0.316660,unrelated
S477,S480,Airport04-2023,Airport04-2023,1,1861424,3361730,7485865,6986357,-0.335956,unrelated
S478,S479,Airport04-2023,Airport04-2023,1,2081056,3160775,7652969,7412292,-0.281475,unrelated
S478,S480,Airport04-2023,Airport04-2023,1,1916993,3337166,7652969,6986357,-0.324970,unrelated
S479,S480,Airport04-2023,Airport04-2023,1,1829555,3479952,7412292,6986357,-0.356308,unrelated
