ind_a,ind_b,site_a,site_b,within_site,n_hethet,n_opphom,n_het_a,n_het_b,kinship,degree
S1,S2,Alsum18-2019,Alsum18-2019,1,1899018,3468457,7209009,7117444,-0.351650,unrelated
S1,S3,Alsum18-2019,Alsum18-2019,1,1985785,3374088,7209009,7877366,-0.315675,unrelated
S1,S4,Alsum18-2019,Alsum18-2019,1,1966270,3284148,7209009,7720650,-0.308247,unrelated
S1,S5,Alsum18-2019,Alsum18-2019,1,1985891,3439088,7209009,7498440,-0.332640,unrelated
S1,S6,Alsum18-2019,Alsum18-2019,1,1928354,3322094,7209009,7414721,-0.322478,unrelated
S1,S7,Alsum18-2019,Alsum18-2019,1,2012412,3394543,7209009,7637043,-0.321747,unrelated
S1,S29,Alsum18-2019,Alsum59-2019,0,1965679,3569059,7209009,7329524,-0.355774,unrelated
S1,S30,Alsum18-2019,Alsum59-2019,0,1855957,3487929,7209009,7014576,-0.359959,unrelated
S1,S31,Alsum18-2019,Alsum59-2019,0,1835177,3622328,7209009,6986552,-0.381068,unrelated
S1,S32,Alsum18-2019,Alsum59-2019,0,1213286,4051064,7209009,4933591,-0.567328,unrelated
S1,S33,Alsum18-2019,Alsum59-2019,0,1899898,3399132,7209009,7591187,-0.330966,unrelated
S1,S34,Alsum18-2019,Alsum59-2019,0,1886370,3515060,7209009,7475350,-0.350288,unrelated
S1,S35,Alsum18-2019,Alsum59-2019,0,1969426,3400287,7209009,7905307,-0.319641,unrelated
S1,S66,Alsum18-2019,Arlington-2019,0,1897486,3570237,7209009,7554876,-0.355123,unrelated
S1,S67,Alsum18-2019,Arlington-2019,0,1919868,3400447,7209009,7545213,-0.330822,unrelated
S1,S68,Alsum18-2019,Arlington-2019,0,1941360,3320943,7209009,7622727,-0.316924,unrelated
S1,S69,Alsum18-2019,Arlington-2019,0,1882451,3568697,7209009,7036507,-0.368884,unrelated
S1,S70,Alsum18-2019,Arlington-2019,0,1885127,3430029,7209009,7500795,-0.338205,unrelated
S1,S71,Alsum18-2019,Arlington-2019,0,1975126,3436660,7209009,7545169,-0.331987,unrelated
S1,S72,Alsum18-2019,Arlington-2019,0,2086144,3334242,7209009,8036250,-0.300575,unrelated
S1,S93,Alsum18-2019,ColomaBonus4-2019,0,1760569,3807247,7209009,6925377,-0.414162,unrelated
S1,S94,Alsum18-2019,ColomaBonus4-2019,0,2082733,3413777,7209009,8067681,-0.310592,unrelated
S1,S95,Alsum18-2019,ColomaBonus4-2019,0,1898093,3576120,7209009,7706268,-0.352266,unrelated
S1,S96,Alsum18-2019,ColomaBonus4-2019,0,1988028,3396164,7209009,7988131,-0.316132,unrelated
S1,S97,Alsum18-2019,ColomaBonus4-2019,0,1767601,3733276,7209009,7124061,-0.397609,unrelated
S1,S98,Alsum18-2019,ColomaBonus4-2019,0,1866839,3735486,7209009,7184607,-0.389349,unrelated
S1,S99,Alsum18-2019,ColomaBonus4-2019,0,1877584,3612475,7209009,7162781,-0.372074,unrelated
S1,S101,Alsum18-2019,ColomaBonus-2019,0,1981683,3499417,7209009,7446230,-0.342345,unrelated
S1,S102,Alsum18-2019,ColomaBonus-2019,0,1889855,3672780,7209009,7157304,-0.379757,unrelated
S1,S103,Alsum18-2019,ColomaBonus-2019,0,2045857,3524964,7209009,7993686,-0.329157,unrelated
S1,S104,Alsum18-2019,ColomaBonus-2019,0,2035721,3348880,7209009,8432743,-0.298051,unrelated
S1,S105,Alsum18-2019,ColomaBonus-2019,0,2012868,3448640,7209009,7922986,-0.322787,unrelated
S1,S106,Alsum18-2019,ColomaBonus-2019,0,1817354,3642282,7209009,7305326,-0.376677,unrelated
S1,S107,Alsum18-2019,ColomaBonus-2019,0,1899671,3476646,7209009,7641841,-0.340292,unrelated
S1,S125,Alsum18-2019,ColomaLyons-2019,0,2073562,3287281,7209009,8018900,-0.295576,unrelated
S1,S126,Alsum18-2019,ColomaLyons-2019,0,1914074,3435132,7209009,7690253,-0.332647,unrelated
S1,S127,Alsum18-2019,ColomaLyons-2019,0,1844029,3590642,7209009,7481050,-0.363324,unrelated
S1,S128,Alsum18-2019,ColomaLyons-2019,0,1920038,3555435,7209009,7740149,-0.347232,unrelated
S1,S129,Alsum18-2019,ColomaLyons-2019,0,1915016,3414592,7209009,7617129,-0.331453,unrelated
S1,S130,Alsum18-2019,ColomaLyons-2019,0,1899207,3687172,7209009,7474077,-0.372887,unrelated
S1,S131,Alsum18-2019,ColomaLyons-2019,0,1911467,3678087,7209009,7362681,-0.373650,unrelated
S1,S139,Alsum18-2019,XMASBig-2019,0,1878637,3542626,7209009,7410585,-0.356140,unrelated
S1,S140,Alsum18-2019,XMASBig-2019,0,1921545,3473765,7209009,7814276,-0.334546,unrelated
S1,S141,Alsum18-2019,XMASBig-2019,0,1902713,3487110,7209009,7717407,-0.339767,unrelated
S1,S142,Alsum18-2019,XMASBig-2019,0,2024898,3555452,7209009,7766337,-0.339625,unrelated
S1,S143,Alsum18-2019,XMASBig-2019,0,1866877,3400347,7209009,7252463,-0.341170,unrelated
S1,S159,Alsum18-2019,OkrayGarrisonNE-2019,0,1914532,3695063,7209009,7368400,-0.375622,unrelated
S1,S160,Alsum18-2019,OkrayGarrisonNE-2019,0,1907121,3656837,7209009,7290941,-0.372867,unrelated
S1,S161,Alsum18-2019,OkrayGarrisonNE-2019,0,1864725,3512795,7209009,7377502,-0.353811,unrelated
S1,S162,Alsum18-2019,OkrayGarrisonNE-2019,0,1908356,3521876,7209009,7785671,-0.342481,unrelated
S1,S163,Alsum18-2019,OkrayGarrisonNE-2019,0,1903280,3509102,7209009,7709788,-0.342851,unrelated
S1,S164,Alsum18-2019,OkrayGarrisonNE-2019,0,1890618,3472878,7209009,7689846,-0.339297,unrelated
S1,S165,Alsum18-2019,OkrayGarrisonNE-2019,0,1878027,3503415,7209009,7611186,-0.346069,unrelated
S1,S296,Alsum18-2019,OkrayRobacks-2019,0,1961092,3446071,7209009,7691850,-0.330924,unrelated
S1,S297,Alsum18-2019,OkrayRobacks-2019,0,1933955,3466948,7209009,7677694,-0.335866,unrelated
S1,S298,Alsum18-2019,OkrayRobacks-2019,0,1941631,3495745,7209009,7378291,-0.346182,unrelated
S1,S299,Alsum18-2019,OkrayRobacks-2019,0,1922327,3502873,7209009,7556994,-0.344265,unrelated
S1,S300,Alsum18-2019,OkrayRobacks-2019,0,1918967,3343227,7209009,7420867,-0.325873,unrelated
S1,S301,Alsum18-2019,OkrayRobacks-2019,0,2115108,3366048,7209009,8080920,-0.301963,unrelated
S1,S302,Alsum18-2019,OkrayRobacks-2019,0,2209489,3160196,7209009,8536700,-0.261081,unrelated
S1,S304,Alsum18-2019,OkrayGrosheks40-2019,0,1793974,3570792,7209009,7154938,-0.372294,unrelated
S1,S305,Alsum18-2019,OkrayGrosheks40-2019,0,2051400,3453927,7209009,7779665,-0.324008,unrelated
S1,S306,Alsum18-2019,OkrayGrosheks40-2019,0,2878721,2405642,7209009,11601524,-0.102738,unrelated
S1,S307,Alsum18-2019,OkrayGrosheks40-2019,0,1858841,3599435,7209009,7144597,-0.372034,unrelated
S1,S308,Alsum18-2019,OkrayGrosheks40-2019,0,1943063,3525029,7209009,7750273,-0.341393,unrelated
S1,S309,Alsum18-2019,OkrayGrosheks40-2019,0,1838026,3477984,7209009,7235130,-0.354327,unrelated
S1,S310,Alsum18-2019,OkrayGrosheks40-2019,0,1932025,3487794,7209009,7262608,-0.348514,unrelated
S1,S340,Alsum18-2019,OkrayPFWiper-2019,0,1925973,3513814,7209009,7619222,-0.344050,unrelated
S1,S341,Alsum18-2019,OkrayPFWiper-2019,0,1935706,3484775,7209009,7557563,-0.340895,unrelated
S1,S342,Alsum18-2019,OkrayPFWiper-2019,0,1704625,3694404,7209009,7043704,-0.398814,unrelated
S1,S343,Alsum18-2019,OkrayPFWiper-2019,0,1809705,3535589,7209009,7375799,-0.360750,unrelated
S1,S344,Alsum18-2019,OkrayPFWiper-2019,0,1908375,3713214,7209009,7302502,-0.380254,unrelated
S1,S354,Alsum18-2019,PloverBrikalskiPats-2019,0,1982800,3557530,7209009,7677084,-0.344769,unrelated
S1,S355,Alsum18-2019,PloverBrikalskiPats-2019,0,1936301,3500708,7209009,7759982,-0.338374,unrelated
S1,S356,Alsum18-2019,PloverBrikalskiPats-2019,0,2032718,3570557,7209009,7738582,-0.341754,unrelated
S1,S357,Alsum18-2019,PloverBrikalskiPats-2019,0,1919207,3442881,7209009,7682544,-0.333515,unrelated
S1,S358,Alsum18-2019,PloverBrikalskiPats-2019,0,1999335,3568743,7209009,7701638,-0.344596,unrelated
S1,S359,Alsum18-2019,PloverBrikalskiPats-2019,0,2062072,3454415,7209009,7899720,-0.320792,unrelated
S1,S360,Alsum18-2019,PloverBrikalskiPats-2019,0,2014855,3378389,7209009,7905479,-0.313734,unrelated
S1,S378,Alsum18-2019,PloverDaveBrSE-2019,0,1964607,3490870,7209009,7709061,-0.336312,unrelated
S1,S379,Alsum18-2019,PloverDaveBrSE-2019,0,1937799,3648537,7209009,7674181,-0.360089,unrelated
S1,S380,Alsum18-2019,PloverDaveBrSE-2019,0,1938047,3599507,7209009,7619782,-0.354781,unrelated
S1,S381,Alsum18-2019,PloverDaveBrSE-2019,0,1936075,3690790,7209009,7357228,-0.373844,unrelated
S1,S382,Alsum18-2019,PloverDaveBrSE-2019,0,1871083,3504859,7209009,7450016,-0.350544,unrelated
S1,S383,Alsum18-2019,PloverDaveBrSE-2019,0,2063469,3421066,7209009,8100805,-0.312131,unrelated
S1,S384,Alsum18-2019,PloverDaveBrSE-2019,0,2015568,3414709,7209009,8223535,-0.311928,unrelated
S1,S402,Alsum18-2019,Wysocki1129-2019,0,1965112,3473288,7209009,7525165,-0.338089,unrelated
S1,S403,Alsum18-2019,Wysocki1129-2019,0,1940807,3582804,7209009,7520277,-0.354722,unrelated
S1,S404,Alsum18-2019,Wysocki1129-2019,0,1952738,3486043,7209009,7928168,-0.331591,unrelated
S1,S405,Alsum18-2019,Wysocki1129-2019,0,1945261,3430765,7209009,7761893,-0.328388,unrelated
S1,S406,Alsum18-2019,Wysocki1129-2019,0,1920342,3459792,7209009,7786192,-0.333389,unrelated
S1,S407,Alsum18-2019,Wysocki1129-2019,0,1900996,3533806,7209009,7717071,-0.346147,unrelated
S1,S408,Alsum18-2019,Wysocki1129-2019,0,1929454,3440145,7209009,7724063,-0.331535,unrelated
S1,S426,Alsum18-2019,Wysocki438-2019,0,2011125,3462048,7209009,7847102,-0.326311,unrelated
S1,S427,Alsum18-2019,Wysocki438-2019,0,1986346,3477499,7209009,7598529,-0.335549,unrelated
S1,S428,Alsum18-2019,Wysocki438-2019,0,1838803,3658758,7209009,7402753,-0.374952,unrelated
S1,S429,Alsum18-2019,Wysocki438-2019,0,1976295,3476392,7209009,7685399,-0.334118,unrelated
S1,S430,Alsum18-2019,Wysocki438-2019,0,2000252,3420034,7209009,7738169,-0.323795,unrelated
S1,S431,Alsum18-2019,Wysocki438-2019,0,1874314,3540146,7209009,7367342,-0.357152,unrelated
S1,S432,Alsum18-2019,Wysocki438-2019,0,1875200,3466547,7209009,7526561,-0.343244,unrelated
S1,S450,Alsum18-2019,Wysocki563-2019,0,1924550,3542291,7209009,7734101,-0.345312,unrelated
S1,S451,Alsum18-2019,Wysocki563-2019,0,1917874,3553881,7209009,7226898,-0.359512,unrelated
S1,S452,Alsum18-2019,Wysocki563-2019,0,2067887,3393972,7209009,7917168,-0.312046,unrelated
S1,S453,Alsum18-2019,Wysocki563-2019,0,1910543,3633586,7209009,7210686,-0.371480,unrelated
S1,S454,Alsum18-2019,Wysocki563-2019,0,1898297,3373030,7209009,7408884,-0.331632,unrelated
S1,S455,Alsum18-2019,Wysocki563-2019,0,1842380,3460290,7209009,7450078,-0.346420,unrelated
S1,S456,Alsum18-2019,Wysocki563-2019,0,1874577,3651636,7209009,7202383,-0.376695,unrelated
S1,S458,Alsum18-2019,Wysocki570-2019,0,1886930,3531396,7209009,7453203,-0.353007,unrelated
S1,S459,Alsum18-2019,Wysocki570-2019,0,2018440,3435550,7209009,7810498,-0.323090,unrelated
S1,S460,Alsum18-2019,Wysocki570-2019,0,1837521,3483397,7209009,7316303,-0.353127,unrelated
S1,S461,Alsum18-2019,Wysocki570-2019,0,1889611,3471636,7209009,7396301,-0.346015,unrelated
S1,S462,Alsum18-2019,Wysocki570-2019,0,1919221,3397088,7209009,7560523,-0.330068,unrelated
S1,S463,Alsum18-2019,Wysocki570-2019,0,1890375,3450456,7209009,7366427,-0.343766,unrelated
S1,S464,Alsum18-2019,Wysocki570-2019,0,1847313,3577267,7209009,7360662,-0.364265,unrelated
S2,S3,Alsum18-2019,Alsum18-2019,1,2053449,3241609,7117444,7877366,-0.295420,unrelated
S2,S4,Alsum18-2019,Alsum18-2019,1,1964770,3272153,7117444,7720650,-0.308634,unrelated
S2,S5,Alsum18-2019,Alsum18-2019,1,2007522,3338058,7117444,7498440,-0.319419,unrelated
S2,S6,Alsum18-2019,Alsum18-2019,1,1907440,3362044,7117444,7414721,-0.331447,unrelated
S2,S7,Alsum18-2019,Alsum18-2019,1,2030780,3375940,7117444,7637043,-0.319977,unrelated
S2,S29,Alsum18-2019,Alsum59-2019,0,1881465,3546049,7117444,7329524,-0.360673,unrelated
S2,S30,Alsum18-2019,Alsum59-2019,0,1892075,3452684,7117444,7014576,-0.354747,unrelated
S2,S31,Alsum18-2019,Alsum59-2019,0,1840583,3653856,7117444,6986552,-0.387630,unrelated
S2,S32,Alsum18-2019,Alsum59-2019,0,1222862,3957481,7117444,4933591,-0.555313,unrelated
S2,S33,Alsum18-2019,Alsum59-2019,0,1911316,3424752,7117444,7591187,-0.335734,unrelated
S2,S34,Alsum18-2019,Alsum59-2019,0,1903180,3477337,7117444,7475350,-0.346164,unrelated
S2,S35,Alsum18-2019,Alsum59-2019,0,2003286,3345980,7117444,7905307,-0.312105,unrelated
S2,S66,Alsum18-2019,Arlington-2019,0,1910816,3499395,7117444,7554876,-0.346774,unrelated
S2,S67,Alsum18-2019,Arlington-2019,0,1914019,3427729,7117444,7545213,-0.337008,unrelated
S2,S68,Alsum18-2019,Arlington-2019,0,1976725,3282236,7117444,7622727,-0.311241,unrelated
S2,S69,Alsum18-2019,Arlington-2019,0,1785339,3617760,7117444,7036507,-0.385064,unrelated
S2,S70,Alsum18-2019,Arlington-2019,0,1901077,3406688,7117444,7500795,-0.336039,unrelated
S2,S71,Alsum18-2019,Arlington-2019,0,1864100,3522256,7117444,7545169,-0.353308,unrelated
S2,S72,Alsum18-2019,Arlington-2019,0,1993269,3369827,7117444,8036250,-0.313216,unrelated
S2,S93,Alsum18-2019,ColomaBonus4-2019,0,1791980,3848741,7117444,6925377,-0.420535,unrelated
S2,S94,Alsum18-2019,ColomaBonus4-2019,0,2000566,3448410,7117444,8067681,-0.322438,unrelated
S2,S95,Alsum18-2019,ColomaBonus4-2019,0,1902441,3613955,7117444,7706268,-0.359253,unrelated
S2,S96,Alsum18-2019,ColomaBonus4-2019,0,1968227,3432929,7117444,7988131,-0.324227,unrelated
S2,S97,Alsum18-2019,ColomaBonus4-2019,0,1782613,3737613,7117444,7124061,-0.399720,unrelated
S2,S98,Alsum18-2019,ColomaBonus4-2019,0,1891510,3682689,7117444,7184607,-0.382733,unrelated
S2,S99,Alsum18-2019,ColomaBonus4-2019,0,1888893,3666294,7117444,7162781,-0.381205,unrelated
S2,S101,Alsum18-2019,ColomaBonus-2019,0,1866374,3572913,7117444,7446230,-0.362508,unrelated
S2,S102,Alsum18-2019,ColomaBonus-2019,0,1853383,3746307,7117444,7157304,-0.395049,unrelated
S2,S103,Alsum18-2019,ColomaBonus-2019,0,1981714,3548579,7117444,7993686,-0.338522,unrelated
S2,S104,Alsum18-2019,ColomaBonus-2019,0,2074096,3312995,7117444,8432743,-0.292723,unrelated
S2,S105,Alsum18-2019,ColomaBonus-2019,0,1913709,3501599,7117444,7922986,-0.338387,unrelated
S2,S106,Alsum18-2019,ColomaBonus-2019,0,1869360,3601325,7117444,7305326,-0.369783,unrelated
S2,S107,Alsum18-2019,ColomaBonus-2019,0,1915280,3456759,7117444,7641841,-0.338650,unrelated
S2,S125,Alsum18-2019,ColomaLyons-2019,0,1982191,3375663,7117444,8018900,-0.315078,unrelated
S2,S126,Alsum18-2019,ColomaLyons-2019,0,1954949,3398891,7117444,7690253,-0.327048,unrelated
S2,S127,Alsum18-2019,ColomaLyons-2019,0,1882014,3508781,7117444,7481050,-0.351786,unrelated
S2,S128,Alsum18-2019,ColomaLyons-2019,0,1880166,3652732,7117444,7740149,-0.365153,unrelated
S2,S129,Alsum18-2019,ColomaLyons-2019,0,1915767,3452144,7117444,7617129,-0.338559,unrelated
S2,S130,Alsum18-2019,ColomaLyons-2019,0,1919673,3647923,7117444,7474077,-0.368445,unrelated
S2,S131,Alsum18-2019,ColomaLyons-2019,0,1899128,3628041,7117444,7362681,-0.369952,unrelated
S2,S139,Alsum18-2019,XMASBig-2019,0,1877654,3517479,7117444,7410585,-0.354990,unrelated
S2,S140,Alsum18-2019,XMASBig-2019,0,1955070,3361005,7117444,7814276,-0.319249,unrelated
S2,S141,Alsum18-2019,XMASBig-2019,0,1931446,3389795,7117444,7717407,-0.326808,unrelated
S2,S142,Alsum18-2019,XMASBig-2019,0,2030717,3459455,7117444,7766337,-0.328424,unrelated
S2,S143,Alsum18-2019,XMASBig-2019,0,1847629,3554702,7117444,7252463,-0.366166,unrelated
S2,S159,Alsum18-2019,OkrayGarrisonNE-2019,0,1929256,3631627,7117444,7368400,-0.368221,unrelated
S2,S160,Alsum18-2019,OkrayGarrisonNE-2019,0,1890894,3704468,7117444,7290941,-0.382974,unrelated
S2,S161,Alsum18-2019,OkrayGarrisonNE-2019,0,1865175,3529288,7117444,7377502,-0.358290,unrelated
S2,S162,Alsum18-2019,OkrayGarrisonNE-2019,0,1937063,3428191,7117444,7785671,-0.330087,unrelated
S2,S163,Alsum18-2019,OkrayGarrisonNE-2019,0,1937382,3543602,7117444,7709788,-0.347322,unrelated
S2,S164,Alsum18-2019,OkrayGarrisonNE-2019,0,1914300,3498698,7117444,7689846,-0.343283,unrelated
S2,S165,Alsum18-2019,OkrayGarrisonNE-2019,0,1895281,3443160,7117444,7611186,-0.338866,unrelated
S2,S296,Alsum18-2019,OkrayRobacks-2019,0,1966115,3484564,7117444,7691850,-0.337829,unrelated
S2,S297,Alsum18-2019,OkrayRobacks-2019,0,1945490,3456117,7117444,7677694,-0.335701,unrelated
S2,S298,Alsum18-2019,OkrayRobacks-2019,0,1960291,3511054,7117444,7378291,-0.349194,unrelated
S2,S299,Alsum18-2019,OkrayRobacks-2019,0,1901120,3566674,7117444,7556994,-0.356554,unrelated
S2,S300,Alsum18-2019,OkrayRobacks-2019,0,1921253,3364515,7117444,7420867,-0.330697,unrelated
S2,S301,Alsum18-2019,OkrayRobacks-2019,0,1995844,3372517,7117444,8080920,-0.312480,unrelated
S2,S302,Alsum18-2019,OkrayRobacks-2019,0,2208182,3183481,7117444,8536700,-0.265666,unrelated
S2,S304,Alsum18-2019,OkrayGrosheks40-2019,0,1795423,3515386,7117444,7154938,-0.366817,unrelated
S2,S305,Alsum18-2019,OkrayGrosheks40-2019,0,2069086,3456819,7117444,7779665,-0.325201,unrelated
S2,S306,Alsum18-2019,OkrayGrosheks40-2019,0,2891776,2362307,7117444,11601524,-0.097913,unrelated
S2,S307,Alsum18-2019,OkrayGrosheks40-2019,0,1875398,3602184,7117444,7144597,-0.373647,unrelated
S2,S308,Alsum18-2019,OkrayGrosheks40-2019,0,1949126,3476376,7117444,7750273,-0.336543,unrelated
S2,S309,Alsum18-2019,OkrayGrosheks40-2019,0,1893837,3457753,7117444,7235130,-0.349879,unrelated
S2,S310,Alsum18-2019,OkrayGrosheks40-2019,0,1918848,3530228,7117444,7262608,-0.357551,unrelated
S2,S340,Alsum18-2019,OkrayPFWiper-2019,0,1916275,3563504,7117444,7619222,-0.353590,unrelated
S2,S341,Alsum18-2019,OkrayPFWiper-2019,0,1855536,3497029,7117444,7557563,-0.350155,unrelated
S2,S342,Alsum18-2019,OkrayPFWiper-2019,0,1753320,3645280,7117444,7043704,-0.391016,unrelated
S2,S343,Alsum18-2019,OkrayPFWiper-2019,0,1834700,3510090,7117444,7375799,-0.357786,unrelated
S2,S344,Alsum18-2019,OkrayPFWiper-2019,0,1810050,3772945,7117444,7302502,-0.397771,unrelated
S2,S354,Alsum18-2019,PloverBrikalskiPats-2019,0,1886530,3620025,7117444,7677084,-0.361858,unrelated
S2,S355,Alsum18-2019,PloverBrikalskiPats-2019,0,1952975,3580824,7117444,7759982,-0.350106,unrelated
S2,S356,Alsum18-2019,PloverBrikalskiPats-2019,0,1994820,3508624,7117444,7738582,-0.338073,unrelated
S2,S357,Alsum18-2019,PloverBrikalskiPats-2019,0,1925935,3456543,7117444,7682544,-0.336970,unrelated
S2,S358,Alsum18-2019,PloverBrikalskiPats-2019,0,2014794,3580744,7117444,7701638,-0.347302,unrelated
S2,S359,Alsum18-2019,PloverBrikalskiPats-2019,0,1970946,3506796,7117444,7899720,-0.335792,unrelated
S2,S360,Alsum18-2019,PloverBrikalskiPats-2019,0,1928869,3433591,7117444,7905479,-0.328719,unrelated
S2,S378,Alsum18-2019,PloverDaveBrSE-2019,0,1904405,3464203,7117444,7709061,-0.338853,unrelated
S2,S379,Alsum18-2019,PloverDaveBrSE-2019,0,1939382,3643389,7117444,7674181,-0.361515,unrelated
S2,S380,Alsum18-2019,PloverDaveBrSE-2019,0,1961603,3648974,7117444,7619782,-0.362100,unrelated
S2,S381,Alsum18-2019,PloverDaveBrSE-2019,0,1825728,3760428,7117444,7357228,-0.393455,unrelated
S2,S382,Alsum18-2019,PloverDaveBrSE-2019,0,1910549,3422968,7117444,7450016,-0.338795,unrelated
S2,S383,Alsum18-2019,PloverDaveBrSE-2019,0,1964392,3487822,7117444,8100805,-0.329292,unrelated
S2,S384,Alsum18-2019,PloverDaveBrSE-2019,0,2037393,3358228,7117444,8223535,-0.305004,unrelated
S2,S402,Alsum18-2019,Wysocki1129-2019,0,1914563,3585226,7117444,7525165,-0.358945,unrelated
S2,S403,Alsum18-2019,Wysocki1129-2019,0,1977517,3612652,7117444,7520277,-0.358511,unrelated
S2,S404,Alsum18-2019,Wysocki1129-2019,0,1999757,3427754,7117444,7928168,-0.322735,unrelated
S2,S405,Alsum18-2019,Wysocki1129-2019,0,1910210,3500148,7117444,7761893,-0.342091,unrelated
S2,S406,Alsum18-2019,Wysocki1129-2019,0,1975428,3335776,7117444,7786192,-0.315099,unrelated
S2,S407,Alsum18-2019,Wysocki1129-2019,0,1925992,3567736,7117444,7717071,-0.351173,unrelated
S2,S408,Alsum18-2019,Wysocki1129-2019,0,1936672,3475176,7117444,7724063,-0.337815,unrelated
S2,S426,Alsum18-2019,Wysocki438-2019,0,1894909,3458610,7117444,7847102,-0.335614,unrelated
S2,S427,Alsum18-2019,Wysocki438-2019,0,1891197,3576906,7117444,7598529,-0.357612,unrelated
S2,S428,Alsum18-2019,Wysocki438-2019,0,1803588,3827062,7117444,7402753,-0.402924,unrelated
S2,S429,Alsum18-2019,Wysocki438-2019,0,1924104,3542552,7117444,7685399,-0.348649,unrelated
S2,S430,Alsum18-2019,Wysocki438-2019,0,1875012,3471657,7117444,7738169,-0.341171,unrelated
S2,S431,Alsum18-2019,Wysocki438-2019,0,1872373,3537525,7117444,7367342,-0.359182,unrelated
S2,S432,Alsum18-2019,Wysocki438-2019,0,1891135,3450782,7117444,7526561,-0.342149,unrelated
S2,S450,Alsum18-2019,Wysocki563-2019,0,1891863,3750914,7117444,7734101,-0.377736,unrelated
S2,S451,Alsum18-2019,Wysocki563-2019,0,1914560,3592635,7117444,7226898,-0.367442,unrelated
S2,S452,Alsum18-2019,Wysocki563-2019,0,1989581,3410248,7117444,7917168,-0.321320,unrelated
S2,S453,Alsum18-2019,Wysocki563-2019,0,1876189,3804070,7117444,7210686,-0.400049,unrelated
S2,S454,Alsum18-2019,Wysocki563-2019,0,1905644,3392158,7117444,7408884,-0.335850,unrelated
S2,S455,Alsum18-2019,Wysocki563-2019,0,1880975,3462825,7117444,7450078,-0.346296,unrelated
S2,S456,Alsum18-2019,Wysocki563-2019,0,1887318,3791364,7117444,7202383,-0.397729,unrelated
S2,S458,Alsum18-2019,Wysocki570-2019,0,1883563,3582375,7117444,7453203,-0.362454,unrelated
S2,S459,Alsum18-2019,Wysocki570-2019,0,1944281,3406998,7117444,7810498,-0.326215,unrelated
S2,S460,Alsum18-2019,Wysocki570-2019,0,1856516,3468985,7117444,7316303,-0.352054,unrelated
S2,S461,Alsum18-2019,Wysocki570-2019,0,1919651,3367492,7117444,7396301,-0.331777,unrelated
S2,S462,Alsum18-2019,Wysocki570-2019,0,1910664,3419356,7117444,7560523,-0.335745,unrelated
S2,S463,Alsum18-2019,Wysocki570-2019,0,1820440,3505320,7117444,7366427,-0.358343,unrelated
S2,S464,Alsum18-2019,Wysocki570-2019,0,1846281,3744751,7117444,7360662,-0.389776,unrelated
S3,S4,Alsum18-2019,Alsum18-2019,1,2185893,3169741,7877366,7720650,-0.266290,unrelated
S3,S5,Alsum18-2019,Alsum18-2019,1,2101443,3236915,7877366,7498440,-0.284368,unrelated
S3,S6,Alsum18-2019,Alsum18-2019,1,2098896,3256649,7877366,7414721,-0.288672,unrelated
S3,S7,Alsum18-2019,Alsum18-2019,1,2158904,3261018,7877366,7637043,-0.281231,unrelated
S3,S29,Alsum18-2019,Alsum59-2019,0,2010868,3293121,7877366,7329524,-0.300875,unrelated
S3,S30,Alsum18-2019,Alsum59-2019,0,1987610,3380130,7877366,7014576,-0.320485,unrelated
S3,S31,Alsum18-2019,Alsum59-2019,0,1971654,3503492,7877366,6986552,-0.338762,unrelated
S3,S32,Alsum18-2019,Alsum59-2019,0,1328364,3822730,7877366,4933591,-0.493101,unrelated
S3,S33,Alsum18-2019,Alsum59-2019,0,2089863,3323566,7877366,7591187,-0.294615,unrelated
S3,S34,Alsum18-2019,Alsum59-2019,0,2166419,3205093,7877366,7475350,-0.276418,unrelated
S3,S35,Alsum18-2019,Alsum59-2019,0,2203307,3193650,7877366,7905307,-0.265100,unrelated
S3,S66,Alsum18-2019,Arlington-2019,0,2137550,3335469,7877366,7554876,-0.293761,unrelated
S3,S67,Alsum18-2019,Arlington-2019,0,2094534,3245621,7877366,7545213,-0.285083,unrelated
S3,S68,Alsum18-2019,Arlington-2019,0,2170268,3184233,7877366,7622727,-0.270850,unrelated
S3,S69,Alsum18-2019,Arlington-2019,0,1908394,3441599,7877366,7036507,-0.333569,unrelated
S3,S70,Alsum18-2019,Arlington-2019,0,2151647,3229924,7877366,7500795,-0.280151,unrelated
S3,S71,Alsum18-2019,Arlington-2019,0,2113088,3189437,7877366,7545169,-0.276594,unrelated
S3,S72,Alsum18-2019,Arlington-2019,0,2238216,3083714,7877366,8036250,-0.246909,unrelated
S3,S93,Alsum18-2019,ColomaBonus4-2019,0,1899499,3577406,7877366,6925377,-0.355023,unrelated
S3,S94,Alsum18-2019,ColomaBonus4-2019,0,2273945,3159326,7877366,8067681,-0.253665,unrelated
S3,S95,Alsum18-2019,ColomaBonus4-2019,0,2136363,3281873,7877366,7706268,-0.284105,unrelated
S3,S96,Alsum18-2019,ColomaBonus4-2019,0,2237919,3180273,7877366,7988131,-0.259849,unrelated
S3,S97,Alsum18-2019,ColomaBonus4-2019,0,1971586,3526239,7877366,7124061,-0.338694,unrelated
S3,S98,Alsum18-2019,ColomaBonus4-2019,0,2025070,3299566,7877366,7184607,-0.303683,unrelated
S3,S99,Alsum18-2019,ColomaBonus4-2019,0,2018123,3346949,7877366,7162781,-0.310886,unrelated
S3,S101,Alsum18-2019,ColomaBonus-2019,0,2041301,3410364,7877366,7446230,-0.311900,unrelated
S3,S102,Alsum18-2019,ColomaBonus-2019,0,1979812,3470303,7877366,7157304,-0.329957,unrelated
S3,S103,Alsum18-2019,ColomaBonus-2019,0,2203362,3393743,7877366,7993686,-0.288836,unrelated
S3,S104,Alsum18-2019,ColomaBonus-2019,0,2364498,3094372,7877366,8432743,-0.234471,unrelated
S3,S105,Alsum18-2019,ColomaBonus-2019,0,2124555,3333084,7877366,7922986,-0.287437,unrelated
S3,S106,Alsum18-2019,ColomaBonus-2019,0,2016447,3399173,7877366,7305326,-0.314957,unrelated
S3,S107,Alsum18-2019,ColomaBonus-2019,0,2129853,3265791,7877366,7641841,-0.283631,unrelated
S3,S125,Alsum18-2019,ColomaLyons-2019,0,2231517,3215405,7877366,8018900,-0.264169,unrelated
S3,S126,Alsum18-2019,ColomaLyons-2019,0,2220766,3194450,7877366,7690253,-0.267744,unrelated
S3,S127,Alsum18-2019,ColomaLyons-2019,0,2089170,3342861,7877366,7481050,-0.299286,unrelated
S3,S128,Alsum18-2019,ColomaLyons-2019,0,2141571,3494874,7877366,7740149,-0.310432,unrelated
S3,S129,Alsum18-2019,ColomaLyons-2019,0,2152285,3233170,7877366,7617129,-0.278425,unrelated
S3,S130,Alsum18-2019,ColomaLyons-2019,0,2059732,3351699,7877366,7474077,-0.302491,unrelated
S3,S131,Alsum18-2019,ColomaLyons-2019,0,2092947,3319945,7877366,7362681,-0.298355,unrelated
S3,S139,Alsum18-2019,XMASBig-2019,0,2069548,3351335,7877366,7410585,-0.303057,unrelated
S3,S140,Alsum18-2019,XMASBig-2019,0,2174798,3269437,7877366,7814276,-0.278115,unrelated
S3,S141,Alsum18-2019,XMASBig-2019,0,2129805,3365084,7877366,7717407,-0.294994,unrelated
S3,S142,Alsum18-2019,XMASBig-2019,0,2170903,3229632,7877366,7766337,-0.274127,unrelated
S3,S143,Alsum18-2019,XMASBig-2019,0,2014287,3361708,7877366,7252463,-0.311248,unrelated
S3,S159,Alsum18-2019,OkrayGarrisonNE-2019,0,2069617,3394870,7877366,7368400,-0.309602,unrelated
S3,S160,Alsum18-2019,OkrayGarrisonNE-2019,0,2031925,3386372,7877366,7290941,-0.312548,unrelated
S3,S161,Alsum18-2019,OkrayGarrisonNE-2019,0,2087028,3316607,7877366,7377502,-0.298015,unrelated
S3,S162,Alsum18-2019,OkrayGarrisonNE-2019,0,2127991,3256888,7877366,7785671,-0.280009,unrelated
S3,S163,Alsum18-2019,OkrayGarrisonNE-2019,0,2116196,3268053,7877366,7709788,-0.283561,unrelated
S3,S164,Alsum18-2019,OkrayGarrisonNE-2019,0,2123689,3302510,7877366,7689846,-0.287870,unrelated
S3,S165,Alsum18-2019,OkrayGarrisonNE-2019,0,2126696,3288911,7877366,7611186,-0.287382,unrelated
S3,S296,Alsum18-2019,OkrayRobacks-2019,0,2198385,3237067,7877366,7691850,-0.274628,unrelated
S3,S297,Alsum18-2019,OkrayRobacks-2019,0,2140243,3426044,7877366,7677694,-0.302914,unrelated
S3,S298,Alsum18-2019,OkrayRobacks-2019,0,2106328,3233689,7877366,7378291,-0.285864,unrelated
S3,S299,Alsum18-2019,OkrayRobacks-2019,0,2131874,3320586,7877366,7556994,-0.292160,unrelated
S3,S300,Alsum18-2019,OkrayRobacks-2019,0,2078191,3213208,7877366,7420867,-0.284231,unrelated
S3,S301,Alsum18-2019,OkrayRobacks-2019,0,2218420,3204282,7877366,8080920,-0.262569,unrelated
S3,S302,Alsum18-2019,OkrayRobacks-2019,0,2405983,2882945,7877366,8536700,-0.204697,unrelated
S3,S304,Alsum18-2019,OkrayGrosheks40-2019,0,2024144,3382476,7877366,7154938,-0.315375,unrelated
S3,S305,Alsum18-2019,OkrayGrosheks40-2019,0,2210452,3126246,7877366,7779665,-0.258161,unrelated
S3,S306,Alsum18-2019,OkrayGrosheks40-2019,0,3220857,2137574,7877366,11601524,-0.054125,unrelated
S3,S307,Alsum18-2019,OkrayGrosheks40-2019,0,2033076,3253943,7877366,7144597,-0.297885,unrelated
S3,S308,Alsum18-2019,OkrayGrosheks40-2019,0,2189099,3272139,7877366,7750273,-0.278684,unrelated
S3,S309,Alsum18-2019,OkrayGrosheks40-2019,0,2032383,3245298,7877366,7235130,-0.295002,unrelated
S3,S310,Alsum18-2019,OkrayGrosheks40-2019,0,2028399,3331222,7877366,7262608,-0.306080,unrelated
S3,S340,Alsum18-2019,OkrayPFWiper-2019,0,2099507,3272242,7877366,7619222,-0.286836,unrelated
S3,S341,Alsum18-2019,OkrayPFWiper-2019,0,2069263,3307331,7877366,7557563,-0.294488,unrelated
S3,S342,Alsum18-2019,OkrayPFWiper-2019,0,1940458,3422555,7877366,7043704,-0.328706,unrelated
S3,S343,Alsum18-2019,OkrayPFWiper-2019,0,2059949,3310113,7877366,7375799,-0.298973,unrelated
S3,S344,Alsum18-2019,OkrayPFWiper-2019,0,1959254,3563445,7877366,7302502,-0.340427,unrelated
S3,S354,Alsum18-2019,PloverBrikalskiPats-2019,0,2082255,3433704,7877366,7677084,-0.307639,unrelated
S3,S355,Alsum18-2019,PloverBrikalskiPats-2019,0,2162848,3319838,7877366,7759982,-0.286291,unrelated
S3,S356,Alsum18-2019,PloverBrikalskiPats-2019,0,2057048,3528121,7877366,7738582,-0.320134,unrelated
S3,S357,Alsum18-2019,PloverBrikalskiPats-2019,0,2141020,3243289,7877366,7682544,-0.279279,unrelated
S3,S358,Alsum18-2019,PloverBrikalskiPats-2019,0,2135350,3294629,7877366,7701638,-0.285892,unrelated
S3,S359,Alsum18-2019,PloverBrikalskiPats-2019,0,2132716,3321241,7877366,7899720,-0.285843,unrelated
S3,S360,Alsum18-2019,PloverBrikalskiPats-2019,0,2186709,3218558,7877366,7905479,-0.269306,unrelated
S3,S378,Alsum18-2019,PloverDaveBrSE-2019,0,2109430,3296772,7877366,7709061,-0.287694,unrelated
S3,S379,Alsum18-2019,PloverDaveBrSE-2019,0,2137487,3363701,7877366,7674181,-0.295142,unrelated
S3,S380,Alsum18-2019,PloverDaveBrSE-2019,0,2108566,3307115,7877366,7619782,-0.290741,unrelated
S3,S381,Alsum18-2019,PloverDaveBrSE-2019,0,1962564,3523933,7877366,7357228,-0.333800,unrelated
S3,S382,Alsum18-2019,PloverDaveBrSE-2019,0,2072603,3287472,7877366,7450016,-0.293745,unrelated
S3,S383,Alsum18-2019,PloverDaveBrSE-2019,0,2233846,3233546,7877366,8100805,-0.264939,unrelated
S3,S384,Alsum18-2019,PloverDaveBrSE-2019,0,2276714,3180795,7877366,8223535,-0.253705,unrelated
S3,S402,Alsum18-2019,Wysocki1129-2019,0,2144471,3272379,7877366,7525165,-0.285686,unrelated
S3,S403,Alsum18-2019,Wysocki1129-2019,0,2093960,3302689,7877366,7520277,-0.292994,unrelated
S3,S404,Alsum18-2019,Wysocki1129-2019,0,2230726,3160204,7877366,7928168,-0.258750,unrelated
S3,S405,Alsum18-2019,Wysocki1129-2019,0,2200788,3224318,7877366,7761893,-0.271614,unrelated
S3,S406,Alsum18-2019,Wysocki1129-2019,0,2158282,3253972,7877366,7786192,-0.277693,unrelated
S3,S407,Alsum18-2019,Wysocki1129-2019,0,2142353,3309855,7877366,7717071,-0.287112,unrelated
S3,S408,Alsum18-2019,Wysocki1129-2019,0,2160987,3224367,7877366,7724063,-0.274830,unrelated
S3,S426,Alsum18-2019,Wysocki438-2019,0,2148600,3336159,7877366,7847102,-0.287687,unrelated
S3,S427,Alsum18-2019,Wysocki438-2019,0,2084708,3347356,7877366,7598529,-0.297883,unrelated
S3,S428,Alsum18-2019,Wysocki438-2019,0,2039153,3534857,7877366,7402753,-0.329223,unrelated
S3,S429,Alsum18-2019,Wysocki438-2019,0,2117478,3391702,7877366,7685399,-0.299813,unrelated
S3,S430,Alsum18-2019,Wysocki438-2019,0,2124852,3285459,7877366,7738169,-0.284721,unrelated
S3,S431,Alsum18-2019,Wysocki438-2019,0,2093337,3319553,7877366,7367342,-0.298187,unrelated
S3,S432,Alsum18-2019,Wysocki438-2019,0,2100259,3279453,7877366,7526561,-0.289449,unrelated
S3,S450,Alsum18-2019,Wysocki563-2019,0,2173154,3406422,7877366,7734101,-0.297198,unrelated
S3,S451,Alsum18-2019,Wysocki563-2019,0,2057117,3287370,7877366,7226898,-0.299096,unrelated
S3,S452,Alsum18-2019,Wysocki563-2019,0,2164998,3278220,7877366,7917168,-0.278036,unrelated
S3,S453,Alsum18-2019,Wysocki563-2019,0,2039627,3444667,7877366,7210686,-0.321427,unrelated
S3,S454,Alsum18-2019,Wysocki563-2019,0,2120378,3195700,7877366,7408884,-0.279403,unrelated
S3,S455,Alsum18-2019,Wysocki563-2019,0,2091719,3211662,7877366,7450078,-0.282605,unrelated
S3,S456,Alsum18-2019,Wysocki563-2019,0,2017798,3418838,7877366,7202383,-0.319626,unrelated
S3,S458,Alsum18-2019,Wysocki570-2019,0,2082891,3352911,7877366,7453203,-0.301550,unrelated
S3,S459,Alsum18-2019,Wysocki570-2019,0,2192475,3258865,7877366,7810498,-0.275707,unrelated
S3,S460,Alsum18-2019,Wysocki570-2019,0,2051365,3276836,7877366,7316303,-0.296328,unrelated
S3,S461,Alsum18-2019,Wysocki570-2019,0,2122988,3232131,7877366,7396301,-0.284233,unrelated
S3,S462,Alsum18-2019,Wysocki570-2019,0,2159493,3209601,7877366,7560523,-0.275926,unrelated
S3,S463,Alsum18-2019,Wysocki570-2019,0,2035707,3287382,7877366,7366427,-0.297764,unrelated
S3,S464,Alsum18-2019,Wysocki570-2019,0,2061550,3478581,7877366,7360662,-0.321276,unrelated
S4,S5,Alsum18-2019,Alsum18-2019,1,2091892,3206378,7720650,7498440,-0.283911,unrelated
S4,S6,Alsum18-2019,Alsum18-2019,1,2053883,3221003,7720650,7414721,-0.289925,unrelated
S4,S7,Alsum18-2019,Alsum18-2019,1,2102177,3265208,7720650,7637043,-0.288340,unrelated
S4,S29,Alsum18-2019,Alsum59-2019,0,1972626,3329120,7720650,7329524,-0.311333,unrelated
S4,S30,Alsum18-2019,Alsum59-2019,0,1966058,3314609,7720650,7014576,-0.316463,unrelated
S4,S31,Alsum18-2019,Alsum59-2019,0,1930750,3462995,7720650,6986552,-0.339646,unrelated
S4,S32,Alsum18-2019,Alsum59-2019,0,1318004,3810161,7720650,4933591,-0.498040,unrelated
S4,S33,Alsum18-2019,Alsum59-2019,0,2101721,3268091,7720650,7591187,-0.289610,unrelated
S4,S34,Alsum18-2019,Alsum59-2019,0,2044014,3294162,7720650,7475350,-0.299046,unrelated
S4,S35,Alsum18-2019,Alsum59-2019,0,2177659,3198477,7720650,7905307,-0.270018,unrelated
S4,S66,Alsum18-2019,Arlington-2019,0,2067004,3404073,7720650,7554876,-0.310375,unrelated
S4,S67,Alsum18-2019,Arlington-2019,0,2095704,3264323,7720650,7545213,-0.290383,unrelated
S4,S68,Alsum18-2019,Arlington-2019,0,2108784,3195813,7720650,7622727,-0.279133,unrelated
S4,S69,Alsum18-2019,Arlington-2019,0,1863081,3473367,7720650,7036507,-0.344487,unrelated
S4,S70,Alsum18-2019,Arlington-2019,0,2072540,3270753,7720650,7500795,-0.293597,unrelated
S4,S71,Alsum18-2019,Arlington-2019,0,2011074,3300178,7720650,7545169,-0.300625,unrelated
S4,S72,Alsum18-2019,Arlington-2019,0,2158295,3234504,7720650,8036250,-0.273576,unrelated
S4,S93,Alsum18-2019,ColomaBonus4-2019,0,1846586,3554332,7720650,6925377,-0.359284,unrelated
S4,S94,Alsum18-2019,ColomaBonus4-2019,0,2183617,3236711,7720650,8067681,-0.271707,unrelated
S4,S95,Alsum18-2019,ColomaBonus4-2019,0,2082489,3327581,7720650,7706268,-0.296409,unrelated
S4,S96,Alsum18-2019,ColomaBonus4-2019,0,2189864,3210680,7720650,7988131,-0.269371,unrelated
S4,S97,Alsum18-2019,ColomaBonus4-2019,0,1919635,3535993,7720650,7124061,-0.347083,unrelated
S4,S98,Alsum18-2019,ColomaBonus4-2019,0,1928105,3483111,7720650,7184607,-0.338009,unrelated
S4,S99,Alsum18-2019,ColomaBonus4-2019,0,1925494,3442936,7720650,7162781,-0.333282,unrelated
S4,S101,Alsum18-2019,ColomaBonus-2019,0,1959393,3428245,7720650,7446230,-0.322881,unrelated
S4,S102,Alsum18-2019,ColomaBonus-2019,0,1978473,3443915,7720650,7157304,-0.329975,unrelated
S4,S103,Alsum18-2019,ColomaBonus-2019,0,2111893,3404273,7720650,7993686,-0.298877,unrelated
S4,S104,Alsum18-2019,ColomaBonus-2019,0,2221289,3167353,7720650,8432743,-0.254647,unrelated
S4,S105,Alsum18-2019,ColomaBonus-2019,0,2115436,3274804,7720650,7922986,-0.283449,unrelated
S4,S106,Alsum18-2019,ColomaBonus-2019,0,1969463,3448081,7720650,7305326,-0.327879,unrelated
S4,S107,Alsum18-2019,ColomaBonus-2019,0,2066335,3292294,7720650,7641841,-0.294109,unrelated
S4,S125,Alsum18-2019,ColomaLyons-2019,0,2171481,3178712,7720650,8018900,-0.265951,unrelated
S4,S126,Alsum18-2019,ColomaLyons-2019,0,2081977,3270763,7720650,7690253,-0.289376,unrelated
S4,S127,Alsum18-2019,ColomaLyons-2019,0,2024760,3352888,7720650,7481050,-0.307927,unrelated
S4,S128,Alsum18-2019,ColomaLyons-2019,0,2083093,3498094,7720650,7740149,-0.317778,unrelated
S4,S129,Alsum18-2019,ColomaLyons-2019,0,2104837,3250754,7720650,7617129,-0.286656,unrelated
S4,S130,Alsum18-2019,ColomaLyons-2019,0,2001978,3467885,7720650,7474077,-0.324704,unrelated
S4,S131,Alsum18-2019,ColomaLyons-2019,0,1970705,3441871,7720650,7362681,-0.325726,unrelated
S4,S139,Alsum18-2019,XMASBig-2019,0,2031389,3367559,7720650,7410585,-0.310862,unrelated
S4,S140,Alsum18-2019,XMASBig-2019,0,2099271,3312621,7720650,7814276,-0.291342,unrelated
S4,S141,Alsum18-2019,XMASBig-2019,0,2112774,3309850,7720650,7717407,-0.291936,unrelated
S4,S142,Alsum18-2019,XMASBig-2019,0,2050779,3390664,7720650,7766337,-0.305453,unrelated
S4,S143,Alsum18-2019,XMASBig-2019,0,1975930,3467818,7720650,7252463,-0.331241,unrelated
S4,S159,Alsum18-2019,OkrayGarrisonNE-2019,0,2001030,3467096,7720650,7368400,-0.326937,unrelated
S4,S160,Alsum18-2019,OkrayGarrisonNE-2019,0,1981835,3430676,7720650,7290941,-0.325050,unrelated
S4,S161,Alsum18-2019,OkrayGarrisonNE-2019,0,2036635,3332658,7720650,7377502,-0.306573,unrelated
S4,S162,Alsum18-2019,OkrayGarrisonNE-2019,0,2094796,3293926,7720650,7785671,-0.289756,unrelated
S4,S163,Alsum18-2019,OkrayGarrisonNE-2019,0,2094713,3303405,7720650,7709788,-0.292415,unrelated
S4,S164,Alsum18-2019,OkrayGarrisonNE-2019,0,2113359,3261955,7720650,7689846,-0.286204,unrelated
S4,S165,Alsum18-2019,OkrayGarrisonNE-2019,0,2118432,3285842,7720650,7611186,-0.290458,unrelated
S4,S296,Alsum18-2019,OkrayRobacks-2019,0,2170599,3269917,7720650,7691850,-0.283486,unrelated
S4,S297,Alsum18-2019,OkrayRobacks-2019,0,2095073,3508141,7720650,7677694,-0.319593,unrelated
S4,S298,Alsum18-2019,OkrayRobacks-2019,0,1991584,3369152,7720650,7378291,-0.314374,unrelated
S4,S299,Alsum18-2019,OkrayRobacks-2019,0,2092524,3329952,7720650,7556994,-0.298958,unrelated
S4,S300,Alsum18-2019,OkrayRobacks-2019,0,2069980,3244536,7720650,7420867,-0.291853,unrelated
S4,S301,Alsum18-2019,OkrayRobacks-2019,0,2181391,3169688,7720650,8080920,-0.263137,unrelated
S4,S302,Alsum18-2019,OkrayRobacks-2019,0,2325496,2996467,7720650,8536700,-0.225586,unrelated
S4,S304,Alsum18-2019,OkrayGrosheks40-2019,0,1973158,3411733,7720650,7154938,-0.326058,unrelated
S4,S305,Alsum18-2019,OkrayGrosheks40-2019,0,2155426,3213628,7720650,7779665,-0.275596,unrelated
S4,S306,Alsum18-2019,OkrayGrosheks40-2019,0,3134552,2199339,7720650,11601524,-0.065424,unrelated
S4,S307,Alsum18-2019,OkrayGrosheks40-2019,0,1980213,3322578,7720650,7144597,-0.313815,unrelated
S4,S308,Alsum18-2019,OkrayGrosheks40-2019,0,2142037,3273730,7720650,7750273,-0.284755,unrelated
S4,S309,Alsum18-2019,OkrayGrosheks40-2019,0,1978730,3282129,7720650,7235130,-0.306606,unrelated
S4,S310,Alsum18-2019,OkrayGrosheks40-2019,0,2005243,3339732,7720650,7262608,-0.311963,unrelated
S4,S340,Alsum18-2019,OkrayPFWiper-2019,0,2018189,3422919,7720650,7619222,-0.314712,unrelated
S4,S341,Alsum18-2019,OkrayPFWiper-2019,0,2017738,3389662,7720650,7557563,-0.311659,unrelated
S4,S342,Alsum18-2019,OkrayPFWiper-2019,0,1892020,3506995,7720650,7043704,-0.346915,unrelated
S4,S343,Alsum18-2019,OkrayPFWiper-2019,0,1975701,3384857,7720650,7375799,-0.317559,unrelated
S4,S344,Alsum18-2019,OkrayPFWiper-2019,0,1907953,3578080,7720650,7302502,-0.349341,unrelated
S4,S354,Alsum18-2019,PloverBrikalskiPats-2019,0,2037793,3461542,7720650,7677084,-0.317273,unrelated
S4,S355,Alsum18-2019,PloverBrikalskiPats-2019,0,2141777,3299103,7720650,7759982,-0.287871,unrelated
S4,S356,Alsum18-2019,PloverBrikalskiPats-2019,0,2014064,3464960,7720650,7738582,-0.317988,unrelated
S4,S357,Alsum18-2019,PloverBrikalskiPats-2019,0,2088305,3294632,7720650,7682544,-0.292209,unrelated
S4,S358,Alsum18-2019,PloverBrikalskiPats-2019,0,2093674,3316346,7720650,7701638,-0.294315,unrelated
S4,S359,Alsum18-2019,PloverBrikalskiPats-2019,0,2089508,3320560,7720650,7899720,-0.291390,unrelated
S4,S360,Alsum18-2019,PloverBrikalskiPats-2019,0,2172684,3242443,7720650,7905479,-0.275961,unrelated
S4,S378,Alsum18-2019,PloverDaveBrSE-2019,0,2062834,3385506,7720650,7709061,-0.305137,unrelated
S4,S379,Alsum18-2019,PloverDaveBrSE-2019,0,2066689,3358532,7720650,7674181,-0.302074,unrelated
S4,S380,Alsum18-2019,PloverDaveBrSE-2019,0,2044614,3341260,7720650,7619782,-0.302332,unrelated
S4,S381,Alsum18-2019,PloverDaveBrSE-2019,0,1901024,3568547,7720650,7357228,-0.347268,unrelated
S4,S382,Alsum18-2019,PloverDaveBrSE-2019,0,2018404,3341501,7720650,7450016,-0.307475,unrelated
S4,S383,Alsum18-2019,PloverDaveBrSE-2019,0,2146977,3254397,7720650,8100805,-0.275690,unrelated
S4,S384,Alsum18-2019,PloverDaveBrSE-2019,0,2202379,3243268,7720650,8223535,-0.268697,unrelated
S4,S402,Alsum18-2019,Wysocki1129-2019,0,2035579,3322687,7720650,7525165,-0.302365,unrelated
S4,S403,Alsum18-2019,Wysocki1129-2019,0,1997148,3329143,7720650,7520277,-0.305830,unrelated
S4,S404,Alsum18-2019,Wysocki1129-2019,0,2171821,3224541,7720650,7928168,-0.273328,unrelated
S4,S405,Alsum18-2019,Wysocki1129-2019,0,2104289,3266393,7720650,7761893,-0.286032,unrelated
S4,S406,Alsum18-2019,Wysocki1129-2019,0,2123188,3284168,7720650,7786192,-0.286657,unrelated
S4,S407,Alsum18-2019,Wysocki1129-2019,0,2075409,3310327,7720650,7717071,-0.294425,unrelated
S4,S408,Alsum18-2019,Wysocki1129-2019,0,2089181,3352733,7720650,7724063,-0.298891,unrelated
S4,S426,Alsum18-2019,Wysocki438-2019,0,2090871,3308517,7720650,7847102,-0.290740,unrelated
S4,S427,Alsum18-2019,Wysocki438-2019,0,1984651,3423850,7720650,7598529,-0.317448,unrelated
S4,S428,Alsum18-2019,Wysocki438-2019,0,1940474,3701455,7720650,7402753,-0.361191,unrelated
S4,S429,Alsum18-2019,Wysocki438-2019,0,2016250,3427627,7720650,7685399,-0.314098,unrelated
S4,S430,Alsum18-2019,Wysocki438-2019,0,2048727,3330199,7720650,7738169,-0.298320,unrelated
S4,S431,Alsum18-2019,Wysocki438-2019,0,1993907,3375808,7720650,7367342,-0.315331,unrelated
S4,S432,Alsum18-2019,Wysocki438-2019,0,2066640,3313136,7720650,7526561,-0.299047,unrelated
S4,S450,Alsum18-2019,Wysocki563-2019,0,2097109,3555423,7720650,7734101,-0.324414,unrelated
S4,S451,Alsum18-2019,Wysocki563-2019,0,2005508,3349665,7720650,7226898,-0.314020,unrelated
S4,S452,Alsum18-2019,Wysocki563-2019,0,2124367,3222885,7720650,7917168,-0.276343,unrelated
S4,S453,Alsum18-2019,Wysocki563-2019,0,1933887,3538189,7720650,7210686,-0.344409,unrelated
S4,S454,Alsum18-2019,Wysocki563-2019,0,2126427,3234589,7720650,7408884,-0.287038,unrelated
S4,S455,Alsum18-2019,Wysocki563-2019,0,2039459,3253697,7720650,7450078,-0.294510,unrelated
S4,S456,Alsum18-2019,Wysocki563-2019,0,1909633,3540303,7720650,7202383,-0.346510,unrelated
S4,S458,Alsum18-2019,Wysocki570-2019,0,2055457,3366418,7720650,7453203,-0.308253,unrelated
S4,S459,Alsum18-2019,Wysocki570-2019,0,2106615,3267259,7720650,7810498,-0.285098,unrelated
S4,S460,Alsum18-2019,Wysocki570-2019,0,1981382,3369770,7720650,7316303,-0.316431,unrelated
S4,S461,Alsum18-2019,Wysocki570-2019,0,2070848,3253198,7720650,7396301,-0.293416,unrelated
S4,S462,Alsum18-2019,Wysocki570-2019,0,2072934,3290794,7720650,7560523,-0.295046,unrelated
S4,S463,Alsum18-2019,Wysocki570-2019,0,2015050,3360035,7720650,7366427,-0.311858,unrelated
S4,S464,Alsum18-2019,Wysocki570-2019,0,2004888,3574425,7720650,7360662,-0.341082,unrelated
S5,S6,Alsum18-2019,Alsum18-2019,1,2029922,3304752,7498440,7414721,-0.307083,unrelated
S5,S7,Alsum18-2019,Alsum18-2019,1,2151306,3350228,7498440,7637043,-0.300562,unrelated
S5,S29,Alsum18-2019,Alsum59-2019,0,1995558,3471720,7498440,7329524,-0.333686,unrelated
S5,S30,Alsum18-2019,Alsum59-2019,0,1993115,3391529,7498440,7014576,-0.330045,unrelated
S5,S31,Alsum18-2019,Alsum59-2019,0,1916319,3572954,7498440,6986552,-0.361035,unrelated
S5,S32,Alsum18-2019,Alsum59-2019,0,1271391,3913313,7498440,4933591,-0.527286,unrelated
S5,S33,Alsum18-2019,Alsum59-2019,0,2012743,3327176,7498440,7591187,-0.307603,unrelated
S5,S34,Alsum18-2019,Alsum59-2019,0,1986077,3364751,7498440,7475350,-0.316782,unrelated
S5,S35,Alsum18-2019,Alsum59-2019,0,2081444,3279667,7498440,7905307,-0.290701,unrelated
S5,S66,Alsum18-2019,Arlington-2019,0,2044053,3406994,7498440,7554876,-0.316869,unrelated
S5,S67,Alsum18-2019,Arlington-2019,0,2010536,3369142,7498440,7545213,-0.314269,unrelated
S5,S68,Alsum18-2019,Arlington-2019,0,2051636,3227285,7498440,7622727,-0.291177,unrelated
S5,S69,Alsum18-2019,Arlington-2019,0,1892098,3544079,7498440,7036507,-0.357487,unrelated
S5,S70,Alsum18-2019,Arlington-2019,0,2028701,3218602,7498440,7500795,-0.293915,unrelated
S5,S71,Alsum18-2019,Arlington-2019,0,1986563,3302948,7498440,7545169,-0.307063,unrelated
S5,S72,Alsum18-2019,Arlington-2019,0,2116702,3268540,7498440,8036250,-0.284549,unrelated
S5,S93,Alsum18-2019,ColomaBonus4-2019,0,1889069,3676456,7498440,6925377,-0.378807,unrelated
S5,S94,Alsum18-2019,ColomaBonus4-2019,0,2176771,3235847,7498440,8067681,-0.275915,unrelated
S5,S95,Alsum18-2019,ColomaBonus4-2019,0,2045010,3439953,7498440,7706268,-0.317987,unrelated
S5,S96,Alsum18-2019,ColomaBonus4-2019,0,2118792,3294800,7498440,7988131,-0.288689,unrelated
S5,S97,Alsum18-2019,ColomaBonus4-2019,0,1853133,3610461,7498440,7124061,-0.367091,unrelated
S5,S98,Alsum18-2019,ColomaBonus4-2019,0,1931321,3621244,7498440,7184607,-0.361721,unrelated
S5,S99,Alsum18-2019,ColomaBonus4-2019,0,1986310,3518796,7498440,7162781,-0.344534,unrelated
S5,S101,Alsum18-2019,ColomaBonus-2019,0,2004965,3458284,7498440,7446230,-0.328652,unrelated
S5,S102,Alsum18-2019,ColomaBonus-2019,0,1960371,3623664,7498440,7157304,-0.360743,unrelated
S5,S103,Alsum18-2019,ColomaBonus-2019,0,2075829,3423614,7498440,7993686,-0.307989,unrelated
S5,S104,Alsum18-2019,ColomaBonus-2019,0,2200743,3200327,7498440,8432743,-0.263628,unrelated
S5,S105,Alsum18-2019,ColomaBonus-2019,0,2010255,3451048,7498440,7922986,-0.317211,unrelated
S5,S106,Alsum18-2019,ColomaBonus-2019,0,1978624,3481234,7498440,7305326,-0.336661,unrelated
S5,S107,Alsum18-2019,ColomaBonus-2019,0,2042294,3336828,7498440,7641841,-0.305897,unrelated
S5,S125,Alsum18-2019,ColomaLyons-2019,0,2110066,3259694,7498440,8018900,-0.284155,unrelated
S5,S126,Alsum18-2019,ColomaLyons-2019,0,2010416,3347197,7498440,7690253,-0.308386,unrelated
S5,S127,Alsum18-2019,ColomaLyons-2019,0,2026370,3414796,7498440,7481050,-0.320653,unrelated
S5,S128,Alsum18-2019,ColomaLyons-2019,0,2012669,3583586,7498440,7740149,-0.338253,unrelated
S5,S129,Alsum18-2019,ColomaLyons-2019,0,2011626,3424405,7498440,7617129,-0.320013,unrelated
S5,S130,Alsum18-2019,ColomaLyons-2019,0,2041652,3545288,7498440,7474077,-0.337213,unrelated
S5,S131,Alsum18-2019,ColomaLyons-2019,0,2005723,3588079,7498440,7362681,-0.347917,unrelated
S5,S139,Alsum18-2019,XMASBig-2019,0,2019019,3372301,7498440,7410585,-0.316961,unrelated
S5,S140,Alsum18-2019,XMASBig-2019,0,2071615,3359607,7498440,7814276,-0.303512,unrelated
S5,S141,Alsum18-2019,XMASBig-2019,0,1997791,3420199,7498440,7717407,-0.318261,unrelated
S5,S142,Alsum18-2019,XMASBig-2019,0,2117865,3435561,7498440,7766337,-0.311387,unrelated
S5,S143,Alsum18-2019,XMASBig-2019,0,1908330,3515412,7498440,7252463,-0.347266,unrelated
S5,S159,Alsum18-2019,OkrayGarrisonNE-2019,0,2044599,3576155,7498440,7368400,-0.343564,unrelated
S5,S160,Alsum18-2019,OkrayGarrisonNE-2019,0,2006345,3579362,7498440,7290941,-0.348384,unrelated
S5,S161,Alsum18-2019,OkrayGarrisonNE-2019,0,1980150,3397634,7498440,7377502,-0.323685,unrelated
S5,S162,Alsum18-2019,OkrayGarrisonNE-2019,0,2096815,3269004,7498440,7785671,-0.290576,unrelated
S5,S163,Alsum18-2019,OkrayGarrisonNE-2019,0,2004064,3416480,7498440,7709788,-0.317519,unrelated
S5,S164,Alsum18-2019,OkrayGarrisonNE-2019,0,1995315,3415710,7498440,7689846,-0.318410,unrelated
S5,S165,Alsum18-2019,OkrayGarrisonNE-2019,0,1972104,3446156,7498440,7611186,-0.325634,unrelated
S5,S296,Alsum18-2019,OkrayRobacks-2019,0,2058815,3378973,7498440,7691850,-0.309351,unrelated
S5,S297,Alsum18-2019,OkrayRobacks-2019,0,2041307,3475210,7498440,7677694,-0.323476,unrelated
S5,S298,Alsum18-2019,OkrayRobacks-2019,0,2055098,3460353,7498440,7378291,-0.327062,unrelated
S5,S299,Alsum18-2019,OkrayRobacks-2019,0,1996926,3412250,7498440,7556994,-0.320653,unrelated
S5,S300,Alsum18-2019,OkrayRobacks-2019,0,2020549,3255919,7498440,7420867,-0.301039,unrelated
S5,S301,Alsum18-2019,OkrayRobacks-2019,0,2111792,3307381,7498440,8080920,-0.289034,unrelated
S5,S302,Alsum18-2019,OkrayRobacks-2019,0,2319515,3067455,7498440,8536700,-0.237940,unrelated
S5,S304,Alsum18-2019,OkrayGrosheks40-2019,0,1911283,3412180,7498440,7154938,-0.335286,unrelated
S5,S305,Alsum18-2019,OkrayGrosheks40-2019,0,2197588,3333951,7498440,7779665,-0.292596,unrelated
S5,S306,Alsum18-2019,OkrayGrosheks40-2019,0,3065655,2291246,7498440,11601524,-0.079416,unrelated
S5,S307,Alsum18-2019,OkrayGrosheks40-2019,0,2025233,3419935,7498440,7144597,-0.328800,unrelated
S5,S308,Alsum18-2019,OkrayGrosheks40-2019,0,2074456,3358469,7498440,7750273,-0.304451,unrelated
S5,S309,Alsum18-2019,OkrayGrosheks40-2019,0,1948966,3340285,7498440,7235130,-0.321144,unrelated
S5,S310,Alsum18-2019,OkrayGrosheks40-2019,0,2006639,3392583,7498440,7262608,-0.323725,unrelated
S5,S340,Alsum18-2019,OkrayPFWiper-2019,0,2005278,3462015,7498440,7619222,-0.325365,unrelated
S5,S341,Alsum18-2019,OkrayPFWiper-2019,0,1936489,3403537,7498440,7557563,-0.323498,unrelated
S5,S342,Alsum18-2019,OkrayPFWiper-2019,0,1825187,3546944,7498440,7043704,-0.362306,unrelated
S5,S343,Alsum18-2019,OkrayPFWiper-2019,0,1925209,3486268,7498440,7375799,-0.339333,unrelated
S5,S344,Alsum18-2019,OkrayPFWiper-2019,0,1937696,3621339,7498440,7302502,-0.358422,unrelated
S5,S354,Alsum18-2019,PloverBrikalskiPats-2019,0,1965473,3540638,7498440,7677084,-0.337109,unrelated
S5,S355,Alsum18-2019,PloverBrikalskiPats-2019,0,2152075,3280895,7498440,7759982,-0.289002,unrelated
S5,S356,Alsum18-2019,PloverBrikalskiPats-2019,0,2055243,3541423,7498440,7738582,-0.329960,unrelated
S5,S357,Alsum18-2019,PloverBrikalskiPats-2019,0,2041838,3306704,7498440,7682544,-0.301138,unrelated
S5,S358,Alsum18-2019,PloverBrikalskiPats-2019,0,2111508,3458017,7498440,7701638,-0.316086,unrelated
S5,S359,Alsum18-2019,PloverBrikalskiPats-2019,0,2082142,3396178,7498440,7899720,-0.305895,unrelated
S5,S360,Alsum18-2019,PloverBrikalskiPats-2019,0,2077879,3343651,7498440,7905479,-0.299237,unrelated
S5,S378,Alsum18-2019,PloverDaveBrSE-2019,0,2022007,3381991,7498440,7709061,-0.311818,unrelated
S5,S379,Alsum18-2019,PloverDaveBrSE-2019,0,2055971,3496400,7498440,7674181,-0.325377,unrelated
S5,S380,Alsum18-2019,PloverDaveBrSE-2019,0,2054723,3498948,7498440,7619782,-0.326968,unrelated
S5,S381,Alsum18-2019,PloverDaveBrSE-2019,0,1960001,3613651,7498440,7357228,-0.354565,unrelated
S5,S382,Alsum18-2019,PloverDaveBrSE-2019,0,2004943,3336869,7498440,7450016,-0.312326,unrelated
S5,S383,Alsum18-2019,PloverDaveBrSE-2019,0,2095330,3324161,7498440,8100805,-0.291873,unrelated
S5,S384,Alsum18-2019,PloverDaveBrSE-2019,0,2159134,3293411,7498440,8223535,-0.281624,unrelated
S5,S402,Alsum18-2019,Wysocki1129-2019,0,2099540,3431972,7498440,7525165,-0.317128,unrelated
S5,S403,Alsum18-2019,Wysocki1129-2019,0,2051978,3502188,7498440,7520277,-0.329748,unrelated
S5,S404,Alsum18-2019,Wysocki1129-2019,0,2091503,3323811,7498440,7928168,-0.295342,unrelated
S5,S405,Alsum18-2019,Wysocki1129-2019,0,2019351,3329673,7498440,7761893,-0.304056,unrelated
S5,S406,Alsum18-2019,Wysocki1129-2019,0,2069984,3326803,7498440,7786192,-0.299884,unrelated
S5,S407,Alsum18-2019,Wysocki1129-2019,0,2021478,3411148,7498440,7717071,-0.315521,unrelated
S5,S408,Alsum18-2019,Wysocki1129-2019,0,2044408,3362510,7498440,7724063,-0.307480,unrelated
S5,S426,Alsum18-2019,Wysocki438-2019,0,2026010,3397315,7498440,7847102,-0.310750,unrelated
S5,S427,Alsum18-2019,Wysocki438-2019,0,1957376,3483732,7498440,7598529,-0.331861,unrelated
S5,S428,Alsum18-2019,Wysocki438-2019,0,1919304,3716400,7498440,7402753,-0.370004,unrelated
S5,S429,Alsum18-2019,Wysocki438-2019,0,2023095,3471111,7498440,7685399,-0.323971,unrelated
S5,S430,Alsum18-2019,Wysocki438-2019,0,1991640,3361532,7498440,7738169,-0.310530,unrelated
S5,S431,Alsum18-2019,Wysocki438-2019,0,1980674,3446178,7498440,7367342,-0.330402,unrelated
S5,S432,Alsum18-2019,Wysocki438-2019,0,1998428,3340430,7498440,7526561,-0.311643,unrelated
S5,S450,Alsum18-2019,Wysocki563-2019,0,2014972,3650372,7498440,7734101,-0.347005,unrelated
S5,S451,Alsum18-2019,Wysocki563-2019,0,2028423,3463147,7498440,7226898,-0.332615,unrelated
S5,S452,Alsum18-2019,Wysocki563-2019,0,2092275,3348758,7498440,7917168,-0.298739,unrelated
S5,S453,Alsum18-2019,Wysocki563-2019,0,1970434,3647326,7498440,7210686,-0.361967,unrelated
S5,S454,Alsum18-2019,Wysocki563-2019,0,1966488,3347283,7498440,7408884,-0.317165,unrelated
S5,S455,Alsum18-2019,Wysocki563-2019,0,1983722,3322520,7498440,7450078,-0.311825,unrelated
S5,S456,Alsum18-2019,Wysocki563-2019,0,1976475,3667507,7498440,7202383,-0.364506,unrelated
S5,S458,Alsum18-2019,Wysocki570-2019,0,1972001,3486419,7498440,7453203,-0.334467,unrelated
S5,S459,Alsum18-2019,Wysocki570-2019,0,2090687,3295466,7498440,7810498,-0.293962,unrelated
S5,S460,Alsum18-2019,Wysocki570-2019,0,1956978,3389261,7498440,7316303,-0.325456,unrelated
S5,S461,Alsum18-2019,Wysocki570-2019,0,2027615,3300051,7498440,7396301,-0.306987,unrelated
S5,S462,Alsum18-2019,Wysocki570-2019,0,1994042,3361564,7498440,7560523,-0.314038,unrelated
S5,S463,Alsum18-2019,Wysocki570-2019,0,1885912,3456522,7498440,7366427,-0.338189,unrelated
S5,S464,Alsum18-2019,Wysocki570-2019,0,1914825,3668939,7498440,7360662,-0.364965,unrelated
S6,S7,Alsum18-2019,Alsum18-2019,1,2058899,3254929,7414721,7637043,-0.295710,unrelated
S6,S29,Alsum18-2019,Alsum59-2019,0,1895553,3458243,7414721,7329524,-0.340535,unrelated
S6,S30,Alsum18-2019,Alsum59-2019,0,1925070,3347519,7414721,7014576,-0.330575,unrelated
S6,S31,Alsum18-2019,Alsum59-2019,0,1848287,3472829,7414721,6986552,-0.353953,unrelated
S6,S32,Alsum18-2019,Alsum59-2019,0,1274306,3870726,7414721,4933591,-0.523727,unrelated
S6,S33,Alsum18-2019,Alsum59-2019,0,2008868,3333650,7414721,7591187,-0.310440,unrelated
S6,S34,Alsum18-2019,Alsum59-2019,0,1974416,3349884,7414721,7475350,-0.317349,unrelated
S6,S35,Alsum18-2019,Alsum59-2019,0,2067507,3268609,7414721,7905307,-0.291756,unrelated
S6,S66,Alsum18-2019,Arlington-2019,0,2032171,3389743,7414721,7554876,-0.317130,unrelated
S6,S67,Alsum18-2019,Arlington-2019,0,2003903,3359820,7414721,7545213,-0.315224,unrelated
S6,S68,Alsum18-2019,Arlington-2019,0,2015224,3290330,7414721,7622727,-0.303604,unrelated
S6,S69,Alsum18-2019,Arlington-2019,0,1815274,3530855,7414721,7036507,-0.363044,unrelated
S6,S70,Alsum18-2019,Arlington-2019,0,2013581,3242516,7414721,7500795,-0.299785,unrelated
S6,S71,Alsum18-2019,Arlington-2019,0,1935903,3350229,7414721,7545169,-0.318489,unrelated
S6,S72,Alsum18-2019,Arlington-2019,0,2094602,3250406,7414721,8036250,-0.285174,unrelated
S6,S93,Alsum18-2019,ColomaBonus4-2019,0,1810008,3705216,7414721,6925377,-0.390543,unrelated
S6,S94,Alsum18-2019,ColomaBonus4-2019,0,2099925,3340420,7414721,8067681,-0.295879,unrelated
S6,S95,Alsum18-2019,ColomaBonus4-2019,0,1994947,3463798,7414721,7706268,-0.326212,unrelated
S6,S96,Alsum18-2019,ColomaBonus4-2019,0,2101461,3293714,7414721,7988131,-0.291243,unrelated
S6,S97,Alsum18-2019,ColomaBonus4-2019,0,1841325,3612013,7414721,7124061,-0.370231,unrelated
S6,S98,Alsum18-2019,ColomaBonus4-2019,0,1896797,3580464,7414721,7184607,-0.360574,unrelated
S6,S99,Alsum18-2019,ColomaBonus4-2019,0,1917015,3463495,7414721,7162781,-0.343679,unrelated
S6,S101,Alsum18-2019,ColomaBonus-2019,0,1923034,3438633,7414721,7446230,-0.333372,unrelated
S6,S102,Alsum18-2019,ColomaBonus-2019,0,1906444,3591055,7414721,7157304,-0.362041,unrelated
S6,S103,Alsum18-2019,ColomaBonus-2019,0,2035725,3436087,7414721,7993686,-0.313884,unrelated
S6,S104,Alsum18-2019,ColomaBonus-2019,0,2151195,3243264,7414721,8432743,-0.273566,unrelated
S6,S105,Alsum18-2019,ColomaBonus-2019,0,1992082,3438924,7414721,7922986,-0.318546,unrelated
S6,S106,Alsum18-2019,ColomaBonus-2019,0,1930727,3501264,7414721,7305326,-0.344551,unrelated
S6,S107,Alsum18-2019,ColomaBonus-2019,0,1995739,3399249,7414721,7641841,-0.318981,unrelated
S6,S125,Alsum18-2019,ColomaLyons-2019,0,2116013,3186280,7414721,8018900,-0.275797,unrelated
S6,S126,Alsum18-2019,ColomaLyons-2019,0,2017874,3326319,7414721,7690253,-0.306837,unrelated
S6,S127,Alsum18-2019,ColomaLyons-2019,0,1946254,3486909,7414721,7481050,-0.337516,unrelated
S6,S128,Alsum18-2019,ColomaLyons-2019,0,2007645,3585675,7414721,7740149,-0.340729,unrelated
S6,S129,Alsum18-2019,ColomaLyons-2019,0,2009644,3347931,7414721,7617129,-0.311753,unrelated
S6,S130,Alsum18-2019,ColomaLyons-2019,0,1967319,3508781,7414721,7474077,-0.339197,unrelated
S6,S131,Alsum18-2019,ColomaLyons-2019,0,1953739,3482845,7414721,7362681,-0.339163,unrelated
S6,S139,Alsum18-2019,XMASBig-2019,0,1976915,3421490,7414721,7410585,-0.328227,unrelated
S6,S140,Alsum18-2019,XMASBig-2019,0,2043023,3307796,7414721,7814276,-0.300254,unrelated
S6,S141,Alsum18-2019,XMASBig-2019,0,1993671,3423977,7414721,7717407,-0.320793,unrelated
S6,S142,Alsum18-2019,XMASBig-2019,0,2072367,3364860,7414721,7766337,-0.306787,unrelated
S6,S143,Alsum18-2019,XMASBig-2019,0,1904071,3484382,7414721,7252463,-0.345308,unrelated
S6,S159,Alsum18-2019,OkrayGarrisonNE-2019,0,1974765,3498749,7414721,7368400,-0.339761,unrelated
S6,S160,Alsum18-2019,OkrayGarrisonNE-2019,0,1927445,3543949,7414721,7290941,-0.350916,unrelated
S6,S161,Alsum18-2019,OkrayGarrisonNE-2019,0,1977163,3353019,7414721,7377502,-0.319687,unrelated
S6,S162,Alsum18-2019,OkrayGarrisonNE-2019,0,2023822,3349910,7414721,7785671,-0.307624,unrelated
S6,S163,Alsum18-2019,OkrayGarrisonNE-2019,0,1975886,3474135,7414721,7709788,-0.328763,unrelated
S6,S164,Alsum18-2019,OkrayGarrisonNE-2019,0,1988162,3419487,7414721,7689846,-0.321149,unrelated
S6,S165,Alsum18-2019,OkrayGarrisonNE-2019,0,1969585,3418098,7414721,7611186,-0.323881,unrelated
S6,S296,Alsum18-2019,OkrayRobacks-2019,0,2036925,3375181,7414721,7691850,-0.312012,unrelated
S6,S297,Alsum18-2019,OkrayRobacks-2019,0,2003862,3494229,7414721,7677694,-0.330272,unrelated
S6,S298,Alsum18-2019,OkrayRobacks-2019,0,1976210,3385819,7414721,7378291,-0.324168,unrelated
S6,S299,Alsum18-2019,OkrayRobacks-2019,0,1971173,3425627,7414721,7556994,-0.325953,unrelated
S6,S300,Alsum18-2019,OkrayRobacks-2019,0,2010620,3280500,7414721,7420867,-0.306721,unrelated
S6,S301,Alsum18-2019,OkrayRobacks-2019,0,2088199,3289861,7414721,8080920,-0.289857,unrelated
S6,S302,Alsum18-2019,OkrayRobacks-2019,0,2266197,3047583,7414721,8536700,-0.240039,unrelated
S6,S304,Alsum18-2019,OkrayGrosheks40-2019,0,1898809,3420386,7414721,7154938,-0.339196,unrelated
S6,S305,Alsum18-2019,OkrayGrosheks40-2019,0,2106083,3335670,7414721,7779665,-0.300457,unrelated
S6,S306,Alsum18-2019,OkrayGrosheks40-2019,0,3057978,2257819,7414721,11601524,-0.076653,unrelated
S6,S307,Alsum18-2019,OkrayGrosheks40-2019,0,1944760,3353000,7414721,7144597,-0.327024,unrelated
S6,S308,Alsum18-2019,OkrayGrosheks40-2019,0,2070736,3306645,7414721,7750273,-0.299542,unrelated
S6,S309,Alsum18-2019,OkrayGrosheks40-2019,0,1927212,3364417,7414721,7235130,-0.327759,unrelated
S6,S310,Alsum18-2019,OkrayGrosheks40-2019,0,1965287,3351363,7414721,7262608,-0.322773,unrelated
S6,S340,Alsum18-2019,OkrayPFWiper-2019,0,1979550,3466957,7414721,7619222,-0.329545,unrelated
S6,S341,Alsum18-2019,OkrayPFWiper-2019,0,1925161,3442209,7414721,7557563,-0.331229,unrelated
S6,S342,Alsum18-2019,OkrayPFWiper-2019,0,1836268,3492014,7414721,7043704,-0.356039,unrelated
S6,S343,Alsum18-2019,OkrayPFWiper-2019,0,1919065,3454197,7414721,7375799,-0.337333,unrelated
S6,S344,Alsum18-2019,OkrayPFWiper-2019,0,1856932,3641106,7414721,7302502,-0.368635,unrelated
S6,S354,Alsum18-2019,PloverBrikalskiPats-2019,0,1986982,3458436,7414721,7677084,-0.326660,unrelated
S6,S355,Alsum18-2019,PloverBrikalskiPats-2019,0,2068769,3424269,7414721,7759982,-0.314983,unrelated
S6,S356,Alsum18-2019,PloverBrikalskiPats-2019,0,1971541,3466262,7414721,7738582,-0.327386,unrelated
S6,S357,Alsum18-2019,PloverBrikalskiPats-2019,0,2045708,3275537,7414721,7682544,-0.298423,unrelated
S6,S358,Alsum18-2019,PloverBrikalskiPats-2019,0,2046685,3394926,7414721,7701638,-0.313777,unrelated
S6,S359,Alsum18-2019,PloverBrikalskiPats-2019,0,2059628,3356657,7414721,7899720,-0.303876,unrelated
S6,S360,Alsum18-2019,PloverBrikalskiPats-2019,0,2047825,3309107,7414721,7905479,-0.298324,unrelated
S6,S378,Alsum18-2019,PloverDaveBrSE-2019,0,2018138,3326312,7414721,7709061,-0.306437,unrelated
S6,S379,Alsum18-2019,PloverDaveBrSE-2019,0,1992690,3448099,7414721,7674181,-0.324974,unrelated
S6,S380,Alsum18-2019,PloverDaveBrSE-2019,0,1964481,3481145,7414721,7619782,-0.332423,unrelated
S6,S381,Alsum18-2019,PloverDaveBrSE-2019,0,1861267,3567642,7414721,7357228,-0.357029,unrelated
S6,S382,Alsum18-2019,PloverDaveBrSE-2019,0,1991015,3358012,7414721,7450016,-0.317867,unrelated
S6,S383,Alsum18-2019,PloverDaveBrSE-2019,0,2081889,3336572,7414721,8100805,-0.295914,unrelated
S6,S384,Alsum18-2019,PloverDaveBrSE-2019,0,2150599,3250201,7414721,8223535,-0.278151,unrelated
S6,S402,Alsum18-2019,Wysocki1129-2019,0,1992618,3409445,7414721,7525165,-0.323046,unrelated
S6,S403,Alsum18-2019,Wysocki1129-2019,0,1972648,3474019,7414721,7520277,-0.333136,unrelated
S6,S404,Alsum18-2019,Wysocki1129-2019,0,2092762,3315659,7414721,7928168,-0.295808,unrelated
S6,S405,Alsum18-2019,Wysocki1129-2019,0,1988485,3364101,7414721,7761893,-0.312304,unrelated
S6,S406,Alsum18-2019,Wysocki1129-2019,0,2051982,3279176,7414721,7786192,-0.296454,unrelated
S6,S407,Alsum18-2019,Wysocki1129-2019,0,1972288,3423476,7414721,7717071,-0.322147,unrelated
S6,S408,Alsum18-2019,Wysocki1129-2019,0,2071141,3334735,7414721,7724063,-0.303745,unrelated
S6,S426,Alsum18-2019,Wysocki438-2019,0,2014954,3405281,7414721,7847102,-0.314222,unrelated
S6,S427,Alsum18-2019,Wysocki438-2019,0,1931207,3486707,7414721,7598529,-0.335850,unrelated
S6,S428,Alsum18-2019,Wysocki438-2019,0,1907697,3696167,7414721,7402753,-0.370147,unrelated
S6,S429,Alsum18-2019,Wysocki438-2019,0,1979754,3405648,7414721,7685399,-0.319967,unrelated
S6,S430,Alsum18-2019,Wysocki438-2019,0,1983227,3360635,7414721,7738169,-0.312682,unrelated
S6,S431,Alsum18-2019,Wysocki438-2019,0,1941323,3446628,7414721,7367342,-0.334996,unrelated
S6,S432,Alsum18-2019,Wysocki438-2019,0,1991537,3351412,7414721,7526561,-0.315320,unrelated
S6,S450,Alsum18-2019,Wysocki563-2019,0,2005002,3633476,7414721,7734101,-0.347350,unrelated
S6,S451,Alsum18-2019,Wysocki563-2019,0,1937158,3430536,7414721,7226898,-0.336296,unrelated
S6,S452,Alsum18-2019,Wysocki563-2019,0,2043260,3382730,7414721,7917168,-0.307999,unrelated
S6,S453,Alsum18-2019,Wysocki563-2019,0,1889190,3603893,7414721,7210686,-0.363655,unrelated
S6,S454,Alsum18-2019,Wysocki563-2019,0,1990149,3327860,7414721,7408884,-0.314739,unrelated
S6,S455,Alsum18-2019,Wysocki563-2019,0,1970226,3335220,7414721,7450078,-0.316198,unrelated
S6,S456,Alsum18-2019,Wysocki563-2019,0,1912742,3571319,7414721,7202383,-0.357793,unrelated
S6,S458,Alsum18-2019,Wysocki570-2019,0,1983754,3430448,7414721,7453203,-0.328031,unrelated
S6,S459,Alsum18-2019,Wysocki570-2019,0,2029068,3294233,7414721,7810498,-0.299464,unrelated
S6,S460,Alsum18-2019,Wysocki570-2019,0,1966266,3303049,7414721,7316303,-0.314970,unrelated
S6,S461,Alsum18-2019,Wysocki570-2019,0,1971415,3356050,7414721,7396301,-0.320078,unrelated
S6,S462,Alsum18-2019,Wysocki570-2019,0,2034745,3271483,7414721,7560523,-0.301045,unrelated
S6,S463,Alsum18-2019,Wysocki570-2019,0,1893307,3424427,7414721,7366427,-0.335261,unrelated
S6,S464,Alsum18-2019,Wysocki570-2019,0,1948736,3619673,7414721,7360662,-0.358069,unrelated
S7,S29,Alsum18-2019,Alsum59-2019,0,2042018,3443326,7637043,7329524,-0.323697,unrelated
S7,S30,Alsum18-2019,Alsum59-2019,0,2025976,3440270,7637043,7014576,-0.331333,unrelated
S7,S31,Alsum18-2019,Alsum59-2019,0,1983401,3488185,7637043,6986552,-0.341432,unrelated
S7,S32,Alsum18-2019,Alsum59-2019,0,1293127,3942097,7637043,4933591,-0.524323,unrelated
S7,S33,Alsum18-2019,Alsum59-2019,0,2067232,3264961,7637043,7591187,-0.293054,unrelated
S7,S34,Alsum18-2019,Alsum59-2019,0,2043588,3390183,7637043,7475350,-0.313437,unrelated
S7,S35,Alsum18-2019,Alsum59-2019,0,2145135,3281889,7637043,7905307,-0.284297,unrelated
S7,S66,Alsum18-2019,Arlington-2019,0,2060780,3473281,7637043,7554876,-0.321604,unrelated
S7,S67,Alsum18-2019,Arlington-2019,0,2056735,3365688,7637043,7545213,-0.307902,unrelated
S7,S68,Alsum18-2019,Arlington-2019,0,2115534,3244436,7637043,7622727,-0.286593,unrelated
S7,S69,Alsum18-2019,Arlington-2019,0,1932992,3580932,7637043,7036507,-0.356347,unrelated
S7,S70,Alsum18-2019,Arlington-2019,0,2057188,3282658,7637043,7500795,-0.297805,unrelated
S7,S71,Alsum18-2019,Arlington-2019,0,2018925,3322542,7637043,7545169,-0.304709,unrelated
S7,S72,Alsum18-2019,Arlington-2019,0,2134338,3293207,7637043,8036250,-0.284055,unrelated
S7,S93,Alsum18-2019,ColomaBonus4-2019,0,1913813,3741162,7637043,6925377,-0.382389,unrelated
S7,S94,Alsum18-2019,ColomaBonus4-2019,0,2181730,3366327,7637043,8067681,-0.289781,unrelated
S7,S95,Alsum18-2019,ColomaBonus4-2019,0,2100564,3405294,7637043,7706268,-0.306976,unrelated
S7,S96,Alsum18-2019,ColomaBonus4-2019,0,2128560,3333001,7637043,7988131,-0.290393,unrelated
S7,S97,Alsum18-2019,ColomaBonus4-2019,0,1924353,3572406,7637043,7124061,-0.353663,unrelated
S7,S98,Alsum18-2019,ColomaBonus4-2019,0,2005787,3581027,7637043,7184607,-0.347888,unrelated
S7,S99,Alsum18-2019,ColomaBonus4-2019,0,2034586,3574195,7637043,7162781,-0.345531,unrelated
S7,S101,Alsum18-2019,ColomaBonus-2019,0,2025667,3482619,7637043,7446230,-0.327487,unrelated
S7,S102,Alsum18-2019,ColomaBonus-2019,0,1992507,3649409,7637043,7157304,-0.358672,unrelated
S7,S103,Alsum18-2019,ColomaBonus-2019,0,2134494,3461439,7637043,7993686,-0.306344,unrelated
S7,S104,Alsum18-2019,ColomaBonus-2019,0,2250864,3246575,7637043,8432743,-0.263991,unrelated
S7,S105,Alsum18-2019,ColomaBonus-2019,0,2064382,3417736,7637043,7922986,-0.306625,unrelated
S7,S106,Alsum18-2019,ColomaBonus-2019,0,1987313,3565093,7637043,7305326,-0.344181,unrelated
S7,S107,Alsum18-2019,ColomaBonus-2019,0,2014630,3423825,7637043,7641841,-0.316320,unrelated
S7,S125,Alsum18-2019,ColomaLyons-2019,0,2149272,3172503,7637043,8018900,-0.267996,unrelated
S7,S126,Alsum18-2019,ColomaLyons-2019,0,2091373,3354295,7637043,7690253,-0.301241,unrelated
S7,S127,Alsum18-2019,ColomaLyons-2019,0,2026317,3470771,7637043,7481050,-0.325122,unrelated
S7,S128,Alsum18-2019,ColomaLyons-2019,0,2043969,3557036,7637043,7740149,-0.329716,unrelated
S7,S129,Alsum18-2019,ColomaLyons-2019,0,2080016,3319947,7637043,7617129,-0.298927,unrelated
S7,S130,Alsum18-2019,ColomaLyons-2019,0,2086775,3531373,7637043,7474077,-0.329292,unrelated
S7,S131,Alsum18-2019,ColomaLyons-2019,0,2078547,3518775,7637043,7362681,-0.330606,unrelated
S7,S139,Alsum18-2019,XMASBig-2019,0,2024054,3470570,7637043,7410585,-0.326768,unrelated
S7,S140,Alsum18-2019,XMASBig-2019,0,2101301,3339991,7637043,7814276,-0.296329,unrelated
S7,S141,Alsum18-2019,XMASBig-2019,0,2056503,3384873,7637043,7717407,-0.306963,unrelated
S7,S142,Alsum18-2019,XMASBig-2019,0,2191392,3426924,7637043,7766337,-0.302690,unrelated
S7,S143,Alsum18-2019,XMASBig-2019,0,1953810,3481925,7637043,7252463,-0.336481,unrelated
S7,S159,Alsum18-2019,OkrayGarrisonNE-2019,0,2083858,3605814,7637043,7368400,-0.341727,unrelated
S7,S160,Alsum18-2019,OkrayGarrisonNE-2019,0,2071277,3601478,7637043,7290941,-0.343762,unrelated
S7,S161,Alsum18-2019,OkrayGarrisonNE-2019,0,2028052,3440629,7637043,7377502,-0.323234,unrelated
S7,S162,Alsum18-2019,OkrayGarrisonNE-2019,0,2112395,3365598,7637043,7785671,-0.299480,unrelated
S7,S163,Alsum18-2019,OkrayGarrisonNE-2019,0,2069008,3405942,7637043,7709788,-0.309046,unrelated
S7,S164,Alsum18-2019,OkrayGarrisonNE-2019,0,2105858,3325324,7637043,7689846,-0.296524,unrelated
S7,S165,Alsum18-2019,OkrayGarrisonNE-2019,0,2011481,3499429,7637043,7611186,-0.327079,unrelated
S7,S296,Alsum18-2019,OkrayRobacks-2019,0,2106263,3365447,7637043,7691850,-0.301694,unrelated
S7,S297,Alsum18-2019,OkrayRobacks-2019,0,2008988,3579416,7637043,7677694,-0.336267,unrelated
S7,S298,Alsum18-2019,OkrayRobacks-2019,0,2098003,3391754,7637043,7378291,-0.312048,unrelated
S7,S299,Alsum18-2019,OkrayRobacks-2019,0,2062282,3434389,7637043,7556994,-0.316341,unrelated
S7,S300,Alsum18-2019,OkrayRobacks-2019,0,2054539,3283148,7637043,7420867,-0.299627,unrelated
S7,S301,Alsum18-2019,OkrayRobacks-2019,0,2158202,3315783,7637043,8080920,-0.284602,unrelated
S7,S302,Alsum18-2019,OkrayRobacks-2019,0,2353071,3066437,7637043,8536700,-0.233700,unrelated
S7,S304,Alsum18-2019,OkrayGrosheks40-2019,0,1923243,3442792,7637043,7154938,-0.335475,unrelated
S7,S305,Alsum18-2019,OkrayGrosheks40-2019,0,2223710,3397131,7637043,7779665,-0.296467,unrelated
S7,S306,Alsum18-2019,OkrayGrosheks40-2019,0,3141702,2303238,7637043,11601524,-0.076137,unrelated
S7,S307,Alsum18-2019,OkrayGrosheks40-2019,0,2058234,3431487,7637043,7144597,-0.325048,unrelated
S7,S308,Alsum18-2019,OkrayGrosheks40-2019,0,2102810,3396920,7637043,7750273,-0.304863,unrelated
S7,S309,Alsum18-2019,OkrayGrosheks40-2019,0,1976925,3415015,7637043,7235130,-0.326321,unrelated
S7,S310,Alsum18-2019,OkrayGrosheks40-2019,0,2085354,3330481,7637043,7262608,-0.307095,unrelated
S7,S340,Alsum18-2019,OkrayPFWiper-2019,0,2048341,3454281,7637043,7619222,-0.318572,unrelated
S7,S341,Alsum18-2019,OkrayPFWiper-2019,0,1966371,3500177,7637043,7557563,-0.331301,unrelated
S7,S342,Alsum18-2019,OkrayPFWiper-2019,0,1862699,3555272,7637043,7043704,-0.357464,unrelated
S7,S343,Alsum18-2019,OkrayPFWiper-2019,0,1989497,3451893,7637043,7375799,-0.327339,unrelated
S7,S344,Alsum18-2019,OkrayPFWiper-2019,0,1991129,3652148,7637043,7302502,-0.355644,unrelated
S7,S354,Alsum18-2019,PloverBrikalskiPats-2019,0,2021354,3504472,7637043,7677084,-0.325686,unrelated
S7,S355,Alsum18-2019,PloverBrikalskiPats-2019,0,2135757,3381482,7637043,7759982,-0.300526,unrelated
S7,S356,Alsum18-2019,PloverBrikalskiPats-2019,0,2105923,3507072,7637043,7738582,-0.319221,unrelated
S7,S357,Alsum18-2019,PloverBrikalskiPats-2019,0,2103235,3221812,7637043,7682544,-0.283323,unrelated
S7,S358,Alsum18-2019,PloverBrikalskiPats-2019,0,2140015,3476449,7637043,7701638,-0.313774,unrelated
S7,S359,Alsum18-2019,PloverBrikalskiPats-2019,0,2098526,3423217,7637043,7899720,-0.305592,unrelated
S7,S360,Alsum18-2019,PloverBrikalskiPats-2019,0,2119754,3305915,7637043,7905479,-0.289018,unrelated
S7,S378,Alsum18-2019,PloverDaveBrSE-2019,0,2051128,3406427,7637043,7709061,-0.310289,unrelated
S7,S379,Alsum18-2019,PloverDaveBrSE-2019,0,2115650,3507873,7637043,7674181,-0.320033,unrelated
S7,S380,Alsum18-2019,PloverDaveBrSE-2019,0,2116020,3446865,7637043,7619782,-0.313152,unrelated
S7,S381,Alsum18-2019,PloverDaveBrSE-2019,0,1986055,3661429,7637043,7357228,-0.355923,unrelated
S7,S382,Alsum18-2019,PloverDaveBrSE-2019,0,2048548,3383926,7637043,7450016,-0.312805,unrelated
S7,S383,Alsum18-2019,PloverDaveBrSE-2019,0,2144411,3310982,7637043,8100805,-0.284509,unrelated
S7,S384,Alsum18-2019,PloverDaveBrSE-2019,0,2228370,3293364,7637043,8223535,-0.274792,unrelated
S7,S402,Alsum18-2019,Wysocki1129-2019,0,2130337,3468379,7637043,7525165,-0.317000,unrelated
S7,S403,Alsum18-2019,Wysocki1129-2019,0,2123822,3529373,7637043,7520277,-0.325580,unrelated
S7,S404,Alsum18-2019,Wysocki1129-2019,0,2146295,3312046,7637043,7928168,-0.287680,unrelated
S7,S405,Alsum18-2019,Wysocki1129-2019,0,2072797,3354666,7637043,7761893,-0.301095,unrelated
S7,S406,Alsum18-2019,Wysocki1129-2019,0,2085843,3299944,7637043,7786192,-0.292678,unrelated
S7,S407,Alsum18-2019,Wysocki1129-2019,0,2079717,3384798,7637043,7717071,-0.305448,unrelated
S7,S408,Alsum18-2019,Wysocki1129-2019,0,2089179,3358398,7637043,7724063,-0.301255,unrelated
S7,S426,Alsum18-2019,Wysocki438-2019,0,2057926,3441041,7637043,7847102,-0.311555,unrelated
S7,S427,Alsum18-2019,Wysocki438-2019,0,2054989,3379223,7637043,7598529,-0.308715,unrelated
S7,S428,Alsum18-2019,Wysocki438-2019,0,1950799,3752064,7637043,7402753,-0.369242,unrelated
S7,S429,Alsum18-2019,Wysocki438-2019,0,2057388,3323507,7637043,7685399,-0.299536,unrelated
S7,S430,Alsum18-2019,Wysocki438-2019,0,2045461,3353219,7637043,7738169,-0.303149,unrelated
S7,S431,Alsum18-2019,Wysocki438-2019,0,2029870,3492520,7637043,7367342,-0.330248,unrelated
S7,S432,Alsum18-2019,Wysocki438-2019,0,2036937,3346820,7637043,7526561,-0.307097,unrelated
S7,S450,Alsum18-2019,Wysocki563-2019,0,2069383,3563969,7637043,7734101,-0.329094,unrelated
S7,S451,Alsum18-2019,Wysocki563-2019,0,2077610,3495671,7637043,7226898,-0.330581,unrelated
S7,S452,Alsum18-2019,Wysocki563-2019,0,2111934,3444114,7637043,7917168,-0.307074,unrelated
S7,S453,Alsum18-2019,Wysocki563-2019,0,2019103,3667419,7637043,7210686,-0.358017,unrelated
S7,S454,Alsum18-2019,Wysocki563-2019,0,2064801,3333974,7637043,7408884,-0.305940,unrelated
S7,S455,Alsum18-2019,Wysocki563-2019,0,1996838,3367974,7637043,7450078,-0.314116,unrelated
S7,S456,Alsum18-2019,Wysocki563-2019,0,1996146,3702204,7637043,7202383,-0.364452,unrelated
S7,S458,Alsum18-2019,Wysocki570-2019,0,2076468,3389866,7637043,7453203,-0.311676,unrelated
S7,S459,Alsum18-2019,Wysocki570-2019,0,2071685,3323544,7637043,7810498,-0.296190,unrelated
S7,S460,Alsum18-2019,Wysocki570-2019,0,2008230,3373016,7637043,7316303,-0.316839,unrelated
S7,S461,Alsum18-2019,Wysocki570-2019,0,2029659,3365830,7637043,7396301,-0.312771,unrelated
S7,S462,Alsum18-2019,Wysocki570-2019,0,2058664,3341926,7637043,7560523,-0.304337,unrelated
S7,S463,Alsum18-2019,Wysocki570-2019,0,1951105,3448753,7637043,7366427,-0.329684,unrelated
S7,S464,Alsum18-2019,Wysocki570-2019,0,1971297,3654548,7637043,7360662,-0.355908,unrelated
S29,S30,Alsum59-2019,Alsum59-2019,1,1889862,3573274,7329524,7014576,-0.366470,unrelated
S29,S31,Alsum59-2019,Alsum59-2019,1,1837043,3738808,7329524,6986552,-0.394003,unrelated
S29,S32,Alsum59-2019,Alsum59-2019,1,1221439,3970806,7329524,4933591,-0.547999,unrelated
S29,S33,Alsum59-2019,Alsum59-2019,1,1918084,3467064,7329524,7591187,-0.336180,unrelated
S29,S34,Alsum59-2019,Alsum59-2019,1,1881772,3454928,7329524,7475350,-0.339624,unrelated
S29,S35,Alsum59-2019,Alsum59-2019,1,2005735,3364487,7329524,7905307,-0.310029,unrelated
S29,S66,Alsum59-2019,Arlington-2019,0,1898310,3543502,7329524,7554876,-0.348599,unrelated
S29,S67,Alsum59-2019,Arlington-2019,0,1907511,3448597,7329524,7545213,-0.335447,unrelated
S29,S68,Alsum59-2019,Arlington-2019,0,1933888,3374988,7329524,7622727,-0.322098,unrelated
S29,S69,Alsum59-2019,Arlington-2019,0,1936553,3661214,7329524,7036507,-0.374903,unrelated
S29,S70,Alsum59-2019,Arlington-2019,0,1884190,3411349,7329524,7500795,-0.333001,unrelated
S29,S71,Alsum59-2019,Arlington-2019,0,2023213,3354532,7329524,7545169,-0.315022,unrelated
S29,S72,Alsum59-2019,Arlington-2019,0,2119190,3377912,7329524,8036250,-0.301751,unrelated
S29,S93,Alsum59-2019,ColomaBonus4-2019,0,1772835,3848467,7329524,6925377,-0.415583,unrelated
S29,S94,Alsum59-2019,ColomaBonus4-2019,0,2151800,3297633,7329524,8067681,-0.288589,unrelated
S29,S95,Alsum59-2019,ColomaBonus4-2019,0,1912240,3452758,7329524,7706268,-0.332093,unrelated
S29,S96,Alsum59-2019,ColomaBonus4-2019,0,1976384,3395785,7329524,7988131,-0.314355,unrelated
S29,S97,Alsum59-2019,ColomaBonus4-2019,0,1786674,3703767,7329524,7124061,-0.388890,unrelated
S29,S98,Alsum59-2019,ColomaBonus4-2019,0,1893740,3545724,7329524,7184607,-0.358114,unrelated
S29,S99,Alsum59-2019,ColomaBonus4-2019,0,1870926,3554668,7329524,7162781,-0.361461,unrelated
S29,S101,Alsum59-2019,ColomaBonus-2019,0,2018085,3614112,7329524,7446230,-0.352614,unrelated
S29,S102,Alsum59-2019,ColomaBonus-2019,0,1893099,3613808,7329524,7157304,-0.368232,unrelated
S29,S103,Alsum59-2019,ColomaBonus-2019,0,2091336,3503369,7329524,7993686,-0.320781,unrelated
S29,S104,Alsum59-2019,ColomaBonus-2019,0,2079970,3228223,7329524,8432743,-0.277655,unrelated
S29,S105,Alsum59-2019,ColomaBonus-2019,0,2065542,3375223,7329524,7922986,-0.307156,unrelated
S29,S106,Alsum59-2019,ColomaBonus-2019,0,1826703,3607091,7329524,7305326,-0.368127,unrelated
S29,S107,Alsum59-2019,ColomaBonus-2019,0,1915661,3456137,7329524,7641841,-0.333745,unrelated
S29,S125,Alsum59-2019,ColomaLyons-2019,0,2143174,3354811,7329524,8018900,-0.297519,unrelated
S29,S126,Alsum59-2019,ColomaLyons-2019,0,1960734,3283156,7329524,7690253,-0.306634,unrelated
S29,S127,Alsum59-2019,ColomaLyons-2019,0,1881247,3541610,7329524,7481050,-0.351234,unrelated
S29,S128,Alsum59-2019,ColomaLyons-2019,0,1915989,3519235,7329524,7740149,-0.339920,unrelated
S29,S129,Alsum59-2019,ColomaLyons-2019,0,1909865,3497219,7329524,7617129,-0.340181,unrelated
S29,S130,Alsum59-2019,ColomaLyons-2019,0,1929982,3564927,7329524,7474077,-0.351257,unrelated
S29,S131,Alsum59-2019,ColomaLyons-2019,0,1895123,3615588,7329524,7362681,-0.363189,unrelated
S29,S139,Alsum59-2019,XMASBig-2019,0,1925598,3408853,7329524,7410585,-0.331891,unrelated
S29,S140,Alsum59-2019,XMASBig-2019,0,1942578,3427819,7329524,7814276,-0.324427,unrelated
S29,S141,Alsum59-2019,XMASBig-2019,0,1916823,3508055,7329524,7717407,-0.338892,unrelated
S29,S142,Alsum59-2019,XMASBig-2019,0,2003436,3376507,7329524,7766337,-0.314628,unrelated
S29,S143,Alsum59-2019,XMASBig-2019,0,1881829,3433863,7329524,7252463,-0.341922,unrelated
S29,S159,Alsum59-2019,OkrayGarrisonNE-2019,0,1931347,3565085,7329524,7368400,-0.353711,unrelated
S29,S160,Alsum59-2019,OkrayGarrisonNE-2019,0,1930170,3641682,7329524,7290941,-0.366144,unrelated
S29,S161,Alsum59-2019,OkrayGarrisonNE-2019,0,1863563,3478284,7329524,7377502,-0.346297,unrelated
S29,S162,Alsum59-2019,OkrayGarrisonNE-2019,0,1922045,3449743,7329524,7785671,-0.329300,unrelated
S29,S163,Alsum59-2019,OkrayGarrisonNE-2019,0,1898189,3462104,7329524,7709788,-0.334192,unrelated
S29,S164,Alsum59-2019,OkrayGarrisonNE-2019,0,1904770,3511429,7329524,7689846,-0.340766,unrelated
S29,S165,Alsum59-2019,OkrayGarrisonNE-2019,0,1890093,3535152,7329524,7611186,-0.346718,unrelated
S29,S296,Alsum59-2019,OkrayRobacks-2019,0,1946071,3448021,7329524,7691850,-0.329529,unrelated
S29,S297,Alsum59-2019,OkrayRobacks-2019,0,1968374,3382668,7329524,7677694,-0.319644,unrelated
S29,S298,Alsum59-2019,OkrayRobacks-2019,0,1989771,3457043,7329524,7378291,-0.334809,unrelated
S29,S299,Alsum59-2019,OkrayRobacks-2019,0,1914743,3554864,7329524,7556994,-0.348972,unrelated
S29,S300,Alsum59-2019,OkrayRobacks-2019,0,1894010,3440457,7329524,7420867,-0.338086,unrelated
S29,S301,Alsum59-2019,OkrayRobacks-2019,0,2176452,3322366,7329524,8080920,-0.289951,unrelated
S29,S302,Alsum59-2019,OkrayRobacks-2019,0,2259539,2988242,7329524,8536700,-0.234268,unrelated
S29,S304,Alsum59-2019,OkrayGrosheks40-2019,0,1837014,3475520,7329524,7154938,-0.353070,unrelated
S29,S305,Alsum59-2019,OkrayGrosheks40-2019,0,2090875,3275666,7329524,7779665,-0.295215,unrelated
S29,S306,Alsum59-2019,OkrayGrosheks40-2019,0,2987868,2330044,7329524,11601524,-0.088332,unrelated
S29,S307,Alsum59-2019,OkrayGrosheks40-2019,0,1922752,3558931,7329524,7144597,-0.358924,unrelated
S29,S308,Alsum59-2019,OkrayGrosheks40-2019,0,1976602,3397572,7329524,7750273,-0.319536,unrelated
S29,S309,Alsum59-2019,OkrayGrosheks40-2019,0,1874830,3429078,7329524,7235130,-0.342152,unrelated
S29,S310,Alsum59-2019,OkrayGrosheks40-2019,0,1917898,3527799,7329524,7262608,-0.352087,unrelated
S29,S340,Alsum59-2019,OkrayPFWiper-2019,0,1899396,3441715,7329524,7619222,-0.333408,unrelated
S29,S341,Alsum59-2019,OkrayPFWiper-2019,0,1957752,3507578,7329524,7557563,-0.339718,unrelated
S29,S342,Alsum59-2019,OkrayPFWiper-2019,0,1753393,3638569,7329524,7043704,-0.384308,unrelated
S29,S343,Alsum59-2019,OkrayPFWiper-2019,0,1818045,3553111,7329524,7375799,-0.359610,unrelated
S29,S344,Alsum59-2019,OkrayPFWiper-2019,0,1975283,3740189,7329524,7302502,-0.376236,unrelated
S29,S354,Alsum59-2019,PloverBrikalskiPats-2019,0,2017440,3518863,7329524,7677084,-0.334538,unrelated
S29,S355,Alsum59-2019,PloverBrikalskiPats-2019,0,1939841,3544498,7329524,7759982,-0.341241,unrelated
S29,S356,Alsum59-2019,PloverBrikalskiPats-2019,0,2144821,3621529,7329524,7738582,-0.338346,unrelated
S29,S357,Alsum59-2019,PloverBrikalskiPats-2019,0,1932763,3432079,7329524,7682544,-0.328495,unrelated
S29,S358,Alsum59-2019,PloverBrikalskiPats-2019,0,2010063,3492507,7329524,7701638,-0.330976,unrelated
S29,S359,Alsum59-2019,PloverBrikalskiPats-2019,0,2083403,3467985,7329524,7899720,-0.318635,unrelated
S29,S360,Alsum59-2019,PloverBrikalskiPats-2019,0,2113034,3362248,7329524,7905479,-0.302689,unrelated
S29,S378,Alsum59-2019,PloverDaveBrSE-2019,0,2003723,3471680,7329524,7709061,-0.328464,unrelated
S29,S379,Alsum59-2019,PloverDaveBrSE-2019,0,1958802,3634451,7329524,7674181,-0.353919,unrelated
S29,S380,Alsum59-2019,PloverDaveBrSE-2019,0,1933046,3618088,7329524,7619782,-0.354741,unrelated
S29,S381,Alsum59-2019,PloverDaveBrSE-2019,0,1951133,3744611,7329524,7357228,-0.377081,unrelated
S29,S382,Alsum59-2019,PloverDaveBrSE-2019,0,1864022,3435862,7329524,7450016,-0.338827,unrelated
S29,S383,Alsum59-2019,PloverDaveBrSE-2019,0,2087789,3396412,7329524,8100805,-0.304921,unrelated
S29,S384,Alsum59-2019,PloverDaveBrSE-2019,0,2040399,3403276,7329524,8223535,-0.306445,unrelated
S29,S402,Alsum59-2019,Wysocki1129-2019,0,1961674,3549080,7329524,7525165,-0.345782,unrelated
S29,S403,Alsum59-2019,Wysocki1129-2019,0,1965955,3560495,7329524,7520277,-0.347145,unrelated
S29,S404,Alsum59-2019,Wysocki1129-2019,0,1977261,3432723,7329524,7928168,-0.320375,unrelated
S29,S405,Alsum59-2019,Wysocki1129-2019,0,1950029,3374724,7329524,7761893,-0.318023,unrelated
S29,S406,Alsum59-2019,Wysocki1129-2019,0,1927675,3479021,7329524,7786192,-0.332791,unrelated
S29,S407,Alsum59-2019,Wysocki1129-2019,0,1960904,3461885,7329524,7717071,-0.329833,unrelated
S29,S408,Alsum59-2019,Wysocki1129-2019,0,1908157,3562092,7329524,7724063,-0.346497,unrelated
S29,S426,Alsum59-2019,Wysocki438-2019,0,2015964,3417181,7329524,7847102,-0.317488,unrelated
S29,S427,Alsum59-2019,Wysocki438-2019,0,1951621,3418670,7329524,7598529,-0.327284,unrelated
S29,S428,Alsum59-2019,Wysocki438-2019,0,1886635,3524524,7329524,7402753,-0.350415,unrelated
S29,S429,Alsum59-2019,Wysocki438-2019,0,1998610,3642771,7329524,7685399,-0.352112,unrelated
S29,S430,Alsum59-2019,Wysocki438-2019,0,2076200,3415757,7329524,7738169,-0.315597,unrelated
S29,S431,Alsum59-2019,Wysocki438-2019,0,1899079,3543061,7329524,7367342,-0.352935,unrelated
S29,S432,Alsum59-2019,Wysocki438-2019,0,1881150,3464046,7329524,7526561,-0.339722,unrelated
S29,S450,Alsum59-2019,Wysocki563-2019,0,1965123,3498224,7329524,7734101,-0.334005,unrelated
S29,S451,Alsum59-2019,Wysocki563-2019,0,1913477,3537264,7329524,7226898,-0.354555,unrelated
S29,S452,Alsum59-2019,Wysocki563-2019,0,2127935,3335771,7329524,7917168,-0.298006,unrelated
S29,S453,Alsum59-2019,Wysocki563-2019,0,1983411,3532300,7329524,7210686,-0.349458,unrelated
S29,S454,Alsum59-2019,Wysocki563-2019,0,1905310,3299628,7329524,7408884,-0.318484,unrelated
S29,S455,Alsum59-2019,Wysocki563-2019,0,1882681,3371105,7329524,7450078,-0.328800,unrelated
S29,S456,Alsum59-2019,Wysocki563-2019,0,1955679,3549664,7329524,7202383,-0.353956,unrelated
S29,S458,Alsum59-2019,Wysocki570-2019,0,1893150,3547490,7329524,7453203,-0.351886,unrelated
S29,S459,Alsum59-2019,Wysocki570-2019,0,2104177,3345461,7329524,7810498,-0.302955,unrelated
S29,S460,Alsum59-2019,Wysocki570-2019,0,1861062,3469562,7329524,7316303,-0.346724,unrelated
S29,S461,Alsum59-2019,Wysocki570-2019,0,1901542,3369176,7329524,7396301,-0.328458,unrelated
S29,S462,Alsum59-2019,Wysocki570-2019,0,1876513,3495381,7329524,7560523,-0.343468,unrelated
S29,S463,Alsum59-2019,Wysocki570-2019,0,1942821,3422035,7329524,7366427,-0.333510,unrelated
S29,S464,Alsum59-2019,Wysocki570-2019,0,1872017,3460992,7329524,7360662,-0.343765,unrelated
S30,S31,Alsum59-2019,Alsum59-2019,1,1797504,3657327,7014576,6986552,-0.394050,unrelated
S30,S32,Alsum59-2019,Alsum59-2019,1,1212984,3980164,7014576,4933591,-0.564718,unrelated
S30,S33,Alsum59-2019,Alsum59-2019,1,1914203,3432649,7014576,7591187,-0.338982,unrelated
S30,S34,Alsum59-2019,Alsum59-2019,1,1851043,3546190,7014576,7475350,-0.361723,unrelated
S30,S35,Alsum59-2019,Alsum59-2019,1,1942493,3437870,7014576,7905307,-0.330649,unrelated
S30,S66,Alsum59-2019,Arlington-2019,0,1896207,3566777,7014576,7554876,-0.359475,unrelated
S30,S67,Alsum59-2019,Arlington-2019,0,1887322,3428925,7014576,7545213,-0.341387,unrelated
S30,S68,Alsum59-2019,Arlington-2019,0,1917296,3321763,7014576,7622727,-0.322889,unrelated
S30,S69,Alsum59-2019,Arlington-2019,0,1786957,3599527,7014576,7036507,-0.385173,unrelated
S30,S70,Alsum59-2019,Arlington-2019,0,1886855,3398953,7014576,7500795,-0.338335,unrelated
S30,S71,Alsum59-2019,Arlington-2019,0,1826504,3475386,7014576,7545169,-0.351948,unrelated
S30,S72,Alsum59-2019,Arlington-2019,0,1970055,3379946,7014576,8036250,-0.318244,unrelated
S30,S93,Alsum59-2019,ColomaBonus4-2019,0,1758778,3797264,7014576,6925377,-0.418635,unrelated
S30,S94,Alsum59-2019,ColomaBonus4-2019,0,1990226,3402879,7014576,8067681,-0.319285,unrelated
S30,S95,Alsum59-2019,ColomaBonus4-2019,0,1900501,3575811,7014576,7706268,-0.356713,unrelated
S30,S96,Alsum59-2019,ColomaBonus4-2019,0,1999213,3397281,7014576,7988131,-0.319632,unrelated
S30,S97,Alsum59-2019,ColomaBonus4-2019,0,1756939,3783054,7014576,7124061,-0.410872,unrelated
S30,S98,Alsum59-2019,ColomaBonus4-2019,0,1837140,3755419,7014576,7184607,-0.399579,unrelated
S30,S99,Alsum59-2019,ColomaBonus4-2019,0,1865352,3654133,7014576,7162781,-0.383916,unrelated
S30,S101,Alsum59-2019,ColomaBonus-2019,0,1856724,3634669,7014576,7446230,-0.374295,unrelated
S30,S102,Alsum59-2019,ColomaBonus-2019,0,1836152,3781363,7014576,7157304,-0.404080,unrelated
S30,S103,Alsum59-2019,ColomaBonus-2019,0,1939697,3520666,7014576,7993686,-0.339922,unrelated
S30,S104,Alsum59-2019,ColomaBonus-2019,0,2028308,3385412,7014576,8432743,-0.307012,unrelated
S30,S105,Alsum59-2019,ColomaBonus-2019,0,1873895,3598660,7014576,7922986,-0.356378,unrelated
S30,S106,Alsum59-2019,ColomaBonus-2019,0,1846845,3617693,7014576,7305326,-0.376297,unrelated
S30,S107,Alsum59-2019,ColomaBonus-2019,0,1897318,3497021,7014576,7641841,-0.347747,unrelated
S30,S125,Alsum59-2019,ColomaLyons-2019,0,1974059,3354191,7014576,8018900,-0.314919,unrelated
S30,S126,Alsum59-2019,ColomaLyons-2019,0,1930427,3440258,7014576,7690253,-0.336630,unrelated
S30,S127,Alsum59-2019,ColomaLyons-2019,0,1864432,3610861,7014576,7481050,-0.369580,unrelated
S30,S128,Alsum59-2019,ColomaLyons-2019,0,1856988,3787413,7014576,7740149,-0.387526,unrelated
S30,S129,Alsum59-2019,ColomaLyons-2019,0,1884476,3495239,7014576,7617129,-0.348968,unrelated
S30,S130,Alsum59-2019,ColomaLyons-2019,0,1922315,3654865,7014576,7474077,-0.371837,unrelated
S30,S131,Alsum59-2019,ColomaLyons-2019,0,1909233,3642206,7014576,7362681,-0.373867,unrelated
S30,S139,Alsum59-2019,XMASBig-2019,0,1876784,3538931,7014576,7410585,-0.360556,unrelated
S30,S140,Alsum59-2019,XMASBig-2019,0,1902461,3505467,7014576,7814276,-0.344496,unrelated
S30,S141,Alsum59-2019,XMASBig-2019,0,1882330,3532894,7014576,7717407,-0.351851,unrelated
S30,S142,Alsum59-2019,XMASBig-2019,0,2015548,3552879,7014576,7766337,-0.344377,unrelated
S30,S143,Alsum59-2019,XMASBig-2019,0,1798102,3631224,7014576,7252463,-0.383005,unrelated
S30,S159,Alsum59-2019,OkrayGarrisonNE-2019,0,1931109,3641176,7014576,7368400,-0.372054,unrelated
S30,S160,Alsum59-2019,OkrayGarrisonNE-2019,0,1852727,3755456,7014576,7290941,-0.395525,unrelated
S30,S161,Alsum59-2019,OkrayGarrisonNE-2019,0,1847743,3533004,7014576,7377502,-0.362579,unrelated
S30,S162,Alsum59-2019,OkrayGarrisonNE-2019,0,1924857,3474708,7014576,7785671,-0.339492,unrelated
S30,S163,Alsum59-2019,OkrayGarrisonNE-2019,0,1901572,3519901,7014576,7709788,-0.348961,unrelated
S30,S164,Alsum59-2019,OkrayGarrisonNE-2019,0,1879781,3498049,7014576,7689846,-0.347944,unrelated
S30,S165,Alsum59-2019,OkrayGarrisonNE-2019,0,1855655,3516917,7014576,7611186,-0.354045,unrelated
S30,S296,Alsum59-2019,OkrayRobacks-2019,0,1917098,3519844,7014576,7691850,-0.348323,unrelated
S30,S297,Alsum59-2019,OkrayRobacks-2019,0,1912824,3578554,7014576,7677694,-0.356942,unrelated
S30,S298,Alsum59-2019,OkrayRobacks-2019,0,1946070,3513571,7014576,7378291,-0.353027,unrelated
S30,S299,Alsum59-2019,OkrayRobacks-2019,0,1880763,3545473,7014576,7556994,-0.357558,unrelated
S30,S300,Alsum59-2019,OkrayRobacks-2019,0,1865807,3382494,7014576,7420867,-0.339386,unrelated
S30,S301,Alsum59-2019,OkrayRobacks-2019,0,1978648,3413619,7014576,8080920,-0.321194,unrelated
S30,S302,Alsum59-2019,OkrayRobacks-2019,0,2186289,3175286,7014576,8536700,-0.267778,unrelated
S30,S304,Alsum59-2019,OkrayGrosheks40-2019,0,1770629,3636172,7014576,7154938,-0.388278,unrelated
S30,S305,Alsum59-2019,OkrayGrosheks40-2019,0,2044429,3466174,7014576,7779665,-0.330393,unrelated
S30,S306,Alsum59-2019,OkrayGrosheks40-2019,0,2871127,2363614,7014576,11601524,-0.099704,unrelated
S30,S307,Alsum59-2019,OkrayGrosheks40-2019,0,1891412,3532034,7014576,7144597,-0.365322,unrelated
S30,S308,Alsum59-2019,OkrayGrosheks40-2019,0,1927838,3466277,7014576,7750273,-0.338962,unrelated
S30,S309,Alsum59-2019,OkrayGrosheks40-2019,0,1798883,3558523,7014576,7235130,-0.373212,unrelated
S30,S310,Alsum59-2019,OkrayGrosheks40-2019,0,1912598,3514131,7014576,7262608,-0.358310,unrelated
S30,S340,Alsum59-2019,OkrayPFWiper-2019,0,1870083,3632740,7014576,7619222,-0.368694,unrelated
S30,S341,Alsum59-2019,OkrayPFWiper-2019,0,1816259,3586683,7014576,7557563,-0.367627,unrelated
S30,S342,Alsum59-2019,OkrayPFWiper-2019,0,1734652,3625435,7014576,7043704,-0.392382,unrelated
S30,S343,Alsum59-2019,OkrayPFWiper-2019,0,1844456,3520758,7014576,7375799,-0.361148,unrelated
S30,S344,Alsum59-2019,OkrayPFWiper-2019,0,1815803,3785675,7014576,7302502,-0.402006,unrelated
S30,S354,Alsum59-2019,PloverBrikalskiPats-2019,0,1854504,3651684,7014576,7677084,-0.370881,unrelated
S30,S355,Alsum59-2019,PloverBrikalskiPats-2019,0,1920592,3549998,7014576,7759982,-0.350562,unrelated
S30,S356,Alsum59-2019,PloverBrikalskiPats-2019,0,1919920,3653527,7014576,7738582,-0.365151,unrelated
S30,S357,Alsum59-2019,PloverBrikalskiPats-2019,0,1939171,3417692,7014576,7682544,-0.333141,unrelated
S30,S358,Alsum59-2019,PloverBrikalskiPats-2019,0,1994236,3593446,7014576,7701638,-0.352853,unrelated
S30,S359,Alsum59-2019,PloverBrikalskiPats-2019,0,1944099,3513396,7014576,7899720,-0.340793,unrelated
S30,S360,Alsum59-2019,PloverBrikalskiPats-2019,0,1963260,3360717,7014576,7905479,-0.318911,unrelated
S30,S378,Alsum59-2019,PloverDaveBrSE-2019,0,1877909,3493344,7014576,7709061,-0.346978,unrelated
S30,S379,Alsum59-2019,PloverDaveBrSE-2019,0,1950904,3620702,7014576,7674181,-0.360173,unrelated
S30,S380,Alsum59-2019,PloverDaveBrSE-2019,0,1934311,3604829,7014576,7619782,-0.360477,unrelated
S30,S381,Alsum59-2019,PloverDaveBrSE-2019,0,1842737,3762397,7014576,7357228,-0.395361,unrelated
S30,S382,Alsum59-2019,PloverDaveBrSE-2019,0,1873259,3514709,7014576,7450016,-0.356468,unrelated
S30,S383,Alsum59-2019,PloverDaveBrSE-2019,0,1990179,3404234,7014576,8100805,-0.318767,unrelated
S30,S384,Alsum59-2019,PloverDaveBrSE-2019,0,2015832,3459051,7014576,8223535,-0.321711,unrelated
S30,S402,Alsum59-2019,Wysocki1129-2019,0,1958222,3575067,7014576,7525165,-0.357084,unrelated
S30,S403,Alsum59-2019,Wysocki1129-2019,0,1940347,3636745,7014576,7520277,-0.366921,unrelated
S30,S404,Alsum59-2019,Wysocki1129-2019,0,1968110,3433265,7014576,7928168,-0.327813,unrelated
S30,S405,Alsum59-2019,Wysocki1129-2019,0,1905854,3457641,7014576,7761893,-0.339014,unrelated
S30,S406,Alsum59-2019,Wysocki1129-2019,0,1932346,3429082,7014576,7786192,-0.332808,unrelated
S30,S407,Alsum59-2019,Wysocki1129-2019,0,1905886,3490962,7014576,7717071,-0.344567,unrelated
S30,S408,Alsum59-2019,Wysocki1129-2019,0,1902444,3501500,7014576,7724063,-0.346067,unrelated
S30,S426,Alsum59-2019,Wysocki438-2019,0,1888635,3571750,7014576,7847102,-0.353585,unrelated
S30,S427,Alsum59-2019,Wysocki438-2019,0,1869999,3531700,7014576,7598529,-0.355393,unrelated
S30,S428,Alsum59-2019,Wysocki438-2019,0,1825713,3825311,7014576,7402753,-0.404021,unrelated
S30,S429,Alsum59-2019,Wysocki438-2019,0,1892694,3537064,7014576,7685399,-0.352479,unrelated
S30,S430,Alsum59-2019,Wysocki438-2019,0,1868910,3456023,7014576,7738169,-0.341844,unrelated
S30,S431,Alsum59-2019,Wysocki438-2019,0,1863819,3558855,7014576,7367342,-0.365312,unrelated
S30,S432,Alsum59-2019,Wysocki438-2019,0,1897409,3468676,7014576,7526561,-0.346599,unrelated
S30,S450,Alsum59-2019,Wysocki563-2019,0,1886601,3749850,7014576,7734101,-0.380583,unrelated
S30,S451,Alsum59-2019,Wysocki563-2019,0,1932837,3593742,7014576,7226898,-0.368968,unrelated
S30,S452,Alsum59-2019,Wysocki563-2019,0,1935463,3516094,7014576,7917168,-0.341335,unrelated
S30,S453,Alsum59-2019,Wysocki563-2019,0,1862943,3740085,7014576,7210686,-0.394877,unrelated
S30,S454,Alsum59-2019,Wysocki563-2019,0,1869048,3423174,7014576,7408884,-0.345084,unrelated
S30,S455,Alsum59-2019,Wysocki563-2019,0,1873334,3414175,7014576,7450078,-0.342560,unrelated
S30,S456,Alsum59-2019,Wysocki563-2019,0,1846307,3796435,7014576,7202383,-0.404205,unrelated
S30,S458,Alsum59-2019,Wysocki570-2019,0,1865215,3601747,7014576,7453203,-0.368977,unrelated
S30,S459,Alsum59-2019,Wysocki570-2019,0,1922469,3397740,7014576,7810498,-0.328701,unrelated
S30,S460,Alsum59-2019,Wysocki570-2019,0,1831777,3529857,7014576,7316303,-0.364802,unrelated
S30,S461,Alsum59-2019,Wysocki570-2019,0,1881366,3444742,7014576,7396301,-0.347523,unrelated
S30,S462,Alsum59-2019,Wysocki570-2019,0,1916540,3415138,7014576,7560523,-0.337132,unrelated
S30,S463,Alsum59-2019,Wysocki570-2019,0,1790275,3492005,7014576,7366427,-0.361152,unrelated
S30,S464,Alsum59-2019,Wysocki570-2019,0,1798878,3806376,7014576,7360662,-0.404437,unrelated
S31,S32,Alsum59-2019,Alsum59-2019,1,1195364,4108392,6986552,4933591,-0.589038,unrelated
S31,S33,Alsum59-2019,Alsum59-2019,1,1877745,3559829,6986552,7591187,-0.359583,unrelated
S31,S34,Alsum59-2019,Alsum59-2019,1,1838456,3662161,6986552,7475350,-0.379332,unrelated
S31,S35,Alsum59-2019,Alsum59-2019,1,1935160,3528032,6986552,7905307,-0.343873,unrelated
S31,S66,Alsum59-2019,Arlington-2019,0,1876070,3428659,6986552,7554876,-0.342556,unrelated
S31,S67,Alsum59-2019,Arlington-2019,0,1846128,3607744,6986552,7545213,-0.369491,unrelated
S31,S68,Alsum59-2019,Arlington-2019,0,1886518,3512961,6986552,7622727,-0.351790,unrelated
S31,S69,Alsum59-2019,Arlington-2019,0,1766481,3782715,6986552,7036507,-0.413530,unrelated
S31,S70,Alsum59-2019,Arlington-2019,0,1888702,3377614,6986552,7500795,-0.335916,unrelated
S31,S71,Alsum59-2019,Arlington-2019,0,1860425,3492126,6986552,7545169,-0.352596,unrelated
S31,S72,Alsum59-2019,Arlington-2019,0,1933023,3491482,6986552,8036250,-0.336152,unrelated
S31,S93,Alsum59-2019,ColomaBonus4-2019,0,1769259,3726011,6986552,6925377,-0.408481,unrelated
S31,S94,Alsum59-2019,ColomaBonus4-2019,0,1936882,3519619,6986552,8067681,-0.338932,unrelated
S31,S95,Alsum59-2019,ColomaBonus4-2019,0,1906176,3519629,6986552,7706268,-0.349360,unrelated
S31,S96,Alsum59-2019,ColomaBonus4-2019,0,1933149,3486329,6986552,7988131,-0.336535,unrelated
S31,S97,Alsum59-2019,ColomaBonus4-2019,0,1734611,3626624,6986552,7124061,-0.391098,unrelated
S31,S98,Alsum59-2019,ColomaBonus4-2019,0,1849561,3753248,6986552,7184607,-0.399186,unrelated
S31,S99,Alsum59-2019,ColomaBonus4-2019,0,1821836,3795860,6986552,7162781,-0.407785,unrelated
S31,S101,Alsum59-2019,ColomaBonus-2019,0,1860747,3614170,6986552,7446230,-0.371903,unrelated
S31,S102,Alsum59-2019,ColomaBonus-2019,0,1807790,3843613,6986552,7157304,-0.415688,unrelated
S31,S103,Alsum59-2019,ColomaBonus-2019,0,1981788,3226546,6986552,7993686,-0.298480,unrelated
S31,S104,Alsum59-2019,ColomaBonus-2019,0,2009993,3430719,6986552,8432743,-0.314635,unrelated
S31,S105,Alsum59-2019,ColomaBonus-2019,0,1902365,3543634,6986552,7922986,-0.347757,unrelated
S31,S106,Alsum59-2019,ColomaBonus-2019,0,1835670,3437000,6986552,7305326,-0.352531,unrelated
S31,S107,Alsum59-2019,ColomaBonus-2019,0,1897073,3496058,6986552,7641841,-0.348298,unrelated
S31,S125,Alsum59-2019,ColomaLyons-2019,0,1975517,3307312,6986552,8018900,-0.309161,unrelated
S31,S126,Alsum59-2019,ColomaLyons-2019,0,1909664,3444856,6986552,7690253,-0.339314,unrelated
S31,S127,Alsum59-2019,ColomaLyons-2019,0,1878418,3565609,6986552,7481050,-0.363073,unrelated
S31,S128,Alsum59-2019,ColomaLyons-2019,0,1847641,3706769,6986552,7740149,-0.377946,unrelated
S31,S129,Alsum59-2019,ColomaLyons-2019,0,1884443,3560261,6986552,7617129,-0.358545,unrelated
S31,S130,Alsum59-2019,ColomaLyons-2019,0,1918174,3554796,6986552,7474077,-0.359004,unrelated
S31,S131,Alsum59-2019,ColomaLyons-2019,0,1891347,3656302,6986552,7362681,-0.377808,unrelated
S31,S139,Alsum59-2019,XMASBig-2019,0,1909370,3342601,6986552,7410585,-0.331721,unrelated
S31,S140,Alsum59-2019,XMASBig-2019,0,1919642,3515483,6986552,7814276,-0.345340,unrelated
S31,S141,Alsum59-2019,XMASBig-2019,0,1885319,3372906,6986552,7717407,-0.330557,unrelated
S31,S142,Alsum59-2019,XMASBig-2019,0,1946518,3603287,6986552,7766337,-0.356544,unrelated
S31,S143,Alsum59-2019,XMASBig-2019,0,1798928,3660148,6986552,7252463,-0.387763,unrelated
S31,S159,Alsum59-2019,OkrayGarrisonNE-2019,0,1927133,3549635,6986552,7368400,-0.360303,unrelated
S31,S160,Alsum59-2019,OkrayGarrisonNE-2019,0,1924640,3539472,6986552,7290941,-0.361009,unrelated
S31,S161,Alsum59-2019,OkrayGarrisonNE-2019,0,1798739,3607955,6986552,7377502,-0.377134,unrelated
S31,S162,Alsum59-2019,OkrayGarrisonNE-2019,0,1876983,3515521,6986552,7785671,-0.348902,unrelated
S31,S163,Alsum59-2019,OkrayGarrisonNE-2019,0,1865861,3543606,6986552,7709788,-0.355282,unrelated
S31,S164,Alsum59-2019,OkrayGarrisonNE-2019,0,1897575,3447389,6986552,7689846,-0.340492,unrelated
S31,S165,Alsum59-2019,OkrayGarrisonNE-2019,0,1864197,3541937,6986552,7611186,-0.357568,unrelated
S31,S296,Alsum59-2019,OkrayRobacks-2019,0,1953555,3310364,6986552,7691850,-0.317962,unrelated
S31,S297,Alsum59-2019,OkrayRobacks-2019,0,1867727,3648549,6986552,7677694,-0.370245,unrelated
S31,S298,Alsum59-2019,OkrayRobacks-2019,0,1921127,3646508,6986552,7378291,-0.373961,unrelated
S31,S299,Alsum59-2019,OkrayRobacks-2019,0,1906015,3360332,6986552,7556994,-0.331051,unrelated
S31,S300,Alsum59-2019,OkrayRobacks-2019,0,1879013,3481404,6986552,7420867,-0.352860,unrelated
S31,S301,Alsum59-2019,OkrayRobacks-2019,0,1939503,3599859,6986552,8080920,-0.349111,unrelated
S31,S302,Alsum59-2019,OkrayRobacks-2019,0,2154731,3234321,6986552,8536700,-0.277900,unrelated
S31,S304,Alsum59-2019,OkrayGrosheks40-2019,0,1814135,3399914,6986552,7154938,-0.352558,unrelated
S31,S305,Alsum59-2019,OkrayGrosheks40-2019,0,2027039,3509954,6986552,7779665,-0.338128,unrelated
S31,S306,Alsum59-2019,OkrayGrosheks40-2019,0,2846800,2417515,6986552,11601524,-0.106963,unrelated
S31,S307,Alsum59-2019,OkrayGrosheks40-2019,0,1853257,3637598,6986552,7144597,-0.383687,unrelated
S31,S308,Alsum59-2019,OkrayGrosheks40-2019,0,1960035,3284267,6986552,7750273,-0.312720,unrelated
S31,S309,Alsum59-2019,OkrayGrosheks40-2019,0,1796072,3623270,6986552,7235130,-0.383251,unrelated
S31,S310,Alsum59-2019,OkrayGrosheks40-2019,0,1911246,3483908,6986552,7262608,-0.354868,unrelated
S31,S340,Alsum59-2019,OkrayPFWiper-2019,0,1893571,3616683,6986552,7619222,-0.365595,unrelated
S31,S341,Alsum59-2019,OkrayPFWiper-2019,0,1814296,3682410,6986552,7557563,-0.381634,unrelated
S31,S342,Alsum59-2019,OkrayPFWiper-2019,0,1741833,3613218,6986552,7043704,-0.390913,unrelated
S31,S343,Alsum59-2019,OkrayPFWiper-2019,0,1770583,3708547,6986552,7375799,-0.393147,unrelated
S31,S344,Alsum59-2019,OkrayPFWiper-2019,0,1818715,3716663,6986552,7302502,-0.392931,unrelated
S31,S354,Alsum59-2019,PloverBrikalskiPats-2019,0,1893116,3413293,6986552,7677084,-0.336442,unrelated
S31,S355,Alsum59-2019,PloverBrikalskiPats-2019,0,1918624,3380106,6986552,7759982,-0.328320,unrelated
S31,S356,Alsum59-2019,PloverBrikalskiPats-2019,0,1965198,3475449,6986552,7738582,-0.338584,unrelated
S31,S357,Alsum59-2019,PloverBrikalskiPats-2019,0,1912358,3375119,6986552,7682544,-0.329801,unrelated
S31,S358,Alsum59-2019,PloverBrikalskiPats-2019,0,1979967,3568449,6986552,7701638,-0.351094,unrelated
S31,S359,Alsum59-2019,PloverBrikalskiPats-2019,0,1923127,3515325,6986552,7899720,-0.343103,unrelated
S31,S360,Alsum59-2019,PloverBrikalskiPats-2019,0,1923119,3457213,6986552,7905479,-0.335166,unrelated
S31,S378,Alsum59-2019,PloverDaveBrSE-2019,0,1841206,3657055,6986552,7709061,-0.372418,unrelated
S31,S379,Alsum59-2019,PloverDaveBrSE-2019,0,1966497,3527448,6986552,7674181,-0.347077,unrelated
S31,S380,Alsum59-2019,PloverDaveBrSE-2019,0,1938711,3667121,6986552,7619782,-0.369397,unrelated
S31,S381,Alsum59-2019,PloverDaveBrSE-2019,0,1842976,3706072,6986552,7357228,-0.388264,unrelated
S31,S382,Alsum59-2019,PloverDaveBrSE-2019,0,1823723,3634356,6986552,7450016,-0.377166,unrelated
S31,S383,Alsum59-2019,PloverDaveBrSE-2019,0,1971225,3413300,6986552,8100805,-0.321817,unrelated
S31,S384,Alsum59-2019,PloverDaveBrSE-2019,0,2021108,3349634,6986552,8223535,-0.307570,unrelated
S31,S402,Alsum59-2019,Wysocki1129-2019,0,1914166,3670803,6986552,7525165,-0.374004,unrelated
S31,S403,Alsum59-2019,Wysocki1129-2019,0,1933252,3593882,6986552,7520277,-0.362210,unrelated
S31,S404,Alsum59-2019,Wysocki1129-2019,0,1949220,3401558,6986552,7928168,-0.325443,unrelated
S31,S405,Alsum59-2019,Wysocki1129-2019,0,1904249,3482502,6986552,7761893,-0.343138,unrelated
S31,S406,Alsum59-2019,Wysocki1129-2019,0,1911424,3415211,6986552,7786192,-0.332978,unrelated
S31,S407,Alsum59-2019,Wysocki1129-2019,0,1925093,3464636,6986552,7717071,-0.340336,unrelated
S31,S408,Alsum59-2019,Wysocki1129-2019,0,1881660,3584432,6986552,7724063,-0.359414,unrelated
S31,S426,Alsum59-2019,Wysocki438-2019,0,1904914,3474650,6986552,7847102,-0.340064,unrelated
S31,S427,Alsum59-2019,Wysocki438-2019,0,1838052,3547784,6986552,7598529,-0.360472,unrelated
S31,S428,Alsum59-2019,Wysocki438-2019,0,1822856,3702172,6986552,7402753,-0.387891,unrelated
S31,S429,Alsum59-2019,Wysocki438-2019,0,1944725,3320391,6986552,7685399,-0.320070,unrelated
S31,S430,Alsum59-2019,Wysocki438-2019,0,1882464,3502329,6986552,7738169,-0.347864,unrelated
S31,S431,Alsum59-2019,Wysocki438-2019,0,1835041,3680342,6986552,7367342,-0.384958,unrelated
S31,S432,Alsum59-2019,Wysocki438-2019,0,1831197,3568008,6986552,7526561,-0.365519,unrelated
S31,S450,Alsum59-2019,Wysocki563-2019,0,1894612,3675820,6986552,7734101,-0.370706,unrelated
S31,S451,Alsum59-2019,Wysocki563-2019,0,1896154,3696649,6986552,7226898,-0.386756,unrelated
S31,S452,Alsum59-2019,Wysocki563-2019,0,1961018,3402724,6986552,7917168,-0.325048,unrelated
S31,S453,Alsum59-2019,Wysocki563-2019,0,1870258,3778226,6986552,7210686,-0.400514,unrelated
S31,S454,Alsum59-2019,Wysocki563-2019,0,1836705,3548964,6986552,7408884,-0.365479,unrelated
S31,S455,Alsum59-2019,Wysocki563-2019,0,1831524,3419719,6986552,7450078,-0.346889,unrelated
S31,S456,Alsum59-2019,Wysocki563-2019,0,1840760,3782858,6986552,7202383,-0.403480,unrelated
S31,S458,Alsum59-2019,Wysocki570-2019,0,1892445,3345727,6986552,7453203,-0.332347,unrelated
S31,S459,Alsum59-2019,Wysocki570-2019,0,1901090,3515226,6986552,7810498,-0.346648,unrelated
S31,S460,Alsum59-2019,Wysocki570-2019,0,1819380,3507932,6986552,7316303,-0.363318,unrelated
S31,S461,Alsum59-2019,Wysocki570-2019,0,1831193,3638859,6986552,7396301,-0.378682,unrelated
S31,S462,Alsum59-2019,Wysocki570-2019,0,1882887,3497833,6986552,7560523,-0.351464,unrelated
S31,S463,Alsum59-2019,Wysocki570-2019,0,1785175,3579184,6986552,7366427,-0.374361,unrelated
S31,S464,Alsum59-2019,Wysocki570-2019,0,1822338,3732682,6986552,7360662,-0.393319,unrelated
S32,S33,Alsum59-2019,Alsum59-2019,1,1267184,3967695,4933591,7591187,-0.532401,unrelated
S32,S34,Alsum59-2019,Alsum59-2019,1,1270354,3926989,4933591,7475350,-0.530555,unrelated
S32,S35,Alsum59-2019,Alsum59-2019,1,1316300,3860268,4933591,7905307,-0.498815,unrelated
S32,S66,Alsum59-2019,Arlington-2019,0,1293820,3931116,4933591,7554876,-0.525958,unrelated
S32,S67,Alsum59-2019,Arlington-2019,0,1279721,3906655,4933591,7545213,-0.523575,unrelated
S32,S68,Alsum59-2019,Arlington-2019,0,1305085,3836005,4933591,7622727,-0.507069,unrelated
S32,S69,Alsum59-2019,Arlington-2019,0,1154113,4113578,4933591,7036507,-0.590893,unrelated
S32,S70,Alsum59-2019,Arlington-2019,0,1294069,3816105,4933591,7500795,-0.509727,unrelated
S32,S71,Alsum59-2019,Arlington-2019,0,1250401,3896291,4933591,7545169,-0.524265,unrelated
S32,S72,Alsum59-2019,Arlington-2019,0,1313664,3836720,4933591,8036250,-0.490351,unrelated
S32,S93,Alsum59-2019,ColomaBonus4-2019,0,1137555,4278699,4933591,6925377,-0.625674,unrelated
S32,S94,Alsum59-2019,ColomaBonus4-2019,0,1325499,3899200,4933591,8067681,-0.497867,unrelated
S32,S95,Alsum59-2019,ColomaBonus4-2019,0,1276230,4015166,4933591,7706268,-0.534349,unrelated
S32,S96,Alsum59-2019,ColomaBonus4-2019,0,1324246,3853212,4933591,7988131,-0.493911,unrelated
S32,S97,Alsum59-2019,ColomaBonus4-2019,0,1182532,4206951,4933591,7124061,-0.599733,unrelated
S32,S98,Alsum59-2019,ColomaBonus4-2019,0,1194216,4100653,4933591,7184607,-0.578229,unrelated
S32,S99,Alsum59-2019,ColomaBonus4-2019,0,1201134,4116681,4933591,7162781,-0.581350,unrelated
S32,S101,Alsum59-2019,ColomaBonus-2019,0,1207114,4122131,4933591,7446230,-0.568437,unrelated
S32,S102,Alsum59-2019,ColomaBonus-2019,0,1192581,4214389,4933591,7157304,-0.598483,unrelated
S32,S103,Alsum59-2019,ColomaBonus-2019,0,1294944,4032106,4933591,7993686,-0.523642,unrelated
S32,S104,Alsum59-2019,ColomaBonus-2019,0,1366167,3780040,4933591,8432743,-0.463397,unrelated
S32,S105,Alsum59-2019,ColomaBonus-2019,0,1274010,4003923,4933591,7922986,-0.523766,unrelated
S32,S106,Alsum59-2019,ColomaBonus-2019,0,1239525,4021960,4933591,7305326,-0.555964,unrelated
S32,S107,Alsum59-2019,ColomaBonus-2019,0,1278273,3947496,4933591,7641841,-0.526162,unrelated
S32,S125,Alsum59-2019,ColomaLyons-2019,0,1357534,3815467,4933591,8018900,-0.484339,unrelated
S32,S126,Alsum59-2019,ColomaLyons-2019,0,1307087,3838439,4933591,7690253,-0.504584,unrelated
S32,S127,Alsum59-2019,ColomaLyons-2019,0,1260706,3929394,4933591,7481050,-0.531476,unrelated
S32,S128,Alsum59-2019,ColomaLyons-2019,0,1249936,4213156,4933591,7740149,-0.566240,unrelated
S32,S129,Alsum59-2019,ColomaLyons-2019,0,1275236,4000256,4933591,7617129,-0.535848,unrelated
S32,S130,Alsum59-2019,ColomaLyons-2019,0,1232509,4074117,4933591,7474077,-0.557375,unrelated
S32,S131,Alsum59-2019,ColomaLyons-2019,0,1204592,4069078,4933591,7362681,-0.563875,unrelated
S32,S139,Alsum59-2019,XMASBig-2019,0,1271790,3936369,4933591,7410585,-0.534742,unrelated
S32,S140,Alsum59-2019,XMASBig-2019,0,1302313,3938650,4933591,7814276,-0.515772,unrelated
S32,S141,Alsum59-2019,XMASBig-2019,0,1266574,4061990,4933591,7717407,-0.542045,unrelated
S32,S142,Alsum59-2019,XMASBig-2019,0,1286062,3989682,4933591,7766337,-0.527035,unrelated
S32,S143,Alsum59-2019,XMASBig-2019,0,1247196,4028219,4933591,7252463,-0.558773,unrelated
S32,S159,Alsum59-2019,OkrayGarrisonNE-2019,0,1230802,4092683,4933591,7368400,-0.565320,unrelated
S32,S160,Alsum59-2019,OkrayGarrisonNE-2019,0,1214512,4150682,4933591,7290941,-0.579724,unrelated
S32,S161,Alsum59-2019,OkrayGarrisonNE-2019,0,1238593,3999437,4933591,7377502,-0.549121,unrelated
S32,S162,Alsum59-2019,OkrayGarrisonNE-2019,0,1303296,3901011,4933591,7785671,-0.510936,unrelated
S32,S163,Alsum59-2019,OkrayGarrisonNE-2019,0,1278317,4021701,4933591,7709788,-0.535069,unrelated
S32,S164,Alsum59-2019,OkrayGarrisonNE-2019,0,1265067,4063140,4933591,7689846,-0.543530,unrelated
S32,S165,Alsum59-2019,OkrayGarrisonNE-2019,0,1256836,4066712,4933591,7611186,-0.548163,unrelated
S32,S296,Alsum59-2019,OkrayRobacks-2019,0,1308090,3942330,4933591,7691850,-0.520898,unrelated
S32,S297,Alsum59-2019,OkrayRobacks-2019,0,1270683,4098664,4933591,7677694,-0.549242,unrelated
S32,S298,Alsum59-2019,OkrayRobacks-2019,0,1269836,3970855,4933591,7378291,-0.541905,unrelated
S32,S299,Alsum59-2019,OkrayRobacks-2019,0,1285314,3875485,4933591,7556994,-0.517642,unrelated
S32,S300,Alsum59-2019,OkrayRobacks-2019,0,1260333,3926865,4933591,7420867,-0.533686,unrelated
S32,S301,Alsum59-2019,OkrayRobacks-2019,0,1326401,3872165,4933591,8080920,-0.493136,unrelated
S32,S302,Alsum59-2019,OkrayRobacks-2019,0,1443856,3627717,4933591,8536700,-0.431437,unrelated
S32,S304,Alsum59-2019,OkrayGrosheks40-2019,0,1237460,3965775,4933591,7154938,-0.553756,unrelated
S32,S305,Alsum59-2019,OkrayGrosheks40-2019,0,1304596,3904606,4933591,7779665,-0.511640,unrelated
S32,S306,Alsum59-2019,OkrayGrosheks40-2019,0,1983715,2633485,4933591,11601524,-0.198563,unrelated
S32,S307,Alsum59-2019,OkrayGrosheks40-2019,0,1219766,3928895,4933591,7144597,-0.549588,unrelated
S32,S308,Alsum59-2019,OkrayGrosheks40-2019,0,1320955,3880314,4933591,7750273,-0.507706,unrelated
S32,S309,Alsum59-2019,OkrayGrosheks40-2019,0,1249941,3846771,4933591,7235130,-0.529522,unrelated
S32,S310,Alsum59-2019,OkrayGrosheks40-2019,0,1237459,3921115,4933591,7262608,-0.541543,unrelated
S32,S340,Alsum59-2019,OkrayPFWiper-2019,0,1258049,4068533,4933591,7619222,-0.548006,unrelated
S32,S341,Alsum59-2019,OkrayPFWiper-2019,0,1229027,4106831,4933591,7557563,-0.559167,unrelated
S32,S342,Alsum59-2019,OkrayPFWiper-2019,0,1203310,4039340,4933591,7043704,-0.574034,unrelated
S32,S343,Alsum59-2019,OkrayPFWiper-2019,0,1219324,4066709,4933591,7375799,-0.561693,unrelated
S32,S344,Alsum59-2019,OkrayPFWiper-2019,0,1163801,4236590,4933591,7302502,-0.597362,unrelated
S32,S354,Alsum59-2019,PloverBrikalskiPats-2019,0,1252646,4086110,4933591,7677084,-0.548708,unrelated
S32,S355,Alsum59-2019,PloverBrikalskiPats-2019,0,1299996,3986116,4933591,7759982,-0.525639,unrelated
S32,S356,Alsum59-2019,PloverBrikalskiPats-2019,0,1246384,4148796,4933591,7738582,-0.556432,unrelated
S32,S357,Alsum59-2019,PloverBrikalskiPats-2019,0,1283701,3966333,4933591,7682544,-0.527021,unrelated
S32,S358,Alsum59-2019,PloverBrikalskiPats-2019,0,1264723,4048693,4933591,7701638,-0.540763,unrelated
S32,S359,Alsum59-2019,PloverBrikalskiPats-2019,0,1287536,4001990,4933591,7899720,-0.523360,unrelated
S32,S360,Alsum59-2019,PloverBrikalskiPats-2019,0,1295283,3916443,4933591,7905479,-0.509196,unrelated
S32,S378,Alsum59-2019,PloverDaveBrSE-2019,0,1259505,4033179,4933591,7709061,-0.538404,unrelated
S32,S379,Alsum59-2019,PloverDaveBrSE-2019,0,1257944,4065888,4933591,7674181,-0.545206,unrelated
S32,S380,Alsum59-2019,PloverDaveBrSE-2019,0,1246127,3990981,4933591,7619782,-0.536576,unrelated
S32,S381,Alsum59-2019,PloverDaveBrSE-2019,0,1184585,4166086,4933591,7357228,-0.581539,unrelated
S32,S382,Alsum59-2019,PloverDaveBrSE-2019,0,1273736,3870998,4933591,7450016,-0.522324,unrelated
S32,S383,Alsum59-2019,PloverDaveBrSE-2019,0,1304021,3920328,4933591,8100805,-0.501491,unrelated
S32,S384,Alsum59-2019,PloverDaveBrSE-2019,0,1343750,3896847,4933591,8223535,-0.490224,unrelated
S32,S402,Alsum59-2019,Wysocki1129-2019,0,1244815,4051807,4933591,7525165,-0.550520,unrelated
S32,S403,Alsum59-2019,Wysocki1129-2019,0,1237320,3973991,4933591,7520277,-0.538842,unrelated
S32,S404,Alsum59-2019,Wysocki1129-2019,0,1337434,3785229,4933591,7928168,-0.484617,unrelated
S32,S405,Alsum59-2019,Wysocki1129-2019,0,1278575,3956341,4933591,7761893,-0.522556,unrelated
S32,S406,Alsum59-2019,Wysocki1129-2019,0,1291016,3948025,4933591,7786192,-0.519273,unrelated
S32,S407,Alsum59-2019,Wysocki1129-2019,0,1273206,3943962,4933591,7717071,-0.522875,unrelated
S32,S408,Alsum59-2019,Wysocki1129-2019,0,1284634,3970601,4933591,7724063,-0.525893,unrelated
S32,S426,Alsum59-2019,Wysocki438-2019,0,1285597,4001980,4933591,7847102,-0.525665,unrelated
S32,S427,Alsum59-2019,Wysocki438-2019,0,1244642,4054306,4933591,7598529,-0.547710,unrelated
S32,S428,Alsum59-2019,Wysocki438-2019,0,1220912,4237730,4933591,7402753,-0.588063,unrelated
S32,S429,Alsum59-2019,Wysocki438-2019,0,1250076,4099435,4933591,7685399,-0.550662,unrelated
S32,S430,Alsum59-2019,Wysocki438-2019,0,1252381,3972577,4933591,7738169,-0.528164,unrelated
S32,S431,Alsum59-2019,Wysocki438-2019,0,1248949,3968485,4933591,7367342,-0.543700,unrelated
S32,S432,Alsum59-2019,Wysocki438-2019,0,1266871,3922782,4933591,7526561,-0.527979,unrelated
S32,S450,Alsum59-2019,Wysocki563-2019,0,1256463,4230789,4933591,7734101,-0.568779,unrelated
S32,S451,Alsum59-2019,Wysocki563-2019,0,1225628,4018842,4933591,7226898,-0.560179,unrelated
S32,S452,Alsum59-2019,Wysocki563-2019,0,1314682,3854774,4933591,7917168,-0.497626,unrelated
S32,S453,Alsum59-2019,Wysocki563-2019,0,1189019,4230148,4933591,7210686,-0.598741,unrelated
S32,S454,Alsum59-2019,Wysocki563-2019,0,1277488,3903003,4933591,7408884,-0.528947,unrelated
S32,S455,Alsum59-2019,Wysocki563-2019,0,1283639,3846690,4933591,7450078,-0.517596,unrelated
S32,S456,Alsum59-2019,Wysocki563-2019,0,1193639,4177703,4933591,7202383,-0.590127,unrelated
S32,S458,Alsum59-2019,Wysocki570-2019,0,1266707,3990525,4933591,7453203,-0.542057,unrelated
S32,S459,Alsum59-2019,Wysocki570-2019,0,1294616,3835576,4933591,7810498,-0.500352,unrelated
S32,S460,Alsum59-2019,Wysocki570-2019,0,1253183,3951171,4933591,7316303,-0.542793,unrelated
S32,S461,Alsum59-2019,Wysocki570-2019,0,1265100,3930927,4933591,7396301,-0.535021,unrelated
S32,S462,Alsum59-2019,Wysocki570-2019,0,1272563,3885361,4933591,7560523,-0.520098,unrelated
S32,S463,Alsum59-2019,Wysocki570-2019,0,1210680,4040076,4933591,7366427,-0.558493,unrelated
S32,S464,Alsum59-2019,Wysocki570-2019,0,1243162,4185825,4933591,7360662,-0.579823,unrelated
S33,S34,Alsum59-2019,Alsum59-2019,1,2054365,3336509,7591187,7475350,-0.306550,unrelated
S33,S35,Alsum59-2019,Alsum59-2019,1,2139229,3235483,7591187,7905307,-0.279530,unrelated
S33,S66,Alsum59-2019,Arlington-2019,0,2025352,3478064,7591187,7554876,-0.325548,unrelated
S33,S67,Alsum59-2019,Arlington-2019,0,2031920,3411471,7591187,7545213,-0.316523,unrelated
S33,S68,Alsum59-2019,Arlington-2019,0,2051076,3310373,7591187,7622727,-0.300361,unrelated
S33,S69,Alsum59-2019,Arlington-2019,0,1828578,3609019,7591187,7036507,-0.368442,unrelated
S33,S70,Alsum59-2019,Arlington-2019,0,1992284,3412350,7591187,7500795,-0.320198,unrelated
S33,S71,Alsum59-2019,Arlington-2019,0,1966279,3421392,7591187,7545169,-0.322172,unrelated
S33,S72,Alsum59-2019,Arlington-2019,0,2119600,3303816,7591187,8036250,-0.287189,unrelated
S33,S93,Alsum59-2019,ColomaBonus4-2019,0,1831208,3723819,7591187,6925377,-0.386898,unrelated
S33,S94,Alsum59-2019,ColomaBonus4-2019,0,2080243,3391250,7591187,8067681,-0.300294,unrelated
S33,S95,Alsum59-2019,ColomaBonus4-2019,0,2043216,3421991,7591187,7706268,-0.313828,unrelated
S33,S96,Alsum59-2019,ColomaBonus4-2019,0,2136454,3332838,7591187,7988131,-0.290720,unrelated
S33,S97,Alsum59-2019,ColomaBonus4-2019,0,1903525,3660585,7591187,7124061,-0.368165,unrelated
S33,S98,Alsum59-2019,ColomaBonus4-2019,0,1907429,3645402,7591187,7184607,-0.364337,unrelated
S33,S99,Alsum59-2019,ColomaBonus4-2019,0,1930204,3531174,7591187,7162781,-0.347848,unrelated
S33,S101,Alsum59-2019,ColomaBonus-2019,0,1942502,3505398,7591187,7446230,-0.337046,unrelated
S33,S102,Alsum59-2019,ColomaBonus-2019,0,1919513,3591302,7591187,7157304,-0.356856,unrelated
S33,S103,Alsum59-2019,ColomaBonus-2019,0,2071475,3580070,7591187,7993686,-0.326513,unrelated
S33,S104,Alsum59-2019,ColomaBonus-2019,0,2234837,3222894,7591187,8432743,-0.262791,unrelated
S33,S105,Alsum59-2019,ColomaBonus-2019,0,2061052,3404302,7591187,7922986,-0.306014,unrelated
S33,S106,Alsum59-2019,ColomaBonus-2019,0,1929216,3586727,7591187,7305326,-0.352045,unrelated
S33,S107,Alsum59-2019,ColomaBonus-2019,0,2039342,3382110,7591187,7641841,-0.310173,unrelated
S33,S125,Alsum59-2019,ColomaLyons-2019,0,2099471,3247577,7591187,8018900,-0.281592,unrelated
S33,S126,Alsum59-2019,ColomaLyons-2019,0,2041999,3357244,7591187,7690253,-0.305762,unrelated
S33,S127,Alsum59-2019,ColomaLyons-2019,0,1977976,3487736,7591187,7481050,-0.331570,unrelated
S33,S128,Alsum59-2019,ColomaLyons-2019,0,2047602,3612388,7591187,7740149,-0.337686,unrelated
S33,S129,Alsum59-2019,ColomaLyons-2019,0,2074803,3367134,7591187,7617129,-0.306376,unrelated
S33,S130,Alsum59-2019,ColomaLyons-2019,0,1956776,3576794,7591187,7474077,-0.344953,unrelated
S33,S131,Alsum59-2019,ColomaLyons-2019,0,1942051,3587510,7591187,7362681,-0.349941,unrelated
S33,S139,Alsum59-2019,XMASBig-2019,0,1963983,3455977,7591187,7410585,-0.329826,unrelated
S33,S140,Alsum59-2019,XMASBig-2019,0,2070230,3403459,7591187,7814276,-0.307468,unrelated
S33,S141,Alsum59-2019,XMASBig-2019,0,2075616,3413824,7591187,7717407,-0.310416,unrelated
S33,S142,Alsum59-2019,XMASBig-2019,0,2062674,3445248,7591187,7766337,-0.314362,unrelated
S33,S143,Alsum59-2019,XMASBig-2019,0,1928534,3516659,7591187,7252463,-0.343904,unrelated
S33,S159,Alsum59-2019,OkrayGarrisonNE-2019,0,1997080,3551989,7591187,7368400,-0.341380,unrelated
S33,S160,Alsum59-2019,OkrayGarrisonNE-2019,0,1932238,3576351,7591187,7290941,-0.350787,unrelated
S33,S161,Alsum59-2019,OkrayGarrisonNE-2019,0,1957493,3475772,7591187,7377502,-0.333633,unrelated
S33,S162,Alsum59-2019,OkrayGarrisonNE-2019,0,2068351,3384313,7591187,7785671,-0.305672,unrelated
S33,S163,Alsum59-2019,OkrayGarrisonNE-2019,0,2044721,3437406,7591187,7709788,-0.315672,unrelated
S33,S164,Alsum59-2019,OkrayGarrisonNE-2019,0,2058006,3404236,7591187,7689846,-0.310873,unrelated
S33,S165,Alsum59-2019,OkrayGarrisonNE-2019,0,2021289,3449673,7591187,7611186,-0.320875,unrelated
S33,S296,Alsum59-2019,OkrayRobacks-2019,0,2061772,3365473,7591187,7691850,-0.305513,unrelated
S33,S297,Alsum59-2019,OkrayRobacks-2019,0,2021725,3581388,7591187,7677694,-0.336701,unrelated
S33,S298,Alsum59-2019,OkrayRobacks-2019,0,1974711,3394371,7591187,7378291,-0.321590,unrelated
S33,S299,Alsum59-2019,OkrayRobacks-2019,0,1986469,3460093,7591187,7556994,-0.325697,unrelated
S33,S300,Alsum59-2019,OkrayRobacks-2019,0,2034125,3315573,7591187,7420867,-0.306222,unrelated
S33,S301,Alsum59-2019,OkrayRobacks-2019,0,2104740,3332167,7591187,8080920,-0.290937,unrelated
S33,S302,Alsum59-2019,OkrayRobacks-2019,0,2251900,3065439,7591187,8536700,-0.240514,unrelated
S33,S304,Alsum59-2019,OkrayGrosheks40-2019,0,1899103,3470118,7591187,7154938,-0.341862,unrelated
S33,S305,Alsum59-2019,OkrayGrosheks40-2019,0,2102167,3336969,7591187,7779665,-0.297431,unrelated
S33,S306,Alsum59-2019,OkrayGrosheks40-2019,0,2992955,2328310,7591187,11601524,-0.086682,unrelated
S33,S307,Alsum59-2019,OkrayGrosheks40-2019,0,1899380,3483241,7591187,7144597,-0.343864,unrelated
S33,S308,Alsum59-2019,OkrayGrosheks40-2019,0,2065660,3392118,7591187,7750273,-0.307570,unrelated
S33,S309,Alsum59-2019,OkrayGrosheks40-2019,0,1930379,3371933,7591187,7235130,-0.324658,unrelated
S33,S310,Alsum59-2019,OkrayGrosheks40-2019,0,1910483,3472621,7591187,7262608,-0.338954,unrelated
S33,S340,Alsum59-2019,OkrayPFWiper-2019,0,2027352,3433828,7591187,7619222,-0.318223,unrelated
S33,S341,Alsum59-2019,OkrayPFWiper-2019,0,1987094,3486369,7591187,7557563,-0.329113,unrelated
S33,S342,Alsum59-2019,OkrayPFWiper-2019,0,1860991,3587365,7591187,7043704,-0.363087,unrelated
S33,S343,Alsum59-2019,OkrayPFWiper-2019,0,1970334,3444525,7591187,7375799,-0.328638,unrelated
S33,S344,Alsum59-2019,OkrayPFWiper-2019,0,1882392,3623185,7591187,7302502,-0.360151,unrelated
S33,S354,Alsum59-2019,PloverBrikalskiPats-2019,0,1995675,3513953,7591187,7677084,-0.329587,unrelated
S33,S355,Alsum59-2019,PloverBrikalskiPats-2019,0,2062001,3489520,7591187,7759982,-0.320304,unrelated
S33,S356,Alsum59-2019,PloverBrikalskiPats-2019,0,1995710,3532353,7591187,7738582,-0.330664,unrelated
S33,S357,Alsum59-2019,PloverBrikalskiPats-2019,0,2058136,3396816,7591187,7682544,-0.310042,unrelated
S33,S358,Alsum59-2019,PloverBrikalskiPats-2019,0,2043050,3392523,7591187,7701638,-0.310080,unrelated
S33,S359,Alsum59-2019,PloverBrikalskiPats-2019,0,2054050,3408601,7591187,7899720,-0.307481,unrelated
S33,S360,Alsum59-2019,PloverBrikalskiPats-2019,0,2101607,3322937,7591187,7905479,-0.293242,unrelated
S33,S378,Alsum59-2019,PloverDaveBrSE-2019,0,2029711,3427166,7591187,7709061,-0.315330,unrelated
S33,S379,Alsum59-2019,PloverDaveBrSE-2019,0,2029264,3517203,7591187,7674181,-0.327876,unrelated
S33,S380,Alsum59-2019,PloverDaveBrSE-2019,0,2036903,3430619,7591187,7619782,-0.317162,unrelated
S33,S381,Alsum59-2019,PloverDaveBrSE-2019,0,1900924,3631201,7591187,7357228,-0.358665,unrelated
S33,S382,Alsum59-2019,PloverDaveBrSE-2019,0,1981284,3445613,7591187,7450016,-0.326433,unrelated
S33,S383,Alsum59-2019,PloverDaveBrSE-2019,0,2127569,3331006,7591187,8100805,-0.288965,unrelated
S33,S384,Alsum59-2019,PloverDaveBrSE-2019,0,2179722,3306757,7591187,8223535,-0.280359,unrelated
S33,S402,Alsum59-2019,Wysocki1129-2019,0,2033480,3423982,7591187,7525165,-0.318495,unrelated
S33,S403,Alsum59-2019,Wysocki1129-2019,0,2003161,3475047,7591187,7520277,-0.327363,unrelated
S33,S404,Alsum59-2019,Wysocki1129-2019,0,2112063,3337348,7591187,7928168,-0.293996,unrelated
S33,S405,Alsum59-2019,Wysocki1129-2019,0,2089792,3368624,7591187,7761893,-0.302705,unrelated
S33,S406,Alsum59-2019,Wysocki1129-2019,0,2104156,3332347,7591187,7786192,-0.296574,unrelated
S33,S407,Alsum59-2019,Wysocki1129-2019,0,2064813,3425592,7591187,7717071,-0.312666,unrelated
S33,S408,Alsum59-2019,Wysocki1129-2019,0,2068760,3417742,7591187,7724063,-0.311240,unrelated
S33,S426,Alsum59-2019,Wysocki438-2019,0,2057009,3426938,7591187,7847102,-0.310712,unrelated
S33,S427,Alsum59-2019,Wysocki438-2019,0,1984418,3480686,7591187,7598529,-0.327653,unrelated
S33,S428,Alsum59-2019,Wysocki438-2019,0,1906203,3746384,7591187,7402753,-0.372588,unrelated
S33,S429,Alsum59-2019,Wysocki438-2019,0,2016447,3452814,7591187,7685399,-0.320044,unrelated
S33,S430,Alsum59-2019,Wysocki438-2019,0,2018625,3459485,7591187,7738169,-0.319671,unrelated
S33,S431,Alsum59-2019,Wysocki438-2019,0,1974357,3479169,7591187,7367342,-0.333187,unrelated
S33,S432,Alsum59-2019,Wysocki438-2019,0,2007802,3407189,7591187,7526561,-0.317943,unrelated
S33,S450,Alsum59-2019,Wysocki563-2019,0,2010489,3712127,7591187,7734101,-0.353257,unrelated
S33,S451,Alsum59-2019,Wysocki563-2019,0,1925573,3462244,7591187,7226898,-0.337352,unrelated
S33,S452,Alsum59-2019,Wysocki563-2019,0,2088490,3357752,7591187,7917168,-0.298356,unrelated
S33,S453,Alsum59-2019,Wysocki563-2019,0,1898891,3649487,7591187,7210686,-0.364824,unrelated
S33,S454,Alsum59-2019,Wysocki563-2019,0,1965369,3407944,7591187,7408884,-0.323366,unrelated
S33,S455,Alsum59-2019,Wysocki563-2019,0,1969096,3356666,7591187,7450078,-0.315415,unrelated
S33,S456,Alsum59-2019,Wysocki563-2019,0,1873043,3709318,7591187,7202383,-0.374865,unrelated
S33,S458,Alsum59-2019,Wysocki570-2019,0,1961837,3477582,7591187,7453203,-0.331906,unrelated
S33,S459,Alsum59-2019,Wysocki570-2019,0,2030905,3415242,7591187,7810498,-0.311627,unrelated
S33,S460,Alsum59-2019,Wysocki570-2019,0,1939100,3434426,7591187,7316303,-0.330690,unrelated
S33,S461,Alsum59-2019,Wysocki570-2019,0,2003133,3356030,7591187,7396301,-0.314191,unrelated
S33,S462,Alsum59-2019,Wysocki570-2019,0,1982744,3432137,7591187,7560523,-0.322177,unrelated
S33,S463,Alsum59-2019,Wysocki570-2019,0,1942109,3493277,7591187,7366427,-0.337249,unrelated
S33,S464,Alsum59-2019,Wysocki570-2019,0,1937763,3663191,7591187,7360662,-0.360398,unrelated
S34,S35,Alsum59-2019,Alsum59-2019,1,2143511,3179283,7475350,7905307,-0.274049,unrelated
S34,S66,Alsum59-2019,Arlington-2019,0,2009943,3436593,7475350,7554876,-0.323564,unrelated
S34,S67,Alsum59-2019,Arlington-2019,0,2032853,3380133,7475350,7545213,-0.314729,unrelated
S34,S68,Alsum59-2019,Arlington-2019,0,2043955,3324062,7475350,7622727,-0.304951,unrelated
S34,S69,Alsum59-2019,Arlington-2019,0,1797701,3585384,7475350,7036507,-0.370254,unrelated
S34,S70,Alsum59-2019,Arlington-2019,0,2021494,3333150,7475350,7500795,-0.310147,unrelated
S34,S71,Alsum59-2019,Arlington-2019,0,1964944,3430791,7475350,7545169,-0.325997,unrelated
S34,S72,Alsum59-2019,Arlington-2019,0,2081962,3354372,7475350,8036250,-0.298279,unrelated
S34,S93,Alsum59-2019,ColomaBonus4-2019,0,1797339,3782843,7475350,6925377,-0.400559,unrelated
S34,S94,Alsum59-2019,ColomaBonus4-2019,0,2102019,3342636,7475350,8067681,-0.294875,unrelated
S34,S95,Alsum59-2019,ColomaBonus4-2019,0,2020502,3441201,7475350,7706268,-0.320249,unrelated
S34,S96,Alsum59-2019,ColomaBonus4-2019,0,2103022,3347996,7475350,7988131,-0.297020,unrelated
S34,S97,Alsum59-2019,ColomaBonus4-2019,0,1874425,3673221,7475350,7124061,-0.374811,unrelated
S34,S98,Alsum59-2019,ColomaBonus4-2019,0,1902537,3566021,7475350,7184607,-0.356720,unrelated
S34,S99,Alsum59-2019,ColomaBonus4-2019,0,1931289,3480204,7475350,7162781,-0.343563,unrelated
S34,S101,Alsum59-2019,ColomaBonus-2019,0,1893121,3577780,7475350,7446230,-0.352673,unrelated
S34,S102,Alsum59-2019,ColomaBonus-2019,0,1896562,3630529,7475350,7157304,-0.366611,unrelated
S34,S103,Alsum59-2019,ColomaBonus-2019,0,2060513,3566554,7475350,7993686,-0.327919,unrelated
S34,S104,Alsum59-2019,ColomaBonus-2019,0,2239555,3213377,7475350,8432743,-0.263212,unrelated
S34,S105,Alsum59-2019,ColomaBonus-2019,0,2014345,3445036,7475350,7922986,-0.316640,unrelated
S34,S106,Alsum59-2019,ColomaBonus-2019,0,1917680,3573832,7475350,7305326,-0.353839,unrelated
S34,S107,Alsum59-2019,ColomaBonus-2019,0,2019578,3404566,7475350,7641841,-0.316828,unrelated
S34,S125,Alsum59-2019,ColomaLyons-2019,0,2059455,3372178,7475350,8018900,-0.302364,unrelated
S34,S126,Alsum59-2019,ColomaLyons-2019,0,2067580,3347908,7475350,7690253,-0.305180,unrelated
S34,S127,Alsum59-2019,ColomaLyons-2019,0,1969408,3433496,7475350,7481050,-0.327457,unrelated
S34,S128,Alsum59-2019,ColomaLyons-2019,0,2006921,3642421,7475350,7740149,-0.346878,unrelated
S34,S129,Alsum59-2019,ColomaLyons-2019,0,2035645,3415542,7475350,7617129,-0.317737,unrelated
S34,S130,Alsum59-2019,ColomaLyons-2019,0,1962113,3497740,7475350,7474077,-0.336693,unrelated
S34,S131,Alsum59-2019,ColomaLyons-2019,0,1931281,3539937,7475350,7362681,-0.346986,unrelated
S34,S139,Alsum59-2019,XMASBig-2019,0,1978171,3456570,7475350,7410585,-0.331519,unrelated
S34,S140,Alsum59-2019,XMASBig-2019,0,2063764,3399390,7475350,7814276,-0.309688,unrelated
S34,S141,Alsum59-2019,XMASBig-2019,0,2009936,3482659,7475350,7717407,-0.326167,unrelated
S34,S142,Alsum59-2019,XMASBig-2019,0,2035230,3457227,7475350,7766337,-0.320124,unrelated
S34,S143,Alsum59-2019,XMASBig-2019,0,1883083,3556314,7475350,7252463,-0.355080,unrelated
S34,S159,Alsum59-2019,OkrayGarrisonNE-2019,0,1946197,3538954,7475350,7368400,-0.345715,unrelated
S34,S160,Alsum59-2019,OkrayGarrisonNE-2019,0,1931336,3564107,7475350,7290941,-0.351942,unrelated
S34,S161,Alsum59-2019,OkrayGarrisonNE-2019,0,1946654,3431929,7475350,7377502,-0.331061,unrelated
S34,S162,Alsum59-2019,OkrayGarrisonNE-2019,0,2065297,3357310,7475350,7785671,-0.304653,unrelated
S34,S163,Alsum59-2019,OkrayGarrisonNE-2019,0,2036653,3440874,7475350,7709788,-0.319068,unrelated
S34,S164,Alsum59-2019,OkrayGarrisonNE-2019,0,2007335,3482824,7475350,7689846,-0.326953,unrelated
S34,S165,Alsum59-2019,OkrayGarrisonNE-2019,0,1990227,3469158,7475350,7611186,-0.327980,unrelated
S34,S296,Alsum59-2019,OkrayRobacks-2019,0,2044915,3396142,7475350,7691850,-0.313002,unrelated
S34,S297,Alsum59-2019,OkrayRobacks-2019,0,1995217,3595568,7475350,7677694,-0.342896,unrelated
S34,S298,Alsum59-2019,OkrayRobacks-2019,0,1950377,3422883,7475350,7378291,-0.329575,unrelated
S34,S299,Alsum59-2019,OkrayRobacks-2019,0,2021958,3402010,7475350,7556994,-0.318118,unrelated
S34,S300,Alsum59-2019,OkrayRobacks-2019,0,1966533,3437862,7475350,7420867,-0.329560,unrelated
S34,S301,Alsum59-2019,OkrayRobacks-2019,0,2082190,3292096,7475350,8080920,-0.289401,unrelated
S34,S302,Alsum59-2019,OkrayRobacks-2019,0,2224134,3094579,7475350,8536700,-0.247628,unrelated
S34,S304,Alsum59-2019,OkrayGrosheks40-2019,0,1907174,3497458,7475350,7154938,-0.347754,unrelated
S34,S305,Alsum59-2019,OkrayGrosheks40-2019,0,2053200,3347065,7475350,7779665,-0.304223,unrelated
S34,S306,Alsum59-2019,OkrayGrosheks40-2019,0,3000951,2256444,7475350,11601524,-0.079255,unrelated
S34,S307,Alsum59-2019,OkrayGrosheks40-2019,0,1877029,3470178,7475350,7144597,-0.346330,unrelated
S34,S308,Alsum59-2019,OkrayGrosheks40-2019,0,2033005,3429854,7475350,7750273,-0.317012,unrelated
S34,S309,Alsum59-2019,OkrayGrosheks40-2019,0,1922894,3384995,7475350,7235130,-0.329500,unrelated
S34,S310,Alsum59-2019,OkrayGrosheks40-2019,0,1920199,3471526,7475350,7262608,-0.340811,unrelated
S34,S340,Alsum59-2019,OkrayPFWiper-2019,0,2008859,3426033,7475350,7619222,-0.320858,unrelated
S34,S341,Alsum59-2019,OkrayPFWiper-2019,0,1957840,3516643,7475350,7557563,-0.337622,unrelated
S34,S342,Alsum59-2019,OkrayPFWiper-2019,0,1858849,3507628,7475350,7043704,-0.355148,unrelated
S34,S343,Alsum59-2019,OkrayPFWiper-2019,0,1932952,3470838,7475350,7375799,-0.337262,unrelated
S34,S344,Alsum59-2019,OkrayPFWiper-2019,0,1842657,3707404,7475350,7302502,-0.377061,unrelated
S34,S354,Alsum59-2019,PloverBrikalskiPats-2019,0,1993132,3514719,7475350,7677084,-0.332376,unrelated
S34,S355,Alsum59-2019,PloverBrikalskiPats-2019,0,2029718,3489468,7475350,7759982,-0.324851,unrelated
S34,S356,Alsum59-2019,PloverBrikalskiPats-2019,0,1978706,3596955,7475350,7738582,-0.342791,unrelated
S34,S357,Alsum59-2019,PloverBrikalskiPats-2019,0,2009931,3444500,7475350,7682544,-0.321883,unrelated
S34,S358,Alsum59-2019,PloverBrikalskiPats-2019,0,2016764,3424552,7475350,7701638,-0.318399,unrelated
S34,S359,Alsum59-2019,PloverBrikalskiPats-2019,0,2053425,3402025,7475350,7899720,-0.308982,unrelated
S34,S360,Alsum59-2019,PloverBrikalskiPats-2019,0,2031200,3370671,7475350,7905479,-0.306235,unrelated
S34,S378,Alsum59-2019,PloverDaveBrSE-2019,0,2000984,3411760,7475350,7709061,-0.317598,unrelated
S34,S379,Alsum59-2019,PloverDaveBrSE-2019,0,1966219,3561291,7475350,7674181,-0.340365,unrelated
S34,S380,Alsum59-2019,PloverDaveBrSE-2019,0,2023041,3419091,7475350,7619782,-0.318986,unrelated
S34,S381,Alsum59-2019,PloverDaveBrSE-2019,0,1852713,3647996,7475350,7357228,-0.366981,unrelated
S34,S382,Alsum59-2019,PloverDaveBrSE-2019,0,1990194,3414588,7475350,7450016,-0.324212,unrelated
S34,S383,Alsum59-2019,PloverDaveBrSE-2019,0,2057681,3435065,7475350,8100805,-0.308963,unrelated
S34,S384,Alsum59-2019,PloverDaveBrSE-2019,0,2158987,3332392,7475350,8223535,-0.287014,unrelated
S34,S402,Alsum59-2019,Wysocki1129-2019,0,1997838,3470315,7475350,7525165,-0.329508,unrelated
S34,S403,Alsum59-2019,Wysocki1129-2019,0,1970693,3441373,7475350,7520277,-0.327566,unrelated
S34,S404,Alsum59-2019,Wysocki1129-2019,0,2103343,3314850,7475350,7928168,-0.293852,unrelated
S34,S405,Alsum59-2019,Wysocki1129-2019,0,2066645,3363103,7475350,7761893,-0.305801,unrelated
S34,S406,Alsum59-2019,Wysocki1129-2019,0,2026352,3408237,7475350,7786192,-0.313869,unrelated
S34,S407,Alsum59-2019,Wysocki1129-2019,0,2000541,3495121,7475350,7717071,-0.328434,unrelated
S34,S408,Alsum59-2019,Wysocki1129-2019,0,2026455,3425861,7475350,7724063,-0.317464,unrelated
S34,S426,Alsum59-2019,Wysocki438-2019,0,2030765,3451330,7475350,7847102,-0.317958,unrelated
S34,S427,Alsum59-2019,Wysocki438-2019,0,1954793,3455146,7475350,7598529,-0.328747,unrelated
S34,S428,Alsum59-2019,Wysocki438-2019,0,1899863,3748948,7475350,7402753,-0.376260,unrelated
S34,S429,Alsum59-2019,Wysocki438-2019,0,1973818,3597143,7475350,7685399,-0.344341,unrelated
S34,S430,Alsum59-2019,Wysocki438-2019,0,1997537,3478308,7475350,7738169,-0.325965,unrelated
S34,S431,Alsum59-2019,Wysocki438-2019,0,1970180,3486092,7475350,7367342,-0.337001,unrelated
S34,S432,Alsum59-2019,Wysocki438-2019,0,1989855,3415491,7475350,7526561,-0.322701,unrelated
S34,S450,Alsum59-2019,Wysocki563-2019,0,1989140,3654336,7475350,7734101,-0.349752,unrelated
S34,S451,Alsum59-2019,Wysocki563-2019,0,1927352,3464712,7475350,7226898,-0.340225,unrelated
S34,S452,Alsum59-2019,Wysocki563-2019,0,2039537,3367960,7475350,7917168,-0.305108,unrelated
S34,S453,Alsum59-2019,Wysocki563-2019,0,1884056,3666355,7475350,7210686,-0.371009,unrelated
S34,S454,Alsum59-2019,Wysocki563-2019,0,1994351,3392293,7475350,7408884,-0.321833,unrelated
S34,S455,Alsum59-2019,Wysocki563-2019,0,1968605,3358196,7475350,7450078,-0.318101,unrelated
S34,S456,Alsum59-2019,Wysocki563-2019,0,1860135,3622508,7475350,7202383,-0.366874,unrelated
S34,S458,Alsum59-2019,Wysocki570-2019,0,1943991,3533795,7475350,7453203,-0.343208,unrelated
S34,S459,Alsum59-2019,Wysocki570-2019,0,2056689,3389981,7475350,7810498,-0.308996,unrelated
S34,S460,Alsum59-2019,Wysocki570-2019,0,1926288,3427387,7475350,7316303,-0.333194,unrelated
S34,S461,Alsum59-2019,Wysocki570-2019,0,1998357,3382306,7475350,7396301,-0.320493,unrelated
S34,S462,Alsum59-2019,Wysocki570-2019,0,2020034,3330369,7475350,7560523,-0.308642,unrelated
S34,S463,Alsum59-2019,Wysocki570-2019,0,1904025,3481381,7475350,7366427,-0.340844,unrelated
S34,S464,Alsum59-2019,Wysocki570-2019,0,1909906,3717166,7475350,7360662,-0.372366,unrelated
S35,S66,Alsum59-2019,Arlington-2019,0,2116018,3335021,7905307,7554876,-0.294565,unrelated
S35,S67,Alsum59-2019,Arlington-2019,0,2100419,3306169,7905307,7545213,-0.292024,unrelated
S35,S68,Alsum59-2019,Arlington-2019,0,2141664,3247933,7905307,7622727,-0.280409,unrelated
S35,S69,Alsum59-2019,Arlington-2019,0,1882082,3568494,7905307,7036507,-0.351691,unrelated
S35,S70,Alsum59-2019,Arlington-2019,0,2088602,3277085,7905307,7500795,-0.289857,unrelated
S35,S71,Alsum59-2019,Arlington-2019,0,2050983,3352403,7905307,7545169,-0.301209,unrelated
S35,S72,Alsum59-2019,Arlington-2019,0,2208586,3232451,7905307,8036250,-0.266995,unrelated
S35,S93,Alsum59-2019,ColomaBonus4-2019,0,1927081,3621197,7905307,6925377,-0.358400,unrelated
S35,S94,Alsum59-2019,ColomaBonus4-2019,0,2175729,3307923,7905307,8067681,-0.277977,unrelated
S35,S95,Alsum59-2019,ColomaBonus4-2019,0,2113284,3384487,7905307,7706268,-0.298220,unrelated
S35,S96,Alsum59-2019,ColomaBonus4-2019,0,2280789,3254747,7905307,7988131,-0.266066,unrelated
S35,S97,Alsum59-2019,ColomaBonus4-2019,0,1970158,3571549,7905307,7124061,-0.344189,unrelated
S35,S98,Alsum59-2019,ColomaBonus4-2019,0,1996999,3435526,7905307,7184607,-0.323001,unrelated
S35,S99,Alsum59-2019,ColomaBonus4-2019,0,1960199,3498404,7905307,7162781,-0.334257,unrelated
S35,S101,Alsum59-2019,ColomaBonus-2019,0,1981522,3499929,7905307,7446230,-0.326895,unrelated
S35,S102,Alsum59-2019,ColomaBonus-2019,0,2004420,3427951,7905307,7157304,-0.322088,unrelated
S35,S103,Alsum59-2019,ColomaBonus-2019,0,2169156,3407836,7905307,7993686,-0.292252,unrelated
S35,S104,Alsum59-2019,ColomaBonus-2019,0,2353976,3116536,7905307,8432743,-0.237427,unrelated
S35,S105,Alsum59-2019,ColomaBonus-2019,0,2177379,3311678,7905307,7922986,-0.280888,unrelated
S35,S106,Alsum59-2019,ColomaBonus-2019,0,2028999,3370266,7905307,7305326,-0.309753,unrelated
S35,S107,Alsum59-2019,ColomaBonus-2019,0,2132809,3271467,7905307,7641841,-0.283661,unrelated
S35,S125,Alsum59-2019,ColomaLyons-2019,0,2149606,3254427,7905307,8018900,-0.273750,unrelated
S35,S126,Alsum59-2019,ColomaLyons-2019,0,2159504,3212860,7905307,7690253,-0.273553,unrelated
S35,S127,Alsum59-2019,ColomaLyons-2019,0,2115100,3304519,7905307,7481050,-0.292073,unrelated
S35,S128,Alsum59-2019,ColomaLyons-2019,0,2159696,3492867,7905307,7740149,-0.308463,unrelated
S35,S129,Alsum59-2019,ColomaLyons-2019,0,2146044,3334933,7905307,7617129,-0.291438,unrelated
S35,S130,Alsum59-2019,ColomaLyons-2019,0,2049608,3470995,7905307,7474077,-0.318113,unrelated
S35,S131,Alsum59-2019,ColomaLyons-2019,0,2027361,3459881,7905307,7362681,-0.320435,unrelated
S35,S139,Alsum59-2019,XMASBig-2019,0,2050555,3387011,7905307,7410585,-0.308403,unrelated
S35,S140,Alsum59-2019,XMASBig-2019,0,2178607,3292880,7905307,7814276,-0.280361,unrelated
S35,S141,Alsum59-2019,XMASBig-2019,0,2148102,3388547,7905307,7717407,-0.296299,unrelated
S35,S142,Alsum59-2019,XMASBig-2019,0,2138175,3339584,7905307,7766337,-0.289759,unrelated
S35,S143,Alsum59-2019,XMASBig-2019,0,1998319,3484146,7905307,7252463,-0.327883,unrelated
S35,S159,Alsum59-2019,OkrayGarrisonNE-2019,0,2063406,3399013,7905307,7368400,-0.309985,unrelated
S35,S160,Alsum59-2019,OkrayGarrisonNE-2019,0,2023187,3427323,7905307,7290941,-0.317938,unrelated
S35,S161,Alsum59-2019,OkrayGarrisonNE-2019,0,2044131,3397067,7905307,7377502,-0.310807,unrelated
S35,S162,Alsum59-2019,OkrayGarrisonNE-2019,0,2173833,3289786,7905307,7785671,-0.280782,unrelated
S35,S163,Alsum59-2019,OkrayGarrisonNE-2019,0,2147986,3348352,7905307,7709788,-0.291303,unrelated
S35,S164,Alsum59-2019,OkrayGarrisonNE-2019,0,2131690,3355490,7905307,7689846,-0.293635,unrelated
S35,S165,Alsum59-2019,OkrayGarrisonNE-2019,0,2115195,3334694,7905307,7611186,-0.293507,unrelated
S35,S296,Alsum59-2019,OkrayRobacks-2019,0,2129239,3348482,7905307,7691850,-0.292856,unrelated
S35,S297,Alsum59-2019,OkrayRobacks-2019,0,2097649,3493655,7905307,7677694,-0.313782,unrelated
S35,S298,Alsum59-2019,OkrayRobacks-2019,0,2052271,3311157,7905307,7378291,-0.299016,unrelated
S35,S299,Alsum59-2019,OkrayRobacks-2019,0,2137311,3315682,7905307,7556994,-0.290646,unrelated
S35,S300,Alsum59-2019,OkrayRobacks-2019,0,2070519,3270299,7905307,7420867,-0.291663,unrelated
S35,S301,Alsum59-2019,OkrayRobacks-2019,0,2181286,3210992,7905307,8080920,-0.265272,unrelated
S35,S302,Alsum59-2019,OkrayRobacks-2019,0,2339101,3026795,7905307,8536700,-0.225915,unrelated
S35,S304,Alsum59-2019,OkrayGrosheks40-2019,0,1968889,3416934,7905307,7154938,-0.323035,unrelated
S35,S305,Alsum59-2019,OkrayGrosheks40-2019,0,2170643,3231050,7905307,7779665,-0.273603,unrelated
S35,S306,Alsum59-2019,OkrayGrosheks40-2019,0,3139300,2190436,7905307,11601524,-0.063648,unrelated
S35,S307,Alsum59-2019,OkrayGrosheks40-2019,0,1933713,3387026,7905307,7144597,-0.321619,unrelated
S35,S308,Alsum59-2019,OkrayGrosheks40-2019,0,2157183,3304822,7905307,7750273,-0.284401,unrelated
S35,S309,Alsum59-2019,OkrayGrosheks40-2019,0,2031454,3300734,7905307,7235130,-0.301842,unrelated
S35,S310,Alsum59-2019,OkrayGrosheks40-2019,0,1977877,3424910,7905307,7262608,-0.321201,unrelated
S35,S340,Alsum59-2019,OkrayPFWiper-2019,0,2099362,3355722,7905307,7619222,-0.297084,unrelated
S35,S341,Alsum59-2019,OkrayPFWiper-2019,0,2047297,3414541,7905307,7557563,-0.309243,unrelated
S35,S342,Alsum59-2019,OkrayPFWiper-2019,0,1967122,3461767,7905307,7043704,-0.331555,unrelated
S35,S343,Alsum59-2019,OkrayPFWiper-2019,0,2070299,3352676,7905307,7375799,-0.303319,unrelated
S35,S344,Alsum59-2019,OkrayPFWiper-2019,0,1970112,3536763,7905307,7302502,-0.335579,unrelated
S35,S354,Alsum59-2019,PloverBrikalskiPats-2019,0,2095381,3440819,7905307,7677084,-0.307158,unrelated
S35,S355,Alsum59-2019,PloverBrikalskiPats-2019,0,2151281,3387255,7905307,7759982,-0.295126,unrelated
S35,S356,Alsum59-2019,PloverBrikalskiPats-2019,0,2092354,3454704,7905307,7738582,-0.307919,unrelated
S35,S357,Alsum59-2019,PloverBrikalskiPats-2019,0,2114716,3328388,7905307,7682544,-0.291385,unrelated
S35,S358,Alsum59-2019,PloverBrikalskiPats-2019,0,2130626,3351301,7905307,7701638,-0.292945,unrelated
S35,S359,Alsum59-2019,PloverBrikalskiPats-2019,0,2122881,3357841,7905307,7899720,-0.290591,unrelated
S35,S360,Alsum59-2019,PloverBrikalskiPats-2019,0,2161631,3240804,7905307,7905479,-0.273230,unrelated
S35,S378,Alsum59-2019,PloverDaveBrSE-2019,0,2134064,3300019,7905307,7709061,-0.286017,unrelated
S35,S379,Alsum59-2019,PloverDaveBrSE-2019,0,2077164,3464783,7905307,7674181,-0.311461,unrelated
S35,S380,Alsum59-2019,PloverDaveBrSE-2019,0,2121736,3369925,7905307,7619782,-0.297461,unrelated
S35,S381,Alsum59-2019,PloverDaveBrSE-2019,0,1998961,3552053,7905307,7357228,-0.334489,unrelated
S35,S382,Alsum59-2019,PloverDaveBrSE-2019,0,2079918,3265640,7905307,7450016,-0.289890,unrelated
S35,S383,Alsum59-2019,PloverDaveBrSE-2019,0,2193777,3289000,7905307,8100805,-0.273909,unrelated
S35,S384,Alsum59-2019,PloverDaveBrSE-2019,0,2247320,3218287,7905307,8223535,-0.259737,unrelated
S35,S402,Alsum59-2019,Wysocki1129-2019,0,2121116,3361723,7905307,7525165,-0.298262,unrelated
S35,S403,Alsum59-2019,Wysocki1129-2019,0,2080380,3332162,7905307,7520277,-0.297165,unrelated
S35,S404,Alsum59-2019,Wysocki1129-2019,0,2221198,3190794,7905307,7928168,-0.262759,unrelated
S35,S405,Alsum59-2019,Wysocki1129-2019,0,2146305,3287730,7905307,7761893,-0.282702,unrelated
S35,S406,Alsum59-2019,Wysocki1129-2019,0,2124476,3325554,7905307,7786192,-0.288477,unrelated
S35,S407,Alsum59-2019,Wysocki1129-2019,0,2131669,3337034,7905307,7717071,-0.290762,unrelated
S35,S408,Alsum59-2019,Wysocki1129-2019,0,2173364,3314625,7905307,7724063,-0.285097,unrelated
S35,S426,Alsum59-2019,Wysocki438-2019,0,2117656,3397413,7905307,7847102,-0.296918,unrelated
S35,S427,Alsum59-2019,Wysocki438-2019,0,2054851,3396919,7905307,7598529,-0.305665,unrelated
S35,S428,Alsum59-2019,Wysocki438-2019,0,2034197,3625851,7905307,7402753,-0.340834,unrelated
S35,S429,Alsum59-2019,Wysocki438-2019,0,2087957,3474451,7905307,7685399,-0.311785,unrelated
S35,S430,Alsum59-2019,Wysocki438-2019,0,2107824,3322981,7905307,7738169,-0.290098,unrelated
S35,S431,Alsum59-2019,Wysocki438-2019,0,2057052,3416522,7905307,7367342,-0.312715,unrelated
S35,S432,Alsum59-2019,Wysocki438-2019,0,2102492,3314956,7905307,7526561,-0.293381,unrelated
S35,S450,Alsum59-2019,Wysocki563-2019,0,2102314,3582240,7905307,7734101,-0.323680,unrelated
S35,S451,Alsum59-2019,Wysocki563-2019,0,2029893,3291093,7905307,7226898,-0.300835,unrelated
S35,S452,Alsum59-2019,Wysocki563-2019,0,2147164,3272466,7905307,7917168,-0.277944,unrelated
S35,S453,Alsum59-2019,Wysocki563-2019,0,1961394,3555996,7905307,7210686,-0.340738,unrelated
S35,S454,Alsum59-2019,Wysocki563-2019,0,2066561,3324207,7905307,7408884,-0.299190,unrelated
S35,S455,Alsum59-2019,Wysocki563-2019,0,2054257,3285172,7905307,7450078,-0.294104,unrelated
S35,S456,Alsum59-2019,Wysocki563-2019,0,1938148,3559410,7905307,7202383,-0.342916,unrelated
S35,S458,Alsum59-2019,Wysocki570-2019,0,2055528,3407792,7905307,7453203,-0.309930,unrelated
S35,S459,Alsum59-2019,Wysocki570-2019,0,2128742,3280913,7905307,7810498,-0.282078,unrelated
S35,S460,Alsum59-2019,Wysocki570-2019,0,2055531,3312755,7905307,7316303,-0.300230,unrelated
S35,S461,Alsum59-2019,Wysocki570-2019,0,2126250,3262237,7905307,7396301,-0.287435,unrelated
S35,S462,Alsum59-2019,Wysocki570-2019,0,2100939,3319379,7905307,7560523,-0.293409,unrelated
S35,S463,Alsum59-2019,Wysocki570-2019,0,2006469,3381599,7905307,7366427,-0.311473,unrelated
S35,S464,Alsum59-2019,Wysocki570-2019,0,2029228,3615753,7905307,7360662,-0.340776,unrelated
S66,S67,Arlington-2019,Arlington-2019,1,2038787,3409384,7554876,7545213,-0.316553,unrelated
S66,S68,Arlington-2019,Arlington-2019,1,2063446,3410417,7554876,7622727,-0.313448,unrelated
S66,S69,Arlington-2019,Arlington-2019,1,1812210,3635016,7554876,7036507,-0.374044,unrelated
S66,S70,Arlington-2019,Arlington-2019,1,2071756,3239136,7554876,7500795,-0.292681,unrelated
S66,S71,Arlington-2019,Arlington-2019,1,1970669,3453105,7554876,7545169,-0.326856,unrelated
S66,S72,Arlington-2019,Arlington-2019,1,2122327,3381152,7554876,8036250,-0.297604,unrelated
S66,S93,Arlington-2019,ColomaBonus4-2019,0,1884465,3617155,7554876,6925377,-0.369458,unrelated
S66,S94,Arlington-2019,ColomaBonus4-2019,0,2140841,3344682,7554876,8067681,-0.291151,unrelated
S66,S95,Arlington-2019,ColomaBonus4-2019,0,2065303,3387107,7554876,7706268,-0.308556,unrelated
S66,S96,Arlington-2019,ColomaBonus4-2019,0,2148654,3401292,7554876,7988131,-0.299423,unrelated
S66,S97,Arlington-2019,ColomaBonus4-2019,0,1913399,3508893,7554876,7124061,-0.347735,unrelated
S66,S98,Arlington-2019,ColomaBonus4-2019,0,1922169,3557707,7554876,7184607,-0.352336,unrelated
S66,S99,Arlington-2019,ColomaBonus4-2019,0,1902841,3604424,7554876,7162781,-0.360520,unrelated
S66,S101,Arlington-2019,ColomaBonus-2019,0,1946051,3509636,7554876,7446230,-0.338190,unrelated
S66,S102,Arlington-2019,ColomaBonus-2019,0,1899658,3649161,7554876,7157304,-0.366952,unrelated
S66,S103,Arlington-2019,ColomaBonus-2019,0,2118888,3298941,7554876,7993686,-0.288065,unrelated
S66,S104,Arlington-2019,ColomaBonus-2019,0,2237522,3310066,7554876,8432743,-0.274125,unrelated
S66,S105,Arlington-2019,ColomaBonus-2019,0,2077899,3402501,7554876,7922986,-0.305411,unrelated
S66,S106,Arlington-2019,ColomaBonus-2019,0,1990480,3340033,7554876,7305326,-0.315580,unrelated
S66,S107,Arlington-2019,ColomaBonus-2019,0,2054935,3323370,7554876,7641841,-0.302158,unrelated
S66,S125,Arlington-2019,ColomaLyons-2019,0,2139779,3241509,7554876,8018900,-0.278882,unrelated
S66,S126,Arlington-2019,ColomaLyons-2019,0,2096174,3255409,7554876,7690253,-0.289577,unrelated
S66,S127,Arlington-2019,ColomaLyons-2019,0,2014369,3405543,7554876,7481050,-0.319017,unrelated
S66,S128,Arlington-2019,ColomaLyons-2019,0,2107767,3486963,7554876,7740149,-0.318153,unrelated
S66,S129,Arlington-2019,ColomaLyons-2019,0,2034314,3503737,7554876,7617129,-0.327785,unrelated
S66,S130,Arlington-2019,ColomaLyons-2019,0,2016872,3467354,7554876,7474077,-0.327224,unrelated
S66,S131,Arlington-2019,ColomaLyons-2019,0,1994221,3473843,7554876,7362681,-0.332056,unrelated
S66,S139,Arlington-2019,XMASBig-2019,0,2052903,3242406,7554876,7410585,-0.296142,unrelated
S66,S140,Arlington-2019,XMASBig-2019,0,2098105,3368566,7554876,7814276,-0.301840,unrelated
S66,S141,Arlington-2019,XMASBig-2019,0,2071193,3333348,7554876,7717407,-0.300905,unrelated
S66,S142,Arlington-2019,XMASBig-2019,0,2095267,3364005,7554876,7766337,-0.302374,unrelated
S66,S143,Arlington-2019,XMASBig-2019,0,1936477,3596122,7554876,7252463,-0.354943,unrelated
S66,S159,Arlington-2019,OkrayGarrisonNE-2019,0,1985948,3412404,7554876,7368400,-0.324249,unrelated
S66,S160,Arlington-2019,OkrayGarrisonNE-2019,0,1958677,3485483,7554876,7290941,-0.337623,unrelated
S66,S161,Arlington-2019,OkrayGarrisonNE-2019,0,2045435,3419586,7554876,7377502,-0.321030,unrelated
S66,S162,Arlington-2019,OkrayGarrisonNE-2019,0,2126485,3326160,7554876,7785671,-0.295024,unrelated
S66,S163,Arlington-2019,OkrayGarrisonNE-2019,0,2089464,3413412,7554876,7709788,-0.310348,unrelated
S66,S164,Arlington-2019,OkrayGarrisonNE-2019,0,2105679,3358205,7554876,7689846,-0.302448,unrelated
S66,S165,Arlington-2019,OkrayGarrisonNE-2019,0,2023522,3455991,7554876,7611186,-0.322329,unrelated
S66,S296,Arlington-2019,OkrayRobacks-2019,0,2125560,3198681,7554876,7691850,-0.280178,unrelated
S66,S297,Arlington-2019,OkrayRobacks-2019,0,2050033,3473740,7554876,7677694,-0.321512,unrelated
S66,S298,Arlington-2019,OkrayRobacks-2019,0,1961673,3502085,7554876,7378291,-0.337671,unrelated
S66,S299,Arlington-2019,OkrayRobacks-2019,0,2030611,3286049,7554876,7556994,-0.300524,unrelated
S66,S300,Arlington-2019,OkrayRobacks-2019,0,1986864,3447090,7554876,7420867,-0.327684,unrelated
S66,S301,Arlington-2019,OkrayRobacks-2019,0,2113437,3356718,7554876,8080920,-0.294197,unrelated
S66,S302,Arlington-2019,OkrayRobacks-2019,0,2245562,3111840,7554876,8536700,-0.247217,unrelated
S66,S304,Arlington-2019,OkrayGrosheks40-2019,0,1938744,3387880,7554876,7154938,-0.328829,unrelated
S66,S305,Arlington-2019,OkrayGrosheks40-2019,0,2097866,3340273,7554876,7779665,-0.298847,unrelated
S66,S306,Arlington-2019,OkrayGrosheks40-2019,0,3078134,2260152,7554876,11601524,-0.075284,unrelated
S66,S307,Arlington-2019,OkrayGrosheks40-2019,0,1915166,3475037,7554876,7144597,-0.342523,unrelated
S66,S308,Arlington-2019,OkrayGrosheks40-2019,0,2180368,3162252,7554876,7750273,-0.270767,unrelated
S66,S309,Arlington-2019,OkrayGrosheks40-2019,0,1917512,3481029,7554876,7235130,-0.341078,unrelated
S66,S310,Arlington-2019,OkrayGrosheks40-2019,0,1924518,3430885,7554876,7262608,-0.333204,unrelated
S66,S340,Arlington-2019,OkrayPFWiper-2019,0,2046177,3425714,7554876,7619222,-0.316675,unrelated
S66,S341,Arlington-2019,OkrayPFWiper-2019,0,1950782,3622519,7554876,7557563,-0.350324,unrelated
S66,S342,Arlington-2019,OkrayPFWiper-2019,0,1890256,3482093,7554876,7043704,-0.347563,unrelated
S66,S343,Arlington-2019,OkrayPFWiper-2019,0,1952480,3538963,7554876,7375799,-0.343283,unrelated
S66,S344,Arlington-2019,OkrayPFWiper-2019,0,1938878,3574126,7554876,7302502,-0.350625,unrelated
S66,S354,Arlington-2019,PloverBrikalskiPats-2019,0,2024990,3393310,7554876,7677084,-0.312608,unrelated
S66,S355,Arlington-2019,PloverBrikalskiPats-2019,0,2097714,3295334,7554876,7759982,-0.293372,unrelated
S66,S356,Arlington-2019,PloverBrikalskiPats-2019,0,2024483,3433741,7554876,7738582,-0.316671,unrelated
S66,S357,Arlington-2019,PloverBrikalskiPats-2019,0,2074104,3355651,7554876,7682544,-0.304330,unrelated
S66,S358,Arlington-2019,PloverBrikalskiPats-2019,0,2114962,3336766,7554876,7701638,-0.298795,unrelated
S66,S359,Arlington-2019,PloverBrikalskiPats-2019,0,2077763,3390173,7554876,7899720,-0.304284,unrelated
S66,S360,Arlington-2019,PloverBrikalskiPats-2019,0,2077946,3455043,7554876,7905479,-0.312550,unrelated
S66,S378,Arlington-2019,PloverDaveBrSE-2019,0,1999077,3487447,7554876,7709061,-0.325985,unrelated
S66,S379,Arlington-2019,PloverDaveBrSE-2019,0,2062537,3419464,7554876,7674181,-0.313637,unrelated
S66,S380,Arlington-2019,PloverDaveBrSE-2019,0,1995311,3479918,7554876,7619782,-0.327159,unrelated
S66,S381,Arlington-2019,PloverDaveBrSE-2019,0,1950587,3502577,7554876,7357228,-0.338957,unrelated
S66,S382,Arlington-2019,PloverDaveBrSE-2019,0,2021900,3420539,7554876,7450016,-0.321174,unrelated
S66,S383,Arlington-2019,PloverDaveBrSE-2019,0,2119007,3358132,7554876,8100805,-0.293648,unrelated
S66,S384,Arlington-2019,PloverDaveBrSE-2019,0,2228866,3247132,7554876,8223535,-0.270331,unrelated
S66,S402,Arlington-2019,Wysocki1129-2019,0,2018697,3551387,7554876,7525165,-0.337139,unrelated
S66,S403,Arlington-2019,Wysocki1129-2019,0,2030467,3417406,7554876,7520277,-0.318693,unrelated
S66,S404,Arlington-2019,Wysocki1129-2019,0,2188896,3224434,7554876,7928168,-0.275138,unrelated
S66,S405,Arlington-2019,Wysocki1129-2019,0,2047419,3471612,7554876,7761893,-0.319637,unrelated
S66,S406,Arlington-2019,Wysocki1129-2019,0,2130383,3300592,7554876,7786192,-0.291427,unrelated
S66,S407,Arlington-2019,Wysocki1129-2019,0,2049955,3370470,7554876,7717071,-0.307164,unrelated
S66,S408,Arlington-2019,Wysocki1129-2019,0,2076780,3416027,7554876,7724063,-0.311231,unrelated
S66,S426,Arlington-2019,Wysocki438-2019,0,2075335,3437082,7554876,7847102,-0.311572,unrelated
S66,S427,Arlington-2019,Wysocki438-2019,0,2009506,3437703,7554876,7598529,-0.321109,unrelated
S66,S428,Arlington-2019,Wysocki438-2019,0,1976200,3584898,7554876,7402753,-0.347221,unrelated
S66,S429,Arlington-2019,Wysocki438-2019,0,2060790,3383356,7554876,7685399,-0.308782,unrelated
S66,S430,Arlington-2019,Wysocki438-2019,0,1990181,3519608,7554876,7738169,-0.330152,unrelated
S66,S431,Arlington-2019,Wysocki438-2019,0,1973308,3433792,7554876,7367342,-0.327986,unrelated
S66,S432,Arlington-2019,Wysocki438-2019,0,2044819,3414436,7554876,7526561,-0.317215,unrelated
S66,S450,Arlington-2019,Wysocki563-2019,0,2054608,3585349,7554876,7734101,-0.334626,unrelated
S66,S451,Arlington-2019,Wysocki563-2019,0,1926256,3547539,7554876,7226898,-0.349675,unrelated
S66,S452,Arlington-2019,Wysocki563-2019,0,2118412,3252565,7554876,7917168,-0.283525,unrelated
S66,S453,Arlington-2019,Wysocki563-2019,0,1883447,3683182,7554876,7210686,-0.371331,unrelated
S66,S454,Arlington-2019,Wysocki563-2019,0,2002952,3434863,7554876,7408884,-0.325237,unrelated
S66,S455,Arlington-2019,Wysocki563-2019,0,2011952,3315587,7554876,7450078,-0.307846,unrelated
S66,S456,Arlington-2019,Wysocki563-2019,0,1870222,3611502,7554876,7202383,-0.362722,unrelated
S66,S458,Arlington-2019,Wysocki570-2019,0,2051490,3275974,7554876,7453203,-0.299869,unrelated
S66,S459,Arlington-2019,Wysocki570-2019,0,2098929,3374114,7554876,7810498,-0.302583,unrelated
S66,S460,Arlington-2019,Wysocki570-2019,0,1986006,3370841,7554876,7316303,-0.319791,unrelated
S66,S461,Arlington-2019,Wysocki570-2019,0,1990154,3451647,7554876,7396301,-0.328612,unrelated
S66,S462,Arlington-2019,Wysocki570-2019,0,2048005,3343191,7554876,7560523,-0.306864,unrelated
S66,S463,Arlington-2019,Wysocki570-2019,0,1941116,3464977,7554876,7366427,-0.334343,unrelated
S66,S464,Arlington-2019,Wysocki570-2019,0,2000264,3612808,7554876,7360662,-0.350329,unrelated
S67,S68,Arlington-2019,Arlington-2019,1,2093401,3216468,7545213,7622727,-0.286099,unrelated
S67,S69,Arlington-2019,Arlington-2019,1,1851451,3484241,7545213,7036507,-0.350921,unrelated
S67,S70,Arlington-2019,Arlington-2019,1,2016719,3288114,7545213,7500795,-0.303038,unrelated
S67,S71,Arlington-2019,Arlington-2019,1,2000379,3261697,7545213,7545169,-0.299728,unrelated
S67,S72,Arlington-2019,Arlington-2019,1,2135362,3260995,7545213,8036250,-0.281529,unrelated
S67,S93,Arlington-2019,ColomaBonus4-2019,0,1834124,3629929,7545213,6925377,-0.374949,unrelated
S67,S94,Arlington-2019,ColomaBonus4-2019,0,2150619,3297044,7545213,8067681,-0.284603,unrelated
S67,S95,Arlington-2019,ColomaBonus4-2019,0,2081489,3389899,7545213,7706268,-0.308056,unrelated
S67,S96,Arlington-2019,ColomaBonus4-2019,0,2153695,3233461,7545213,7988131,-0.277675,unrelated
S67,S97,Arlington-2019,ColomaBonus4-2019,0,1885259,3609300,7545213,7124061,-0.363572,unrelated
S67,S98,Arlington-2019,ColomaBonus4-2019,0,1944419,3423938,7545213,7184607,-0.332893,unrelated
S67,S99,Arlington-2019,ColomaBonus4-2019,0,1943814,3462671,7545213,7162781,-0.338695,unrelated
S67,S101,Arlington-2019,ColomaBonus-2019,0,1934232,3526621,7545213,7446230,-0.341462,unrelated
S67,S102,Arlington-2019,ColomaBonus-2019,0,1916723,3514588,7545213,7157304,-0.347726,unrelated
S67,S103,Arlington-2019,ColomaBonus-2019,0,2088089,3419392,7545213,7993686,-0.305729,unrelated
S67,S104,Arlington-2019,ColomaBonus-2019,0,2208767,3200657,7545213,8432743,-0.262396,unrelated
S67,S105,Arlington-2019,ColomaBonus-2019,0,2065454,3405086,7545213,7922986,-0.306740,unrelated
S67,S106,Arlington-2019,ColomaBonus-2019,0,1963797,3484644,7545213,7305326,-0.337058,unrelated
S67,S107,Arlington-2019,ColomaBonus-2019,0,2064297,3344567,7545213,7641841,-0.304525,unrelated
S67,S125,Arlington-2019,ColomaLyons-2019,0,2094703,3305314,7545213,8018900,-0.290150,unrelated
S67,S126,Arlington-2019,ColomaLyons-2019,0,2064715,3293033,7545213,7690253,-0.296765,unrelated
S67,S127,Arlington-2019,ColomaLyons-2019,0,2009036,3393502,7545213,7481050,-0.317974,unrelated
S67,S128,Arlington-2019,ColomaLyons-2019,0,2031008,3633772,7545213,7740149,-0.342585,unrelated
S67,S129,Arlington-2019,ColomaLyons-2019,0,2088300,3303475,7545213,7617129,-0.298018,unrelated
S67,S130,Arlington-2019,ColomaLyons-2019,0,1993830,3453217,7545213,7474077,-0.327086,unrelated
S67,S131,Arlington-2019,ColomaLyons-2019,0,1977660,3484560,7545213,7362681,-0.334820,unrelated
S67,S139,Arlington-2019,XMASBig-2019,0,1982247,3407612,7545213,7410585,-0.323151,unrelated
S67,S140,Arlington-2019,XMASBig-2019,0,2064430,3347302,7545213,7814276,-0.301454,unrelated
S67,S141,Arlington-2019,XMASBig-2019,0,2070434,3423346,7545213,7717407,-0.312938,unrelated
S67,S142,Arlington-2019,XMASBig-2019,0,2082196,3393585,7545213,7766337,-0.307283,unrelated
S67,S143,Arlington-2019,XMASBig-2019,0,1968295,3401296,7545213,7252463,-0.326693,unrelated
S67,S159,Arlington-2019,OkrayGarrisonNE-2019,0,1983863,3479260,7545213,7368400,-0.333565,unrelated
S67,S160,Arlington-2019,OkrayGarrisonNE-2019,0,1956758,3513260,7545213,7290941,-0.341717,unrelated
S67,S161,Arlington-2019,OkrayGarrisonNE-2019,0,1959319,3446174,7545213,7377502,-0.330572,unrelated
S67,S162,Arlington-2019,OkrayGarrisonNE-2019,0,2051165,3380112,7545213,7785671,-0.307162,unrelated
S67,S163,Arlington-2019,OkrayGarrisonNE-2019,0,2071650,3347209,7545213,7709788,-0.303033,unrelated
S67,S164,Arlington-2019,OkrayGarrisonNE-2019,0,2036869,3433322,7545213,7689846,-0.317017,unrelated
S67,S165,Arlington-2019,OkrayGarrisonNE-2019,0,2040283,3404929,7545213,7611186,-0.314691,unrelated
S67,S296,Arlington-2019,OkrayRobacks-2019,0,2057043,3384390,7545213,7691850,-0.309229,unrelated
S67,S297,Arlington-2019,OkrayRobacks-2019,0,2024653,3526116,7545213,7677694,-0.330264,unrelated
S67,S298,Arlington-2019,OkrayRobacks-2019,0,2029108,3306954,7545213,7378291,-0.307220,unrelated
S67,S299,Arlington-2019,OkrayRobacks-2019,0,2048877,3317983,7545213,7556994,-0.303736,unrelated
S67,S300,Arlington-2019,OkrayRobacks-2019,0,2038197,3300736,7545213,7420867,-0.304908,unrelated
S67,S301,Arlington-2019,OkrayRobacks-2019,0,2092471,3298245,7545213,8080920,-0.288236,unrelated
S67,S302,Arlington-2019,OkrayRobacks-2019,0,2257669,3034121,7545213,8536700,-0.236948,unrelated
S67,S304,Arlington-2019,OkrayGrosheks40-2019,0,1911800,3533668,7545213,7154938,-0.350713,unrelated
S67,S305,Arlington-2019,OkrayGrosheks40-2019,0,2073903,3298828,7545213,7779665,-0.295190,unrelated
S67,S306,Arlington-2019,OkrayGrosheks40-2019,0,3046538,2206560,7545213,11601524,-0.071374,unrelated
S67,S307,Arlington-2019,OkrayGrosheks40-2019,0,1905574,3357790,7545213,7144597,-0.327438,unrelated
S67,S308,Arlington-2019,OkrayGrosheks40-2019,0,2076166,3362335,7545213,7750273,-0.303913,unrelated
S67,S309,Arlington-2019,OkrayGrosheks40-2019,0,1921944,3372870,7545213,7235130,-0.326366,unrelated
S67,S310,Arlington-2019,OkrayGrosheks40-2019,0,1950540,3362887,7545213,7262608,-0.322481,unrelated
S67,S340,Arlington-2019,OkrayPFWiper-2019,0,2015079,3449426,7545213,7619222,-0.322054,unrelated
S67,S341,Arlington-2019,OkrayPFWiper-2019,0,1981479,3439215,7545213,7557563,-0.324242,unrelated
S67,S342,Arlington-2019,OkrayPFWiper-2019,0,1895332,3464732,7545213,7043704,-0.345066,unrelated
S67,S343,Arlington-2019,OkrayPFWiper-2019,0,1997491,3320989,7545213,7375799,-0.311272,unrelated
S67,S344,Arlington-2019,OkrayPFWiper-2019,0,1899508,3554170,7545213,7302502,-0.350817,unrelated
S67,S354,Arlington-2019,PloverBrikalskiPats-2019,0,2046484,3410783,7545213,7677084,-0.313690,unrelated
S67,S355,Arlington-2019,PloverBrikalskiPats-2019,0,2079052,3397585,7545213,7759982,-0.308138,unrelated
S67,S356,Arlington-2019,PloverBrikalskiPats-2019,0,1997158,3548481,7545213,7738582,-0.333674,unrelated
S67,S357,Arlington-2019,PloverBrikalskiPats-2019,0,2056406,3319228,7545213,7682544,-0.300901,unrelated
S67,S358,Arlington-2019,PloverBrikalskiPats-2019,0,2063653,3368801,7545213,7701638,-0.306552,unrelated
S67,S359,Arlington-2019,PloverBrikalskiPats-2019,0,2071025,3385715,7545213,7899720,-0.304333,unrelated
S67,S360,Arlington-2019,PloverBrikalskiPats-2019,0,2099819,3304606,7545213,7905479,-0.291857,unrelated
S67,S378,Arlington-2019,PloverDaveBrSE-2019,0,2049204,3332848,7545213,7709061,-0.302636,unrelated
S67,S379,Arlington-2019,PloverDaveBrSE-2019,0,2041287,3441240,7545213,7674181,-0.318094,unrelated
S67,S380,Arlington-2019,PloverDaveBrSE-2019,0,2048654,3363836,7545213,7619782,-0.308541,unrelated
S67,S381,Arlington-2019,PloverDaveBrSE-2019,0,1908463,3524030,7545213,7357228,-0.344883,unrelated
S67,S382,Arlington-2019,PloverDaveBrSE-2019,0,2027983,3323712,7545213,7450016,-0.308061,unrelated
S67,S383,Arlington-2019,PloverDaveBrSE-2019,0,2110773,3351866,7545213,8100805,-0.293555,unrelated
S67,S384,Arlington-2019,PloverDaveBrSE-2019,0,2211198,3250097,7545213,8223535,-0.271993,unrelated
S67,S402,Arlington-2019,Wysocki1129-2019,0,2015719,3428405,7545213,7525165,-0.321232,unrelated
S67,S403,Arlington-2019,Wysocki1129-2019,0,1995582,3389396,7545213,7520277,-0.317494,unrelated
S67,S404,Arlington-2019,Wysocki1129-2019,0,2108867,3244610,7545213,7928168,-0.283090,unrelated
S67,S405,Arlington-2019,Wysocki1129-2019,0,2094795,3326608,7545213,7761893,-0.297798,unrelated
S67,S406,Arlington-2019,Wysocki1129-2019,0,2085307,3320541,7545213,7786192,-0.297153,unrelated
S67,S407,Arlington-2019,Wysocki1129-2019,0,2074011,3330206,7545213,7717071,-0.300506,unrelated
S67,S408,Arlington-2019,Wysocki1129-2019,0,2056356,3335975,7545213,7724063,-0.302280,unrelated
S67,S426,Arlington-2019,Wysocki438-2019,0,2061806,3410864,7545213,7847102,-0.309240,unrelated
S67,S427,Arlington-2019,Wysocki438-2019,0,1992126,3414244,7545213,7598529,-0.319364,unrelated
S67,S428,Arlington-2019,Wysocki438-2019,0,1936553,3669628,7545213,7402753,-0.361434,unrelated
S67,S429,Arlington-2019,Wysocki438-2019,0,2038896,3445959,7545213,7685399,-0.318636,unrelated
S67,S430,Arlington-2019,Wysocki438-2019,0,2050133,3314622,7545213,7738169,-0.299614,unrelated
S67,S431,Arlington-2019,Wysocki438-2019,0,2001837,3399182,7545213,7367342,-0.321644,unrelated
S67,S432,Arlington-2019,Wysocki438-2019,0,2020146,3336703,7545213,7526561,-0.308740,unrelated
S67,S450,Arlington-2019,Wysocki563-2019,0,2069502,3536022,7545213,7734101,-0.327406,unrelated
S67,S451,Arlington-2019,Wysocki563-2019,0,1963852,3382851,7545213,7226898,-0.325062,unrelated
S67,S452,Arlington-2019,Wysocki563-2019,0,2075604,3301767,7545213,7917168,-0.292835,unrelated
S67,S453,Arlington-2019,Wysocki563-2019,0,1918057,3517706,7545213,7210686,-0.346801,unrelated
S67,S454,Arlington-2019,Wysocki563-2019,0,2037396,3274909,7545213,7408884,-0.301752,unrelated
S67,S455,Arlington-2019,Wysocki563-2019,0,1961354,3322395,7545213,7450078,-0.312327,unrelated
S67,S456,Arlington-2019,Wysocki563-2019,0,1942041,3557093,7545213,7202383,-0.350711,unrelated
S67,S458,Arlington-2019,Wysocki570-2019,0,2010342,3431643,7545213,7453203,-0.323564,unrelated
S67,S459,Arlington-2019,Wysocki570-2019,0,2075985,3257107,7545213,7810498,-0.289028,unrelated
S67,S460,Arlington-2019,Wysocki570-2019,0,1971058,3365602,7545213,7316303,-0.320300,unrelated
S67,S461,Arlington-2019,Wysocki570-2019,0,2023428,3320082,7545213,7396301,-0.308987,unrelated
S67,S462,Arlington-2019,Wysocki570-2019,0,2029901,3353605,7545213,7560523,-0.309638,unrelated
S67,S463,Arlington-2019,Wysocki570-2019,0,1959803,3420051,7545213,7366427,-0.327281,unrelated
S67,S464,Arlington-2019,Wysocki570-2019,0,1981200,3574998,7545213,7360662,-0.346762,unrelated
S68,S69,Arlington-2019,Arlington-2019,1,1862512,3403178,7622727,7036507,-0.337251,unrelated
S68,S70,Arlington-2019,Arlington-2019,1,2050961,3284350,7622727,7500795,-0.298723,unrelated
S68,S71,Arlington-2019,Arlington-2019,1,2032687,3262661,7622727,7545169,-0.296194,unrelated
S68,S72,Arlington-2019,Arlington-2019,1,2124909,3282367,7622727,8036250,-0.283532,unrelated
S68,S93,Arlington-2019,ColomaBonus4-2019,0,1837300,3596255,7622727,6925377,-0.368104,unrelated
S68,S94,Arlington-2019,ColomaBonus4-2019,0,2163134,3236790,7622727,8067681,-0.274719,unrelated
S68,S95,Arlington-2019,ColomaBonus4-2019,0,2127632,3355001,7622727,7706268,-0.298935,unrelated
S68,S96,Arlington-2019,ColomaBonus4-2019,0,2161887,3255451,7622727,7988131,-0.278589,unrelated
S68,S97,Arlington-2019,ColomaBonus4-2019,0,1911412,3598240,7622727,7124061,-0.358388,unrelated
S68,S98,Arlington-2019,ColomaBonus4-2019,0,1940573,3459021,7622727,7184607,-0.336149,unrelated
S68,S99,Arlington-2019,ColomaBonus4-2019,0,1987504,3385885,7622727,7162781,-0.323578,unrelated
S68,S101,Arlington-2019,ColomaBonus-2019,0,1947621,3426287,7622727,7446230,-0.325500,unrelated
S68,S102,Arlington-2019,ColomaBonus-2019,0,1945434,3496033,7622727,7157304,-0.341449,unrelated
S68,S103,Arlington-2019,ColomaBonus-2019,0,2169645,3395476,7622727,7993686,-0.295926,unrelated
S68,S104,Arlington-2019,ColomaBonus-2019,0,2233231,3176029,7622727,8432743,-0.256537,unrelated
S68,S105,Arlington-2019,ColomaBonus-2019,0,2079659,3352973,7622727,7922986,-0.297592,unrelated
S68,S106,Arlington-2019,ColomaBonus-2019,0,1973051,3464048,7622727,7305326,-0.331928,unrelated
S68,S107,Arlington-2019,ColomaBonus-2019,0,2102955,3256127,7622727,7641841,-0.288858,unrelated
S68,S125,Arlington-2019,ColomaLyons-2019,0,2127649,3261798,7622727,8018900,-0.281042,unrelated
S68,S126,Arlington-2019,ColomaLyons-2019,0,2089523,3284334,7622727,7690253,-0.292506,unrelated
S68,S127,Arlington-2019,ColomaLyons-2019,0,2020604,3415676,7622727,7481050,-0.318513,unrelated
S68,S128,Arlington-2019,ColomaLyons-2019,0,2031151,3584948,7622727,7740149,-0.334491,unrelated
S68,S129,Arlington-2019,ColomaLyons-2019,0,2095174,3297065,7622727,7617129,-0.295210,unrelated
S68,S130,Arlington-2019,ColomaLyons-2019,0,1990521,3457370,7622727,7474077,-0.326176,unrelated
S68,S131,Arlington-2019,ColomaLyons-2019,0,1984473,3440921,7622727,7362681,-0.326809,unrelated
S68,S139,Arlington-2019,XMASBig-2019,0,2005079,3422672,7622727,7410585,-0.321969,unrelated
S68,S140,Arlington-2019,XMASBig-2019,0,2101620,3282049,7622727,7814276,-0.289077,unrelated
S68,S141,Arlington-2019,XMASBig-2019,0,2097987,3381346,7622727,7717407,-0.304085,unrelated
S68,S142,Arlington-2019,XMASBig-2019,0,2060910,3335697,7622727,7766337,-0.299595,unrelated
S68,S143,Arlington-2019,XMASBig-2019,0,1955011,3457325,7622727,7252463,-0.333417,unrelated
S68,S159,Arlington-2019,OkrayGarrisonNE-2019,0,1998385,3499234,7622727,7368400,-0.333536,unrelated
S68,S160,Arlington-2019,OkrayGarrisonNE-2019,0,1963502,3470556,7622727,7290941,-0.333762,unrelated
S68,S161,Arlington-2019,OkrayGarrisonNE-2019,0,2027543,3310841,7622727,7377502,-0.306271,unrelated
S68,S162,Arlington-2019,OkrayGarrisonNE-2019,0,2126150,3312957,7622727,7785671,-0.292033,unrelated
S68,S163,Arlington-2019,OkrayGarrisonNE-2019,0,2102497,3298082,7622727,7709788,-0.293081,unrelated
S68,S164,Arlington-2019,OkrayGarrisonNE-2019,0,2086881,3319733,7622727,7689846,-0.297310,unrelated
S68,S165,Arlington-2019,OkrayGarrisonNE-2019,0,2066186,3348589,7622727,7611186,-0.303992,unrelated
S68,S296,Arlington-2019,OkrayRobacks-2019,0,2078000,3361122,7622727,7691850,-0.303256,unrelated
S68,S297,Arlington-2019,OkrayRobacks-2019,0,2057535,3526329,7622727,7677694,-0.326470,unrelated
S68,S298,Arlington-2019,OkrayRobacks-2019,0,2000222,3346230,7622727,7378291,-0.312795,unrelated
S68,S299,Arlington-2019,OkrayRobacks-2019,0,2067764,3350052,7622727,7556994,-0.305166,unrelated
S68,S300,Arlington-2019,OkrayRobacks-2019,0,2029693,3238584,7622727,7420867,-0.295639,unrelated
S68,S301,Arlington-2019,OkrayRobacks-2019,0,2142211,3281606,7622727,8080920,-0.281527,unrelated
S68,S302,Arlington-2019,OkrayRobacks-2019,0,2299723,3001444,7622727,8536700,-0.229164,unrelated
S68,S304,Arlington-2019,OkrayGrosheks40-2019,0,1960787,3379746,7622727,7154938,-0.324727,unrelated
S68,S305,Arlington-2019,OkrayGrosheks40-2019,0,2122019,3256952,7622727,7779665,-0.285143,unrelated
S68,S306,Arlington-2019,OkrayGrosheks40-2019,0,3106099,2231763,7622727,11601524,-0.070610,unrelated
S68,S307,Arlington-2019,OkrayGrosheks40-2019,0,1932882,3379478,7622727,7144597,-0.326808,unrelated
S68,S308,Arlington-2019,OkrayGrosheks40-2019,0,2162058,3252882,7622727,7750273,-0.282554,unrelated
S68,S309,Arlington-2019,OkrayGrosheks40-2019,0,1979536,3325771,7622727,7235130,-0.314447,unrelated
S68,S310,Arlington-2019,OkrayGrosheks40-2019,0,1959645,3336178,7622727,7262608,-0.316601,unrelated
S68,S340,Arlington-2019,OkrayPFWiper-2019,0,2038090,3404304,7622727,7619222,-0.312986,unrelated
S68,S341,Arlington-2019,OkrayPFWiper-2019,0,2019841,3406291,7622727,7557563,-0.315721,unrelated
S68,S342,Arlington-2019,OkrayPFWiper-2019,0,1874634,3514073,7622727,7043704,-0.351381,unrelated
S68,S343,Arlington-2019,OkrayPFWiper-2019,0,2025722,3343930,7622727,7375799,-0.310840,unrelated
S68,S344,Arlington-2019,OkrayPFWiper-2019,0,1888329,3541415,7622727,7302502,-0.348035,unrelated
S68,S354,Arlington-2019,PloverBrikalskiPats-2019,0,2070049,3396590,7622727,7677084,-0.308705,unrelated
S68,S355,Arlington-2019,PloverBrikalskiPats-2019,0,2124824,3327133,7622727,7759982,-0.294450,unrelated
S68,S356,Arlington-2019,PloverBrikalskiPats-2019,0,2027261,3468779,7622727,7738582,-0.319654,unrelated
S68,S357,Arlington-2019,PloverBrikalskiPats-2019,0,2098399,3276494,7622727,7682544,-0.291049,unrelated
S68,S358,Arlington-2019,PloverBrikalskiPats-2019,0,2050910,3398354,7622727,7701638,-0.309690,unrelated
S68,S359,Arlington-2019,PloverBrikalskiPats-2019,0,2127021,3271085,7622727,7899720,-0.284436,unrelated
S68,S360,Arlington-2019,PloverBrikalskiPats-2019,0,2116674,3302432,7622727,7905479,-0.289035,unrelated
S68,S378,Arlington-2019,PloverDaveBrSE-2019,0,2084445,3327027,7622727,7709061,-0.298048,unrelated
S68,S379,Arlington-2019,PloverDaveBrSE-2019,0,2042575,3386259,7622727,7674181,-0.309209,unrelated
S68,S380,Arlington-2019,PloverDaveBrSE-2019,0,2062258,3354259,7622727,7619782,-0.304823,unrelated
S68,S381,Arlington-2019,PloverDaveBrSE-2019,0,1916646,3532388,7622727,7357228,-0.343668,unrelated
S68,S382,Arlington-2019,PloverDaveBrSE-2019,0,2025092,3333817,7622727,7450016,-0.308009,unrelated
S68,S383,Arlington-2019,PloverDaveBrSE-2019,0,2152964,3267728,7622727,8100805,-0.278722,unrelated
S68,S384,Arlington-2019,PloverDaveBrSE-2019,0,2205188,3203274,7622727,8223535,-0.265133,unrelated
S68,S402,Arlington-2019,Wysocki1129-2019,0,2006748,3409130,7622727,7525165,-0.317636,unrelated
S68,S403,Arlington-2019,Wysocki1129-2019,0,1997078,3457779,7622727,7520277,-0.324802,unrelated
S68,S404,Arlington-2019,Wysocki1129-2019,0,2182631,3224555,7622727,7928168,-0.274356,unrelated
S68,S405,Arlington-2019,Wysocki1129-2019,0,2092134,3315396,7622727,7761893,-0.295013,unrelated
S68,S406,Arlington-2019,Wysocki1129-2019,0,2129512,3221188,7622727,7786192,-0.279894,unrelated
S68,S407,Arlington-2019,Wysocki1129-2019,0,2076678,3335511,7622727,7717071,-0.299505,unrelated
S68,S408,Arlington-2019,Wysocki1129-2019,0,2106343,3269600,7622727,7724063,-0.288846,unrelated
S68,S426,Arlington-2019,Wysocki438-2019,0,2069811,3369147,7622727,7847102,-0.301780,unrelated
S68,S427,Arlington-2019,Wysocki438-2019,0,2051213,3339163,7622727,7598529,-0.303990,unrelated
S68,S428,Arlington-2019,Wysocki438-2019,0,1982090,3639074,7622727,7402753,-0.352472,unrelated
S68,S429,Arlington-2019,Wysocki438-2019,0,2018236,3450187,7622727,7685399,-0.318925,unrelated
S68,S430,Arlington-2019,Wysocki438-2019,0,2090275,3280549,7622727,7738169,-0.291052,unrelated
S68,S431,Arlington-2019,Wysocki438-2019,0,2014305,3389465,7622727,7367342,-0.317852,unrelated
S68,S432,Arlington-2019,Wysocki438-2019,0,2054951,3333457,7622727,7526561,-0.304434,unrelated
S68,S450,Arlington-2019,Wysocki563-2019,0,2071811,3543226,7622727,7734101,-0.326541,unrelated
S68,S451,Arlington-2019,Wysocki563-2019,0,1989475,3339420,7622727,7226898,-0.315790,unrelated
S68,S452,Arlington-2019,Wysocki563-2019,0,2082884,3342719,7622727,7917168,-0.296177,unrelated
S68,S453,Arlington-2019,Wysocki563-2019,0,1946918,3524592,7622727,7210686,-0.343971,unrelated
S68,S454,Arlington-2019,Wysocki563-2019,0,2024751,3298763,7622727,7408884,-0.304211,unrelated
S68,S455,Arlington-2019,Wysocki563-2019,0,1979525,3334075,7622727,7450078,-0.311065,unrelated
S68,S456,Arlington-2019,Wysocki563-2019,0,1896564,3648931,7622727,7202383,-0.364334,unrelated
S68,S458,Arlington-2019,Wysocki570-2019,0,2023307,3427011,7622727,7453203,-0.320426,unrelated
S68,S459,Arlington-2019,Wysocki570-2019,0,2099146,3275966,7622727,7810498,-0.288519,unrelated
S68,S460,Arlington-2019,Wysocki570-2019,0,2035365,3300288,7622727,7316303,-0.305590,unrelated
S68,S461,Arlington-2019,Wysocki570-2019,0,2064444,3235993,7622727,7396301,-0.293464,unrelated
S68,S462,Arlington-2019,Wysocki570-2019,0,2084441,3324387,7622727,7560523,-0.300616,unrelated
S68,S463,Arlington-2019,Wysocki570-2019,0,1997622,3307327,7622727,7366427,-0.308025,unrelated
S68,S464,Arlington-2019,Wysocki570-2019,0,2019327,3591219,7622727,7360662,-0.344589,unrelated
S69,S70,Arlington-2019,Arlington-2019,1,1784075,3574310,7036507,7500795,-0.369019,unrelated
S69,S71,Arlington-2019,Arlington-2019,1,1925314,3565758,7036507,7545169,-0.357037,unrelated
S69,S72,Arlington-2019,Arlington-2019,1,2061907,3481786,7036507,8036250,-0.325200,unrelated
S69,S93,Arlington-2019,ColomaBonus4-2019,0,1692709,3970000,7036507,6925377,-0.447453,unrelated
S69,S94,Arlington-2019,ColomaBonus4-2019,0,2039398,3524887,7036507,8067681,-0.331721,unrelated
S69,S95,Arlington-2019,ColomaBonus4-2019,0,1859441,3661104,7036507,7706268,-0.370539,unrelated
S69,S96,Arlington-2019,ColomaBonus4-2019,0,1877954,3558111,7036507,7988131,-0.348645,unrelated
S69,S97,Arlington-2019,ColomaBonus4-2019,0,1650172,3983248,7036507,7124061,-0.446050,unrelated
S69,S98,Arlington-2019,ColomaBonus4-2019,0,1801237,3798120,7036507,7184607,-0.407493,unrelated
S69,S99,Arlington-2019,ColomaBonus4-2019,0,1794722,3771005,7036507,7162781,-0.404759,unrelated
S69,S101,Arlington-2019,ColomaBonus-2019,0,1926613,3703987,7036507,7446230,-0.378475,unrelated
S69,S102,Arlington-2019,ColomaBonus-2019,0,1778350,3875312,7036507,7157304,-0.420766,unrelated
S69,S103,Arlington-2019,ColomaBonus-2019,0,2028413,3623622,7036507,7993686,-0.347223,unrelated
S69,S104,Arlington-2019,ColomaBonus-2019,0,1976374,3503581,7036507,8432743,-0.325212,unrelated
S69,S105,Arlington-2019,ColomaBonus-2019,0,2033457,3543771,7036507,7922986,-0.337851,unrelated
S69,S106,Arlington-2019,ColomaBonus-2019,0,1758563,3746873,7036507,7305326,-0.399892,unrelated
S69,S107,Arlington-2019,ColomaBonus-2019,0,1807057,3616934,7036507,7641841,-0.369715,unrelated
S69,S125,Arlington-2019,ColomaLyons-2019,0,2084650,3451457,7036507,8018900,-0.320035,unrelated
S69,S126,Arlington-2019,ColomaLyons-2019,0,1864410,3539651,7036507,7690253,-0.354110,unrelated
S69,S127,Arlington-2019,ColomaLyons-2019,0,1810247,3650032,7036507,7481050,-0.378150,unrelated
S69,S128,Arlington-2019,ColomaLyons-2019,0,1869765,3714648,7036507,7740149,-0.376237,unrelated
S69,S129,Arlington-2019,ColomaLyons-2019,0,1842593,3609023,7036507,7617129,-0.366834,unrelated
S69,S130,Arlington-2019,ColomaLyons-2019,0,1847308,3774573,7036507,7474077,-0.392943,unrelated
S69,S131,Arlington-2019,ColomaLyons-2019,0,1863185,3706154,7036507,7362681,-0.385377,unrelated
S69,S139,Arlington-2019,XMASBig-2019,0,1813401,3612057,7036507,7410585,-0.374519,unrelated
S69,S140,Arlington-2019,XMASBig-2019,0,1863196,3564790,7036507,7814276,-0.354620,unrelated
S69,S141,Arlington-2019,XMASBig-2019,0,1840948,3633987,7036507,7717407,-0.367836,unrelated
S69,S142,Arlington-2019,XMASBig-2019,0,1900448,3686592,7036507,7766337,-0.369708,unrelated
S69,S143,Arlington-2019,XMASBig-2019,0,1812597,3500091,7036507,7252463,-0.363048,unrelated
S69,S159,Arlington-2019,OkrayGarrisonNE-2019,0,1855839,3789564,7036507,7368400,-0.397315,unrelated
S69,S160,Arlington-2019,OkrayGarrisonNE-2019,0,1817428,3840872,7036507,7290941,-0.409306,unrelated
S69,S161,Arlington-2019,OkrayGarrisonNE-2019,0,1795112,3566390,7036507,7377502,-0.370311,unrelated
S69,S162,Arlington-2019,OkrayGarrisonNE-2019,0,1834243,3563124,7036507,7785671,-0.357033,unrelated
S69,S163,Arlington-2019,OkrayGarrisonNE-2019,0,1848838,3591450,7036507,7709788,-0.361722,unrelated
S69,S164,Arlington-2019,OkrayGarrisonNE-2019,0,1799308,3642445,7036507,7689846,-0.372501,unrelated
S69,S165,Arlington-2019,OkrayGarrisonNE-2019,0,1828187,3581379,7036507,7611186,-0.364192,unrelated
S69,S296,Arlington-2019,OkrayRobacks-2019,0,1855028,3632069,7036507,7691850,-0.367258,unrelated
S69,S297,Arlington-2019,OkrayRobacks-2019,0,1936570,3379330,7036507,7677694,-0.327717,unrelated
S69,S298,Arlington-2019,OkrayRobacks-2019,0,1869272,3593776,7036507,7378291,-0.368946,unrelated
S69,S299,Arlington-2019,OkrayRobacks-2019,0,1822317,3669521,7036507,7556994,-0.378026,unrelated
S69,S300,Arlington-2019,OkrayRobacks-2019,0,1827065,3482669,7036507,7420867,-0.355408,unrelated
S69,S301,Arlington-2019,OkrayRobacks-2019,0,2115384,3408696,7036507,8080920,-0.311032,unrelated
S69,S302,Arlington-2019,OkrayRobacks-2019,0,2108153,3288422,7036507,8536700,-0.286947,unrelated
S69,S304,Arlington-2019,OkrayGrosheks40-2019,0,1704339,3755229,7036507,7154938,-0.409128,unrelated
S69,S305,Arlington-2019,OkrayGrosheks40-2019,0,1974314,3561152,7036507,7779665,-0.347457,unrelated
S69,S306,Arlington-2019,OkrayGrosheks40-2019,0,2832553,2440393,7036507,11601524,-0.109895,unrelated
S69,S307,Arlington-2019,OkrayGrosheks40-2019,0,1824891,3586548,7036507,7144597,-0.377136,unrelated
S69,S308,Arlington-2019,OkrayGrosheks40-2019,0,1868840,3607194,7036507,7750273,-0.361509,unrelated
S69,S309,Arlington-2019,OkrayGrosheks40-2019,0,1744808,3600701,7036507,7235130,-0.382338,unrelated
S69,S310,Arlington-2019,OkrayGrosheks40-2019,0,1815260,3655353,7036507,7262608,-0.384321,unrelated
S69,S340,Arlington-2019,OkrayPFWiper-2019,0,1830886,3695341,7036507,7619222,-0.379360,unrelated
S69,S341,Arlington-2019,OkrayPFWiper-2019,0,1873850,3622740,7036507,7557563,-0.368069,unrelated
S69,S342,Arlington-2019,OkrayPFWiper-2019,0,1693089,3724664,7036507,7043704,-0.408818,unrelated
S69,S343,Arlington-2019,OkrayPFWiper-2019,0,1761463,3624407,7036507,7375799,-0.380741,unrelated
S69,S344,Arlington-2019,OkrayPFWiper-2019,0,1935836,3810344,7036507,7302502,-0.396461,unrelated
S69,S354,Arlington-2019,PloverBrikalskiPats-2019,0,1954563,3661700,7036507,7677084,-0.364890,unrelated
S69,S355,Arlington-2019,PloverBrikalskiPats-2019,0,1881138,3629528,7036507,7759982,-0.363459,unrelated
S69,S356,Arlington-2019,PloverBrikalskiPats-2019,0,2056496,3673475,7036507,7738582,-0.358066,unrelated
S69,S357,Arlington-2019,PloverBrikalskiPats-2019,0,1821820,3583935,7036507,7682544,-0.363206,unrelated
S69,S358,Arlington-2019,PloverBrikalskiPats-2019,0,1920347,3583948,7036507,7701638,-0.356052,unrelated
S69,S359,Arlington-2019,PloverBrikalskiPats-2019,0,2081073,3475139,7036507,7899720,-0.326000,unrelated
S69,S360,Arlington-2019,PloverBrikalskiPats-2019,0,1998392,3456476,7036507,7905479,-0.328909,unrelated
S69,S378,Arlington-2019,PloverDaveBrSE-2019,0,1939608,3496663,7036507,7709061,-0.342728,unrelated
S69,S379,Arlington-2019,PloverDaveBrSE-2019,0,1867830,3760902,7036507,7674181,-0.384345,unrelated
S69,S380,Arlington-2019,PloverDaveBrSE-2019,0,1906581,3668003,7036507,7619782,-0.370450,unrelated
S69,S381,Arlington-2019,PloverDaveBrSE-2019,0,1899479,3847673,7036507,7357228,-0.402666,unrelated
S69,S382,Arlington-2019,PloverDaveBrSE-2019,0,1802739,3587882,7036507,7450016,-0.370898,unrelated
S69,S383,Arlington-2019,PloverDaveBrSE-2019,0,1961476,3620446,7036507,8100805,-0.348768,unrelated
S69,S384,Arlington-2019,PloverDaveBrSE-2019,0,1959930,3492236,7036507,8223535,-0.329261,unrelated
S69,S402,Arlington-2019,Wysocki1129-2019,0,1886149,3701148,7036507,7525165,-0.378813,unrelated
S69,S403,Arlington-2019,Wysocki1129-2019,0,1861959,3761242,7036507,7520277,-0.388858,unrelated
S69,S404,Arlington-2019,Wysocki1129-2019,0,1867815,3530517,7036507,7928168,-0.347032,unrelated
S69,S405,Arlington-2019,Wysocki1129-2019,0,1860795,3578341,7036507,7761893,-0.357869,unrelated
S69,S406,Arlington-2019,Wysocki1129-2019,0,1855693,3544700,7036507,7786192,-0.353087,unrelated
S69,S407,Arlington-2019,Wysocki1129-2019,0,1840358,3689957,7036507,7717071,-0.375472,unrelated
S69,S408,Arlington-2019,Wysocki1129-2019,0,1867094,3571199,7036507,7724063,-0.357392,unrelated
S69,S426,Arlington-2019,Wysocki438-2019,0,1957314,3633694,7036507,7847102,-0.356773,unrelated
S69,S427,Arlington-2019,Wysocki438-2019,0,1872486,3633441,7036507,7598529,-0.368595,unrelated
S69,S428,Arlington-2019,Wysocki438-2019,0,1809248,3740360,7036507,7402753,-0.392781,unrelated
S69,S429,Arlington-2019,Wysocki438-2019,0,1923623,3659214,7036507,7685399,-0.366447,unrelated
S69,S430,Arlington-2019,Wysocki438-2019,0,1975348,3595371,7036507,7738169,-0.352995,unrelated
S69,S431,Arlington-2019,Wysocki438-2019,0,1820520,3621542,7036507,7367342,-0.376466,unrelated
S69,S432,Arlington-2019,Wysocki438-2019,0,1800837,3587458,7036507,7526561,-0.369021,unrelated
S69,S450,Arlington-2019,Wysocki563-2019,0,1901872,3540588,7036507,7734101,-0.350649,unrelated
S69,S451,Arlington-2019,Wysocki563-2019,0,1838715,3689156,7036507,7226898,-0.388378,unrelated
S69,S452,Arlington-2019,Wysocki563-2019,0,1997299,3558954,7036507,7917168,-0.342431,unrelated
S69,S453,Arlington-2019,Wysocki563-2019,0,1901614,3688107,7036507,7210686,-0.384258,unrelated
S69,S454,Arlington-2019,Wysocki563-2019,0,1818459,3468394,7036507,7408884,-0.354323,unrelated
S69,S455,Arlington-2019,Wysocki563-2019,0,1766236,3593103,7036507,7450078,-0.374137,unrelated
S69,S456,Arlington-2019,Wysocki563-2019,0,1881207,3721304,7036507,7202383,-0.390578,unrelated
S69,S458,Arlington-2019,Wysocki570-2019,0,1779197,3672074,7036507,7453203,-0.384062,unrelated
S69,S459,Arlington-2019,Wysocki570-2019,0,1992193,3565013,7036507,7810498,-0.346052,unrelated
S69,S460,Arlington-2019,Wysocki570-2019,0,1778597,3493361,7036507,7316303,-0.362864,unrelated
S69,S461,Arlington-2019,Wysocki570-2019,0,1812117,3608620,7036507,7396301,-0.374503,unrelated
S69,S462,Arlington-2019,Wysocki570-2019,0,1812433,3526266,7036507,7560523,-0.358984,unrelated
S69,S463,Arlington-2019,Wysocki570-2019,0,1870409,3549886,7036507,7366427,-0.363076,unrelated
S69,S464,Arlington-2019,Wysocki570-2019,0,1787208,3552008,7036507,7360662,-0.369295,unrelated
S70,S71,Arlington-2019,Arlington-2019,1,1997415,3248123,7500795,7545169,-0.299006,unrelated
S70,S72,Arlington-2019,Arlington-2019,1,2094112,3272577,7500795,8036250,-0.286479,unrelated
S70,S93,Arlington-2019,ColomaBonus4-2019,0,1854207,3510764,7500795,6925377,-0.358191,unrelated
S70,S94,Arlington-2019,ColomaBonus4-2019,0,2123478,3165785,7500795,8067681,-0.270296,unrelated
S70,S95,Arlington-2019,ColomaBonus4-2019,0,2076266,3344100,7500795,7706268,-0.303276,unrelated
S70,S96,Arlington-2019,ColomaBonus4-2019,0,2129125,3268586,7500795,7988131,-0.284593,unrelated
S70,S97,Arlington-2019,ColomaBonus4-2019,0,1882846,3447174,7500795,7124061,-0.342670,unrelated
S70,S98,Arlington-2019,ColomaBonus4-2019,0,1934654,3434499,7500795,7184607,-0.336003,unrelated
S70,S99,Arlington-2019,ColomaBonus4-2019,0,1892014,3434294,7500795,7162781,-0.339383,unrelated
S70,S101,Arlington-2019,ColomaBonus-2019,0,1954076,3425116,7500795,7446230,-0.327567,unrelated
S70,S102,Arlington-2019,ColomaBonus-2019,0,1887729,3503250,7500795,7157304,-0.349211,unrelated
S70,S103,Arlington-2019,ColomaBonus-2019,0,2149585,3261692,7500795,7993686,-0.282281,unrelated
S70,S104,Arlington-2019,ColomaBonus-2019,0,2214910,3136414,7500795,8432743,-0.254678,unrelated
S70,S105,Arlington-2019,ColomaBonus-2019,0,2063015,3367716,7500795,7922986,-0.302936,unrelated
S70,S106,Arlington-2019,ColomaBonus-2019,0,1979779,3345305,7500795,7305326,-0.318168,unrelated
S70,S107,Arlington-2019,ColomaBonus-2019,0,2072025,3293428,7500795,7641841,-0.298154,unrelated
S70,S125,Arlington-2019,ColomaLyons-2019,0,2128123,3224205,7500795,8018900,-0.278374,unrelated
S70,S126,Arlington-2019,ColomaLyons-2019,0,2104103,3230456,7500795,7690253,-0.286801,unrelated
S70,S127,Arlington-2019,ColomaLyons-2019,0,1989168,3360142,7500795,7481050,-0.315790,unrelated
S70,S128,Arlington-2019,ColomaLyons-2019,0,2087415,3480706,7500795,7740149,-0.319796,unrelated
S70,S129,Arlington-2019,ColomaLyons-2019,0,2070923,3293248,7500795,7617129,-0.298690,unrelated
S70,S130,Arlington-2019,ColomaLyons-2019,0,2003247,3362511,7500795,7474077,-0.315313,unrelated
S70,S131,Arlington-2019,ColomaLyons-2019,0,1968355,3384625,7500795,7362681,-0.322999,unrelated
S70,S139,Arlington-2019,XMASBig-2019,0,2033688,3168393,7500795,7410585,-0.288578,unrelated
S70,S140,Arlington-2019,XMASBig-2019,0,2095225,3318954,7500795,7814276,-0.296615,unrelated
S70,S141,Arlington-2019,XMASBig-2019,0,2045218,3323286,7500795,7717407,-0.302359,unrelated
S70,S142,Arlington-2019,XMASBig-2019,0,2044911,3339966,7500795,7766337,-0.303595,unrelated
S70,S143,Arlington-2019,XMASBig-2019,0,1934216,3441119,7500795,7252463,-0.335385,unrelated
S70,S159,Arlington-2019,OkrayGarrisonNE-2019,0,1942374,3307436,7500795,7368400,-0.314240,unrelated
S70,S160,Arlington-2019,OkrayGarrisonNE-2019,0,1921370,3487512,7500795,7290941,-0.341654,unrelated
S70,S161,Arlington-2019,OkrayGarrisonNE-2019,0,1963807,3379936,7500795,7377502,-0.322353,unrelated
S70,S162,Arlington-2019,OkrayGarrisonNE-2019,0,2079041,3291752,7500795,7785671,-0.294670,unrelated
S70,S163,Arlington-2019,OkrayGarrisonNE-2019,0,2047436,3396226,7500795,7709788,-0.311955,unrelated
S70,S164,Arlington-2019,OkrayGarrisonNE-2019,0,2074730,3366404,7500795,7689846,-0.306641,unrelated
S70,S165,Arlington-2019,OkrayGarrisonNE-2019,0,2026203,3414721,7500795,7611186,-0.317843,unrelated
S70,S296,Arlington-2019,OkrayRobacks-2019,0,2061207,3273098,7500795,7691850,-0.295208,unrelated
S70,S297,Arlington-2019,OkrayRobacks-2019,0,2043838,3485671,7500795,7677694,-0.324637,unrelated
S70,S298,Arlington-2019,OkrayRobacks-2019,0,1960235,3365081,7500795,7378291,-0.320579,unrelated
S70,S299,Arlington-2019,OkrayRobacks-2019,0,2058419,3247302,7500795,7556994,-0.294611,unrelated
S70,S300,Arlington-2019,OkrayRobacks-2019,0,1982108,3314559,7500795,7420867,-0.311427,unrelated
S70,S301,Arlington-2019,OkrayRobacks-2019,0,2106147,3271786,7500795,8080920,-0.284784,unrelated
S70,S302,Arlington-2019,OkrayRobacks-2019,0,2274772,2984864,7500795,8536700,-0.230395,unrelated
S70,S304,Arlington-2019,OkrayGrosheks40-2019,0,1943966,3291033,7500795,7154938,-0.316470,unrelated
S70,S305,Arlington-2019,OkrayGrosheks40-2019,0,2081656,3220548,7500795,7779665,-0.285295,unrelated
S70,S306,Arlington-2019,OkrayGrosheks40-2019,0,3080758,2213599,7500795,11601524,-0.070486,unrelated
S70,S307,Arlington-2019,OkrayGrosheks40-2019,0,1897452,3350848,7500795,7144597,-0.328038,unrelated
S70,S308,Arlington-2019,OkrayGrosheks40-2019,0,2128795,3179545,7500795,7750273,-0.277377,unrelated
S70,S309,Arlington-2019,OkrayGrosheks40-2019,0,1960828,3290285,7500795,7235130,-0.313502,unrelated
S70,S310,Arlington-2019,OkrayGrosheks40-2019,0,1966781,3296598,7500795,7262608,-0.313371,unrelated
S70,S340,Arlington-2019,OkrayPFWiper-2019,0,2030569,3386717,7500795,7619222,-0.313681,unrelated
S70,S341,Arlington-2019,OkrayPFWiper-2019,0,1935346,3538977,7500795,7557563,-0.341512,unrelated
S70,S342,Arlington-2019,OkrayPFWiper-2019,0,1926578,3400948,7500795,7043704,-0.335200,unrelated
S70,S343,Arlington-2019,OkrayPFWiper-2019,0,1937265,3453151,7500795,7375799,-0.334017,unrelated
S70,S344,Arlington-2019,OkrayPFWiper-2019,0,1883942,3560974,7500795,7302502,-0.353840,unrelated
S70,S354,Arlington-2019,PloverBrikalskiPats-2019,0,2008209,3351510,7500795,7677084,-0.309319,unrelated
S70,S355,Arlington-2019,PloverBrikalskiPats-2019,0,2074264,3298386,7500795,7759982,-0.296348,unrelated
S70,S356,Arlington-2019,PloverBrikalskiPats-2019,0,1984462,3413524,7500795,7738582,-0.317768,unrelated
S70,S357,Arlington-2019,PloverBrikalskiPats-2019,0,2120159,3265221,7500795,7682544,-0.290469,unrelated
S70,S358,Arlington-2019,PloverBrikalskiPats-2019,0,2096917,3289778,7500795,7701638,-0.294863,unrelated
S70,S359,Arlington-2019,PloverBrikalskiPats-2019,0,2086692,3354804,7500795,7899720,-0.300179,unrelated
S70,S360,Arlington-2019,PloverBrikalskiPats-2019,0,2075339,3296549,7500795,7905479,-0.293242,unrelated
S70,S378,Arlington-2019,PloverDaveBrSE-2019,0,2017702,3355705,7500795,7709061,-0.308596,unrelated
S70,S379,Arlington-2019,PloverDaveBrSE-2019,0,2041552,3369860,7500795,7674181,-0.309600,unrelated
S70,S380,Arlington-2019,PloverDaveBrSE-2019,0,1993439,3384797,7500795,7619782,-0.315871,unrelated
S70,S381,Arlington-2019,PloverDaveBrSE-2019,0,1909698,3504133,7500795,7357228,-0.343153,unrelated
S70,S382,Arlington-2019,PloverDaveBrSE-2019,0,1994494,3288482,7500795,7450016,-0.306503,unrelated
S70,S383,Arlington-2019,PloverDaveBrSE-2019,0,2131295,3250918,7500795,8100805,-0.280134,unrelated
S70,S384,Arlington-2019,PloverDaveBrSE-2019,0,2205658,3192100,7500795,8223535,-0.265737,unrelated
S70,S402,Arlington-2019,Wysocki1129-2019,0,1986391,3383365,7500795,7525165,-0.318139,unrelated
S70,S403,Arlington-2019,Wysocki1129-2019,0,2032262,3322359,7500795,7520277,-0.307066,unrelated
S70,S404,Arlington-2019,Wysocki1129-2019,0,2171984,3210594,7500795,7928168,-0.275404,unrelated
S70,S405,Arlington-2019,Wysocki1129-2019,0,2093906,3262723,7500795,7761893,-0.290351,unrelated
S70,S406,Arlington-2019,Wysocki1129-2019,0,2112759,3276272,7500795,7786192,-0.290429,unrelated
S70,S407,Arlington-2019,Wysocki1129-2019,0,2074655,3289762,7500795,7717071,-0.296025,unrelated
S70,S408,Arlington-2019,Wysocki1129-2019,0,2066167,3352844,7500795,7724063,-0.304733,unrelated
S70,S426,Arlington-2019,Wysocki438-2019,0,2042471,3393391,7500795,7847102,-0.309118,unrelated
S70,S427,Arlington-2019,Wysocki438-2019,0,2030783,3328194,7500795,7598529,-0.306345,unrelated
S70,S428,Arlington-2019,Wysocki438-2019,0,1966965,3593680,7500795,7402753,-0.350279,unrelated
S70,S429,Arlington-2019,Wysocki438-2019,0,2001296,3334125,7500795,7685399,-0.307316,unrelated
S70,S430,Arlington-2019,Wysocki438-2019,0,2026970,3320830,7500795,7738169,-0.302822,unrelated
S70,S431,Arlington-2019,Wysocki438-2019,0,1950219,3384833,7500795,7367342,-0.324146,unrelated
S70,S432,Arlington-2019,Wysocki438-2019,0,1987542,3323363,7500795,7526561,-0.310047,unrelated
S70,S450,Arlington-2019,Wysocki563-2019,0,2072038,3468832,7500795,7734101,-0.319374,unrelated
S70,S451,Arlington-2019,Wysocki563-2019,0,1930998,3381198,7500795,7226898,-0.328049,unrelated
S70,S452,Arlington-2019,Wysocki563-2019,0,2101991,3303956,7500795,7917168,-0.292251,unrelated
S70,S453,Arlington-2019,Wysocki563-2019,0,1905267,3543900,7500795,7210686,-0.352278,unrelated
S70,S454,Arlington-2019,Wysocki563-2019,0,2036447,3281643,7500795,7408884,-0.303617,unrelated
S70,S455,Arlington-2019,Wysocki563-2019,0,2021013,3218931,7500795,7450078,-0.295424,unrelated
S70,S456,Arlington-2019,Wysocki563-2019,0,1909421,3530288,7500795,7202383,-0.350343,unrelated
S70,S458,Arlington-2019,Wysocki570-2019,0,1987760,3288248,7500795,7453203,-0.306857,unrelated
S70,S459,Arlington-2019,Wysocki570-2019,0,2087810,3191009,7500795,7810498,-0.280460,unrelated
S70,S460,Arlington-2019,Wysocki570-2019,0,1998293,3276110,7500795,7316303,-0.307343,unrelated
S70,S461,Arlington-2019,Wysocki570-2019,0,2028902,3318200,7500795,7396301,-0.309288,unrelated
S70,S462,Arlington-2019,Wysocki570-2019,0,2065708,3236005,7500795,7560523,-0.292558,unrelated
S70,S463,Arlington-2019,Wysocki570-2019,0,1976017,3402525,7500795,7366427,-0.324811,unrelated
S70,S464,Arlington-2019,Wysocki570-2019,0,1979893,3603195,7500795,7360662,-0.351681,unrelated
S71,S72,Arlington-2019,Arlington-2019,1,2212297,3236092,7545169,8036250,-0.273395,unrelated
S71,S93,Arlington-2019,ColomaBonus4-2019,0,1797319,3635417,7545169,6925377,-0.378252,unrelated
S71,S94,Arlington-2019,ColomaBonus4-2019,0,2241855,3189326,7545169,8067681,-0.264961,unrelated
S71,S95,Arlington-2019,ColomaBonus4-2019,0,2033731,3308754,7545169,7706268,-0.300547,unrelated
S71,S96,Arlington-2019,ColomaBonus4-2019,0,2052118,3272278,7545169,7988131,-0.289213,unrelated
S71,S97,Arlington-2019,ColomaBonus4-2019,0,1819228,3620756,7545169,7124061,-0.369637,unrelated
S71,S98,Arlington-2019,ColomaBonus4-2019,0,1872234,3494264,7545169,7184607,-0.347344,unrelated
S71,S99,Arlington-2019,ColomaBonus4-2019,0,1880203,3436551,7545169,7162781,-0.339469,unrelated
S71,S101,Arlington-2019,ColomaBonus-2019,0,1997201,3508915,7545169,7446230,-0.334901,unrelated
S71,S102,Arlington-2019,ColomaBonus-2019,0,1871499,3484921,7545169,7157304,-0.346768,unrelated
S71,S103,Arlington-2019,ColomaBonus-2019,0,2203496,3351822,7545169,7993686,-0.289606,unrelated
S71,S104,Arlington-2019,ColomaBonus-2019,0,2174260,3161744,7545169,8432743,-0.259685,unrelated
S71,S105,Arlington-2019,ColomaBonus-2019,0,2153925,3376029,7545169,7922986,-0.297264,unrelated
S71,S106,Arlington-2019,ColomaBonus-2019,0,1921760,3439181,7545169,7305326,-0.333767,unrelated
S71,S107,Arlington-2019,ColomaBonus-2019,0,1991931,3310751,7545169,7641841,-0.304838,unrelated
S71,S125,Arlington-2019,ColomaLyons-2019,0,2217523,3238048,7545169,8018900,-0.273616,unrelated
S71,S126,Arlington-2019,ColomaLyons-2019,0,1994739,3377055,7545169,7690253,-0.312389,unrelated
S71,S127,Arlington-2019,ColomaLyons-2019,0,1912216,3470342,7545169,7481050,-0.334646,unrelated
S71,S128,Arlington-2019,ColomaLyons-2019,0,2023027,3385205,7545169,7740149,-0.310585,unrelated
S71,S129,Arlington-2019,ColomaLyons-2019,0,1985542,3383212,7545169,7617129,-0.315314,unrelated
S71,S130,Arlington-2019,ColomaLyons-2019,0,1885135,3487360,7545169,7474077,-0.338871,unrelated
S71,S131,Arlington-2019,ColomaLyons-2019,0,1886404,3445068,7545169,7362681,-0.335644,unrelated
S71,S139,Arlington-2019,XMASBig-2019,0,1977567,3354245,7545169,7410585,-0.316328,unrelated
S71,S140,Arlington-2019,XMASBig-2019,0,2026412,3378747,7545169,7814276,-0.308024,unrelated
S71,S141,Arlington-2019,XMASBig-2019,0,1965770,3504424,7545169,7717407,-0.330421,unrelated
S71,S142,Arlington-2019,XMASBig-2019,0,1984784,3385112,7545169,7766337,-0.312539,unrelated
S71,S143,Arlington-2019,XMASBig-2019,0,1985550,3252713,7545169,7252463,-0.305446,unrelated
S71,S159,Arlington-2019,OkrayGarrisonNE-2019,0,1902925,3442635,7545169,7368400,-0.334081,unrelated
S71,S160,Arlington-2019,OkrayGarrisonNE-2019,0,1878442,3505075,7545169,7290941,-0.345893,unrelated
S71,S161,Arlington-2019,OkrayGarrisonNE-2019,0,1971206,3346306,7545169,7377502,-0.316391,unrelated
S71,S162,Arlington-2019,OkrayGarrisonNE-2019,0,1995682,3387192,7545169,7785671,-0.311705,unrelated
S71,S163,Arlington-2019,OkrayGarrisonNE-2019,0,2023528,3360985,7545169,7709788,-0.307994,unrelated
S71,S164,Arlington-2019,OkrayGarrisonNE-2019,0,1996380,3334939,7545169,7689846,-0.306760,unrelated
S71,S165,Arlington-2019,OkrayGarrisonNE-2019,0,1957930,3507095,7545169,7611186,-0.333607,unrelated
S71,S296,Arlington-2019,OkrayRobacks-2019,0,2071779,3388710,7545169,7691850,-0.308830,unrelated
S71,S297,Arlington-2019,OkrayRobacks-2019,0,2018228,3352517,7545169,7677694,-0.307879,unrelated
S71,S298,Arlington-2019,OkrayRobacks-2019,0,1937968,3423979,7545169,7378291,-0.329012,unrelated
S71,S299,Arlington-2019,OkrayRobacks-2019,0,2000401,3392313,7545169,7556994,-0.316791,unrelated
S71,S300,Arlington-2019,OkrayRobacks-2019,0,1941315,3337175,7545169,7420867,-0.316252,unrelated
S71,S301,Arlington-2019,OkrayRobacks-2019,0,2239053,3247070,7545169,8080920,-0.272307,unrelated
S71,S302,Arlington-2019,OkrayRobacks-2019,0,2259971,2954089,7545169,8536700,-0.226852,unrelated
S71,S304,Arlington-2019,OkrayGrosheks40-2019,0,1919873,3500098,7545169,7154938,-0.345598,unrelated
S71,S305,Arlington-2019,OkrayGrosheks40-2019,0,2031688,3255556,7545169,7779665,-0.292298,unrelated
S71,S306,Arlington-2019,OkrayGrosheks40-2019,0,3008481,2252274,7545169,11601524,-0.078137,unrelated
S71,S307,Arlington-2019,OkrayGrosheks40-2019,0,1891519,3294158,7545169,7144597,-0.319733,unrelated
S71,S308,Arlington-2019,OkrayGrosheks40-2019,0,2135898,3205467,7545169,7750273,-0.279497,unrelated
S71,S309,Arlington-2019,OkrayGrosheks40-2019,0,1940288,3310429,7545169,7235130,-0.316676,unrelated
S71,S310,Arlington-2019,OkrayGrosheks40-2019,0,1901523,3361877,7545169,7262608,-0.325655,unrelated
S71,S340,Arlington-2019,OkrayPFWiper-2019,0,1956875,3429788,7545169,7619222,-0.323304,unrelated
S71,S341,Arlington-2019,OkrayPFWiper-2019,0,2024501,3447341,7545169,7557563,-0.322470,unrelated
S71,S342,Arlington-2019,OkrayPFWiper-2019,0,1815289,3432161,7545169,7043704,-0.346088,unrelated
S71,S343,Arlington-2019,OkrayPFWiper-2019,0,1942090,3403514,7545169,7375799,-0.326047,unrelated
S71,S344,Arlington-2019,OkrayPFWiper-2019,0,1977572,3511731,7545169,7302502,-0.339844,unrelated
S71,S354,Arlington-2019,PloverBrikalskiPats-2019,0,2125844,3423945,7545169,7677084,-0.310207,unrelated
S71,S355,Arlington-2019,PloverBrikalskiPats-2019,0,2021478,3420653,7545169,7759982,-0.314915,unrelated
S71,S356,Arlington-2019,PloverBrikalskiPats-2019,0,2119705,3516427,7545169,7738582,-0.321462,unrelated
S71,S357,Arlington-2019,PloverBrikalskiPats-2019,0,2014501,3326144,7545169,7682544,-0.304562,unrelated
S71,S358,Arlington-2019,PloverBrikalskiPats-2019,0,1974026,3443434,7545169,7701638,-0.322221,unrelated
S71,S359,Arlington-2019,PloverBrikalskiPats-2019,0,2156838,3285113,7545169,7899720,-0.285751,unrelated
S71,S360,Arlington-2019,PloverBrikalskiPats-2019,0,2192715,3204958,7545169,7905479,-0.272947,unrelated
S71,S378,Arlington-2019,PloverDaveBrSE-2019,0,2070686,3350113,7545169,7709061,-0.303492,unrelated
S71,S379,Arlington-2019,PloverDaveBrSE-2019,0,1964175,3425827,7545169,7674181,-0.321136,unrelated
S71,S380,Arlington-2019,PloverDaveBrSE-2019,0,1981174,3384437,7545169,7619782,-0.315708,unrelated
S71,S381,Arlington-2019,PloverDaveBrSE-2019,0,1991435,3454662,7545169,7357228,-0.330007,unrelated
S71,S382,Arlington-2019,PloverDaveBrSE-2019,0,1957599,3391493,7545169,7450016,-0.321796,unrelated
S71,S383,Arlington-2019,PloverDaveBrSE-2019,0,2131215,3301898,7545169,8100805,-0.285861,unrelated
S71,S384,Arlington-2019,PloverDaveBrSE-2019,0,2098910,3314499,7545169,8223535,-0.287283,unrelated
S71,S402,Arlington-2019,Wysocki1129-2019,0,1942026,3463106,7545169,7525165,-0.330728,unrelated
S71,S403,Arlington-2019,Wysocki1129-2019,0,1937063,3455848,7545169,7520277,-0.330202,unrelated
S71,S404,Arlington-2019,Wysocki1129-2019,0,2062602,3255112,7545169,7928168,-0.287438,unrelated
S71,S405,Arlington-2019,Wysocki1129-2019,0,2110753,3241725,7545169,7761893,-0.285665,unrelated
S71,S406,Arlington-2019,Wysocki1129-2019,0,2020974,3330303,7545169,7786192,-0.302624,unrelated
S71,S407,Arlington-2019,Wysocki1129-2019,0,2026487,3269602,7545169,7717071,-0.295679,unrelated
S71,S408,Arlington-2019,Wysocki1129-2019,0,1999657,3368635,7545169,7724063,-0.310272,unrelated
S71,S426,Arlington-2019,Wysocki438-2019,0,2167300,3367284,7545169,7847102,-0.296725,unrelated
S71,S427,Arlington-2019,Wysocki438-2019,0,2037489,3316267,7545169,7598529,-0.303430,unrelated
S71,S428,Arlington-2019,Wysocki438-2019,0,1995576,3406538,7545169,7402753,-0.322286,unrelated
S71,S429,Arlington-2019,Wysocki438-2019,0,2066986,3414332,7545169,7685399,-0.312640,unrelated
S71,S430,Arlington-2019,Wysocki438-2019,0,2145175,3263832,7545169,7738169,-0.286749,unrelated
S71,S431,Arlington-2019,Wysocki438-2019,0,1947408,3333138,7545169,7367342,-0.316437,unrelated
S71,S432,Arlington-2019,Wysocki438-2019,0,1998751,3329995,7545169,7526561,-0.309270,unrelated
S71,S450,Arlington-2019,Wysocki563-2019,0,2076526,3278747,7545169,7734101,-0.293271,unrelated
S71,S451,Arlington-2019,Wysocki563-2019,0,1922037,3384589,7545169,7226898,-0.328129,unrelated
S71,S452,Arlington-2019,Wysocki563-2019,0,2149815,3247982,7545169,7917168,-0.281080,unrelated
S71,S453,Arlington-2019,Wysocki563-2019,0,1974182,3352412,7545169,7210686,-0.320594,unrelated
S71,S454,Arlington-2019,Wysocki563-2019,0,1981194,3236357,7545169,7408884,-0.300355,unrelated
S71,S455,Arlington-2019,Wysocki563-2019,0,1984396,3246423,7545169,7450078,-0.300659,unrelated
S71,S456,Arlington-2019,Wysocki563-2019,0,1941037,3383047,7545169,7202383,-0.327177,unrelated
S71,S458,Arlington-2019,Wysocki570-2019,0,1987552,3406865,7545169,7453203,-0.321780,unrelated
S71,S459,Arlington-2019,Wysocki570-2019,0,2180158,3156913,7545169,7810498,-0.269195,unrelated
S71,S460,Arlington-2019,Wysocki570-2019,0,1930834,3347891,7545169,7316303,-0.320624,unrelated
S71,S461,Arlington-2019,Wysocki570-2019,0,1972651,3305529,7545169,7396301,-0.310438,unrelated
S71,S462,Arlington-2019,Wysocki570-2019,0,1964180,3353711,7545169,7560523,-0.314004,unrelated
S71,S463,Arlington-2019,Wysocki570-2019,0,2023531,3369574,7545169,7366427,-0.316238,unrelated
S71,S464,Arlington-2019,Wysocki570-2019,0,2033998,3272860,7545169,7360662,-0.302682,unrelated
S72,S93,Arlington-2019,ColomaBonus4-2019,0,1879123,3577201,8036250,6925377,-0.352587,unrelated
S72,S94,Arlington-2019,ColomaBonus4-2019,0,2369226,3253434,8036250,8067681,-0.256934,unrelated
S72,S95,Arlington-2019,ColomaBonus4-2019,0,2112729,3367431,8036250,7706268,-0.293608,unrelated
S72,S96,Arlington-2019,ColomaBonus4-2019,0,2250405,3215856,8036250,7988131,-0.260934,unrelated
S72,S97,Arlington-2019,ColomaBonus4-2019,0,1980450,3517964,8036250,7124061,-0.333468,unrelated
S72,S98,Arlington-2019,ColomaBonus4-2019,0,1952735,3483192,8036250,7184607,-0.329393,unrelated
S72,S99,Arlington-2019,ColomaBonus4-2019,0,1998675,3390393,8036250,7162781,-0.314633,unrelated
S72,S101,Arlington-2019,ColomaBonus-2019,0,2126265,3423018,8036250,7446230,-0.304846,unrelated
S72,S102,Arlington-2019,ColomaBonus-2019,0,1980694,3505854,8036250,7157304,-0.331128,unrelated
S72,S103,Arlington-2019,ColomaBonus-2019,0,2316258,3369270,8036250,7993686,-0.275876,unrelated
S72,S104,Arlington-2019,ColomaBonus-2019,0,2322630,3129011,8036250,8432743,-0.238958,unrelated
S72,S105,Arlington-2019,ColomaBonus-2019,0,2304738,3277820,8036250,7922986,-0.266360,unrelated
S72,S106,Arlington-2019,ColomaBonus-2019,0,2051572,3358779,8036250,7305326,-0.304140,unrelated
S72,S107,Arlington-2019,ColomaBonus-2019,0,2091288,3320383,8036250,7641841,-0.290181,unrelated
S72,S125,Arlington-2019,ColomaLyons-2019,0,2384528,3192432,8036250,8018900,-0.249162,unrelated
S72,S126,Arlington-2019,ColomaLyons-2019,0,2169389,3252518,8036250,7690253,-0.275690,unrelated
S72,S127,Arlington-2019,ColomaLyons-2019,0,2082425,3300126,8036250,7481050,-0.291148,unrelated
S72,S128,Arlington-2019,ColomaLyons-2019,0,2177718,3378860,8036250,7740149,-0.290307,unrelated
S72,S129,Arlington-2019,ColomaLyons-2019,0,2122949,3398063,8036250,7617129,-0.298541,unrelated
S72,S130,Arlington-2019,ColomaLyons-2019,0,2051554,3439812,8036250,7474077,-0.311281,unrelated
S72,S131,Arlington-2019,ColomaLyons-2019,0,2029560,3443010,8036250,7362681,-0.315376,unrelated
S72,S139,Arlington-2019,XMASBig-2019,0,2092621,3351905,8036250,7410585,-0.298520,unrelated
S72,S140,Arlington-2019,XMASBig-2019,0,2158710,3292383,8036250,7814276,-0.279237,unrelated
S72,S141,Arlington-2019,XMASBig-2019,0,2164778,3340392,8036250,7717407,-0.286664,unrelated
S72,S142,Arlington-2019,XMASBig-2019,0,2165540,3283378,8036250,7766337,-0.278512,unrelated
S72,S143,Arlington-2019,XMASBig-2019,0,2084990,3234509,8036250,7252463,-0.286749,unrelated
S72,S159,Arlington-2019,OkrayGarrisonNE-2019,0,2057379,3447646,8036250,7368400,-0.314055,unrelated
S72,S160,Arlington-2019,OkrayGarrisonNE-2019,0,1987345,3491013,8036250,7290941,-0.325871,unrelated
S72,S161,Arlington-2019,OkrayGarrisonNE-2019,0,2082817,3332764,8036250,7377502,-0.297313,unrelated
S72,S162,Arlington-2019,OkrayGarrisonNE-2019,0,2169752,3255868,8036250,7785671,-0.274428,unrelated
S72,S163,Arlington-2019,OkrayGarrisonNE-2019,0,2120527,3356356,8036250,7709788,-0.291641,unrelated
S72,S164,Arlington-2019,OkrayGarrisonNE-2019,0,2108179,3371344,8036250,7689846,-0.294702,unrelated
S72,S165,Arlington-2019,OkrayGarrisonNE-2019,0,2093030,3403334,8036250,7611186,-0.301240,unrelated
S72,S296,Arlington-2019,OkrayRobacks-2019,0,2131491,3327103,8036250,7691850,-0.287556,unrelated
S72,S297,Arlington-2019,OkrayRobacks-2019,0,2172029,3279206,8036250,7677694,-0.279140,unrelated
S72,S298,Arlington-2019,OkrayRobacks-2019,0,2052265,3300782,8036250,7378291,-0.295130,unrelated
S72,S299,Arlington-2019,OkrayRobacks-2019,0,2191522,3292049,8036250,7556994,-0.281697,unrelated
S72,S300,Arlington-2019,OkrayRobacks-2019,0,2064932,3290308,8036250,7420867,-0.292143,unrelated
S72,S301,Arlington-2019,OkrayRobacks-2019,0,2411965,3158935,8036250,8080920,-0.242344,unrelated
S72,S302,Arlington-2019,OkrayRobacks-2019,0,2360481,3031824,8036250,8536700,-0.223446,unrelated
S72,S304,Arlington-2019,OkrayGrosheks40-2019,0,1989637,3401204,8036250,7154938,-0.316813,unrelated
S72,S305,Arlington-2019,OkrayGrosheks40-2019,0,2193363,3208612,8036250,7779665,-0.267064,unrelated
S72,S306,Arlington-2019,OkrayGrosheks40-2019,0,3195656,2199930,8036250,11601524,-0.061321,unrelated
S72,S307,Arlington-2019,OkrayGrosheks40-2019,0,1992918,3319131,8036250,7144597,-0.306000,unrelated
S72,S308,Arlington-2019,OkrayGrosheks40-2019,0,2135509,3315449,8036250,7750273,-0.284761,unrelated
S72,S309,Arlington-2019,OkrayGrosheks40-2019,0,2029777,3275779,8036250,7235130,-0.296095,unrelated
S72,S310,Arlington-2019,OkrayGrosheks40-2019,0,2000343,3327967,8036250,7262608,-0.304310,unrelated
S72,S340,Arlington-2019,OkrayPFWiper-2019,0,2100928,3353382,8036250,7619222,-0.294200,unrelated
S72,S341,Arlington-2019,OkrayPFWiper-2019,0,2195581,3344988,8036250,7557563,-0.288217,unrelated
S72,S342,Arlington-2019,OkrayPFWiper-2019,0,1942490,3400802,8036250,7043704,-0.322223,unrelated
S72,S343,Arlington-2019,OkrayPFWiper-2019,0,2036370,3385727,8036250,7375799,-0.307233,unrelated
S72,S344,Arlington-2019,OkrayPFWiper-2019,0,2129528,3495849,8036250,7302502,-0.316986,unrelated
S72,S354,Arlington-2019,PloverBrikalskiPats-2019,0,2296170,3362524,8036250,7677084,-0.281855,unrelated
S72,S355,Arlington-2019,PloverBrikalskiPats-2019,0,2169646,3381641,8036250,7759982,-0.290806,unrelated
S72,S356,Arlington-2019,PloverBrikalskiPats-2019,0,2259656,3408013,8036250,7738582,-0.288838,unrelated
S72,S357,Arlington-2019,PloverBrikalskiPats-2019,0,2162630,3284110,8036250,7682544,-0.280275,unrelated
S72,S358,Arlington-2019,PloverBrikalskiPats-2019,0,2130447,3397094,8036250,7701638,-0.296338,unrelated
S72,S359,Arlington-2019,PloverBrikalskiPats-2019,0,2306657,3293711,8036250,7899720,-0.268623,unrelated
S72,S360,Arlington-2019,PloverBrikalskiPats-2019,0,2313246,3208705,8036250,7905479,-0.257448,unrelated
S72,S378,Arlington-2019,PloverDaveBrSE-2019,0,2199502,3334238,8036250,7709061,-0.283829,unrelated
S72,S379,Arlington-2019,PloverDaveBrSE-2019,0,2122346,3343705,8036250,7674181,-0.290575,unrelated
S72,S380,Arlington-2019,PloverDaveBrSE-2019,0,2077668,3352537,8036250,7619782,-0.295567,unrelated
S72,S381,Arlington-2019,PloverDaveBrSE-2019,0,2120305,3416669,8036250,7357228,-0.306171,unrelated
S72,S382,Arlington-2019,PloverDaveBrSE-2019,0,2103857,3271958,8036250,7450016,-0.286709,unrelated
S72,S383,Arlington-2019,PloverDaveBrSE-2019,0,2338616,3159781,8036250,8100805,-0.246696,unrelated
S72,S384,Arlington-2019,PloverDaveBrSE-2019,0,2309143,3205633,8036250,8223535,-0.252286,unrelated
S72,S402,Arlington-2019,Wysocki1129-2019,0,2080272,3410720,8036250,7525165,-0.304675,unrelated
S72,S403,Arlington-2019,Wysocki1129-2019,0,2064920,3332588,8036250,7520277,-0.295712,unrelated
S72,S404,Arlington-2019,Wysocki1129-2019,0,2252514,3263890,8036250,7928168,-0.267800,unrelated
S72,S405,Arlington-2019,Wysocki1129-2019,0,2131352,3299571,8036250,7761893,-0.282805,unrelated
S72,S406,Arlington-2019,Wysocki1129-2019,0,2204506,3239726,8036250,7786192,-0.270182,unrelated
S72,S407,Arlington-2019,Wysocki1129-2019,0,2147345,3314217,8036250,7717071,-0.284454,unrelated
S72,S408,Arlington-2019,Wysocki1129-2019,0,2151417,3300455,8036250,7724063,-0.282323,unrelated
S72,S426,Arlington-2019,Wysocki438-2019,0,2271747,3281226,8036250,7847102,-0.270139,unrelated
S72,S427,Arlington-2019,Wysocki438-2019,0,2161393,3354291,8036250,7598529,-0.290838,unrelated
S72,S428,Arlington-2019,Wysocki438-2019,0,2087762,3416115,8036250,7402753,-0.307304,unrelated
S72,S429,Arlington-2019,Wysocki438-2019,0,2154103,3412190,8036250,7685399,-0.297060,unrelated
S72,S430,Arlington-2019,Wysocki438-2019,0,2282880,3248630,8036250,7738169,-0.267165,unrelated
S72,S431,Arlington-2019,Wysocki438-2019,0,2036703,3386653,8036250,7367342,-0.307500,unrelated
S72,S432,Arlington-2019,Wysocki438-2019,0,2119210,3258508,8036250,7526561,-0.282584,unrelated
S72,S450,Arlington-2019,Wysocki563-2019,0,2184444,3304615,8036250,7734101,-0.280576,unrelated
S72,S451,Arlington-2019,Wysocki563-2019,0,2032134,3348009,8036250,7226898,-0.305565,unrelated
S72,S452,Arlington-2019,Wysocki563-2019,0,2317275,3161372,8036250,7917168,-0.251073,unrelated
S72,S453,Arlington-2019,Wysocki563-2019,0,2081551,3346740,8036250,7210686,-0.302482,unrelated
S72,S454,Arlington-2019,Wysocki563-2019,0,2096457,3208745,8036250,7408884,-0.279767,unrelated
S72,S455,Arlington-2019,Wysocki563-2019,0,2071184,3281937,8036250,7450078,-0.290107,unrelated
S72,S456,Arlington-2019,Wysocki563-2019,0,2035365,3297297,8036250,7202383,-0.299189,unrelated
S72,S458,Arlington-2019,Wysocki570-2019,0,2060877,3408151,8036250,7453203,-0.307011,unrelated
S72,S459,Arlington-2019,Wysocki570-2019,0,2292851,3230309,8036250,7810498,-0.263005,unrelated
S72,S460,Arlington-2019,Wysocki570-2019,0,2052542,3298715,8036250,7316303,-0.296035,unrelated
S72,S461,Arlington-2019,Wysocki570-2019,0,2077557,3289946,8036250,7396301,-0.291743,unrelated
S72,S462,Arlington-2019,Wysocki570-2019,0,2092293,3270038,8036250,7560523,-0.285173,unrelated
S72,S463,Arlington-2019,Wysocki570-2019,0,2121840,3342857,8036250,7366427,-0.296304,unrelated
S72,S464,Arlington-2019,Wysocki570-2019,0,2067038,3280599,8036250,7360662,-0.291887,unrelated
S93,S94,ColomaBonus4-2019,ColomaBonus4-2019,1,1941246,3549486,6925377,8067681,-0.344008,unrelated
S93,S95,ColomaBonus4-2019,ColomaBonus4-2019,1,1947294,3618201,6925377,7706268,-0.361484,unrelated
S93,S96,ColomaBonus4-2019,ColomaBonus4-2019,1,1992533,3453521,6925377,7988131,-0.329534,unrelated
S93,S97,ColomaBonus4-2019,ColomaBonus4-2019,1,1747452,3712411,6925377,7124061,-0.404099,unrelated
S93,S98,ColomaBonus4-2019,ColomaBonus4-2019,1,1852967,3875523,6925377,7184607,-0.418007,unrelated
S93,S99,ColomaBonus4-2019,ColomaBonus4-2019,1,1823414,3758968,6925377,7162781,-0.404206,unrelated
S93,S101,ColomaBonus4-2019,ColomaBonus-2019,0,1883984,3835618,6925377,7446230,-0.402686,unrelated
S93,S102,ColomaBonus4-2019,ColomaBonus-2019,0,1818593,3799814,6925377,7157304,-0.410507,unrelated
S93,S103,ColomaBonus4-2019,ColomaBonus-2019,0,1918601,3521925,6925377,7993686,-0.343537,unrelated
S93,S104,ColomaBonus4-2019,ColomaBonus-2019,0,2072838,3419935,6925377,8432743,-0.310392,unrelated
S93,S105,ColomaBonus4-2019,ColomaBonus-2019,0,1883885,3719657,6925377,7922986,-0.374144,unrelated
S93,S106,ColomaBonus4-2019,ColomaBonus-2019,0,1778246,3694333,6925377,7305326,-0.394248,unrelated
S93,S107,ColomaBonus4-2019,ColomaBonus-2019,0,1879020,3587248,6925377,7641841,-0.363520,unrelated
S93,S125,ColomaBonus4-2019,ColomaLyons-2019,0,1870958,3575538,6925377,8018900,-0.353320,unrelated
S93,S126,ColomaBonus4-2019,ColomaLyons-2019,0,1880985,3647842,6925377,7690253,-0.370473,unrelated
S93,S127,ColomaBonus4-2019,ColomaLyons-2019,0,1878684,3735560,6925377,7481050,-0.388190,unrelated
S93,S128,ColomaBonus4-2019,ColomaLyons-2019,0,1916371,3806235,6925377,7740149,-0.388401,unrelated
S93,S129,ColomaBonus4-2019,ColomaLyons-2019,0,1862667,3696414,6925377,7617129,-0.380276,unrelated
S93,S130,ColomaBonus4-2019,ColomaLyons-2019,0,1920117,3848505,6925377,7474077,-0.401188,unrelated
S93,S131,ColomaBonus4-2019,ColomaLyons-2019,0,1925176,3750886,6925377,7362681,-0.390298,unrelated
S93,S139,ColomaBonus4-2019,XMASBig-2019,0,1781556,3673606,6925377,7410585,-0.388230,unrelated
S93,S140,ColomaBonus4-2019,XMASBig-2019,0,1943644,3619233,6925377,7814276,-0.359223,unrelated
S93,S141,ColomaBonus4-2019,XMASBig-2019,0,1876131,3598384,6925377,7717407,-0.363362,unrelated
S93,S142,ColomaBonus4-2019,XMASBig-2019,0,1993246,3743343,6925377,7766337,-0.373914,unrelated
S93,S143,ColomaBonus4-2019,XMASBig-2019,0,1703571,3827977,6925377,7252463,-0.419837,unrelated
S93,S159,ColomaBonus4-2019,OkrayGarrisonNE-2019,0,1827709,3853866,6925377,7368400,-0.411369,unrelated
S93,S160,ColomaBonus4-2019,OkrayGarrisonNE-2019,0,1836717,3718300,6925377,7290941,-0.393905,unrelated
S93,S161,ColomaBonus4-2019,OkrayGarrisonNE-2019,0,1812140,3735985,6925377,7377502,-0.395713,unrelated
S93,S162,ColomaBonus4-2019,OkrayGarrisonNE-2019,0,1937772,3619245,6925377,7785671,-0.360322,unrelated
S93,S163,ColomaBonus4-2019,OkrayGarrisonNE-2019,0,1902371,3656829,6925377,7709788,-0.369746,unrelated
S93,S164,ColomaBonus4-2019,OkrayGarrisonNE-2019,0,1941772,3498799,6925377,7689846,-0.345929,unrelated
S93,S165,ColomaBonus4-2019,OkrayGarrisonNE-2019,0,1878756,3710504,6925377,7611186,-0.381263,unrelated
S93,S296,ColomaBonus4-2019,OkrayRobacks-2019,0,1815410,3623666,6925377,7691850,-0.371611,unrelated
S93,S297,ColomaBonus4-2019,OkrayRobacks-2019,0,1827733,3872181,6925377,7677694,-0.405163,unrelated
S93,S298,ColomaBonus4-2019,OkrayRobacks-2019,0,1819116,3771221,6925377,7378291,-0.400130,unrelated
S93,S299,ColomaBonus4-2019,OkrayRobacks-2019,0,1815600,3571120,6925377,7556994,-0.367802,unrelated
S93,S300,ColomaBonus4-2019,OkrayRobacks-2019,0,1816200,3557501,6925377,7420867,-0.369351,unrelated
S93,S301,ColomaBonus4-2019,OkrayRobacks-2019,0,1881730,3648429,6925377,8080920,-0.360857,unrelated
S93,S302,ColomaBonus4-2019,OkrayRobacks-2019,0,2101289,3350606,6925377,8536700,-0.297497,unrelated
S93,S304,ColomaBonus4-2019,OkrayGrosheks40-2019,0,1710864,3697452,6925377,7154938,-0.403687,unrelated
S93,S305,ColomaBonus4-2019,OkrayGrosheks40-2019,0,1980959,3611975,6925377,7779665,-0.356544,unrelated
S93,S306,ColomaBonus4-2019,OkrayGrosheks40-2019,0,2768591,2522866,6925377,11601524,-0.122910,unrelated
S93,S307,ColomaBonus4-2019,OkrayGrosheks40-2019,0,1780615,3707314,6925377,7144597,-0.400428,unrelated
S93,S308,ColomaBonus4-2019,OkrayGrosheks40-2019,0,1832530,3518306,6925377,7750273,-0.354607,unrelated
S93,S309,ColomaBonus4-2019,OkrayGrosheks40-2019,0,1727795,3725354,6925377,7235130,-0.404146,unrelated
S93,S310,ColomaBonus4-2019,OkrayGrosheks40-2019,0,1849916,3768772,6925377,7262608,-0.400876,unrelated
S93,S340,ColomaBonus4-2019,OkrayPFWiper-2019,0,1914410,3687728,6925377,7619222,-0.375469,unrelated
S93,S341,ColomaBonus4-2019,OkrayPFWiper-2019,0,1823193,3689707,6925377,7557563,-0.383639,unrelated
S93,S342,ColomaBonus4-2019,OkrayPFWiper-2019,0,1745169,3794398,6925377,7043704,-0.418326,unrelated
S93,S343,ColomaBonus4-2019,OkrayPFWiper-2019,0,1792281,3789993,6925377,7375799,-0.404701,unrelated
S93,S344,ColomaBonus4-2019,OkrayPFWiper-2019,0,1830420,3912697,6925377,7302502,-0.421354,unrelated
S93,S354,ColomaBonus4-2019,PloverBrikalskiPats-2019,0,1823742,3619411,6925377,7677084,-0.370833,unrelated
S93,S355,ColomaBonus4-2019,PloverBrikalskiPats-2019,0,1921515,3513541,6925377,7759982,-0.347664,unrelated
S93,S356,ColomaBonus4-2019,PloverBrikalskiPats-2019,0,1916635,3759077,6925377,7738582,-0.381992,unrelated
S93,S357,ColomaBonus4-2019,PloverBrikalskiPats-2019,0,1871522,3616181,6925377,7682544,-0.366982,unrelated
S93,S358,ColomaBonus4-2019,PloverBrikalskiPats-2019,0,1981217,3782805,6925377,7701638,-0.381786,unrelated
S93,S359,ColomaBonus4-2019,PloverBrikalskiPats-2019,0,1932573,3740869,6925377,7899720,-0.374309,unrelated
S93,S360,ColomaBonus4-2019,PloverBrikalskiPats-2019,0,1881712,3610359,6925377,7905479,-0.359993,unrelated
S93,S378,ColomaBonus4-2019,PloverDaveBrSE-2019,0,1842188,3734923,6925377,7709061,-0.384549,unrelated
S93,S379,ColomaBonus4-2019,PloverDaveBrSE-2019,0,2002521,3556800,6925377,7674181,-0.350085,unrelated
S93,S380,ColomaBonus4-2019,PloverDaveBrSE-2019,0,1947622,3766093,6925377,7619782,-0.383947,unrelated
S93,S381,ColomaBonus4-2019,PloverDaveBrSE-2019,0,1883583,3779529,6925377,7357228,-0.397370,unrelated
S93,S382,ColomaBonus4-2019,PloverDaveBrSE-2019,0,1816398,3716594,6925377,7450016,-0.390723,unrelated
S93,S383,ColomaBonus4-2019,PloverDaveBrSE-2019,0,1973556,3508804,6925377,8100805,-0.335684,unrelated
S93,S384,ColomaBonus4-2019,PloverDaveBrSE-2019,0,2062065,3402416,6925377,8223535,-0.313076,unrelated
S93,S402,ColomaBonus4-2019,Wysocki1129-2019,0,1932218,3737795,6925377,7525165,-0.383610,unrelated
S93,S403,ColomaBonus4-2019,Wysocki1129-2019,0,1933687,3760436,6925377,7520277,-0.386773,unrelated
S93,S404,ColomaBonus4-2019,Wysocki1129-2019,0,1972445,3501748,6925377,7928168,-0.338710,unrelated
S93,S405,ColomaBonus4-2019,Wysocki1129-2019,0,1878472,3596094,6925377,7761893,-0.361791,unrelated
S93,S406,ColomaBonus4-2019,Wysocki1129-2019,0,1924081,3559879,6925377,7786192,-0.353169,unrelated
S93,S407,ColomaBonus4-2019,Wysocki1129-2019,0,1937735,3508385,6925377,7717071,-0.346871,unrelated
S93,S408,ColomaBonus4-2019,Wysocki1129-2019,0,1911770,3632242,6925377,7724063,-0.365387,unrelated
S93,S426,ColomaBonus4-2019,Wysocki438-2019,0,1944764,3594713,6925377,7847102,-0.355029,unrelated
S93,S427,ColomaBonus4-2019,Wysocki438-2019,0,1845568,3691220,6925377,7598529,-0.381225,unrelated
S93,S428,ColomaBonus4-2019,Wysocki438-2019,0,1756931,3858561,6925377,7402753,-0.415978,unrelated
S93,S429,ColomaBonus4-2019,Wysocki438-2019,0,1891159,3651295,6925377,7685399,-0.370373,unrelated
S93,S430,ColomaBonus4-2019,Wysocki438-2019,0,1872191,3498105,6925377,7738169,-0.349439,unrelated
S93,S431,ColomaBonus4-2019,Wysocki438-2019,0,1824845,3708406,6925377,7367342,-0.391246,unrelated
S93,S432,ColomaBonus4-2019,Wysocki438-2019,0,1817838,3656770,6925377,7526561,-0.380274,unrelated
S93,S450,ColomaBonus4-2019,Wysocki563-2019,0,1877108,3898558,6925377,7734101,-0.403835,unrelated
S93,S451,ColomaBonus4-2019,Wysocki563-2019,0,1808271,3818491,6925377,7226898,-0.411857,unrelated
S93,S452,ColomaBonus4-2019,Wysocki563-2019,0,1937527,3542278,6925377,7917168,-0.346775,unrelated
S93,S453,ColomaBonus4-2019,Wysocki563-2019,0,1771042,3916193,6925377,7210686,-0.428786,unrelated
S93,S454,ColomaBonus4-2019,Wysocki563-2019,0,1790274,3626724,6925377,7408884,-0.381127,unrelated
S93,S455,ColomaBonus4-2019,Wysocki563-2019,0,1807889,3521784,6925377,7450078,-0.364210,unrelated
S93,S456,ColomaBonus4-2019,Wysocki563-2019,0,1807443,3932202,6925377,7202383,-0.428728,unrelated
S93,S458,ColomaBonus4-2019,Wysocki570-2019,0,1803833,3564502,6925377,7453203,-0.370354,unrelated
S93,S459,ColomaBonus4-2019,Wysocki570-2019,0,1866953,3511458,6925377,7810498,-0.349892,unrelated
S93,S460,ColomaBonus4-2019,Wysocki570-2019,0,1773908,3668936,6925377,7316303,-0.390682,unrelated
S93,S461,ColomaBonus4-2019,Wysocki570-2019,0,1771455,3696061,6925377,7396301,-0.392459,unrelated
S93,S462,ColomaBonus4-2019,Wysocki570-2019,0,1827129,3648316,6925377,7560523,-0.377574,unrelated
S93,S463,ColomaBonus4-2019,Wysocki570-2019,0,1752722,3720186,6925377,7366427,-0.397966,unrelated
S93,S464,ColomaBonus4-2019,Wysocki570-2019,0,1768551,3880815,6925377,7360662,-0.419506,unrelated
S94,S95,ColomaBonus4-2019,ColomaBonus4-2019,1,2174547,3270950,8067681,7706268,-0.276871,unrelated
S94,S96,ColomaBonus4-2019,ColomaBonus4-2019,1,2286372,3213304,8067681,7988131,-0.257865,unrelated
S94,S97,ColomaBonus4-2019,ColomaBonus4-2019,1,1999612,3544376,8067681,7124061,-0.334994,unrelated
S94,S98,ColomaBonus4-2019,ColomaBonus4-2019,1,2031238,3424365,8067681,7184607,-0.315854,unrelated
S94,S99,ColomaBonus4-2019,ColomaBonus4-2019,1,2039400,3347884,8067681,7162781,-0.305727,unrelated
S94,S101,ColomaBonus4-2019,ColomaBonus-2019,0,2141587,3487405,8067681,7446230,-0.311541,unrelated
S94,S102,ColomaBonus4-2019,ColomaBonus-2019,0,2007160,3577045,8067681,7157304,-0.338058,unrelated
S94,S103,ColomaBonus4-2019,ColomaBonus-2019,0,2362880,3333110,8067681,7993686,-0.267931,unrelated
S94,S104,ColomaBonus4-2019,ColomaBonus-2019,0,2396653,3079082,8067681,8432743,-0.227965,unrelated
S94,S105,ColomaBonus4-2019,ColomaBonus-2019,0,2324387,3235445,8067681,7922986,-0.259308,unrelated
S94,S106,ColomaBonus4-2019,ColomaBonus-2019,0,2045930,3468907,8067681,7305326,-0.318213,unrelated
S94,S107,ColomaBonus4-2019,ColomaBonus-2019,0,2138726,3331987,8067681,7641841,-0.288058,unrelated
S94,S125,ColomaBonus4-2019,ColomaLyons-2019,0,2351514,3224898,8067681,8018900,-0.254764,unrelated
S94,S126,ColomaBonus4-2019,ColomaLyons-2019,0,2161942,3247777,8067681,7690253,-0.275011,unrelated
S94,S127,ColomaBonus4-2019,ColomaLyons-2019,0,2134977,3383197,8067681,7481050,-0.297865,unrelated
S94,S128,ColomaBonus4-2019,ColomaLyons-2019,0,2223753,3343402,8067681,7740149,-0.282332,unrelated
S94,S129,ColomaBonus4-2019,ColomaLyons-2019,0,2162445,3351996,8067681,7617129,-0.289551,unrelated
S94,S130,ColomaBonus4-2019,ColomaLyons-2019,0,2109226,3295340,8067681,7474077,-0.288349,unrelated
S94,S131,ColomaBonus4-2019,ColomaLyons-2019,0,2092676,3426477,8067681,7362681,-0.308501,unrelated
S94,S139,ColomaBonus4-2019,XMASBig-2019,0,2051795,3348258,8067681,7410585,-0.300080,unrelated
S94,S140,ColomaBonus4-2019,XMASBig-2019,0,2179844,3287441,8067681,7814276,-0.276732,unrelated
S94,S141,ColomaBonus4-2019,XMASBig-2019,0,2152060,3424037,8067681,7717407,-0.297497,unrelated
S94,S142,ColomaBonus4-2019,XMASBig-2019,0,2218635,3237250,8067681,7766337,-0.268780,unrelated
S94,S143,ColomaBonus4-2019,XMASBig-2019,0,2063585,3277730,8067681,7252463,-0.293201,unrelated
S94,S159,ColomaBonus4-2019,OkrayGarrisonNE-2019,0,2091779,3397508,8067681,7368400,-0.304691,unrelated
S94,S160,ColomaBonus4-2019,OkrayGarrisonNE-2019,0,2036725,3485822,8067681,7290941,-0.321313,unrelated
S94,S161,ColomaBonus4-2019,OkrayGarrisonNE-2019,0,2081894,3367654,8067681,7377502,-0.301286,unrelated
S94,S162,ColomaBonus4-2019,OkrayGarrisonNE-2019,0,2149587,3364626,8067681,7785671,-0.288877,unrelated
S94,S163,ColomaBonus4-2019,OkrayGarrisonNE-2019,0,2148516,3280544,8067681,7709788,-0.279676,unrelated
S94,S164,ColomaBonus4-2019,OkrayGarrisonNE-2019,0,2137691,3333878,8067681,7689846,-0.287486,unrelated
S94,S165,ColomaBonus4-2019,OkrayGarrisonNE-2019,0,2126755,3420799,8067681,7611186,-0.300713,unrelated
S94,S296,ColomaBonus4-2019,OkrayRobacks-2019,0,2160754,3317193,8067681,7691850,-0.283868,unrelated
S94,S297,ColomaBonus4-2019,OkrayRobacks-2019,0,2173363,3273631,8067681,7677694,-0.277789,unrelated
S94,S298,ColomaBonus4-2019,OkrayRobacks-2019,0,2068025,3359348,8067681,7378291,-0.301093,unrelated
S94,S299,ColomaBonus4-2019,OkrayRobacks-2019,0,2118095,3327044,8067681,7556994,-0.290310,unrelated
S94,S300,ColomaBonus4-2019,OkrayRobacks-2019,0,2100139,3286136,8067681,7420867,-0.288738,unrelated
S94,S301,ColomaBonus4-2019,OkrayRobacks-2019,0,2375439,3282789,8067681,8080920,-0.259474,unrelated
S94,S302,ColomaBonus4-2019,OkrayRobacks-2019,0,2382871,2959251,8067681,8536700,-0.212934,unrelated
S94,S304,ColomaBonus4-2019,OkrayGrosheks40-2019,0,1963446,3446035,8067681,7154938,-0.323770,unrelated
S94,S305,ColomaBonus4-2019,OkrayGrosheks40-2019,0,2210590,3184021,8067681,7779665,-0.262344,unrelated
S94,S306,ColomaBonus4-2019,OkrayGrosheks40-2019,0,3196406,2276521,8067681,11601524,-0.068973,unrelated
S94,S307,ColomaBonus4-2019,OkrayGrosheks40-2019,0,2016069,3394976,8067681,7144597,-0.313818,unrelated
S94,S308,ColomaBonus4-2019,OkrayGrosheks40-2019,0,2180054,3319686,8067681,7750273,-0.281915,unrelated
S94,S309,ColomaBonus4-2019,OkrayGrosheks40-2019,0,2033894,3360170,8067681,7235130,-0.306247,unrelated
S94,S310,ColomaBonus4-2019,OkrayGrosheks40-2019,0,2047794,3322273,8067681,7262608,-0.299848,unrelated
S94,S340,ColomaBonus4-2019,OkrayPFWiper-2019,0,2123024,3323698,8067681,7619222,-0.288417,unrelated
S94,S341,ColomaBonus4-2019,OkrayPFWiper-2019,0,2184715,3391613,8067681,7557563,-0.294300,unrelated
S94,S342,ColomaBonus4-2019,OkrayPFWiper-2019,0,1943264,3489837,8067681,7043704,-0.333286,unrelated
S94,S343,ColomaBonus4-2019,OkrayPFWiper-2019,0,2066164,3354695,8067681,7375799,-0.300659,unrelated
S94,S344,ColomaBonus4-2019,OkrayPFWiper-2019,0,2114518,3577687,8067681,7302502,-0.327963,unrelated
S94,S354,ColomaBonus4-2019,PloverBrikalskiPats-2019,0,2275937,3352120,8067681,7677084,-0.281256,unrelated
S94,S355,ColomaBonus4-2019,PloverBrikalskiPats-2019,0,2157353,3448567,8067681,7759982,-0.299462,unrelated
S94,S356,ColomaBonus4-2019,PloverBrikalskiPats-2019,0,2252499,3500160,8067681,7738582,-0.300376,unrelated
S94,S357,ColomaBonus4-2019,PloverBrikalskiPats-2019,0,2150476,3316631,8067681,7682544,-0.284617,unrelated
S94,S358,ColomaBonus4-2019,PloverBrikalskiPats-2019,0,2150296,3342628,8067681,7701638,-0.287581,unrelated
S94,S359,ColomaBonus4-2019,PloverBrikalskiPats-2019,0,2373596,3264861,8067681,7899720,-0.260288,unrelated
S94,S360,ColomaBonus4-2019,PloverBrikalskiPats-2019,0,2340179,3252427,8067681,7905479,-0.260730,unrelated
S94,S378,ColomaBonus4-2019,PloverDaveBrSE-2019,0,2200614,3354594,8067681,7709061,-0.285773,unrelated
S94,S379,ColomaBonus4-2019,PloverDaveBrSE-2019,0,2158824,3419473,8067681,7674181,-0.297304,unrelated
S94,S380,ColomaBonus4-2019,PloverDaveBrSE-2019,0,2126526,3386036,8067681,7619782,-0.296131,unrelated
S94,S381,ColomaBonus4-2019,PloverDaveBrSE-2019,0,2142093,3490882,8067681,7357228,-0.313757,unrelated
S94,S382,ColomaBonus4-2019,PloverDaveBrSE-2019,0,2095291,3413811,8067681,7450016,-0.304963,unrelated
S94,S383,ColomaBonus4-2019,PloverDaveBrSE-2019,0,2307296,3303073,8067681,8100805,-0.265878,unrelated
S94,S384,ColomaBonus4-2019,PloverDaveBrSE-2019,0,2298016,3269203,8067681,8223535,-0.260287,unrelated
S94,S402,ColomaBonus4-2019,Wysocki1129-2019,0,2105664,3452831,8067681,7525165,-0.307833,unrelated
S94,S403,ColomaBonus4-2019,Wysocki1129-2019,0,2113083,3408585,8067681,7520277,-0.301777,unrelated
S94,S404,ColomaBonus4-2019,Wysocki1129-2019,0,2278819,3207315,8067681,7928168,-0.258555,unrelated
S94,S405,ColomaBonus4-2019,Wysocki1129-2019,0,2192400,3240933,8067681,7761893,-0.270978,unrelated
S94,S406,ColomaBonus4-2019,Wysocki1129-2019,0,2185734,3297819,8067681,7786192,-0.278159,unrelated
S94,S407,ColomaBonus4-2019,Wysocki1129-2019,0,2153197,3323848,8067681,7717071,-0.284737,unrelated
S94,S408,ColomaBonus4-2019,Wysocki1129-2019,0,2188514,3295867,8067681,7724063,-0.278831,unrelated
S94,S426,ColomaBonus4-2019,Wysocki438-2019,0,2292604,3299140,8067681,7847102,-0.270546,unrelated
S94,S427,ColomaBonus4-2019,Wysocki438-2019,0,2194765,3286470,8067681,7598529,-0.279466,unrelated
S94,S428,ColomaBonus4-2019,Wysocki438-2019,0,2068047,3479051,8067681,7402753,-0.316090,unrelated
S94,S429,ColomaBonus4-2019,Wysocki438-2019,0,2253101,3416994,8067681,7685399,-0.290793,unrelated
S94,S430,ColomaBonus4-2019,Wysocki438-2019,0,2267232,3268229,8067681,7738169,-0.270104,unrelated
S94,S431,ColomaBonus4-2019,Wysocki438-2019,0,2103346,3381386,8067681,7367342,-0.301874,unrelated
S94,S432,ColomaBonus4-2019,Wysocki438-2019,0,2105184,3366923,8067681,7526561,-0.296819,unrelated
S94,S450,ColomaBonus4-2019,Wysocki563-2019,0,2197998,3327306,8067681,7734101,-0.282032,unrelated
S94,S451,ColomaBonus4-2019,Wysocki563-2019,0,2035543,3410249,8067681,7226898,-0.312853,unrelated
S94,S452,ColomaBonus4-2019,Wysocki563-2019,0,2286934,3301124,8067681,7917168,-0.269963,unrelated
S94,S453,ColomaBonus4-2019,Wysocki563-2019,0,2078284,3369763,8067681,7210686,-0.305088,unrelated
S94,S454,ColomaBonus4-2019,Wysocki563-2019,0,2128574,3222075,8067681,7408884,-0.278846,unrelated
S94,S455,ColomaBonus4-2019,Wysocki563-2019,0,2085448,3247783,8067681,7450078,-0.284198,unrelated
S94,S456,ColomaBonus4-2019,Wysocki563-2019,0,2068023,3368165,8067681,7202383,-0.305716,unrelated
S94,S458,ColomaBonus4-2019,Wysocki570-2019,0,2140183,3362596,8067681,7453203,-0.295409,unrelated
S94,S459,ColomaBonus4-2019,Wysocki570-2019,0,2321019,3171736,8067681,7810498,-0.253332,unrelated
S94,S460,ColomaBonus4-2019,Wysocki570-2019,0,2040605,3377314,8067681,7316303,-0.306424,unrelated
S94,S461,ColomaBonus4-2019,Wysocki570-2019,0,2065015,3330086,8067681,7396301,-0.297152,unrelated
S94,S462,ColomaBonus4-2019,Wysocki570-2019,0,2144947,3324093,8067681,7560523,-0.288148,unrelated
S94,S463,ColomaBonus4-2019,Wysocki570-2019,0,2135072,3323288,8067681,7366427,-0.292307,unrelated
S94,S464,ColomaBonus4-2019,Wysocki570-2019,0,2052225,3398687,8067681,7360662,-0.307561,unrelated
S95,S96,ColomaBonus4-2019,ColomaBonus4-2019,1,2179262,3326151,7706268,7988131,-0.285009,unrelated
S95,S97,ColomaBonus4-2019,ColomaBonus4-2019,1,1983173,3358526,7706268,7124061,-0.319203,unrelated
S95,S98,ColomaBonus4-2019,ColomaBonus4-2019,1,2026837,3491931,7706268,7184607,-0.332890,unrelated
S95,S99,ColomaBonus4-2019,ColomaBonus4-2019,1,1978610,3409882,7706268,7162781,-0.325586,unrelated
S95,S101,ColomaBonus4-2019,ColomaBonus-2019,0,2023381,3559254,7706268,7446230,-0.336257,unrelated
S95,S102,ColomaBonus4-2019,ColomaBonus-2019,0,1997050,3540165,7706268,7157304,-0.341996,unrelated
S95,S103,ColomaBonus4-2019,ColomaBonus-2019,0,2151146,3327933,7706268,7993686,-0.286926,unrelated
S95,S104,ColomaBonus4-2019,ColomaBonus-2019,0,2290901,3205571,7706268,8432743,-0.255297,unrelated
S95,S105,ColomaBonus4-2019,ColomaBonus-2019,0,2101669,3379335,7706268,7922986,-0.297967,unrelated
S95,S106,ColomaBonus4-2019,ColomaBonus-2019,0,2025081,3388405,7706268,7305326,-0.316537,unrelated
S95,S107,ColomaBonus4-2019,ColomaBonus-2019,0,2124124,3344421,7706268,7641841,-0.297412,unrelated
S95,S125,ColomaBonus4-2019,ColomaLyons-2019,0,2145549,3328194,7706268,8018900,-0.286855,unrelated
S95,S126,ColomaBonus4-2019,ColomaLyons-2019,0,2182080,3253076,7706268,7690253,-0.280847,unrelated
S95,S127,ColomaBonus4-2019,ColomaLyons-2019,0,2124876,3388694,7706268,7481050,-0.306342,unrelated
S95,S128,ColomaBonus4-2019,ColomaLyons-2019,0,2156102,3587468,7706268,7740149,-0.324919,unrelated
S95,S129,ColomaBonus4-2019,ColomaLyons-2019,0,2079111,3447426,7706268,7617129,-0.314274,unrelated
S95,S130,ColomaBonus4-2019,ColomaLyons-2019,0,2071897,3449658,7706268,7474077,-0.318005,unrelated
S95,S131,ColomaBonus4-2019,ColomaLyons-2019,0,2066307,3504380,7706268,7362681,-0.327989,unrelated
S95,S139,ColomaBonus4-2019,XMASBig-2019,0,2054706,3317325,7706268,7410585,-0.302969,unrelated
S95,S140,ColomaBonus4-2019,XMASBig-2019,0,2174472,3330642,7706268,7814276,-0.289089,unrelated
S95,S141,ColomaBonus4-2019,XMASBig-2019,0,2125156,3336897,7706268,7717407,-0.294913,unrelated
S95,S142,ColomaBonus4-2019,XMASBig-2019,0,2160811,3379632,7706268,7766337,-0.297200,unrelated
S95,S143,ColomaBonus4-2019,XMASBig-2019,0,1909462,3592016,7706268,7252463,-0.352608,unrelated
S95,S159,ColomaBonus4-2019,OkrayGarrisonNE-2019,0,2008935,3439292,7706268,7368400,-0.323035,unrelated
S95,S160,ColomaBonus4-2019,OkrayGarrisonNE-2019,0,2010542,3440328,7706268,7290941,-0.324735,unrelated
S95,S161,ColomaBonus4-2019,OkrayGarrisonNE-2019,0,2035509,3429416,7706268,7377502,-0.319769,unrelated
S95,S162,ColomaBonus4-2019,OkrayGarrisonNE-2019,0,2182544,3359561,7706268,7785671,-0.292835,unrelated
S95,S163,ColomaBonus4-2019,OkrayGarrisonNE-2019,0,2127681,3398748,7706268,7709788,-0.302919,unrelated
S95,S164,ColomaBonus4-2019,OkrayGarrisonNE-2019,0,2196765,3321747,7706268,7689846,-0.288822,unrelated
S95,S165,ColomaBonus4-2019,OkrayGarrisonNE-2019,0,2093826,3466514,7706268,7611186,-0.315927,unrelated
S95,S296,ColomaBonus4-2019,OkrayRobacks-2019,0,2094704,3243624,7706268,7691850,-0.285265,unrelated
S95,S297,ColomaBonus4-2019,OkrayRobacks-2019,0,2044351,3570882,7706268,7677694,-0.331346,unrelated
S95,S298,ColomaBonus4-2019,OkrayRobacks-2019,0,1991047,3462777,7706268,7378291,-0.327123,unrelated
S95,S299,ColomaBonus4-2019,OkrayRobacks-2019,0,2026723,3334752,7706268,7556994,-0.304180,unrelated
S95,S300,ColomaBonus4-2019,OkrayRobacks-2019,0,1995322,3405319,7706268,7420867,-0.318323,unrelated
S95,S301,ColomaBonus4-2019,OkrayRobacks-2019,0,2174740,3313760,7706268,8080920,-0.282050,unrelated
S95,S302,ColomaBonus4-2019,OkrayRobacks-2019,0,2319909,2985323,7706268,8536700,-0.224758,unrelated
S95,S304,ColomaBonus4-2019,OkrayGrosheks40-2019,0,1958251,3396799,7706268,7154938,-0.325367,unrelated
S95,S305,ColomaBonus4-2019,OkrayGrosheks40-2019,0,2117155,3256037,7706268,7779665,-0.283801,unrelated
S95,S306,ColomaBonus4-2019,OkrayGrosheks40-2019,0,3090297,2343352,7706268,11601524,-0.082682,unrelated
S95,S307,ColomaBonus4-2019,OkrayGrosheks40-2019,0,1954879,3516303,7706268,7144597,-0.341915,unrelated
S95,S308,ColomaBonus4-2019,OkrayGrosheks40-2019,0,2145867,3210855,7706268,7750273,-0.276636,unrelated
S95,S309,ColomaBonus4-2019,OkrayGrosheks40-2019,0,1943790,3423614,7706268,7235130,-0.328178,unrelated
S95,S310,ColomaBonus4-2019,OkrayGrosheks40-2019,0,1983432,3390411,7706268,7262608,-0.320491,unrelated
S95,S340,ColomaBonus4-2019,OkrayPFWiper-2019,0,2128927,3368732,7706268,7619222,-0.300711,unrelated
S95,S341,ColomaBonus4-2019,OkrayPFWiper-2019,0,1994351,3558224,7706268,7557563,-0.335571,unrelated
S95,S342,ColomaBonus4-2019,OkrayPFWiper-2019,0,1928566,3576381,7706268,7043704,-0.354183,unrelated
S95,S343,ColomaBonus4-2019,OkrayPFWiper-2019,0,2017479,3461556,7706268,7375799,-0.325263,unrelated
S95,S344,ColomaBonus4-2019,OkrayPFWiper-2019,0,1990030,3574205,7706268,7302502,-0.343691,unrelated
S95,S354,ColomaBonus4-2019,PloverBrikalskiPats-2019,0,2033138,3386601,7706268,7677084,-0.308129,unrelated
S95,S355,ColomaBonus4-2019,PloverBrikalskiPats-2019,0,2136340,3309114,7706268,7759982,-0.289785,unrelated
S95,S356,ColomaBonus4-2019,PloverBrikalskiPats-2019,0,2059995,3496786,7706268,7738582,-0.319432,unrelated
S95,S357,ColomaBonus4-2019,PloverBrikalskiPats-2019,0,2114716,3368928,7706268,7682544,-0.300422,unrelated
S95,S358,ColomaBonus4-2019,PloverBrikalskiPats-2019,0,2146521,3373381,7706268,7701638,-0.298564,unrelated
S95,S359,ColomaBonus4-2019,PloverBrikalskiPats-2019,0,2126906,3425109,7706268,7899720,-0.302660,unrelated
S95,S360,ColomaBonus4-2019,PloverBrikalskiPats-2019,0,2112121,3352763,7706268,7905479,-0.294227,unrelated
S95,S378,ColomaBonus4-2019,PloverDaveBrSE-2019,0,2035963,3497532,7706268,7709061,-0.321699,unrelated
S95,S379,ColomaBonus4-2019,PloverDaveBrSE-2019,0,2151630,3467068,7706268,7674181,-0.310947,unrelated
S95,S380,ColomaBonus4-2019,PloverDaveBrSE-2019,0,2110450,3437677,7706268,7619782,-0.310902,unrelated
S95,S381,ColomaBonus4-2019,PloverDaveBrSE-2019,0,2029856,3574901,7706268,7357228,-0.339891,unrelated
S95,S382,ColomaBonus4-2019,PloverDaveBrSE-2019,0,2017865,3502812,7706268,7450016,-0.329089,unrelated
S95,S383,ColomaBonus4-2019,PloverDaveBrSE-2019,0,2236250,3320707,7706268,8100805,-0.278683,unrelated
S95,S384,ColomaBonus4-2019,PloverDaveBrSE-2019,0,2286302,3277421,7706268,8223535,-0.267959,unrelated
S95,S402,ColomaBonus4-2019,Wysocki1129-2019,0,2067775,3528646,7706268,7525165,-0.327580,unrelated
S95,S403,ColomaBonus4-2019,Wysocki1129-2019,0,2129105,3454751,7706268,7520277,-0.313952,unrelated
S95,S404,ColomaBonus4-2019,Wysocki1129-2019,0,2200793,3327132,7706268,7928168,-0.284850,unrelated
S95,S405,ColomaBonus4-2019,Wysocki1129-2019,0,2121699,3366208,7706268,7761893,-0.298078,unrelated
S95,S406,ColomaBonus4-2019,Wysocki1129-2019,0,2175091,3304488,7706268,7786192,-0.286196,unrelated
S95,S407,ColomaBonus4-2019,Wysocki1129-2019,0,2160780,3338898,7706268,7717071,-0.292869,unrelated
S95,S408,ColomaBonus4-2019,Wysocki1129-2019,0,2152954,3364710,7706268,7724063,-0.296589,unrelated
S95,S426,ColomaBonus4-2019,Wysocki438-2019,0,2131401,3403534,7706268,7847102,-0.300621,unrelated
S95,S427,ColomaBonus4-2019,Wysocki438-2019,0,2115680,3309786,7706268,7598529,-0.294280,unrelated
S95,S428,ColomaBonus4-2019,Wysocki438-2019,0,2010145,3591993,7706268,7402753,-0.342434,unrelated
S95,S429,ColomaBonus4-2019,Wysocki438-2019,0,2073887,3487325,7706268,7685399,-0.318404,unrelated
S95,S430,ColomaBonus4-2019,Wysocki438-2019,0,2020736,3504321,7706268,7738169,-0.322958,unrelated
S95,S431,ColomaBonus4-2019,Wysocki438-2019,0,2049478,3489478,7706268,7367342,-0.327027,unrelated
S95,S432,ColomaBonus4-2019,Wysocki438-2019,0,2079403,3391380,7706268,7526561,-0.308765,unrelated
S95,S450,ColomaBonus4-2019,Wysocki563-2019,0,2117423,3607065,7706268,7734101,-0.330090,unrelated
S95,S451,ColomaBonus4-2019,Wysocki563-2019,0,1971727,3429494,7706268,7226898,-0.327276,unrelated
S95,S452,ColomaBonus4-2019,Wysocki563-2019,0,2154112,3357230,7706268,7917168,-0.291891,unrelated
S95,S453,ColomaBonus4-2019,Wysocki563-2019,0,1903938,3661145,7706268,7210686,-0.363234,unrelated
S95,S454,ColomaBonus4-2019,Wysocki563-2019,0,2028320,3307541,7706268,7408884,-0.303455,unrelated
S95,S455,ColomaBonus4-2019,Wysocki563-2019,0,2039312,3322011,7706268,7450078,-0.303814,unrelated
S95,S456,ColomaBonus4-2019,Wysocki563-2019,0,1962739,3597432,7706268,7202383,-0.350946,unrelated
S95,S458,ColomaBonus4-2019,Wysocki570-2019,0,2050605,3355251,7706268,7453203,-0.307392,unrelated
S95,S459,ColomaBonus4-2019,Wysocki570-2019,0,2071031,3366325,7706268,7810498,-0.300425,unrelated
S95,S460,ColomaBonus4-2019,Wysocki570-2019,0,1999930,3464745,7706268,7316303,-0.328144,unrelated
S95,S461,ColomaBonus4-2019,Wysocki570-2019,0,2020558,3361417,7706268,7396301,-0.311356,unrelated
S95,S462,ColomaBonus4-2019,Wysocki570-2019,0,2071847,3385456,7706268,7560523,-0.307797,unrelated
S95,S463,ColomaBonus4-2019,Wysocki570-2019,0,1991025,3380903,7706268,7366427,-0.316518,unrelated
S95,S464,ColomaBonus4-2019,Wysocki570-2019,0,2026748,3642452,7706268,7360662,-0.348987,unrelated
S96,S97,ColomaBonus4-2019,ColomaBonus4-2019,1,1987007,3596669,7988131,7124061,-0.344512,unrelated
S96,S98,ColomaBonus4-2019,ColomaBonus4-2019,1,2029641,3472752,7988131,7184607,-0.323993,unrelated
S96,S99,ColomaBonus4-2019,ColomaBonus4-2019,1,2042885,3426861,7988131,7162781,-0.317528,unrelated
S96,S101,ColomaBonus4-2019,ColomaBonus-2019,0,2041062,3465461,7988131,7446230,-0.316816,unrelated
S96,S102,ColomaBonus4-2019,ColomaBonus-2019,0,2061285,3398477,7988131,7157304,-0.312680,unrelated
S96,S103,ColomaBonus4-2019,ColomaBonus-2019,0,2201185,3373623,7988131,7993686,-0.284452,unrelated
S96,S104,ColomaBonus4-2019,ColomaBonus-2019,0,2432367,3102012,7988131,8432743,-0.229687,unrelated
S96,S105,ColomaBonus4-2019,ColomaBonus-2019,0,2195179,3343123,7988131,7922986,-0.282260,unrelated
S96,S106,ColomaBonus4-2019,ColomaBonus-2019,0,2039466,3438438,7988131,7305326,-0.316306,unrelated
S96,S107,ColomaBonus4-2019,ColomaBonus-2019,0,2172167,3243757,7988131,7641841,-0.276094,unrelated
S96,S125,ColomaBonus4-2019,ColomaLyons-2019,0,2174195,3233175,7988131,8018900,-0.268142,unrelated
S96,S126,ColomaBonus4-2019,ColomaLyons-2019,0,2161467,3287191,7988131,7690253,-0.281465,unrelated
S96,S127,ColomaBonus4-2019,ColomaLyons-2019,0,2122123,3336371,7988131,7481050,-0.294173,unrelated
S96,S128,ColomaBonus4-2019,ColomaLyons-2019,0,2204425,3492235,7988131,7740149,-0.303914,unrelated
S96,S129,ColomaBonus4-2019,ColomaLyons-2019,0,2158318,3325072,7988131,7617129,-0.287841,unrelated
S96,S130,ColomaBonus4-2019,ColomaLyons-2019,0,2118230,3433811,7988131,7474077,-0.307161,unrelated
S96,S131,ColomaBonus4-2019,ColomaLyons-2019,0,2088503,3393880,7988131,7362681,-0.306124,unrelated
S96,S139,ColomaBonus4-2019,XMASBig-2019,0,2069539,3360098,7988131,7410585,-0.302016,unrelated
S96,S140,ColomaBonus4-2019,XMASBig-2019,0,2252205,3273312,7988131,7814276,-0.271757,unrelated
S96,S141,ColomaBonus4-2019,XMASBig-2019,0,2195172,3379890,7988131,7717407,-0.290637,unrelated
S96,S142,ColomaBonus4-2019,XMASBig-2019,0,2197976,3341983,7988131,7766337,-0.284744,unrelated
S96,S143,ColomaBonus4-2019,XMASBig-2019,0,1978903,3450442,7988131,7252463,-0.322952,unrelated
S96,S159,ColomaBonus4-2019,OkrayGarrisonNE-2019,0,2066088,3470923,7988131,7368400,-0.317504,unrelated
S96,S160,ColomaBonus4-2019,OkrayGarrisonNE-2019,0,2050813,3421454,7988131,7290941,-0.313638,unrelated
S96,S161,ColomaBonus4-2019,OkrayGarrisonNE-2019,0,2109264,3360590,7988131,7377502,-0.300145,unrelated
S96,S162,ColomaBonus4-2019,OkrayGarrisonNE-2019,0,2208372,3331515,7988131,7785671,-0.282409,unrelated
S96,S163,ColomaBonus4-2019,OkrayGarrisonNE-2019,0,2187290,3363813,7988131,7709788,-0.289232,unrelated
S96,S164,ColomaBonus4-2019,OkrayGarrisonNE-2019,0,2160388,3363722,7988131,7689846,-0.291304,unrelated
S96,S165,ColomaBonus4-2019,OkrayGarrisonNE-2019,0,2159973,3383252,7988131,7611186,-0.295303,unrelated
S96,S296,ColomaBonus4-2019,OkrayRobacks-2019,0,2147800,3329787,7988131,7691850,-0.287741,unrelated
S96,S297,ColomaBonus4-2019,OkrayRobacks-2019,0,2106400,3480720,7988131,7677694,-0.309913,unrelated
S96,S298,ColomaBonus4-2019,OkrayRobacks-2019,0,2039470,3369095,7988131,7378291,-0.305778,unrelated
S96,S299,ColomaBonus4-2019,OkrayRobacks-2019,0,2175444,3268326,7988131,7556994,-0.280551,unrelated
S96,S300,ColomaBonus4-2019,OkrayRobacks-2019,0,2078310,3302225,7988131,7420867,-0.293734,unrelated
S96,S301,ColomaBonus4-2019,OkrayRobacks-2019,0,2194888,3261873,7988131,8080920,-0.269391,unrelated
S96,S302,ColomaBonus4-2019,OkrayRobacks-2019,0,2364098,3002716,7988131,8536700,-0.220355,unrelated
S96,S304,ColomaBonus4-2019,OkrayGrosheks40-2019,0,2007440,3419030,7988131,7154938,-0.318999,unrelated
S96,S305,ColomaBonus4-2019,OkrayGrosheks40-2019,0,2159562,3282519,7988131,7779665,-0.279397,unrelated
S96,S306,ColomaBonus4-2019,OkrayGrosheks40-2019,0,3186617,2200590,7988131,11601524,-0.062000,unrelated
S96,S307,ColomaBonus4-2019,OkrayGrosheks40-2019,0,1982796,3367203,7988131,7144597,-0.313996,unrelated
S96,S308,ColomaBonus4-2019,OkrayGrosheks40-2019,0,2167980,3329939,7988131,7750273,-0.285410,unrelated
S96,S309,ColomaBonus4-2019,OkrayGrosheks40-2019,0,2007294,3318240,7988131,7235130,-0.304086,unrelated
S96,S310,ColomaBonus4-2019,OkrayGrosheks40-2019,0,2006931,3389794,7988131,7262608,-0.312946,unrelated
S96,S340,ColomaBonus4-2019,OkrayPFWiper-2019,0,2135316,3442326,7988131,7619222,-0.304301,unrelated
S96,S341,ColomaBonus4-2019,OkrayPFWiper-2019,0,2111697,3365356,7988131,7557563,-0.297125,unrelated
S96,S342,ColomaBonus4-2019,OkrayPFWiper-2019,0,2005676,3408211,7988131,7043704,-0.320037,unrelated
S96,S343,ColomaBonus4-2019,OkrayPFWiper-2019,0,2111460,3359961,7988131,7375799,-0.299953,unrelated
S96,S344,ColomaBonus4-2019,OkrayPFWiper-2019,0,1986023,3578009,7988131,7302502,-0.338115,unrelated
S96,S354,ColomaBonus4-2019,PloverBrikalskiPats-2019,0,2143551,3433096,7988131,7677084,-0.301473,unrelated
S96,S355,ColomaBonus4-2019,PloverBrikalskiPats-2019,0,2183596,3391721,7988131,7759982,-0.292089,unrelated
S96,S356,ColomaBonus4-2019,PloverBrikalskiPats-2019,0,2079482,3502063,7988131,7738582,-0.313139,unrelated
S96,S357,ColomaBonus4-2019,PloverBrikalskiPats-2019,0,2174311,3299868,7988131,7682544,-0.282402,unrelated
S96,S358,ColomaBonus4-2019,PloverBrikalskiPats-2019,0,2143911,3370452,7988131,7701638,-0.292993,unrelated
S96,S359,ColomaBonus4-2019,PloverBrikalskiPats-2019,0,2156464,3366415,7988131,7899720,-0.288042,unrelated
S96,S360,ColomaBonus4-2019,PloverBrikalskiPats-2019,0,2222896,3254250,7988131,7905479,-0.269643,unrelated
S96,S378,ColomaBonus4-2019,PloverDaveBrSE-2019,0,2221159,3255399,7988131,7709061,-0.273274,unrelated
S96,S379,ColomaBonus4-2019,PloverDaveBrSE-2019,0,2194472,3340952,7988131,7674181,-0.286511,unrelated
S96,S380,ColomaBonus4-2019,PloverDaveBrSE-2019,0,2171795,3359275,7988131,7619782,-0.291311,unrelated
S96,S381,ColomaBonus4-2019,PloverDaveBrSE-2019,0,2009004,3503007,7988131,7357228,-0.325637,unrelated
S96,S382,ColomaBonus4-2019,PloverDaveBrSE-2019,0,2149808,3321473,7988131,7450016,-0.291041,unrelated
S96,S383,ColomaBonus4-2019,PloverDaveBrSE-2019,0,2249634,3282765,7988131,8100805,-0.268252,unrelated
S96,S384,ColomaBonus4-2019,PloverDaveBrSE-2019,0,2369108,3146738,7988131,8223535,-0.242071,unrelated
S96,S402,ColomaBonus4-2019,Wysocki1129-2019,0,2163526,3344130,7988131,7525165,-0.291668,unrelated
S96,S403,ColomaBonus4-2019,Wysocki1129-2019,0,2155523,3314912,7988131,7520277,-0.288508,unrelated
S96,S404,ColomaBonus4-2019,Wysocki1129-2019,0,2274004,3212605,7988131,7928168,-0.260815,unrelated
S96,S405,ColomaBonus4-2019,Wysocki1129-2019,0,2252876,3188767,7988131,7761893,-0.261883,unrelated
S96,S406,ColomaBonus4-2019,Wysocki1129-2019,0,2223956,3278369,7988131,7786192,-0.274673,unrelated
S96,S407,ColomaBonus4-2019,Wysocki1129-2019,0,2181456,3300761,7988131,7717071,-0.281440,unrelated
S96,S408,ColomaBonus4-2019,Wysocki1129-2019,0,2201232,3341662,7988131,7724063,-0.285262,unrelated
S96,S426,ColomaBonus4-2019,Wysocki438-2019,0,2163876,3389232,7988131,7847102,-0.291413,unrelated
S96,S427,ColomaBonus4-2019,Wysocki438-2019,0,2085974,3423362,7988131,7598529,-0.305437,unrelated
S96,S428,ColomaBonus4-2019,Wysocki438-2019,0,2118664,3582598,7988131,7402753,-0.327891,unrelated
S96,S429,ColomaBonus4-2019,Wysocki438-2019,0,2149533,3391881,7988131,7685399,-0.295672,unrelated
S96,S430,ColomaBonus4-2019,Wysocki438-2019,0,2181836,3226122,7988131,7738169,-0.271546,unrelated
S96,S431,ColomaBonus4-2019,Wysocki438-2019,0,2083235,3354805,7988131,7367342,-0.301285,unrelated
S96,S432,ColomaBonus4-2019,Wysocki438-2019,0,2192393,3238937,7988131,7526561,-0.276221,unrelated
S96,S450,ColomaBonus4-2019,Wysocki563-2019,0,2185565,3499548,7988131,7734101,-0.306161,unrelated
S96,S451,ColomaBonus4-2019,Wysocki563-2019,0,2032757,3330207,7988131,7226898,-0.304150,unrelated
S96,S452,ColomaBonus4-2019,Wysocki563-2019,0,2210309,3233028,7988131,7917168,-0.267568,unrelated
S96,S453,ColomaBonus4-2019,Wysocki563-2019,0,1992514,3529871,7988131,7210686,-0.333396,unrelated
S96,S454,ColomaBonus4-2019,Wysocki563-2019,0,2069654,3284623,7988131,7408884,-0.292238,unrelated
S96,S455,ColomaBonus4-2019,Wysocki563-2019,0,2064871,3288324,7988131,7450078,-0.292247,unrelated
S96,S456,ColomaBonus4-2019,Wysocki563-2019,0,1938618,3574025,7988131,7202383,-0.342940,unrelated
S96,S458,ColomaBonus4-2019,Wysocki570-2019,0,2112978,3361695,7988131,7453203,-0.298576,unrelated
S96,S459,ColomaBonus4-2019,Wysocki570-2019,0,2184333,3213979,7988131,7810498,-0.268607,unrelated
S96,S460,ColomaBonus4-2019,Wysocki570-2019,0,2046987,3336081,7988131,7316303,-0.302211,unrelated
S96,S461,ColomaBonus4-2019,Wysocki570-2019,0,2104446,3338965,7988131,7396301,-0.297280,unrelated
S96,S462,ColomaBonus4-2019,Wysocki570-2019,0,2152293,3328714,7988131,7560523,-0.289744,unrelated
S96,S463,ColomaBonus4-2019,Wysocki570-2019,0,2014809,3409029,7988131,7366427,-0.312822,unrelated
S96,S464,ColomaBonus4-2019,Wysocki570-2019,0,2005735,3637191,7988131,7360662,-0.343261,unrelated
S97,S98,ColomaBonus4-2019,ColomaBonus4-2019,1,1812778,3650513,7124061,7184607,-0.383561,unrelated
S97,S99,ColomaBonus4-2019,ColomaBonus4-2019,1,1819299,3643166,7124061,7162781,-0.382662,unrelated
S97,S101,ColomaBonus4-2019,ColomaBonus-2019,0,1822508,3681772,7124061,7446230,-0.380297,unrelated
S97,S102,ColomaBonus4-2019,ColomaBonus-2019,0,1822766,3713793,7124061,7157304,-0.392457,unrelated
S97,S103,ColomaBonus4-2019,ColomaBonus-2019,0,2030920,3461111,7124061,7993686,-0.323547,unrelated
S97,S104,ColomaBonus4-2019,ColomaBonus-2019,0,2163109,3421217,7124061,8432743,-0.300790,unrelated
S97,S105,ColomaBonus4-2019,ColomaBonus-2019,0,1967996,3557099,7124061,7922986,-0.342007,unrelated
S97,S106,ColomaBonus4-2019,ColomaBonus-2019,0,1895314,3452340,7124061,7305326,-0.347164,unrelated
S97,S107,ColomaBonus4-2019,ColomaBonus-2019,0,1934797,3506661,7124061,7641841,-0.343936,unrelated
S97,S125,ColomaBonus4-2019,ColomaLyons-2019,0,1962891,3438418,7124061,8018900,-0.324504,unrelated
S97,S126,ColomaBonus4-2019,ColomaLyons-2019,0,1943346,3461433,7124061,7690253,-0.336129,unrelated
S97,S127,ColomaBonus4-2019,ColomaLyons-2019,0,1889732,3603030,7124061,7481050,-0.364005,unrelated
S97,S128,ColomaBonus4-2019,ColomaLyons-2019,0,1930957,3746541,7124061,7740149,-0.374196,unrelated
S97,S129,ColomaBonus4-2019,ColomaLyons-2019,0,1932191,3635035,7124061,7617129,-0.362106,unrelated
S97,S130,ColomaBonus4-2019,ColomaLyons-2019,0,1856739,3660979,7124061,7474077,-0.374378,unrelated
S97,S131,ColomaBonus4-2019,ColomaLyons-2019,0,1876829,3636298,7124061,7362681,-0.372462,unrelated
S97,S139,ColomaBonus4-2019,XMASBig-2019,0,1879033,3404501,7124061,7410585,-0.339187,unrelated
S97,S140,ColomaBonus4-2019,XMASBig-2019,0,2005663,3456343,7124061,7814276,-0.328485,unrelated
S97,S141,ColomaBonus4-2019,XMASBig-2019,0,1948653,3448097,7124061,7717407,-0.333359,unrelated
S97,S142,ColomaBonus4-2019,XMASBig-2019,0,1948093,3547122,7124061,7766337,-0.345602,unrelated
S97,S143,ColomaBonus4-2019,XMASBig-2019,0,1794181,3806071,7124061,7252463,-0.404685,unrelated
S97,S159,ColomaBonus4-2019,OkrayGarrisonNE-2019,0,1856100,3590272,7124061,7368400,-0.367394,unrelated
S97,S160,ColomaBonus4-2019,OkrayGarrisonNE-2019,0,1856622,3497210,7124061,7290941,-0.356420,unrelated
S97,S161,ColomaBonus4-2019,OkrayGarrisonNE-2019,0,1881547,3674123,7124061,7377502,-0.376973,unrelated
S97,S162,ColomaBonus4-2019,OkrayGarrisonNE-2019,0,1977972,3543483,7124061,7785671,-0.342662,unrelated
S97,S163,ColomaBonus4-2019,OkrayGarrisonNE-2019,0,1943914,3537749,7124061,7709788,-0.345937,unrelated
S97,S164,ColomaBonus4-2019,OkrayGarrisonNE-2019,0,1938481,3527595,7124061,7689846,-0.345399,unrelated
S97,S165,ColomaBonus4-2019,OkrayGarrisonNE-2019,0,1898046,3573029,7124061,7611186,-0.356154,unrelated
S97,S296,ColomaBonus4-2019,OkrayRobacks-2019,0,1973569,3338567,7124061,7691850,-0.317467,unrelated
S97,S297,ColomaBonus4-2019,OkrayRobacks-2019,0,1866297,3778888,7124061,7677694,-0.384514,unrelated
S97,S298,ColomaBonus4-2019,OkrayRobacks-2019,0,1818420,3669231,7124061,7378291,-0.380631,unrelated
S97,S299,ColomaBonus4-2019,OkrayRobacks-2019,0,1898388,3431403,7124061,7556994,-0.338151,unrelated
S97,S300,ColomaBonus4-2019,OkrayRobacks-2019,0,1870895,3590534,7124061,7420867,-0.365088,unrelated
S97,S301,ColomaBonus4-2019,OkrayRobacks-2019,0,1962359,3550760,7124061,8080920,-0.337992,unrelated
S97,S302,ColomaBonus4-2019,OkrayRobacks-2019,0,2104467,3199579,7124061,8536700,-0.274233,unrelated
S97,S304,ColomaBonus4-2019,OkrayGrosheks40-2019,0,1795149,3580475,7124061,7154938,-0.375783,unrelated
S97,S305,ColomaBonus4-2019,OkrayGrosheks40-2019,0,1963803,3488581,7124061,7779665,-0.336383,unrelated
S97,S306,ColomaBonus4-2019,OkrayGrosheks40-2019,0,2798473,2449226,7124061,11601524,-0.112145,unrelated
S97,S307,ColomaBonus4-2019,OkrayGrosheks40-2019,0,1767530,3710786,7124061,7144597,-0.396256,unrelated
S97,S308,ColomaBonus4-2019,OkrayGrosheks40-2019,0,1949768,3369599,7124061,7750273,-0.321993,unrelated
S97,S309,ColomaBonus4-2019,OkrayGrosheks40-2019,0,1816023,3559415,7124061,7235130,-0.369297,unrelated
S97,S310,ColomaBonus4-2019,OkrayGrosheks40-2019,0,1788676,3504501,7124061,7262608,-0.362859,unrelated
S97,S340,ColomaBonus4-2019,OkrayPFWiper-2019,0,1940125,3481241,7124061,7619222,-0.340654,unrelated
S97,S341,ColomaBonus4-2019,OkrayPFWiper-2019,0,1867516,3749427,7124061,7557563,-0.383564,unrelated
S97,S342,ColomaBonus4-2019,OkrayPFWiper-2019,0,1771804,3701021,7124061,7043704,-0.397398,unrelated
S97,S343,ColomaBonus4-2019,OkrayPFWiper-2019,0,1870590,3742467,7124061,7375799,-0.387200,unrelated
S97,S344,ColomaBonus4-2019,OkrayPFWiper-2019,0,1781423,3749584,7124061,7302502,-0.396335,unrelated
S97,S354,ColomaBonus4-2019,PloverBrikalskiPats-2019,0,1897910,3511614,7124061,7677084,-0.346278,unrelated
S97,S355,ColomaBonus4-2019,PloverBrikalskiPats-2019,0,2028809,3407869,7124061,7759982,-0.321615,unrelated
S97,S356,ColomaBonus4-2019,PloverBrikalskiPats-2019,0,1879662,3612208,7124061,7738582,-0.359610,unrelated
S97,S357,ColomaBonus4-2019,PloverBrikalskiPats-2019,0,1943578,3415114,7124061,7682544,-0.330032,unrelated
S97,S358,ColomaBonus4-2019,PloverBrikalskiPats-2019,0,1911143,3530261,7124061,7701638,-0.347328,unrelated
S97,S359,ColomaBonus4-2019,PloverBrikalskiPats-2019,0,1924934,3575019,7124061,7899720,-0.347789,unrelated
S97,S360,ColomaBonus4-2019,PloverBrikalskiPats-2019,0,1946225,3621656,7124061,7905479,-0.352445,unrelated
S97,S378,ColomaBonus4-2019,PloverDaveBrSE-2019,0,1872345,3685725,7124061,7709061,-0.370731,unrelated
S97,S379,ColomaBonus4-2019,PloverDaveBrSE-2019,0,1922921,3554884,7124061,7674181,-0.350504,unrelated
S97,S380,ColomaBonus4-2019,PloverDaveBrSE-2019,0,1927208,3664467,7124061,7619782,-0.366372,unrelated
S97,S381,ColomaBonus4-2019,PloverDaveBrSE-2019,0,1827961,3708415,7124061,7357228,-0.385937,unrelated
S97,S382,ColomaBonus4-2019,PloverDaveBrSE-2019,0,1869500,3691506,7124061,7450016,-0.378310,unrelated
S97,S383,ColomaBonus4-2019,PloverDaveBrSE-2019,0,2004283,3461787,7124061,8100805,-0.323109,unrelated
S97,S384,ColomaBonus4-2019,PloverDaveBrSE-2019,0,2051686,3444141,7124061,8223535,-0.315137,unrelated
S97,S402,ColomaBonus4-2019,Wysocki1129-2019,0,1900561,3724542,7124061,7525165,-0.378759,unrelated
S97,S403,ColomaBonus4-2019,Wysocki1129-2019,0,1883095,3627249,7124061,7520277,-0.366790,unrelated
S97,S404,ColomaBonus4-2019,Wysocki1129-2019,0,2003548,3400685,7124061,7928168,-0.318745,unrelated
S97,S405,ColomaBonus4-2019,Wysocki1129-2019,0,1961348,3574683,7124061,7761893,-0.348518,unrelated
S97,S406,ColomaBonus4-2019,Wysocki1129-2019,0,1966208,3465479,7124061,7786192,-0.332976,unrelated
S97,S407,ColomaBonus4-2019,Wysocki1129-2019,0,1926373,3507954,7124061,7717071,-0.342934,unrelated
S97,S408,ColomaBonus4-2019,Wysocki1129-2019,0,1954690,3430148,7124061,7724063,-0.330386,unrelated
S97,S426,ColomaBonus4-2019,Wysocki438-2019,0,1907490,3629302,7124061,7847102,-0.357428,unrelated
S97,S427,ColomaBonus4-2019,Wysocki438-2019,0,1906594,3478311,7124061,7598529,-0.343012,unrelated
S97,S428,ColomaBonus4-2019,Wysocki438-2019,0,1856753,3743077,7124061,7402753,-0.387518,unrelated
S97,S429,ColomaBonus4-2019,Wysocki438-2019,0,1950023,3490968,7124061,7685399,-0.339777,unrelated
S97,S430,ColomaBonus4-2019,Wysocki438-2019,0,1898211,3612699,7124061,7738169,-0.358438,unrelated
S97,S431,ColomaBonus4-2019,Wysocki438-2019,0,1854925,3669611,7124061,7367342,-0.378452,unrelated
S97,S432,ColomaBonus4-2019,Wysocki438-2019,0,1892829,3642842,7124061,7526561,-0.368097,unrelated
S97,S450,ColomaBonus4-2019,Wysocki563-2019,0,1924332,3711472,7124061,7734101,-0.370073,unrelated
S97,S451,ColomaBonus4-2019,Wysocki563-2019,0,1789483,3712029,7124061,7226898,-0.392627,unrelated
S97,S452,ColomaBonus4-2019,Wysocki563-2019,0,1942872,3491804,7124061,7917168,-0.335128,unrelated
S97,S453,ColomaBonus4-2019,Wysocki563-2019,0,1762506,3827222,7124061,7210686,-0.411025,unrelated
S97,S454,ColomaBonus4-2019,Wysocki563-2019,0,1877670,3562398,7124061,7408884,-0.361050,unrelated
S97,S455,ColomaBonus4-2019,Wysocki563-2019,0,1894604,3432657,7124061,7450078,-0.341064,unrelated
S97,S456,ColomaBonus4-2019,Wysocki563-2019,0,1786930,3741730,7124061,7202383,-0.397623,unrelated
S97,S458,ColomaBonus4-2019,Wysocki570-2019,0,1916633,3442828,7124061,7453203,-0.340875,unrelated
S97,S459,ColomaBonus4-2019,Wysocki570-2019,0,1941236,3531264,7124061,7810498,-0.342916,unrelated
S97,S460,ColomaBonus4-2019,Wysocki570-2019,0,1814330,3577318,7124061,7316303,-0.369818,unrelated
S97,S461,ColomaBonus4-2019,Wysocki570-2019,0,1843614,3613208,7124061,7396301,-0.370707,unrelated
S97,S462,ColomaBonus4-2019,Wysocki570-2019,0,1916467,3493599,7124061,7560523,-0.345310,unrelated
S97,S463,ColomaBonus4-2019,Wysocki570-2019,0,1842747,3539089,7124061,7366427,-0.361301,unrelated
S97,S464,ColomaBonus4-2019,Wysocki570-2019,0,1833317,3759161,7124061,7360662,-0.392483,unrelated
S98,S99,ColomaBonus4-2019,ColomaBonus4-2019,1,1914069,3611881,7184607,7162781,-0.370081,unrelated
S98,S101,ColomaBonus4-2019,ColomaBonus-2019,0,1924287,3784934,7184607,7446230,-0.385869,unrelated
S98,S102,ColomaBonus4-2019,ColomaBonus-2019,0,1923132,3700238,7184607,7157304,-0.381912,unrelated
S98,S103,ColomaBonus4-2019,ColomaBonus-2019,0,2008988,3571796,7184607,7993686,-0.338286,unrelated
S98,S104,ColomaBonus4-2019,ColomaBonus-2019,0,2148747,3286627,7184607,8432743,-0.283307,unrelated
S98,S105,ColomaBonus4-2019,ColomaBonus-2019,0,1974907,3509773,7184607,7922986,-0.333914,unrelated
S98,S106,ColomaBonus4-2019,ColomaBonus-2019,0,1867957,3579555,7184607,7305326,-0.365161,unrelated
S98,S107,ColomaBonus4-2019,ColomaBonus-2019,0,1991244,3514211,7184607,7641841,-0.339743,unrelated
S98,S125,ColomaBonus4-2019,ColomaLyons-2019,0,2000485,3523912,7184607,8018900,-0.331985,unrelated
S98,S126,ColomaBonus4-2019,ColomaLyons-2019,0,2031300,3378192,7184607,7690253,-0.317656,unrelated
S98,S127,ColomaBonus4-2019,ColomaLyons-2019,0,1933262,3587861,7184607,7481050,-0.357465,unrelated
S98,S128,ColomaBonus4-2019,ColomaLyons-2019,0,2022507,3701137,7184607,7740149,-0.360459,unrelated
S98,S129,ColomaBonus4-2019,ColomaLyons-2019,0,1983674,3545797,7184607,7617129,-0.345089,unrelated
S98,S130,ColomaBonus4-2019,ColomaLyons-2019,0,2008063,3604416,7184607,7474077,-0.354791,unrelated
S98,S131,ColomaBonus4-2019,ColomaLyons-2019,0,1970110,3684444,7184607,7362681,-0.371119,unrelated
S98,S139,ColomaBonus4-2019,XMASBig-2019,0,1897258,3483938,7184607,7410585,-0.347417,unrelated
S98,S140,ColomaBonus4-2019,XMASBig-2019,0,2050409,3427825,7184607,7814276,-0.320373,unrelated
S98,S141,ColomaBonus4-2019,XMASBig-2019,0,1950744,3522903,7184607,7717407,-0.341904,unrelated
S98,S142,ColomaBonus4-2019,XMASBig-2019,0,2085837,3555196,7184607,7766337,-0.336069,unrelated
S98,S143,ColomaBonus4-2019,XMASBig-2019,0,1787020,3646531,7184607,7252463,-0.381382,unrelated
S98,S159,ColomaBonus4-2019,OkrayGarrisonNE-2019,0,1949395,3563424,7184607,7368400,-0.355765,unrelated
S98,S160,ColomaBonus4-2019,OkrayGarrisonNE-2019,0,1921348,3681290,7184607,7290941,-0.375891,unrelated
S98,S161,ColomaBonus4-2019,OkrayGarrisonNE-2019,0,1856758,3629329,7184607,7377502,-0.370956,unrelated
S98,S162,ColomaBonus4-2019,OkrayGarrisonNE-2019,0,2002494,3537633,7184607,7785671,-0.338856,unrelated
S98,S163,ColomaBonus4-2019,OkrayGarrisonNE-2019,0,1981776,3505258,7184607,7709788,-0.337626,unrelated
S98,S164,ColomaBonus4-2019,OkrayGarrisonNE-2019,0,2008531,3553124,7184607,7689846,-0.342716,unrelated
S98,S165,ColomaBonus4-2019,OkrayGarrisonNE-2019,0,1962393,3564870,7184607,7611186,-0.349244,unrelated
S98,S296,ColomaBonus4-2019,OkrayRobacks-2019,0,1967646,3379121,7184607,7691850,-0.322025,unrelated
S98,S297,ColomaBonus4-2019,OkrayRobacks-2019,0,1915950,3743761,7184607,7677694,-0.374880,unrelated
S98,S298,ColomaBonus4-2019,OkrayRobacks-2019,0,1933851,3644216,7184607,7378291,-0.367687,unrelated
S98,S299,ColomaBonus4-2019,OkrayRobacks-2019,0,1898836,3559891,7184607,7556994,-0.354164,unrelated
S98,S300,ColomaBonus4-2019,OkrayRobacks-2019,0,1880362,3545657,7184607,7420867,-0.356781,unrelated
S98,S301,ColomaBonus4-2019,OkrayRobacks-2019,0,2014991,3446886,7184607,8080920,-0.319595,unrelated
S98,S302,ColomaBonus4-2019,OkrayRobacks-2019,0,2226114,3210905,7184607,8536700,-0.266880,unrelated
S98,S304,ColomaBonus4-2019,OkrayGrosheks40-2019,0,1804069,3519756,7184607,7154938,-0.365105,unrelated
S98,S305,ColomaBonus4-2019,OkrayGrosheks40-2019,0,2019636,3503691,7184607,7779665,-0.333310,unrelated
S98,S306,ColomaBonus4-2019,OkrayGrosheks40-2019,0,2922360,2372936,7184607,11601524,-0.097067,unrelated
S98,S307,ColomaBonus4-2019,OkrayGrosheks40-2019,0,1874744,3631660,7184607,7144597,-0.376056,unrelated
S98,S308,ColomaBonus4-2019,OkrayGrosheks40-2019,0,1983953,3432696,7184607,7750273,-0.326848,unrelated
S98,S309,ColomaBonus4-2019,OkrayGrosheks40-2019,0,1859228,3533714,7184607,7235130,-0.361186,unrelated
S98,S310,ColomaBonus4-2019,OkrayGrosheks40-2019,0,1921852,3710498,7184607,7262608,-0.380637,unrelated
S98,S340,ColomaBonus4-2019,OkrayPFWiper-2019,0,1974749,3513473,7184607,7619222,-0.341276,unrelated
S98,S341,ColomaBonus4-2019,OkrayPFWiper-2019,0,1880537,3654386,7184607,7557563,-0.368211,unrelated
S98,S342,ColomaBonus4-2019,OkrayPFWiper-2019,0,1841352,3687765,7184607,7043704,-0.388955,unrelated
S98,S343,ColomaBonus4-2019,OkrayPFWiper-2019,0,1845627,3596464,7184607,7375799,-0.367249,unrelated
S98,S344,ColomaBonus4-2019,OkrayPFWiper-2019,0,1910533,3776479,7184607,7302502,-0.389479,unrelated
S98,S354,ColomaBonus4-2019,PloverBrikalskiPats-2019,0,1868149,3587902,7184607,7677084,-0.357137,unrelated
S98,S355,ColomaBonus4-2019,PloverBrikalskiPats-2019,0,1967996,3505445,7184607,7759982,-0.337439,unrelated
S98,S356,ColomaBonus4-2019,PloverBrikalskiPats-2019,0,1986155,3670661,7184607,7738582,-0.358849,unrelated
S98,S357,ColomaBonus4-2019,PloverBrikalskiPats-2019,0,1997336,3488049,7184607,7682544,-0.334883,unrelated
S98,S358,ColomaBonus4-2019,PloverBrikalskiPats-2019,0,2069952,3579908,7184607,7701638,-0.341917,unrelated
S98,S359,ColomaBonus4-2019,PloverBrikalskiPats-2019,0,1989153,3582812,7184607,7899720,-0.343169,unrelated
S98,S360,ColomaBonus4-2019,PloverBrikalskiPats-2019,0,1953217,3433450,7184607,7905479,-0.325623,unrelated
S98,S378,ColomaBonus4-2019,PloverDaveBrSE-2019,0,1923403,3543078,7184607,7709061,-0.346641,unrelated
S98,S379,ColomaBonus4-2019,PloverDaveBrSE-2019,0,2052065,3669694,7184607,7674181,-0.355838,unrelated
S98,S380,ColomaBonus4-2019,PloverDaveBrSE-2019,0,2013791,3649629,7184607,7619782,-0.357020,unrelated
S98,S381,ColomaBonus4-2019,PloverDaveBrSE-2019,0,1957929,3743028,7184607,7357228,-0.380153,unrelated
S98,S382,ColomaBonus4-2019,PloverDaveBrSE-2019,0,1881520,3587031,7184607,7450016,-0.361645,unrelated
S98,S383,ColomaBonus4-2019,PloverDaveBrSE-2019,0,2070842,3472326,7184607,8100805,-0.318854,unrelated
S98,S384,ColomaBonus4-2019,PloverDaveBrSE-2019,0,2165039,3409313,7184607,8223535,-0.302021,unrelated
S98,S402,ColomaBonus4-2019,Wysocki1129-2019,0,1981052,3658795,7184607,7525165,-0.362789,unrelated
S98,S403,ColomaBonus4-2019,Wysocki1129-2019,0,2033354,3554579,7184607,7520277,-0.345178,unrelated
S98,S404,ColomaBonus4-2019,Wysocki1129-2019,0,2086258,3453088,7184607,7928168,-0.318930,unrelated
S98,S405,ColomaBonus4-2019,Wysocki1129-2019,0,1986686,3486235,7184607,7761893,-0.333575,unrelated
S98,S406,ColomaBonus4-2019,Wysocki1129-2019,0,1975926,3492073,7184607,7786192,-0.334533,unrelated
S98,S407,ColomaBonus4-2019,Wysocki1129-2019,0,1982963,3589166,7184607,7717071,-0.348643,unrelated
S98,S408,ColomaBonus4-2019,Wysocki1129-2019,0,2020093,3455018,7184607,7724063,-0.327993,unrelated
S98,S426,ColomaBonus4-2019,Wysocki438-2019,0,1954848,3586857,7184607,7847102,-0.347190,unrelated
S98,S427,ColomaBonus4-2019,Wysocki438-2019,0,1979444,3492798,7184607,7598529,-0.338639,unrelated
S98,S428,ColomaBonus4-2019,Wysocki438-2019,0,1833416,3806599,7184607,7402753,-0.396219,unrelated
S98,S429,ColomaBonus4-2019,Wysocki438-2019,0,1958068,3626133,7184607,7685399,-0.356032,unrelated
S98,S430,ColomaBonus4-2019,Wysocki438-2019,0,1924747,3525968,7184607,7738169,-0.343581,unrelated
S98,S431,ColomaBonus4-2019,Wysocki438-2019,0,1891728,3677207,7184607,7367342,-0.375392,unrelated
S98,S432,ColomaBonus4-2019,Wysocki438-2019,0,1891100,3617151,7184607,7526561,-0.363207,unrelated
S98,S450,ColomaBonus4-2019,Wysocki563-2019,0,1952736,3681987,7184607,7734101,-0.362715,unrelated
S98,S451,ColomaBonus4-2019,Wysocki563-2019,0,1904960,3669833,7184607,7226898,-0.377109,unrelated
S98,S452,ColomaBonus4-2019,Wysocki563-2019,0,1996594,3524179,7184607,7917168,-0.334515,unrelated
S98,S453,ColomaBonus4-2019,Wysocki563-2019,0,1863876,3844466,7184607,7210686,-0.404650,unrelated
S98,S454,ColomaBonus4-2019,Wysocki563-2019,0,1869702,3562312,7184607,7408884,-0.360087,unrelated
S98,S455,ColomaBonus4-2019,Wysocki563-2019,0,1882008,3492638,7184607,7450078,-0.348710,unrelated
S98,S456,ColomaBonus4-2019,Wysocki563-2019,0,1883533,3836266,7184607,7202383,-0.402377,unrelated
S98,S458,ColomaBonus4-2019,Wysocki570-2019,0,1923928,3510948,7184607,7453203,-0.348274,unrelated
S98,S459,ColomaBonus4-2019,Wysocki570-2019,0,1909201,3537387,7184607,7810498,-0.344484,unrelated
S98,S460,ColomaBonus4-2019,Wysocki570-2019,0,1873263,3571793,7184607,7316303,-0.363448,unrelated
S98,S461,ColomaBonus4-2019,Wysocki570-2019,0,1915954,3476973,7184607,7396301,-0.345520,unrelated
S98,S462,ColomaBonus4-2019,Wysocki570-2019,0,1937550,3546427,7184607,7560523,-0.349628,unrelated
S98,S463,ColomaBonus4-2019,Wysocki570-2019,0,1891081,3473788,7184607,7366427,-0.347501,unrelated
S98,S464,ColomaBonus4-2019,Wysocki570-2019,0,1895238,3748632,7184607,7360662,-0.385144,unrelated
S99,S101,ColomaBonus4-2019,ColomaBonus-2019,0,1916789,3706561,7162781,7446230,-0.376229,unrelated
S99,S102,ColomaBonus4-2019,ColomaBonus-2019,0,1908143,3662063,7162781,7157304,-0.378209,unrelated
S99,S103,ColomaBonus4-2019,ColomaBonus-2019,0,2001166,3576792,7162781,7993686,-0.339948,unrelated
S99,S104,ColomaBonus4-2019,ColomaBonus-2019,0,2184299,3200298,7162781,8432743,-0.270353,unrelated
S99,S105,ColomaBonus4-2019,ColomaBonus-2019,0,1943120,3484882,7162781,7922986,-0.333204,unrelated
S99,S106,ColomaBonus4-2019,ColomaBonus-2019,0,1866298,3615977,7162781,7305326,-0.370861,unrelated
S99,S107,ColomaBonus4-2019,ColomaBonus-2019,0,1962517,3473564,7162781,7641841,-0.336693,unrelated
S99,S125,ColomaBonus4-2019,ColomaLyons-2019,0,2022894,3349010,7162781,8018900,-0.307945,unrelated
S99,S126,ColomaBonus4-2019,ColomaLyons-2019,0,1980912,3390511,7162781,7690253,-0.323174,unrelated
S99,S127,ColomaBonus4-2019,ColomaLyons-2019,0,1889188,3574150,7162781,7481050,-0.359135,unrelated
S99,S128,ColomaBonus4-2019,ColomaLyons-2019,0,1932414,3705684,7162781,7740149,-0.367643,unrelated
S99,S129,ColomaBonus4-2019,ColomaLyons-2019,0,1966362,3507168,7162781,7617129,-0.341543,unrelated
S99,S130,ColomaBonus4-2019,ColomaLyons-2019,0,1992411,3593733,7162781,7474077,-0.354930,unrelated
S99,S131,ColomaBonus4-2019,ColomaLyons-2019,0,1960936,3588232,7162781,7362681,-0.359061,unrelated
S99,S139,ColomaBonus4-2019,XMASBig-2019,0,1898765,3460943,7162781,7410585,-0.344678,unrelated
S99,S140,ColomaBonus4-2019,XMASBig-2019,0,1973415,3450453,7162781,7814276,-0.329003,unrelated
S99,S141,ColomaBonus4-2019,XMASBig-2019,0,1932259,3572693,7162781,7717407,-0.350340,unrelated
S99,S142,ColomaBonus4-2019,XMASBig-2019,0,2075214,3398730,7162781,7766337,-0.316311,unrelated
S99,S143,ColomaBonus4-2019,XMASBig-2019,0,1801809,3614276,7162781,7252463,-0.376459,unrelated
S99,S159,ColomaBonus4-2019,OkrayGarrisonNE-2019,0,1925289,3676785,7162781,7368400,-0.373561,unrelated
S99,S160,ColomaBonus4-2019,OkrayGarrisonNE-2019,0,1925582,3672372,7162781,7290941,-0.374932,unrelated
S99,S161,ColomaBonus4-2019,OkrayGarrisonNE-2019,0,1883216,3521258,7162781,7377502,-0.354828,unrelated
S99,S162,ColomaBonus4-2019,OkrayGarrisonNE-2019,0,1990727,3523150,7162781,7785671,-0.338200,unrelated
S99,S163,ColomaBonus4-2019,OkrayGarrisonNE-2019,0,1985149,3476779,7162781,7709788,-0.334065,unrelated
S99,S164,ColomaBonus4-2019,OkrayGarrisonNE-2019,0,1966870,3473652,7162781,7689846,-0.335323,unrelated
S99,S165,ColomaBonus4-2019,OkrayGarrisonNE-2019,0,1942181,3574581,7162781,7611186,-0.352443,unrelated
S99,S296,ColomaBonus4-2019,OkrayRobacks-2019,0,1970166,3436186,7162781,7691850,-0.330012,unrelated
S99,S297,ColomaBonus4-2019,OkrayRobacks-2019,0,1930608,3694353,7162781,7677694,-0.367785,unrelated
S99,S298,ColomaBonus4-2019,OkrayRobacks-2019,0,1957794,3530898,7162781,7378291,-0.351006,unrelated
S99,S299,ColomaBonus4-2019,OkrayRobacks-2019,0,1902749,3528476,7162781,7556994,-0.350155,unrelated
S99,S300,ColomaBonus4-2019,OkrayRobacks-2019,0,1902343,3445335,7162781,7420867,-0.342049,unrelated
S99,S301,ColomaBonus4-2019,OkrayRobacks-2019,0,1987625,3385222,7162781,8080920,-0.313757,unrelated
S99,S302,ColomaBonus4-2019,OkrayRobacks-2019,0,2205880,3128702,7162781,8536700,-0.258067,unrelated
S99,S304,ColomaBonus4-2019,OkrayGrosheks40-2019,0,1790198,3614570,7162781,7154938,-0.379875,unrelated
S99,S305,ColomaBonus4-2019,OkrayGrosheks40-2019,0,2086720,3390676,7162781,7779665,-0.314181,unrelated
S99,S306,ColomaBonus4-2019,OkrayGrosheks40-2019,0,2935821,2346365,7162781,11601524,-0.093630,unrelated
S99,S307,ColomaBonus4-2019,OkrayGrosheks40-2019,0,1924159,3504061,7162781,7144597,-0.355339,unrelated
S99,S308,ColomaBonus4-2019,OkrayGrosheks40-2019,0,1980709,3456674,7162781,7750273,-0.330760,unrelated
S99,S309,ColomaBonus4-2019,OkrayGrosheks40-2019,0,1850251,3473618,7162781,7235130,-0.354009,unrelated
S99,S310,ColomaBonus4-2019,OkrayGrosheks40-2019,0,1901199,3528980,7162781,7262608,-0.357478,unrelated
S99,S340,ColomaBonus4-2019,OkrayPFWiper-2019,0,1968403,3461530,7162781,7619222,-0.335182,unrelated
S99,S341,ColomaBonus4-2019,OkrayPFWiper-2019,0,1856718,3662692,7162781,7557563,-0.371504,unrelated
S99,S342,ColomaBonus4-2019,OkrayPFWiper-2019,0,1778935,3625650,7162781,7043704,-0.385202,unrelated
S99,S343,ColomaBonus4-2019,OkrayPFWiper-2019,0,1869027,3502640,7162781,7375799,-0.353284,unrelated
S99,S344,ColomaBonus4-2019,OkrayPFWiper-2019,0,1851992,3772128,7162781,7302502,-0.393512,unrelated
S99,S354,ColomaBonus4-2019,PloverBrikalskiPats-2019,0,1915855,3609930,7162781,7677084,-0.357416,unrelated
S99,S355,ColomaBonus4-2019,PloverBrikalskiPats-2019,0,1955324,3566170,7162781,7759982,-0.346921,unrelated
S99,S356,ColomaBonus4-2019,PloverBrikalskiPats-2019,0,2003132,3628016,7162781,7738582,-0.352511,unrelated
S99,S357,ColomaBonus4-2019,PloverBrikalskiPats-2019,0,1959818,3469546,7162781,7682544,-0.335410,unrelated
S99,S358,ColomaBonus4-2019,PloverBrikalskiPats-2019,0,2044809,3504586,7162781,7701638,-0.333976,unrelated
S99,S359,ColomaBonus4-2019,PloverBrikalskiPats-2019,0,1977537,3537691,7162781,7899720,-0.338446,unrelated
S99,S360,ColomaBonus4-2019,PloverBrikalskiPats-2019,0,1944967,3446740,7162781,7905479,-0.328406,unrelated
S99,S378,ColomaBonus4-2019,PloverDaveBrSE-2019,0,1914428,3583559,7162781,7709061,-0.353197,unrelated
S99,S379,ColomaBonus4-2019,PloverDaveBrSE-2019,0,2051232,3579843,7162781,7674181,-0.344306,unrelated
S99,S380,ColomaBonus4-2019,PloverDaveBrSE-2019,0,2013379,3588040,7162781,7619782,-0.349243,unrelated
S99,S381,ColomaBonus4-2019,PloverDaveBrSE-2019,0,1883621,3754081,7162781,7357228,-0.387365,unrelated
S99,S382,ColomaBonus4-2019,PloverDaveBrSE-2019,0,1896068,3542022,7162781,7450016,-0.355030,unrelated
S99,S383,ColomaBonus4-2019,PloverDaveBrSE-2019,0,2040735,3429696,7162781,8100805,-0.315696,unrelated
S99,S384,ColomaBonus4-2019,PloverDaveBrSE-2019,0,2131036,3391404,7162781,8223535,-0.302332,unrelated
S99,S402,ColomaBonus4-2019,Wysocki1129-2019,0,1969010,3653201,7162781,7525165,-0.363386,unrelated
S99,S403,ColomaBonus4-2019,Wysocki1129-2019,0,1986624,3620449,7162781,7520277,-0.357846,unrelated
S99,S404,ColomaBonus4-2019,Wysocki1129-2019,0,2003604,3460175,7162781,7928168,-0.325808,unrelated
S99,S405,ColomaBonus4-2019,Wysocki1129-2019,0,2000570,3386765,7162781,7761893,-0.319803,unrelated
S99,S406,ColomaBonus4-2019,Wysocki1129-2019,0,1982048,3455474,7162781,7786192,-0.329715,unrelated
S99,S407,ColomaBonus4-2019,Wysocki1129-2019,0,1969240,3514197,7162781,7717071,-0.340000,unrelated
S99,S408,ColomaBonus4-2019,Wysocki1129-2019,0,1961554,3505404,7162781,7724063,-0.339176,unrelated
S99,S426,ColomaBonus4-2019,Wysocki438-2019,0,1936001,3445742,7162781,7847102,-0.330148,unrelated
S99,S427,ColomaBonus4-2019,Wysocki438-2019,0,1941355,3414626,7162781,7598529,-0.331129,unrelated
S99,S428,ColomaBonus4-2019,Wysocki438-2019,0,1860935,3789111,7162781,7402753,-0.392522,unrelated
S99,S429,ColomaBonus4-2019,Wysocki438-2019,0,1939398,3587949,7162781,7685399,-0.352669,unrelated
S99,S430,ColomaBonus4-2019,Wysocki438-2019,0,1940583,3486868,7162781,7738169,-0.337774,unrelated
S99,S431,ColomaBonus4-2019,Wysocki438-2019,0,1924978,3555595,7162781,7367342,-0.356928,unrelated
S99,S432,ColomaBonus4-2019,Wysocki438-2019,0,1937625,3516830,7162781,7526561,-0.346921,unrelated
S99,S450,ColomaBonus4-2019,Wysocki563-2019,0,1925521,3684781,7162781,7734101,-0.365448,unrelated
S99,S451,ColomaBonus4-2019,Wysocki563-2019,0,1922480,3590245,7162781,7226898,-0.365401,unrelated
S99,S452,ColomaBonus4-2019,Wysocki563-2019,0,1994195,3440162,7162781,7917168,-0.324015,unrelated
S99,S453,ColomaBonus4-2019,Wysocki563-2019,0,1875161,3760862,7162781,7210686,-0.392846,unrelated
S99,S454,ColomaBonus4-2019,Wysocki563-2019,0,1890355,3441479,7162781,7408884,-0.342624,unrelated
S99,S455,ColomaBonus4-2019,Wysocki563-2019,0,1873172,3407003,7162781,7450078,-0.338115,unrelated
S99,S456,ColomaBonus4-2019,Wysocki563-2019,0,1881455,3743949,7162781,7202383,-0.390280,unrelated
S99,S458,ColomaBonus4-2019,Wysocki570-2019,0,1904558,3560853,7162781,7453203,-0.356948,unrelated
S99,S459,ColomaBonus4-2019,Wysocki570-2019,0,1967648,3337635,7162781,7810498,-0.314402,unrelated
S99,S460,ColomaBonus4-2019,Wysocki570-2019,0,1857441,3512826,7162781,7316303,-0.356943,unrelated
S99,S461,ColomaBonus4-2019,Wysocki570-2019,0,1913427,3446203,7162781,7396301,-0.341984,unrelated
S99,S462,ColomaBonus4-2019,Wysocki570-2019,0,1918761,3482437,7162781,7560523,-0.342730,unrelated
S99,S463,ColomaBonus4-2019,Wysocki570-2019,0,1852342,3451242,7162781,7366427,-0.347585,unrelated
S99,S464,ColomaBonus4-2019,Wysocki570-2019,0,1846699,3776630,7162781,7360662,-0.392921,unrelated
S101,S102,ColomaBonus-2019,ColomaBonus-2019,1,1915845,3763123,7446230,7157304,-0.384181,unrelated
S101,S103,ColomaBonus-2019,ColomaBonus-2019,1,2100612,3468560,7446230,7993686,-0.313247,unrelated
S101,S104,ColomaBonus-2019,ColomaBonus-2019,1,2153820,3371773,7446230,8432743,-0.289044,unrelated
S101,S105,ColomaBonus-2019,ColomaBonus-2019,1,2092415,3504613,7446230,7922986,-0.319913,unrelated
S101,S106,ColomaBonus-2019,ColomaBonus-2019,1,1868186,3599354,7446230,7305326,-0.361353,unrelated
S101,S107,ColomaBonus-2019,ColomaBonus-2019,1,1973821,3556752,7446230,7641841,-0.340645,unrelated
S101,S125,ColomaBonus-2019,ColomaLyons-2019,0,2140674,3363925,7446230,8018900,-0.296614,unrelated
S101,S126,ColomaBonus-2019,ColomaLyons-2019,0,1997809,3494848,7446230,7690253,-0.329792,unrelated
S101,S127,ColomaBonus-2019,ColomaLyons-2019,0,1972807,3557838,7446230,7481050,-0.344528,unrelated
S101,S128,ColomaBonus-2019,ColomaLyons-2019,0,2056926,3470736,7446230,7740149,-0.321640,unrelated
S101,S129,ColomaBonus-2019,ColomaLyons-2019,0,1966483,3506836,7446230,7617129,-0.335064,unrelated
S101,S130,ColomaBonus-2019,ColomaLyons-2019,0,2030016,3667476,7446230,7474077,-0.355551,unrelated
S101,S131,ColomaBonus-2019,ColomaLyons-2019,0,1990748,3719917,7446230,7362681,-0.367960,unrelated
S101,S139,ColomaBonus-2019,XMASBig-2019,0,1900314,3511681,7446230,7410585,-0.344828,unrelated
S101,S140,ColomaBonus-2019,XMASBig-2019,0,2049276,3485504,7446230,7814276,-0.322514,unrelated
S101,S141,ColomaBonus-2019,XMASBig-2019,0,1989829,3455098,7446230,7717407,-0.324485,unrelated
S101,S142,ColomaBonus-2019,XMASBig-2019,0,2095360,3587080,7446230,7766337,-0.333856,unrelated
S101,S143,ColomaBonus-2019,XMASBig-2019,0,1853500,3549999,7446230,7252463,-0.356936,unrelated
S101,S159,ColomaBonus-2019,OkrayGarrisonNE-2019,0,1946809,3660507,7446230,7368400,-0.362763,unrelated
S101,S160,ColomaBonus-2019,OkrayGarrisonNE-2019,0,1923327,3689867,7446230,7290941,-0.370248,unrelated
S101,S161,ColomaBonus-2019,OkrayGarrisonNE-2019,0,1914850,3604910,7446230,7377502,-0.357195,unrelated
S101,S162,ColomaBonus-2019,OkrayGarrisonNE-2019,0,1987592,3513381,7446230,7785671,-0.330830,unrelated
S101,S163,ColomaBonus-2019,OkrayGarrisonNE-2019,0,1998552,3522090,7446230,7709788,-0.332913,unrelated
S101,S164,ColomaBonus-2019,OkrayGarrisonNE-2019,0,2025805,3459892,7446230,7689846,-0.323332,unrelated
S101,S165,ColomaBonus-2019,OkrayGarrisonNE-2019,0,1985631,3493014,7446230,7611186,-0.332089,unrelated
S101,S296,ColomaBonus-2019,OkrayRobacks-2019,0,1951413,3427978,7446230,7691850,-0.323987,unrelated
S101,S297,ColomaBonus-2019,OkrayRobacks-2019,0,1981816,3465862,7446230,7677694,-0.327290,unrelated
S101,S298,ColomaBonus-2019,OkrayRobacks-2019,0,1951081,3618563,7446230,7378291,-0.356574,unrelated
S101,S299,ColomaBonus-2019,OkrayRobacks-2019,0,1921714,3498113,7446230,7556994,-0.338228,unrelated
S101,S300,ColomaBonus-2019,OkrayRobacks-2019,0,1892948,3491228,7446230,7420867,-0.342334,unrelated
S101,S301,ColomaBonus-2019,OkrayRobacks-2019,0,2136466,3456509,7446230,8080920,-0.307626,unrelated
S101,S302,ColomaBonus-2019,OkrayRobacks-2019,0,2203938,3278914,7446230,8536700,-0.272409,unrelated
S101,S304,ColomaBonus-2019,OkrayGrosheks40-2019,0,1795290,3508281,7446230,7154938,-0.357593,unrelated
S101,S305,ColomaBonus-2019,OkrayGrosheks40-2019,0,2091908,3496269,7446230,7779665,-0.321862,unrelated
S101,S306,ColomaBonus-2019,OkrayGrosheks40-2019,0,2966424,2432166,7446230,11601524,-0.099639,unrelated
S101,S307,ColomaBonus-2019,OkrayGrosheks40-2019,0,1884683,3629193,7446230,7144597,-0.368293,unrelated
S101,S308,ColomaBonus-2019,OkrayGrosheks40-2019,0,1991029,3404839,7446230,7750273,-0.317089,unrelated
S101,S309,ColomaBonus-2019,OkrayGrosheks40-2019,0,1817004,3525838,7446230,7235130,-0.356552,unrelated
S101,S310,ColomaBonus-2019,OkrayGrosheks40-2019,0,1950254,3601947,7446230,7262608,-0.357176,unrelated
S101,S340,ColomaBonus-2019,OkrayPFWiper-2019,0,2001815,3575791,7446230,7619222,-0.341826,unrelated
S101,S341,ColomaBonus-2019,OkrayPFWiper-2019,0,2038616,3556704,7446230,7557563,-0.338234,unrelated
S101,S342,ColomaBonus-2019,OkrayPFWiper-2019,0,1820249,3701904,7446230,7043704,-0.385341,unrelated
S101,S343,ColomaBonus-2019,OkrayPFWiper-2019,0,1873863,3652438,7446230,7375799,-0.366415,unrelated
S101,S344,ColomaBonus-2019,OkrayPFWiper-2019,0,2014157,3768387,7446230,7302502,-0.374447,unrelated
S101,S354,ColomaBonus-2019,PloverBrikalskiPats-2019,0,2025567,3523777,7446230,7677084,-0.332069,unrelated
S101,S355,ColomaBonus-2019,PloverBrikalskiPats-2019,0,1985494,3476629,7446230,7759982,-0.326693,unrelated
S101,S356,ColomaBonus-2019,PloverBrikalskiPats-2019,0,2128727,3519943,7446230,7738582,-0.323426,unrelated
S101,S357,ColomaBonus-2019,PloverBrikalskiPats-2019,0,1995006,3474798,7446230,7682544,-0.327494,unrelated
S101,S358,ColomaBonus-2019,PloverBrikalskiPats-2019,0,2079533,3585555,7446230,7701638,-0.336125,unrelated
S101,S359,ColomaBonus-2019,PloverBrikalskiPats-2019,0,2131757,3511983,7446230,7899720,-0.318795,unrelated
S101,S360,ColomaBonus-2019,PloverBrikalskiPats-2019,0,2089255,3449759,7446230,7905479,-0.313337,unrelated
S101,S378,ColomaBonus-2019,PloverDaveBrSE-2019,0,2006330,3583935,7446230,7709061,-0.340577,unrelated
S101,S379,ColomaBonus-2019,PloverDaveBrSE-2019,0,2060708,3636293,7446230,7674181,-0.344692,unrelated
S101,S380,ColomaBonus-2019,PloverDaveBrSE-2019,0,2031587,3623833,7446230,7619782,-0.346215,unrelated
S101,S381,ColomaBonus-2019,PloverDaveBrSE-2019,0,2041108,3740865,7446230,7357228,-0.367524,unrelated
S101,S382,ColomaBonus-2019,PloverDaveBrSE-2019,0,1894983,3600308,7446230,7450016,-0.356172,unrelated
S101,S383,ColomaBonus-2019,PloverDaveBrSE-2019,0,2164194,3414011,7446230,8100805,-0.299982,unrelated
S101,S384,ColomaBonus-2019,PloverDaveBrSE-2019,0,2145087,3409944,7446230,8223535,-0.298333,unrelated
S101,S402,ColomaBonus-2019,Wysocki1129-2019,0,2004661,3603675,7446230,7525165,-0.347509,unrelated
S101,S403,ColomaBonus-2019,Wysocki1129-2019,0,2030416,3619480,7446230,7520277,-0.348013,unrelated
S101,S404,ColomaBonus-2019,Wysocki1129-2019,0,2060536,3459772,7446230,7928168,-0.316045,unrelated
S101,S405,ColomaBonus-2019,Wysocki1129-2019,0,1986314,3493607,7446230,7761893,-0.328831,unrelated
S101,S406,ColomaBonus-2019,Wysocki1129-2019,0,2013324,3443988,7446230,7786192,-0.320018,unrelated
S101,S407,ColomaBonus-2019,Wysocki1129-2019,0,1995355,3526563,7446230,7717071,-0.333553,unrelated
S101,S408,ColomaBonus-2019,Wysocki1129-2019,0,2015949,3503140,7446230,7724063,-0.328954,unrelated
S101,S426,ColomaBonus-2019,Wysocki438-2019,0,2079889,3552417,7446230,7847102,-0.328571,unrelated
S101,S427,ColomaBonus-2019,Wysocki438-2019,0,2040363,3570766,7446230,7598529,-0.339066,unrelated
S101,S428,ColomaBonus-2019,Wysocki438-2019,0,1919887,3606208,7446230,7402753,-0.356424,unrelated
S101,S429,ColomaBonus-2019,Wysocki438-2019,0,2059462,3493152,7446230,7685399,-0.325599,unrelated
S101,S430,ColomaBonus-2019,Wysocki438-2019,0,2026112,3553872,7446230,7738169,-0.334661,unrelated
S101,S431,ColomaBonus-2019,Wysocki438-2019,0,1909800,3623270,7446230,7367342,-0.360260,unrelated
S101,S432,ColomaBonus-2019,Wysocki438-2019,0,1920518,3528324,7446230,7526561,-0.343031,unrelated
S101,S450,ColomaBonus-2019,Wysocki563-2019,0,2046156,3503693,7446230,7734101,-0.326820,unrelated
S101,S451,ColomaBonus-2019,Wysocki563-2019,0,1913313,3663611,7446230,7226898,-0.368968,unrelated
S101,S452,ColomaBonus-2019,Wysocki563-2019,0,2189251,3442425,7446230,7917168,-0.305635,unrelated
S101,S453,ColomaBonus-2019,Wysocki563-2019,0,1929149,3684414,7446230,7210686,-0.371134,unrelated
S101,S454,ColomaBonus-2019,Wysocki563-2019,0,1888755,3510173,7446230,7408884,-0.345443,unrelated
S101,S455,ColomaBonus-2019,Wysocki563-2019,0,1922199,3464864,7446230,7450078,-0.336159,unrelated
S101,S456,ColomaBonus-2019,Wysocki563-2019,0,1950050,3645047,7446230,7202383,-0.364543,unrelated
S101,S458,ColomaBonus-2019,Wysocki570-2019,0,1890580,3543148,7446230,7453203,-0.348719,unrelated
S101,S459,ColomaBonus-2019,Wysocki570-2019,0,2059299,3503314,7446230,7810498,-0.324272,unrelated
S101,S460,ColomaBonus-2019,Wysocki570-2019,0,1864134,3585195,7446230,7316303,-0.359441,unrelated
S101,S461,ColomaBonus-2019,Wysocki570-2019,0,1862884,3602380,7446230,7396301,-0.359903,unrelated
S101,S462,ColomaBonus-2019,Wysocki570-2019,0,1923097,3529714,7446230,7560523,-0.342268,unrelated
S101,S463,ColomaBonus-2019,Wysocki570-2019,0,1987007,3534838,7446230,7366427,-0.343130,unrelated
S101,S464,ColomaBonus-2019,Wysocki570-2019,0,1911868,3580075,7446230,7360662,-0.354449,unrelated
S102,S103,ColomaBonus-2019,ColomaBonus-2019,1,2017574,3616689,7157304,7993686,-0.344255,unrelated
S102,S104,ColomaBonus-2019,ColomaBonus-2019,1,2123334,3346298,7157304,8432743,-0.293088,unrelated
S102,S105,ColomaBonus-2019,ColomaBonus-2019,1,1946492,3506721,7157304,7922986,-0.335998,unrelated
S102,S106,ColomaBonus-2019,ColomaBonus-2019,1,1838095,3680691,7157304,7305326,-0.381901,unrelated
S102,S107,ColomaBonus-2019,ColomaBonus-2019,1,1943745,3478070,7157304,7641841,-0.338695,unrelated
S102,S125,ColomaBonus-2019,ColomaLyons-2019,0,1988015,3456741,7157304,8018900,-0.324552,unrelated
S102,S126,ColomaBonus-2019,ColomaLyons-2019,0,1949672,3503727,7157304,7690253,-0.340647,unrelated
S102,S127,ColomaBonus-2019,ColomaLyons-2019,0,1920212,3584261,7157304,7481050,-0.358531,unrelated
S102,S128,ColomaBonus-2019,ColomaLyons-2019,0,1921357,3760542,7157304,7740149,-0.375885,unrelated
S102,S129,ColomaBonus-2019,ColomaLyons-2019,0,1975841,3510442,7157304,7617129,-0.341471,unrelated
S102,S130,ColomaBonus-2019,ColomaLyons-2019,0,1975891,3738499,7157304,7474077,-0.375980,unrelated
S102,S131,ColomaBonus-2019,ColomaLyons-2019,0,1967964,3641086,7157304,7362681,-0.365993,unrelated
S102,S139,ColomaBonus-2019,XMASBig-2019,0,1858314,3668947,7157304,7410585,-0.376141,unrelated
S102,S140,ColomaBonus-2019,XMASBig-2019,0,1968040,3527056,7157304,7814276,-0.339715,unrelated
S102,S141,ColomaBonus-2019,XMASBig-2019,0,1961100,3525766,7157304,7717407,-0.342221,unrelated
S102,S142,ColomaBonus-2019,XMASBig-2019,0,2053552,3671551,7157304,7766337,-0.354441,unrelated
S102,S143,ColomaBonus-2019,XMASBig-2019,0,1797990,3696029,7157304,7252463,-0.388214,unrelated
S102,S159,ColomaBonus-2019,OkrayGarrisonNE-2019,0,1903617,3678270,7157304,7368400,-0.375398,unrelated
S102,S160,ColomaBonus-2019,OkrayGarrisonNE-2019,0,1927050,3654166,7157304,7290941,-0.372452,unrelated
S102,S161,ColomaBonus-2019,OkrayGarrisonNE-2019,0,1887676,3595231,7157304,7377502,-0.364834,unrelated
S102,S162,ColomaBonus-2019,OkrayGarrisonNE-2019,0,1976001,3552098,7157304,7785671,-0.343184,unrelated
S102,S163,ColomaBonus-2019,OkrayGarrisonNE-2019,0,1972659,3498431,7157304,7709788,-0.337941,unrelated
S102,S164,ColomaBonus-2019,OkrayGarrisonNE-2019,0,1963810,3486860,7157304,7689846,-0.337432,unrelated
S102,S165,ColomaBonus-2019,OkrayGarrisonNE-2019,0,1974281,3542962,7157304,7611186,-0.346118,unrelated
S102,S296,ColomaBonus-2019,OkrayRobacks-2019,0,1929645,3549572,7157304,7691850,-0.348134,unrelated
S102,S297,ColomaBonus-2019,OkrayRobacks-2019,0,1869817,3786240,7157304,7677694,-0.384406,unrelated
S102,S298,ColomaBonus-2019,OkrayRobacks-2019,0,1940786,3618391,7157304,7378291,-0.364347,unrelated
S102,S299,ColomaBonus-2019,OkrayRobacks-2019,0,1888119,3627779,7157304,7556994,-0.364777,unrelated
S102,S300,ColomaBonus-2019,OkrayRobacks-2019,0,1907910,3484928,7157304,7420867,-0.347228,unrelated
S102,S301,ColomaBonus-2019,OkrayRobacks-2019,0,2013725,3460886,7157304,8080920,-0.322088,unrelated
S102,S302,ColomaBonus-2019,OkrayRobacks-2019,0,2205024,3160262,7157304,8536700,-0.262234,unrelated
S102,S304,ColomaBonus-2019,OkrayGrosheks40-2019,0,1765540,3702412,7157304,7154938,-0.394018,unrelated
S102,S305,ColomaBonus-2019,OkrayGrosheks40-2019,0,2066314,3464305,7157304,7779665,-0.325521,unrelated
S102,S306,ColomaBonus-2019,OkrayGrosheks40-2019,0,2890215,2419447,7157304,11601524,-0.103881,unrelated
S102,S307,ColomaBonus-2019,OkrayGrosheks40-2019,0,1900180,3609643,7157304,7144597,-0.371916,unrelated
S102,S308,ColomaBonus-2019,OkrayGrosheks40-2019,0,1963559,3471849,7157304,7750273,-0.334068,unrelated
S102,S309,ColomaBonus-2019,OkrayGrosheks40-2019,0,1816270,3568817,7157304,7235130,-0.369733,unrelated
S102,S310,ColomaBonus-2019,OkrayGrosheks40-2019,0,1897390,3645434,7157304,7262608,-0.374030,unrelated
S102,S340,ColomaBonus-2019,OkrayPFWiper-2019,0,1953728,3584055,7157304,7619222,-0.352883,unrelated
S102,S341,ColomaBonus-2019,OkrayPFWiper-2019,0,1876967,3694066,7157304,7557563,-0.374530,unrelated
S102,S342,ColomaBonus-2019,OkrayPFWiper-2019,0,1774851,3678930,7157304,7043704,-0.393142,unrelated
S102,S343,ColomaBonus-2019,OkrayPFWiper-2019,0,1852215,3652896,7157304,7375799,-0.375252,unrelated
S102,S344,ColomaBonus-2019,OkrayPFWiper-2019,0,1868034,3819868,7157304,7302502,-0.399155,unrelated
S102,S354,ColomaBonus-2019,PloverBrikalskiPats-2019,0,1900745,3674232,7157304,7677084,-0.367236,unrelated
S102,S355,ColomaBonus-2019,PloverBrikalskiPats-2019,0,1969380,3585029,7157304,7759982,-0.348634,unrelated
S102,S356,ColomaBonus-2019,PloverBrikalskiPats-2019,0,1953037,3817603,7157304,7738582,-0.381459,unrelated
S102,S357,ColomaBonus-2019,PloverBrikalskiPats-2019,0,1991037,3443018,7157304,7682544,-0.329855,unrelated
S102,S358,ColomaBonus-2019,PloverBrikalskiPats-2019,0,2032885,3631140,7157304,7701638,-0.351936,unrelated
S102,S359,ColomaBonus-2019,PloverBrikalskiPats-2019,0,1959779,3614067,7157304,7899720,-0.349894,unrelated
S102,S360,ColomaBonus-2019,PloverBrikalskiPats-2019,0,1921066,3590398,7157304,7905479,-0.349187,unrelated
S102,S378,ColomaBonus-2019,PloverDaveBrSE-2019,0,1932735,3541773,7157304,7709061,-0.346474,unrelated
S102,S379,ColomaBonus-2019,PloverDaveBrSE-2019,0,2006190,3672440,7157304,7674181,-0.359957,unrelated
S102,S380,ColomaBonus-2019,PloverDaveBrSE-2019,0,1988042,3698782,7157304,7619782,-0.366075,unrelated
S102,S381,ColomaBonus-2019,PloverDaveBrSE-2019,0,1890981,3831148,7157304,7357228,-0.397623,unrelated
S102,S382,ColomaBonus-2019,PloverDaveBrSE-2019,0,1903195,3594051,7157304,7450016,-0.361799,unrelated
S102,S383,ColomaBonus-2019,PloverDaveBrSE-2019,0,2021638,3516018,7157304,8100805,-0.328376,unrelated
S102,S384,ColomaBonus-2019,PloverDaveBrSE-2019,0,2064354,3435475,7157304,8223535,-0.312505,unrelated
S102,S402,ColomaBonus-2019,Wysocki1129-2019,0,1957660,3744661,7157304,7525165,-0.376753,unrelated
S102,S403,ColomaBonus-2019,Wysocki1129-2019,0,2000193,3685905,7157304,7520277,-0.365974,unrelated
S102,S404,ColomaBonus-2019,Wysocki1129-2019,0,2041028,3502956,7157304,7928168,-0.329117,unrelated
S102,S405,ColomaBonus-2019,Wysocki1129-2019,0,1968328,3536397,7157304,7761893,-0.342141,unrelated
S102,S406,ColomaBonus-2019,Wysocki1129-2019,0,1973919,3481643,7157304,7786192,-0.333882,unrelated
S102,S407,ColomaBonus-2019,Wysocki1129-2019,0,1945255,3557672,7157304,7717071,-0.347584,unrelated
S102,S408,ColomaBonus-2019,Wysocki1129-2019,0,1983111,3472165,7157304,7724063,-0.333385,unrelated
S102,S426,ColomaBonus-2019,Wysocki438-2019,0,1943173,3596653,7157304,7847102,-0.349906,unrelated
S102,S427,ColomaBonus-2019,Wysocki438-2019,0,1909082,3635532,7157304,7598529,-0.363381,unrelated
S102,S428,ColomaBonus-2019,Wysocki438-2019,0,1823931,3797361,7157304,7402753,-0.396344,unrelated
S102,S429,ColomaBonus-2019,Wysocki438-2019,0,1915989,3717977,7157304,7685399,-0.371898,unrelated
S102,S430,ColomaBonus-2019,Wysocki438-2019,0,1896246,3546542,7157304,7738169,-0.348887,unrelated
S102,S431,ColomaBonus-2019,Wysocki438-2019,0,1935083,3561014,7157304,7367342,-0.357113,unrelated
S102,S432,ColomaBonus-2019,Wysocki438-2019,0,1907583,3571462,7157304,7526561,-0.356537,unrelated
S102,S450,ColomaBonus-2019,Wysocki563-2019,0,1899126,3782607,7157304,7734101,-0.380494,unrelated
S102,S451,ColomaBonus-2019,Wysocki563-2019,0,1920843,3496957,7157304,7226898,-0.352684,unrelated
S102,S452,ColomaBonus-2019,Wysocki563-2019,0,1984619,3530876,7157304,7917168,-0.336803,unrelated
S102,S453,ColomaBonus-2019,Wysocki563-2019,0,1879203,3844728,7157304,7210686,-0.404389,unrelated
S102,S454,ColomaBonus-2019,Wysocki563-2019,0,1880782,3478861,7157304,7408884,-0.348543,unrelated
S102,S455,ColomaBonus-2019,Wysocki563-2019,0,1859840,3529698,7157304,7450078,-0.355954,unrelated
S102,S456,ColomaBonus-2019,Wysocki563-2019,0,1871608,3811630,7157304,7202383,-0.400542,unrelated
S102,S458,ColomaBonus-2019,Wysocki570-2019,0,1908741,3565296,7157304,7453203,-0.357404,unrelated
S102,S459,ColomaBonus-2019,Wysocki570-2019,0,1938978,3544930,7157304,7810498,-0.344131,unrelated
S102,S460,ColomaBonus-2019,Wysocki570-2019,0,1837108,3571265,7157304,7316303,-0.366558,unrelated
S102,S461,ColomaBonus-2019,Wysocki570-2019,0,1905765,3424562,7157304,7396301,-0.339666,unrelated
S102,S462,ColomaBonus-2019,Wysocki570-2019,0,1909501,3475554,7157304,7560523,-0.342551,unrelated
S102,S463,ColomaBonus-2019,Wysocki570-2019,0,1822354,3583218,7157304,7366427,-0.367955,unrelated
S102,S464,ColomaBonus-2019,Wysocki570-2019,0,1822030,3809597,7157304,7360662,-0.399310,unrelated
S103,S104,ColomaBonus-2019,ColomaBonus-2019,1,2387161,3238987,7993686,8432743,-0.249038,unrelated
S103,S105,ColomaBonus-2019,ColomaBonus-2019,1,2338951,3391546,7993686,7922986,-0.279213,unrelated
S103,S106,ColomaBonus-2019,ColomaBonus-2019,1,2038493,3356371,7993686,7305326,-0.305526,unrelated
S103,S107,ColomaBonus-2019,ColomaBonus-2019,1,2084766,3359223,7993686,7641841,-0.296356,unrelated
S103,S125,ColomaBonus-2019,ColomaLyons-2019,0,2323146,3226212,7993686,8018900,-0.257877,unrelated
S103,S126,ColomaBonus-2019,ColomaLyons-2019,0,2118797,3316050,7993686,7690253,-0.287766,unrelated
S103,S127,ColomaBonus-2019,ColomaLyons-2019,0,2048287,3452048,7993686,7481050,-0.313789,unrelated
S103,S128,ColomaBonus-2019,ColomaLyons-2019,0,2194384,3406082,7993686,7740149,-0.293494,unrelated
S103,S129,ColomaBonus-2019,ColomaLyons-2019,0,2156029,3460560,7993686,7617129,-0.305243,unrelated
S103,S130,ColomaBonus-2019,ColomaLyons-2019,0,2137084,3323048,7993686,7474077,-0.291510,unrelated
S103,S131,ColomaBonus-2019,ColomaLyons-2019,0,2018767,3439566,7993686,7362681,-0.316505,unrelated
S103,S139,ColomaBonus-2019,XMASBig-2019,0,2084630,3232946,7993686,7410585,-0.284419,unrelated
S103,S140,ColomaBonus-2019,XMASBig-2019,0,2162346,3363181,7993686,7814276,-0.288716,unrelated
S103,S141,ColomaBonus-2019,XMASBig-2019,0,2157964,3282617,7993686,7717407,-0.280520,unrelated
S103,S142,ColomaBonus-2019,XMASBig-2019,0,2174213,3344754,7993686,7766337,-0.286503,unrelated
S103,S143,ColomaBonus-2019,XMASBig-2019,0,2026096,3497162,7993686,7252463,-0.325868,unrelated
S103,S159,ColomaBonus-2019,OkrayGarrisonNE-2019,0,2042049,3369879,7993686,7368400,-0.305799,unrelated
S103,S160,ColomaBonus-2019,OkrayGarrisonNE-2019,0,2060652,3417932,7993686,7290941,-0.312419,unrelated
S103,S161,ColomaBonus-2019,OkrayGarrisonNE-2019,0,2082932,3496399,7993686,7377502,-0.319420,unrelated
S103,S162,ColomaBonus-2019,OkrayGarrisonNE-2019,0,2178256,3286935,7993686,7785671,-0.278567,unrelated
S103,S163,ColomaBonus-2019,OkrayGarrisonNE-2019,0,2186864,3361030,7993686,7709788,-0.288802,unrelated
S103,S164,ColomaBonus-2019,OkrayGarrisonNE-2019,0,2172971,3270206,7993686,7689846,-0.278473,unrelated
S103,S165,ColomaBonus-2019,OkrayGarrisonNE-2019,0,2124474,3428975,7993686,7611186,-0.303333,unrelated
S103,S296,ColomaBonus-2019,OkrayRobacks-2019,0,2163044,3233340,7993686,7691850,-0.274370,unrelated
S103,S297,ColomaBonus-2019,OkrayRobacks-2019,0,2209773,3278272,7993686,7677694,-0.277370,unrelated
S103,S298,ColomaBonus-2019,OkrayRobacks-2019,0,2018412,3580616,7993686,7378291,-0.334558,unrelated
S103,S299,ColomaBonus-2019,OkrayRobacks-2019,0,2091930,3255405,7993686,7556994,-0.284160,unrelated
S103,S300,ColomaBonus-2019,OkrayRobacks-2019,0,2041239,3413013,7993686,7420867,-0.310407,unrelated
S103,S301,ColomaBonus-2019,OkrayRobacks-2019,0,2391131,3335003,7993686,8080920,-0.266188,unrelated
S103,S302,ColomaBonus-2019,OkrayRobacks-2019,0,2346791,3030558,7993686,8536700,-0.224697,unrelated
S103,S304,ColomaBonus-2019,OkrayGrosheks40-2019,0,1949743,3328231,7993686,7154938,-0.310703,unrelated
S103,S305,ColomaBonus-2019,OkrayGrosheks40-2019,0,2156710,3319958,7993686,7779665,-0.284227,unrelated
S103,S306,ColomaBonus-2019,OkrayGrosheks40-2019,0,3140618,2283136,7993686,11601524,-0.072755,unrelated
S103,S307,ColomaBonus-2019,OkrayGrosheks40-2019,0,1945098,3525211,7993686,7144597,-0.337246,unrelated
S103,S308,ColomaBonus-2019,OkrayGrosheks40-2019,0,2185844,3195670,7993686,7750273,-0.267118,unrelated
S103,S309,ColomaBonus-2019,OkrayGrosheks40-2019,0,1962795,3548502,7993686,7235130,-0.337138,unrelated
S103,S310,ColomaBonus-2019,OkrayGrosheks40-2019,0,1974683,3351338,7993686,7262608,-0.309904,unrelated
S103,S340,ColomaBonus-2019,OkrayPFWiper-2019,0,2072987,3440432,7993686,7619222,-0.307942,unrelated
S103,S341,ColomaBonus-2019,OkrayPFWiper-2019,0,2185161,3558871,7993686,7557563,-0.317182,unrelated
S103,S342,ColomaBonus-2019,OkrayPFWiper-2019,0,1971633,3395669,7993686,7043704,-0.320515,unrelated
S103,S343,ColomaBonus-2019,OkrayPFWiper-2019,0,2065290,3538973,7993686,7375799,-0.326143,unrelated
S103,S344,ColomaBonus-2019,OkrayPFWiper-2019,0,2137589,3501659,7993686,7302502,-0.318101,unrelated
S103,S354,ColomaBonus-2019,PloverBrikalskiPats-2019,0,2292830,3260634,7993686,7677084,-0.269830,unrelated
S103,S355,ColomaBonus-2019,PloverBrikalskiPats-2019,0,2208511,3181843,7993686,7759982,-0.263759,unrelated
S103,S356,ColomaBonus-2019,PloverBrikalskiPats-2019,0,2286401,3315812,7993686,7738582,-0.276198,unrelated
S103,S357,ColomaBonus-2019,PloverBrikalskiPats-2019,0,2172373,3260583,7993686,7682544,-0.277413,unrelated
S103,S358,ColomaBonus-2019,PloverBrikalskiPats-2019,0,2125167,3387235,7993686,7701638,-0.296222,unrelated
S103,S359,ColomaBonus-2019,PloverBrikalskiPats-2019,0,2272344,3396782,7993686,7899720,-0.284471,unrelated
S103,S360,ColomaBonus-2019,PloverBrikalskiPats-2019,0,2286894,3390913,7993686,7905479,-0.282715,unrelated
S103,S378,ColomaBonus-2019,PloverDaveBrSE-2019,0,2174642,3530038,7993686,7709061,-0.311120,unrelated
S103,S379,ColomaBonus-2019,PloverDaveBrSE-2019,0,2181706,3394467,7993686,7674181,-0.294056,unrelated
S103,S380,ColomaBonus-2019,PloverDaveBrSE-2019,0,2120170,3517071,7993686,7619782,-0.314726,unrelated
S103,S381,ColomaBonus-2019,PloverDaveBrSE-2019,0,2103242,3500313,7993686,7357228,-0.319029,unrelated
S103,S382,ColomaBonus-2019,PloverDaveBrSE-2019,0,2050958,3513195,7993686,7450016,-0.322166,unrelated
S103,S383,ColomaBonus-2019,PloverDaveBrSE-2019,0,2321299,3237662,7993686,8100805,-0.258102,unrelated
S103,S384,ColomaBonus-2019,PloverDaveBrSE-2019,0,2288884,3244551,7993686,8223535,-0.258997,unrelated
S103,S402,ColomaBonus-2019,Wysocki1129-2019,0,2088828,3557714,7993686,7525165,-0.323903,unrelated
S103,S403,ColomaBonus-2019,Wysocki1129-2019,0,2108988,3437173,7993686,7520277,-0.307166,unrelated
S103,S404,ColomaBonus-2019,Wysocki1129-2019,0,2220137,3271688,7993686,7928168,-0.271529,unrelated
S103,S405,ColomaBonus-2019,Wysocki1129-2019,0,2189821,3421176,7993686,7761893,-0.295294,unrelated
S103,S406,ColomaBonus-2019,Wysocki1129-2019,0,2172209,3315020,7993686,7786192,-0.282501,unrelated
S103,S407,ColomaBonus-2019,Wysocki1129-2019,0,2172474,3342967,7993686,7717071,-0.287285,unrelated
S103,S408,ColomaBonus-2019,Wysocki1129-2019,0,2122753,3428101,7993686,7724063,-0.301153,unrelated
S103,S426,ColomaBonus-2019,Wysocki438-2019,0,2226830,3321481,7993686,7847102,-0.278782,unrelated
S103,S427,ColomaBonus-2019,Wysocki438-2019,0,2158154,3328385,7993686,7598529,-0.288517,unrelated
S103,S428,ColomaBonus-2019,Wysocki438-2019,0,2156213,3352615,7993686,7402753,-0.295459,unrelated
S103,S429,ColomaBonus-2019,Wysocki438-2019,0,2220754,3244213,7993686,7685399,-0.272189,unrelated
S103,S430,ColomaBonus-2019,Wysocki438-2019,0,2304337,3347671,7993686,7738169,-0.279116,unrelated
S103,S431,ColomaBonus-2019,Wysocki438-2019,0,2102874,3442711,7993686,7367342,-0.311343,unrelated
S103,S432,ColomaBonus-2019,Wysocki438-2019,0,2076261,3504069,7993686,7526561,-0.317771,unrelated
S103,S450,ColomaBonus-2019,Wysocki563-2019,0,2166342,3275530,7993686,7734101,-0.278788,unrelated
S103,S451,ColomaBonus-2019,Wysocki563-2019,0,1963173,3590588,7993686,7226898,-0.342825,unrelated
S103,S452,ColomaBonus-2019,Wysocki563-2019,0,2242745,3290243,7993686,7917168,-0.272628,unrelated
S103,S453,ColomaBonus-2019,Wysocki563-2019,0,2057146,3497988,7993686,7210686,-0.324830,unrelated
S103,S454,ColomaBonus-2019,Wysocki563-2019,0,2054217,3437167,7993686,7408884,-0.312942,unrelated
S103,S455,ColomaBonus-2019,Wysocki563-2019,0,2030633,3349959,7993686,7450078,-0.302341,unrelated
S103,S456,ColomaBonus-2019,Wysocki563-2019,0,2044468,3397235,7993686,7202383,-0.312581,unrelated
S103,S458,ColomaBonus-2019,Wysocki570-2019,0,2073240,3317369,7993686,7453203,-0.295302,unrelated
S103,S459,ColomaBonus-2019,Wysocki570-2019,0,2248815,3355134,7993686,7810498,-0.282296,unrelated
S103,S460,ColomaBonus-2019,Wysocki570-2019,0,2007373,3417554,7993686,7316303,-0.315332,unrelated
S103,S461,ColomaBonus-2019,Wysocki570-2019,0,2033295,3503533,7993686,7396301,-0.323182,unrelated
S103,S462,ColomaBonus-2019,Wysocki570-2019,0,2106596,3251662,7993686,7560523,-0.282671,unrelated
S103,S463,ColomaBonus-2019,Wysocki570-2019,0,2110656,3393031,7993686,7366427,-0.304386,unrelated
S103,S464,ColomaBonus-2019,Wysocki570-2019,0,2033618,3412780,7993686,7360662,-0.312090,unrelated
S104,S105,ColomaBonus-2019,ColomaBonus-2019,1,2307356,3231403,8432743,7922986,-0.254067,unrelated
S104,S106,ColomaBonus-2019,ColomaBonus-2019,1,2203556,3252033,8432743,7305326,-0.273255,unrelated
S104,S107,ColomaBonus-2019,ColomaBonus-2019,1,2295485,3122358,8432743,7641841,-0.245682,unrelated
S104,S125,ColomaBonus-2019,ColomaLyons-2019,0,2281280,3191471,8432743,8018900,-0.249316,unrelated
S104,S126,ColomaBonus-2019,ColomaLyons-2019,0,2328339,3126534,8432743,7690253,-0.243424,unrelated
S104,S127,ColomaBonus-2019,ColomaLyons-2019,0,2217960,3286790,8432743,7481050,-0.273701,unrelated
S104,S128,ColomaBonus-2019,ColomaLyons-2019,0,2308460,3403892,8432743,7740149,-0.278202,unrelated
S104,S129,ColomaBonus-2019,ColomaLyons-2019,0,2275638,3195883,8432743,7617129,-0.256459,unrelated
S104,S130,ColomaBonus-2019,ColomaLyons-2019,0,2218378,3250679,8432743,7474077,-0.269254,unrelated
S104,S131,ColomaBonus-2019,ColomaLyons-2019,0,2207842,3294474,8432743,7362681,-0.277366,unrelated
S104,S139,ColomaBonus-2019,XMASBig-2019,0,2184040,3264119,8432743,7410585,-0.274197,unrelated
S104,S140,ColomaBonus-2019,XMASBig-2019,0,2321417,3257130,8432743,7814276,-0.258068,unrelated
S104,S141,ColomaBonus-2019,XMASBig-2019,0,2265941,3276662,8432743,7717407,-0.265470,unrelated
S104,S142,ColomaBonus-2019,XMASBig-2019,0,2312843,3186204,8432743,7766337,-0.250605,unrelated
S104,S143,ColomaBonus-2019,XMASBig-2019,0,2076877,3410143,8432743,7252463,-0.302413,unrelated
S104,S159,ColomaBonus-2019,OkrayGarrisonNE-2019,0,2193299,3325178,8432743,7368400,-0.282072,unrelated
S104,S160,ColomaBonus-2019,OkrayGarrisonNE-2019,0,2143976,3349165,8432743,7290941,-0.289649,unrelated
S104,S161,ColomaBonus-2019,OkrayGarrisonNE-2019,0,2232481,3214732,8432743,7377502,-0.265460,unrelated
S104,S162,ColomaBonus-2019,OkrayGarrisonNE-2019,0,2351017,3158710,8432743,7785671,-0.244562,unrelated
S104,S163,ColomaBonus-2019,OkrayGarrisonNE-2019,0,2277330,3239985,8432743,7709788,-0.260346,unrelated
S104,S164,ColomaBonus-2019,OkrayGarrisonNE-2019,0,2292107,3198281,8432743,7689846,-0.254578,unrelated
S104,S165,ColomaBonus-2019,OkrayGarrisonNE-2019,0,2278697,3250031,8432743,7611186,-0.263113,unrelated
S104,S296,ColomaBonus-2019,OkrayRobacks-2019,0,2261791,3230950,8432743,7691850,-0.260478,unrelated
S104,S297,ColomaBonus-2019,OkrayRobacks-2019,0,2235991,3394818,8432743,7677694,-0.282652,unrelated
S104,S298,ColomaBonus-2019,OkrayRobacks-2019,0,2118106,3311869,8432743,7378291,-0.284968,unrelated
S104,S299,ColomaBonus-2019,OkrayRobacks-2019,0,2166874,3350610,8432743,7556994,-0.283579,unrelated
S104,S300,ColomaBonus-2019,OkrayRobacks-2019,0,2138320,3191683,8432743,7420867,-0.267765,unrelated
S104,S301,ColomaBonus-2019,OkrayRobacks-2019,0,2323261,3159764,8432743,8080920,-0.241998,unrelated
S104,S302,ColomaBonus-2019,OkrayRobacks-2019,0,2476244,2829419,8432743,8536700,-0.187549,unrelated
S104,S304,ColomaBonus-2019,OkrayGrosheks40-2019,0,2082824,3302984,8432743,7154938,-0.290174,unrelated
S104,S305,ColomaBonus-2019,OkrayGrosheks40-2019,0,2339205,3032517,8432743,7779665,-0.229813,unrelated
S104,S306,ColomaBonus-2019,OkrayGrosheks40-2019,0,3314350,2106064,8432743,11601524,-0.044812,unrelated
S104,S307,ColomaBonus-2019,OkrayGrosheks40-2019,0,2091582,3250713,8432743,7144597,-0.283094,unrelated
S104,S308,ColomaBonus-2019,OkrayGrosheks40-2019,0,2301424,3199014,8432743,7750273,-0.253142,unrelated
S104,S309,ColomaBonus-2019,OkrayGrosheks40-2019,0,2087740,3266848,8432743,7235130,-0.283763,unrelated
S104,S310,ColomaBonus-2019,OkrayGrosheks40-2019,0,2069944,3269917,8432743,7262608,-0.284791,unrelated
S104,S340,ColomaBonus-2019,OkrayPFWiper-2019,0,2268029,3215726,8432743,7619222,-0.259372,unrelated
S104,S341,ColomaBonus-2019,OkrayPFWiper-2019,0,2185143,3331488,8432743,7557563,-0.280034,unrelated
S104,S342,ColomaBonus-2019,OkrayPFWiper-2019,0,2091348,3386604,8432743,7043704,-0.302515,unrelated
S104,S343,ColomaBonus-2019,OkrayPFWiper-2019,0,2236770,3232384,8432743,7375799,-0.267450,unrelated
S104,S344,ColomaBonus-2019,OkrayPFWiper-2019,0,2115167,3453378,8432743,7302502,-0.304513,unrelated
S104,S354,ColomaBonus-2019,PloverBrikalskiPats-2019,0,2217646,3345273,8432743,7677084,-0.277650,unrelated
S104,S355,ColomaBonus-2019,PloverBrikalskiPats-2019,0,2308526,3213212,8432743,7759982,-0.254305,unrelated
S104,S356,ColomaBonus-2019,PloverBrikalskiPats-2019,0,2198826,3435707,8432743,7738582,-0.288943,unrelated
S104,S357,ColomaBonus-2019,PloverBrikalskiPats-2019,0,2216133,3291762,8432743,7682544,-0.271009,unrelated
S104,S358,ColomaBonus-2019,PloverBrikalskiPats-2019,0,2250371,3232984,8432743,7701638,-0.261280,unrelated
S104,S359,ColomaBonus-2019,PloverBrikalskiPats-2019,0,2241549,3331181,8432743,7899720,-0.270676,unrelated
S104,S360,ColomaBonus-2019,PloverBrikalskiPats-2019,0,2300189,3227932,8432743,7905479,-0.254353,unrelated
S104,S378,ColomaBonus-2019,PloverDaveBrSE-2019,0,2218248,3289626,8432743,7709061,-0.270168,unrelated
S104,S379,ColomaBonus-2019,PloverDaveBrSE-2019,0,2326589,3251289,8432743,7674181,-0.259267,unrelated
S104,S380,ColomaBonus-2019,PloverDaveBrSE-2019,0,2336548,3180225,8432743,7619782,-0.250671,unrelated
S104,S381,ColomaBonus-2019,PloverDaveBrSE-2019,0,2146224,3395704,8432743,7357228,-0.294186,unrelated
S104,S382,ColomaBonus-2019,PloverDaveBrSE-2019,0,2207824,3218894,8432743,7450016,-0.266324,unrelated
S104,S383,ColomaBonus-2019,PloverDaveBrSE-2019,0,2362705,3185757,8432743,8100805,-0.242465,unrelated
S104,S384,ColomaBonus-2019,PloverDaveBrSE-2019,0,2484048,3066823,8432743,8223535,-0.219112,unrelated
S104,S402,ColomaBonus-2019,Wysocki1129-2019,0,2285826,3225392,8432743,7525165,-0.260996,unrelated
S104,S403,ColomaBonus-2019,Wysocki1129-2019,0,2189176,3346980,8432743,7520277,-0.282378,unrelated
S104,S404,ColomaBonus-2019,Wysocki1129-2019,0,2330961,3195723,8432743,7928168,-0.248182,unrelated
S104,S405,ColomaBonus-2019,Wysocki1129-2019,0,2326202,3161160,8432743,7761893,-0.246756,unrelated
S104,S406,ColomaBonus-2019,Wysocki1129-2019,0,2322115,3195331,8432743,7786192,-0.250852,unrelated
S104,S407,ColomaBonus-2019,Wysocki1129-2019,0,2257128,3241052,8432743,7717071,-0.261611,unrelated
S104,S408,ColomaBonus-2019,Wysocki1129-2019,0,2300496,3179772,8432743,7724063,-0.251228,unrelated
S104,S426,ColomaBonus-2019,Wysocki438-2019,0,2274164,3254281,8432743,7847102,-0.260101,unrelated
S104,S427,ColomaBonus-2019,Wysocki438-2019,0,2201320,3263309,8432743,7598529,-0.269804,unrelated
S104,S428,ColomaBonus-2019,Wysocki438-2019,0,2137676,3555937,8432743,7402753,-0.314117,unrelated
S104,S429,ColomaBonus-2019,Wysocki438-2019,0,2247168,3343542,8432743,7685399,-0.275461,unrelated
S104,S430,ColomaBonus-2019,Wysocki438-2019,0,2237593,3201001,8432743,7738169,-0.257525,unrelated
S104,S431,ColomaBonus-2019,Wysocki438-2019,0,2183001,3287870,8432743,7367342,-0.278020,unrelated
S104,S432,ColomaBonus-2019,Wysocki438-2019,0,2254213,3162607,8432743,7526561,-0.255086,unrelated
S104,S450,ColomaBonus-2019,Wysocki563-2019,0,2244061,3501295,8432743,7734101,-0.294339,unrelated
S104,S451,ColomaBonus-2019,Wysocki563-2019,0,2084706,3344122,8432743,7226898,-0.293975,unrelated
S104,S452,ColomaBonus-2019,Wysocki563-2019,0,2306901,3093493,8432743,7917168,-0.237315,unrelated
S104,S453,ColomaBonus-2019,Wysocki563-2019,0,2077776,3463140,8432743,7210686,-0.309939,unrelated
S104,S454,ColomaBonus-2019,Wysocki563-2019,0,2165870,3185966,8432743,7408884,-0.265507,unrelated
S104,S455,ColomaBonus-2019,Wysocki563-2019,0,2207785,3112953,8432743,7450078,-0.252985,unrelated
S104,S456,ColomaBonus-2019,Wysocki563-2019,0,2037888,3461636,8432743,7202383,-0.312462,unrelated
S104,S458,ColomaBonus-2019,Wysocki570-2019,0,2182839,3308687,8432743,7453203,-0.279148,unrelated
S104,S459,ColomaBonus-2019,Wysocki570-2019,0,2317526,3081313,8432743,7810498,-0.236720,unrelated
S104,S460,ColomaBonus-2019,Wysocki570-2019,0,2119619,3245032,8432743,7316303,-0.277505,unrelated
S104,S461,ColomaBonus-2019,Wysocki570-2019,0,2194077,3166967,8432743,7396301,-0.261536,unrelated
S104,S462,ColomaBonus-2019,Wysocki570-2019,0,2225744,3209862,8432743,7560523,-0.262234,unrelated
S104,S463,ColomaBonus-2019,Wysocki570-2019,0,2141565,3301335,8432743,7366427,-0.282363,unrelated
S104,S464,ColomaBonus-2019,Wysocki570-2019,0,2128732,3477947,8432743,7360662,-0.305644,unrelated
S105,S106,ColomaBonus-2019,ColomaBonus-2019,1,1980547,3485380,7922986,7305326,-0.327693,unrelated
S105,S107,ColomaBonus-2019,ColomaBonus-2019,1,2092100,3347579,7922986,7641841,-0.295735,unrelated
S105,S125,ColomaBonus-2019,ColomaLyons-2019,0,2284272,3305112,7922986,8018900,-0.271358,unrelated
S105,S126,ColomaBonus-2019,ColomaLyons-2019,0,2111128,3304579,7922986,7690253,-0.288091,unrelated
S105,S127,ColomaBonus-2019,ColomaLyons-2019,0,2047620,3464122,7922986,7481050,-0.316841,unrelated
S105,S128,ColomaBonus-2019,ColomaLyons-2019,0,2118573,3482938,7922986,7740149,-0.309472,unrelated
S105,S129,ColomaBonus-2019,ColomaLyons-2019,0,2070569,3404856,7922986,7617129,-0.304962,unrelated
S105,S130,ColomaBonus-2019,ColomaLyons-2019,0,2055331,3500202,7922986,7474077,-0.321170,unrelated
S105,S131,ColomaBonus-2019,ColomaLyons-2019,0,1996969,3512863,7922986,7362681,-0.328985,unrelated
S105,S139,ColomaBonus-2019,XMASBig-2019,0,2001634,3425455,7922986,7410585,-0.316252,unrelated
S105,S140,ColomaBonus-2019,XMASBig-2019,0,2220237,3343799,7922986,7814276,-0.283872,unrelated
S105,S141,ColomaBonus-2019,XMASBig-2019,0,2110611,3441138,7922986,7717407,-0.305086,unrelated
S105,S142,ColomaBonus-2019,XMASBig-2019,0,2117616,3388823,7922986,7766337,-0.297019,unrelated
S105,S143,ColomaBonus-2019,XMASBig-2019,0,1970038,3431572,7922986,7252463,-0.322436,unrelated
S105,S159,ColomaBonus-2019,OkrayGarrisonNE-2019,0,2005392,3430731,7922986,7368400,-0.317569,unrelated
S105,S160,ColomaBonus-2019,OkrayGarrisonNE-2019,0,2011296,3430070,7922986,7290941,-0.318711,unrelated
S105,S161,ColomaBonus-2019,OkrayGarrisonNE-2019,0,2007697,3471495,7922986,7377502,-0.322558,unrelated
S105,S162,ColomaBonus-2019,OkrayGarrisonNE-2019,0,2117258,3453635,7922986,7785671,-0.304928,unrelated
S105,S163,ColomaBonus-2019,OkrayGarrisonNE-2019,0,2132213,3366753,7922986,7709788,-0.294336,unrelated
S105,S164,ColomaBonus-2019,OkrayGarrisonNE-2019,0,2084644,3456254,7922986,7689846,-0.309224,unrelated
S105,S165,ColomaBonus-2019,OkrayGarrisonNE-2019,0,2083539,3478646,7922986,7611186,-0.313744,unrelated
S105,S296,ColomaBonus-2019,OkrayRobacks-2019,0,2109960,3345893,7922986,7691850,-0.293428,unrelated
S105,S297,ColomaBonus-2019,OkrayRobacks-2019,0,2113234,3337552,7922986,7677694,-0.292415,unrelated
S105,S298,ColomaBonus-2019,OkrayRobacks-2019,0,2004819,3458510,7922986,7378291,-0.321032,unrelated
S105,S299,ColomaBonus-2019,OkrayRobacks-2019,0,2042137,3412217,7922986,7556994,-0.308934,unrelated
S105,S300,ColomaBonus-2019,OkrayRobacks-2019,0,2032861,3368469,7922986,7420867,-0.306577,unrelated
S105,S301,ColomaBonus-2019,OkrayRobacks-2019,0,2341370,3225727,7922986,8080920,-0.256818,unrelated
S105,S302,ColomaBonus-2019,OkrayRobacks-2019,0,2339603,3014942,7922986,8536700,-0.224201,unrelated
S105,S304,ColomaBonus-2019,OkrayGrosheks40-2019,0,1925230,3498436,7922986,7154938,-0.336362,unrelated
S105,S305,ColomaBonus-2019,OkrayGrosheks40-2019,0,2123501,3240539,7922986,7779665,-0.277506,unrelated
S105,S306,ColomaBonus-2019,OkrayGrosheks40-2019,0,3080146,2336590,7922986,11601524,-0.081591,unrelated
S105,S307,ColomaBonus-2019,OkrayGrosheks40-2019,0,1899474,3550743,7922986,7144597,-0.345245,unrelated
S105,S308,ColomaBonus-2019,OkrayGrosheks40-2019,0,2105542,3365054,7922986,7750273,-0.295061,unrelated
S105,S309,ColomaBonus-2019,OkrayGrosheks40-2019,0,1956393,3395343,7922986,7235130,-0.318924,unrelated
S105,S310,ColomaBonus-2019,OkrayGrosheks40-2019,0,1961515,3460727,7922986,7262608,-0.326621,unrelated
S105,S340,ColomaBonus-2019,OkrayPFWiper-2019,0,2070349,3415149,7922986,7619222,-0.306260,unrelated
S105,S341,ColomaBonus-2019,OkrayPFWiper-2019,0,2130384,3469371,7922986,7557563,-0.310606,unrelated
S105,S342,ColomaBonus-2019,OkrayPFWiper-2019,0,1918067,3580794,7922986,7043704,-0.350346,unrelated
S105,S343,ColomaBonus-2019,OkrayPFWiper-2019,0,2016405,3498705,7922986,7375799,-0.325582,unrelated
S105,S344,ColomaBonus-2019,OkrayPFWiper-2019,0,2095867,3606843,7922986,7302502,-0.336135,unrelated
S105,S354,ColomaBonus-2019,PloverBrikalskiPats-2019,0,2236768,3420914,7922986,7677084,-0.295195,unrelated
S105,S355,ColomaBonus-2019,PloverBrikalskiPats-2019,0,2111804,3419719,7922986,7759982,-0.301450,unrelated
S105,S356,ColomaBonus-2019,PloverBrikalskiPats-2019,0,2228835,3443668,7922986,7738582,-0.297448,unrelated
S105,S357,ColomaBonus-2019,PloverBrikalskiPats-2019,0,2097245,3369703,7922986,7682544,-0.297469,unrelated
S105,S358,ColomaBonus-2019,PloverBrikalskiPats-2019,0,2092971,3410580,7922986,7701638,-0.302611,unrelated
S105,S359,ColomaBonus-2019,PloverBrikalskiPats-2019,0,2277313,3347631,7922986,7899720,-0.279216,unrelated
S105,S360,ColomaBonus-2019,PloverBrikalskiPats-2019,0,2235561,3369117,7922986,7905479,-0.284467,unrelated
S105,S378,ColomaBonus-2019,PloverDaveBrSE-2019,0,2212073,3392973,7922986,7709061,-0.292596,unrelated
S105,S379,ColomaBonus-2019,PloverDaveBrSE-2019,0,2071389,3556392,7922986,7674181,-0.323225,unrelated
S105,S380,ColomaBonus-2019,PloverDaveBrSE-2019,0,2055390,3487776,7922986,7619782,-0.316556,unrelated
S105,S381,ColomaBonus-2019,PloverDaveBrSE-2019,0,2051268,3607489,7922986,7357228,-0.337934,unrelated
S105,S382,ColomaBonus-2019,PloverDaveBrSE-2019,0,2041215,3446375,7922986,7450016,-0.315588,unrelated
S105,S383,ColomaBonus-2019,PloverDaveBrSE-2019,0,2264903,3344265,7922986,8100805,-0.276066,unrelated
S105,S384,ColomaBonus-2019,PloverDaveBrSE-2019,0,2249146,3258030,7922986,8223535,-0.264262,unrelated
S105,S402,ColomaBonus-2019,Wysocki1129-2019,0,2026961,3490357,7922986,7525165,-0.320670,unrelated
S105,S403,ColomaBonus-2019,Wysocki1129-2019,0,2045758,3470830,7922986,7520277,-0.317025,unrelated
S105,S404,ColomaBonus-2019,Wysocki1129-2019,0,2137744,3368262,7922986,7928168,-0.290123,unrelated
S105,S405,ColomaBonus-2019,Wysocki1129-2019,0,2112834,3374365,7922986,7761893,-0.295565,unrelated
S105,S406,ColomaBonus-2019,Wysocki1129-2019,0,2119266,3373543,7922986,7786192,-0.294593,unrelated
S105,S407,ColomaBonus-2019,Wysocki1129-2019,0,2104770,3415041,7922986,7717071,-0.302129,unrelated
S105,S408,ColomaBonus-2019,Wysocki1129-2019,0,2151155,3366307,7922986,7724063,-0.292800,unrelated
S105,S426,ColomaBonus-2019,Wysocki438-2019,0,2221802,3380398,7922986,7847102,-0.287823,unrelated
S105,S427,ColomaBonus-2019,Wysocki438-2019,0,2126773,3410449,7922986,7598529,-0.302427,unrelated
S105,S428,ColomaBonus-2019,Wysocki438-2019,0,2097578,3485348,7922986,7402753,-0.317970,unrelated
S105,S429,ColomaBonus-2019,Wysocki438-2019,0,2167689,3444534,7922986,7685399,-0.302490,unrelated
S105,S430,ColomaBonus-2019,Wysocki438-2019,0,2225206,3338717,7922986,7738169,-0.284285,unrelated
S105,S431,ColomaBonus-2019,Wysocki438-2019,0,2043484,3427900,7922986,7367342,-0.314729,unrelated
S105,S432,ColomaBonus-2019,Wysocki438-2019,0,2038730,3416937,7922986,7526561,-0.310374,unrelated
S105,S450,ColomaBonus-2019,Wysocki563-2019,0,2126668,3376073,7922986,7734101,-0.295424,unrelated
S105,S451,ColomaBonus-2019,Wysocki563-2019,0,1953318,3427218,7922986,7226898,-0.323509,unrelated
S105,S452,ColomaBonus-2019,Wysocki563-2019,0,2246126,3319697,7922986,7917168,-0.277350,unrelated
S105,S453,ColomaBonus-2019,Wysocki563-2019,0,2007163,3469033,7922986,7210686,-0.325823,unrelated
S105,S454,ColomaBonus-2019,Wysocki563-2019,0,2003204,3404080,7922986,7408884,-0.313397,unrelated
S105,S455,ColomaBonus-2019,Wysocki563-2019,0,2058705,3298026,7922986,7450078,-0.295149,unrelated
S105,S456,ColomaBonus-2019,Wysocki563-2019,0,1980386,3450976,7922986,7202383,-0.325385,unrelated
S105,S458,ColomaBonus-2019,Wysocki570-2019,0,2063968,3351891,7922986,7453203,-0.301753,unrelated
S105,S459,ColomaBonus-2019,Wysocki570-2019,0,2233449,3337012,7922986,7810498,-0.282237,unrelated
S105,S460,ColomaBonus-2019,Wysocki570-2019,0,1997500,3423699,7922986,7316303,-0.318250,unrelated
S105,S461,ColomaBonus-2019,Wysocki570-2019,0,2048825,3394568,7922986,7396301,-0.309434,unrelated
S105,S462,ColomaBonus-2019,Wysocki570-2019,0,2090028,3384904,7922986,7560523,-0.302243,unrelated
S105,S463,ColomaBonus-2019,Wysocki570-2019,0,2121511,3365148,7922986,7366427,-0.301436,unrelated
S105,S464,ColomaBonus-2019,Wysocki570-2019,0,2018157,3388762,7922986,7360662,-0.311403,unrelated
S106,S107,ColomaBonus-2019,ColomaBonus-2019,1,2024207,3347521,7305326,7641841,-0.312490,unrelated
S106,S125,ColomaBonus-2019,ColomaLyons-2019,0,1984725,3381171,7305326,8018900,-0.311769,unrelated
S106,S126,ColomaBonus-2019,ColomaLyons-2019,0,1997546,3320072,7305326,7690253,-0.309598,unrelated
S106,S127,ColomaBonus-2019,ColomaLyons-2019,0,1958152,3420705,7305326,7481050,-0.330254,unrelated
S106,S128,ColomaBonus-2019,ColomaLyons-2019,0,1968775,3590685,7305326,7740149,-0.346456,unrelated
S106,S129,ColomaBonus-2019,ColomaLyons-2019,0,1998909,3507917,7305326,7617129,-0.336200,unrelated
S106,S130,ColomaBonus-2019,ColomaLyons-2019,0,1910225,3575782,7305326,7474077,-0.354638,unrelated
S106,S131,ColomaBonus-2019,ColomaLyons-2019,0,1917564,3506113,7305326,7362681,-0.347332,unrelated
S106,S139,ColomaBonus-2019,XMASBig-2019,0,1946918,3350970,7305326,7410585,-0.323121,unrelated
S106,S140,ColomaBonus-2019,XMASBig-2019,0,1996062,3413725,7305326,7814276,-0.319545,unrelated
S106,S141,ColomaBonus-2019,XMASBig-2019,0,2019390,3311064,7305326,7717407,-0.306385,unrelated
S106,S142,ColomaBonus-2019,XMASBig-2019,0,2003993,3458658,7305326,7766337,-0.325997,unrelated
S106,S143,ColomaBonus-2019,XMASBig-2019,0,1836961,3689044,7305326,7252463,-0.380630,unrelated
S106,S159,ColomaBonus-2019,OkrayGarrisonNE-2019,0,1968711,3359817,7305326,7368400,-0.323771,unrelated
S106,S160,ColomaBonus-2019,OkrayGarrisonNE-2019,0,1897696,3451591,7305326,7290941,-0.342929,unrelated
S106,S161,ColomaBonus-2019,OkrayGarrisonNE-2019,0,1915111,3567287,7305326,7377502,-0.355481,unrelated
S106,S162,ColomaBonus-2019,OkrayGarrisonNE-2019,0,2005103,3417261,7305326,7785671,-0.320020,unrelated
S106,S163,ColomaBonus-2019,OkrayGarrisonNE-2019,0,1971934,3467055,7305326,7709788,-0.330479,unrelated
S106,S164,ColomaBonus-2019,OkrayGarrisonNE-2019,0,1999157,3441724,7305326,7689846,-0.325724,unrelated
S106,S165,ColomaBonus-2019,OkrayGarrisonNE-2019,0,1941246,3473038,7305326,7611186,-0.335523,unrelated
S106,S296,ColomaBonus-2019,OkrayRobacks-2019,0,2012707,3235589,7305326,7691850,-0.297287,unrelated
S106,S297,ColomaBonus-2019,OkrayRobacks-2019,0,1953430,3608729,7305326,7677694,-0.351333,unrelated
S106,S298,ColomaBonus-2019,OkrayRobacks-2019,0,1894916,3569292,7305326,7378291,-0.357110,unrelated
S106,S299,ColomaBonus-2019,OkrayRobacks-2019,0,1949764,3280357,7305326,7556994,-0.310244,unrelated
S106,S300,ColomaBonus-2019,OkrayRobacks-2019,0,1929993,3470200,7305326,7420867,-0.340238,unrelated
S106,S301,ColomaBonus-2019,OkrayRobacks-2019,0,2023375,3428087,7305326,8080920,-0.314099,unrelated
S106,S302,ColomaBonus-2019,OkrayRobacks-2019,0,2164328,3120112,7305326,8536700,-0.257284,unrelated
S106,S304,ColomaBonus-2019,OkrayGrosheks40-2019,0,1898701,3373403,7305326,7154938,-0.335271,unrelated
S106,S305,ColomaBonus-2019,OkrayGrosheks40-2019,0,2032280,3400072,7305326,7779665,-0.316067,unrelated
S106,S306,ColomaBonus-2019,OkrayGrosheks40-2019,0,2927680,2288486,7305326,11601524,-0.087233,unrelated
S106,S307,ColomaBonus-2019,OkrayGrosheks40-2019,0,1830937,3558307,7305326,7144597,-0.365793,unrelated
S106,S308,ColomaBonus-2019,OkrayGrosheks40-2019,0,2055332,3230289,7305326,7750273,-0.292599,unrelated
S106,S309,ColomaBonus-2019,OkrayGrosheks40-2019,0,1887270,3476926,7305326,7235130,-0.348447,unrelated
S106,S310,ColomaBonus-2019,OkrayGrosheks40-2019,0,1838909,3489454,7305326,7262608,-0.352830,unrelated
S106,S340,ColomaBonus-2019,OkrayPFWiper-2019,0,1973687,3449152,7305326,7619222,-0.329968,unrelated
S106,S341,ColomaBonus-2019,OkrayPFWiper-2019,0,1892477,3659680,7305326,7557563,-0.365130,unrelated
S106,S342,ColomaBonus-2019,OkrayPFWiper-2019,0,1797057,3600761,7305326,7043704,-0.376643,unrelated
S106,S343,ColomaBonus-2019,OkrayPFWiper-2019,0,1884244,3613172,7305326,7375799,-0.363875,unrelated
S106,S344,ColomaBonus-2019,OkrayPFWiper-2019,0,1818431,3645490,7305326,7302502,-0.374631,unrelated
S106,S354,ColomaBonus-2019,PloverBrikalskiPats-2019,0,1988884,3328794,7305326,7677084,-0.311612,unrelated
S106,S355,ColomaBonus-2019,PloverBrikalskiPats-2019,0,2019060,3298010,7305326,7759982,-0.303808,unrelated
S106,S356,ColomaBonus-2019,PloverBrikalskiPats-2019,0,1979481,3413903,7305326,7738582,-0.322278,unrelated
S106,S357,ColomaBonus-2019,PloverBrikalskiPats-2019,0,1987199,3356906,7305326,7682544,-0.315363,unrelated
S106,S358,ColomaBonus-2019,PloverBrikalskiPats-2019,0,1995224,3472475,7305326,7701638,-0.329829,unrelated
S106,S359,ColomaBonus-2019,PloverBrikalskiPats-2019,0,1993884,3453032,7305326,7899720,-0.323062,unrelated
S106,S360,ColomaBonus-2019,PloverBrikalskiPats-2019,0,1988843,3506268,7305326,7905479,-0.330271,unrelated
S106,S378,ColomaBonus-2019,PloverDaveBrSE-2019,0,1930879,3599982,7305326,7709061,-0.350936,unrelated
S106,S379,ColomaBonus-2019,PloverDaveBrSE-2019,0,1958602,3517593,7305326,7674181,-0.338902,unrelated
S106,S380,ColomaBonus-2019,PloverDaveBrSE-2019,0,1946903,3518613,7305326,7619782,-0.341058,unrelated
S106,S381,ColomaBonus-2019,PloverDaveBrSE-2019,0,1835555,3641650,7305326,7357228,-0.371541,unrelated
S106,S382,ColomaBonus-2019,PloverDaveBrSE-2019,0,1957228,3528847,7305326,7450016,-0.345669,unrelated
S106,S383,ColomaBonus-2019,PloverDaveBrSE-2019,0,2082488,3342775,7305326,8100805,-0.298781,unrelated
S106,S384,ColomaBonus-2019,PloverDaveBrSE-2019,0,2098846,3328145,7305326,8223535,-0.293482,unrelated
S106,S402,ColomaBonus-2019,Wysocki1129-2019,0,1945133,3598281,7305326,7525165,-0.354097,unrelated
S106,S403,ColomaBonus-2019,Wysocki1129-2019,0,1967838,3446743,7305326,7520277,-0.332239,unrelated
S106,S404,ColomaBonus-2019,Wysocki1129-2019,0,2043440,3315763,7305326,7928168,-0.301184,unrelated
S106,S405,ColomaBonus-2019,Wysocki1129-2019,0,2000017,3485385,7305326,7761893,-0.329905,unrelated
S106,S406,ColomaBonus-2019,Wysocki1129-2019,0,1997002,3396635,7305326,7786192,-0.317812,unrelated
S106,S407,ColomaBonus-2019,Wysocki1129-2019,0,1992750,3395945,7305326,7717071,-0.319466,unrelated
S106,S408,ColomaBonus-2019,Wysocki1129-2019,0,2004697,3356697,7305326,7724063,-0.313299,unrelated
S106,S426,ColomaBonus-2019,Wysocki438-2019,0,1989682,3439016,7305326,7847102,-0.322612,unrelated
S106,S427,ColomaBonus-2019,Wysocki438-2019,0,1963930,3426112,7305326,7598529,-0.327989,unrelated
S106,S428,ColomaBonus-2019,Wysocki438-2019,0,1888169,3672100,7305326,7402753,-0.370955,unrelated
S106,S429,ColomaBonus-2019,Wysocki438-2019,0,1970412,3460439,7305326,7685399,-0.330235,unrelated
S106,S430,ColomaBonus-2019,Wysocki438-2019,0,1946515,3487749,7305326,7738169,-0.334296,unrelated
S106,S431,ColomaBonus-2019,Wysocki438-2019,0,1906168,3578028,7305326,7367342,-0.357801,unrelated
S106,S432,ColomaBonus-2019,Wysocki438-2019,0,1926924,3552175,7305326,7526561,-0.349074,unrelated
S106,S450,ColomaBonus-2019,Wysocki563-2019,0,1998243,3588749,7305326,7734101,-0.344378,unrelated
S106,S451,ColomaBonus-2019,Wysocki563-2019,0,1883243,3557789,7305326,7226898,-0.360051,unrelated
S106,S452,ColomaBonus-2019,Wysocki563-2019,0,2014494,3298262,7305326,7917168,-0.301004,unrelated
S106,S453,ColomaBonus-2019,Wysocki563-2019,0,1824504,3795441,7305326,7210686,-0.397243,unrelated
S106,S454,ColomaBonus-2019,Wysocki563-2019,0,1932364,3436919,7305326,7408884,-0.335830,unrelated
S106,S455,ColomaBonus-2019,Wysocki563-2019,0,1905020,3388432,7305326,7450078,-0.330174,unrelated
S106,S456,ColomaBonus-2019,Wysocki563-2019,0,1842468,3611727,7305326,7202383,-0.370905,unrelated
S106,S458,ColomaBonus-2019,Wysocki570-2019,0,1950090,3423290,7305326,7453203,-0.331774,unrelated
S106,S459,ColomaBonus-2019,Wysocki570-2019,0,1978589,3447759,7305326,7810498,-0.325284,unrelated
S106,S460,ColomaBonus-2019,Wysocki570-2019,0,1900732,3433152,7305326,7316303,-0.339605,unrelated
S106,S461,ColomaBonus-2019,Wysocki570-2019,0,1907082,3471598,7305326,7396301,-0.342555,unrelated
S106,S462,ColomaBonus-2019,Wysocki570-2019,0,1963204,3414839,7305326,7560523,-0.327359,unrelated
S106,S463,ColomaBonus-2019,Wysocki570-2019,0,1858406,3522806,7305326,7366427,-0.353551,unrelated
S106,S464,ColomaBonus-2019,Wysocki570-2019,0,1909884,3656621,7305326,7360662,-0.368428,unrelated
S107,S125,ColomaBonus-2019,ColomaLyons-2019,0,2119300,3350822,7641841,8018900,-0.292601,unrelated
S107,S126,ColomaBonus-2019,ColomaLyons-2019,0,2104727,3308453,7641841,7690253,-0.294296,unrelated
S107,S127,ColomaBonus-2019,ColomaLyons-2019,0,2032404,3435828,7641841,7481050,-0.319995,unrelated
S107,S128,ColomaBonus-2019,ColomaLyons-2019,0,2104400,3590256,7641841,7740149,-0.330004,unrelated
S107,S129,ColomaBonus-2019,ColomaLyons-2019,0,2079343,3388209,7641841,7617129,-0.307824,unrelated
S107,S130,ColomaBonus-2019,ColomaLyons-2019,0,2045020,3511821,7641841,7474077,-0.329363,unrelated
S107,S131,ColomaBonus-2019,ColomaLyons-2019,0,2009429,3520889,7641841,7362681,-0.335389,unrelated
S107,S139,ColomaBonus-2019,XMASBig-2019,0,2007406,3354603,7641841,7410585,-0.312362,unrelated
S107,S140,ColomaBonus-2019,XMASBig-2019,0,2125371,3387567,7641841,7814276,-0.300836,unrelated
S107,S141,ColomaBonus-2019,XMASBig-2019,0,2064245,3369178,7641841,7717407,-0.304319,unrelated
S107,S142,ColomaBonus-2019,XMASBig-2019,0,2131197,3354020,7641841,7766337,-0.297040,unrelated
S107,S143,ColomaBonus-2019,XMASBig-2019,0,1909421,3521291,7641841,7252463,-0.344639,unrelated
S107,S159,ColomaBonus-2019,OkrayGarrisonNE-2019,0,2004690,3423137,7641841,7368400,-0.322552,unrelated
S107,S160,ColomaBonus-2019,OkrayGarrisonNE-2019,0,1994891,3424197,7641841,7290941,-0.325023,unrelated
S107,S161,ColomaBonus-2019,OkrayGarrisonNE-2019,0,1980966,3407657,7641841,7377502,-0.321875,unrelated
S107,S162,ColomaBonus-2019,OkrayGarrisonNE-2019,0,2146614,3360356,7641841,7785671,-0.296490,unrelated
S107,S163,ColomaBonus-2019,OkrayGarrisonNE-2019,0,2119651,3322497,7641841,7709788,-0.294779,unrelated
S107,S164,ColomaBonus-2019,OkrayGarrisonNE-2019,0,2105279,3369374,7641841,7689846,-0.302215,unrelated
S107,S165,ColomaBonus-2019,OkrayGarrisonNE-2019,0,2029909,3443941,7641841,7611186,-0.318492,unrelated
S107,S296,ColomaBonus-2019,OkrayRobacks-2019,0,2072400,3248364,7641841,7691850,-0.288536,unrelated
S107,S297,ColomaBonus-2019,OkrayRobacks-2019,0,2086486,3510532,7641841,7677694,-0.322110,unrelated
S107,S298,ColomaBonus-2019,OkrayRobacks-2019,0,1960700,3454631,7641841,7378291,-0.329462,unrelated
S107,S299,ColomaBonus-2019,OkrayRobacks-2019,0,1995051,3394777,7641841,7556994,-0.315452,unrelated
S107,S300,ColomaBonus-2019,OkrayRobacks-2019,0,2022597,3310717,7641841,7420867,-0.305313,unrelated
S107,S301,ColomaBonus-2019,OkrayRobacks-2019,0,2099380,3331178,7641841,8080920,-0.290215,unrelated
S107,S302,ColomaBonus-2019,OkrayRobacks-2019,0,2265003,3067381,7641841,8536700,-0.239191,unrelated
S107,S304,ColomaBonus-2019,OkrayGrosheks40-2019,0,1913180,3381873,7641841,7154938,-0.327812,unrelated
S107,S305,ColomaBonus-2019,OkrayGrosheks40-2019,0,2113963,3307675,7641841,7779665,-0.291890,unrelated
S107,S306,ColomaBonus-2019,OkrayGrosheks40-2019,0,3074804,2270535,7641841,11601524,-0.076196,unrelated
S107,S307,ColomaBonus-2019,OkrayGrosheks40-2019,0,1897237,3463997,7641841,7144597,-0.340228,unrelated
S107,S308,ColomaBonus-2019,OkrayGrosheks40-2019,0,2099990,3233414,7641841,7750273,-0.283706,unrelated
S107,S309,ColomaBonus-2019,OkrayGrosheks40-2019,0,1921943,3378424,7641841,7235130,-0.324993,unrelated
S107,S310,ColomaBonus-2019,OkrayGrosheks40-2019,0,1961131,3472929,7641841,7262608,-0.334446,unrelated
S107,S340,ColomaBonus-2019,OkrayPFWiper-2019,0,2072035,3435441,7641841,7619222,-0.314450,unrelated
S107,S341,ColomaBonus-2019,OkrayPFWiper-2019,0,1973023,3468922,7641841,7557563,-0.326646,unrelated
S107,S342,ColomaBonus-2019,OkrayPFWiper-2019,0,1958879,3448070,7641841,7043704,-0.336199,unrelated
S107,S343,ColomaBonus-2019,OkrayPFWiper-2019,0,2020667,3402020,7641841,7375799,-0.318517,unrelated
S107,S344,ColomaBonus-2019,OkrayPFWiper-2019,0,1926738,3536701,7641841,7302502,-0.344389,unrelated
S107,S354,ColomaBonus-2019,PloverBrikalskiPats-2019,0,2035744,3394684,7641841,7677084,-0.310311,unrelated
S107,S355,ColomaBonus-2019,PloverBrikalskiPats-2019,0,2114411,3337424,7641841,7759982,-0.296097,unrelated
S107,S356,ColomaBonus-2019,PloverBrikalskiPats-2019,0,2021415,3479237,7641841,7738582,-0.320996,unrelated
S107,S357,ColomaBonus-2019,PloverBrikalskiPats-2019,0,2081999,3345797,7641841,7682544,-0.300801,unrelated
S107,S358,ColomaBonus-2019,PloverBrikalskiPats-2019,0,2080710,3433256,7641841,7701638,-0.311911,unrelated
S107,S359,ColomaBonus-2019,PloverBrikalskiPats-2019,0,2119497,3347018,7641841,7899720,-0.294342,unrelated
S107,S360,ColomaBonus-2019,PloverBrikalskiPats-2019,0,2064805,3365624,7641841,7905479,-0.300145,unrelated
S107,S378,ColomaBonus-2019,PloverDaveBrSE-2019,0,2026597,3466459,7641841,7709061,-0.319611,unrelated
S107,S379,ColomaBonus-2019,PloverDaveBrSE-2019,0,2045150,3455262,7641841,7674181,-0.317666,unrelated
S107,S380,ColomaBonus-2019,PloverDaveBrSE-2019,0,2053986,3415695,7641841,7619782,-0.313034,unrelated
S107,S381,ColomaBonus-2019,PloverDaveBrSE-2019,0,1958962,3622072,7641841,7357228,-0.352367,unrelated
S107,S382,ColomaBonus-2019,PloverDaveBrSE-2019,0,2007280,3425630,7641841,7450016,-0.320966,unrelated
S107,S383,ColomaBonus-2019,PloverDaveBrSE-2019,0,2149926,3336929,7641841,8100805,-0.287368,unrelated
S107,S384,ColomaBonus-2019,PloverDaveBrSE-2019,0,2223716,3272784,7641841,8223535,-0.272408,unrelated
S107,S402,ColomaBonus-2019,Wysocki1129-2019,0,2020427,3427014,7641841,7525165,-0.318692,unrelated
S107,S403,ColomaBonus-2019,Wysocki1129-2019,0,2037990,3433347,7641841,7520277,-0.318472,unrelated
S107,S404,ColomaBonus-2019,Wysocki1129-2019,0,2202939,3276194,7641841,7928168,-0.279348,unrelated
S107,S405,ColomaBonus-2019,Wysocki1129-2019,0,2093291,3323626,7641841,7761893,-0.295640,unrelated
S107,S406,ColomaBonus-2019,Wysocki1129-2019,0,2125107,3305873,7641841,7786192,-0.290811,unrelated
S107,S407,ColomaBonus-2019,Wysocki1129-2019,0,2108435,3340428,7641841,7717071,-0.297705,unrelated
S107,S408,ColomaBonus-2019,Wysocki1129-2019,0,2101584,3378715,7641841,7724063,-0.302999,unrelated
S107,S426,ColomaBonus-2019,Wysocki438-2019,0,2099434,3383663,7641841,7847102,-0.301369,unrelated
S107,S427,ColomaBonus-2019,Wysocki438-2019,0,2067803,3380895,7641841,7598529,-0.307997,unrelated
S107,S428,ColomaBonus-2019,Wysocki438-2019,0,1981771,3618723,7641841,7402753,-0.349340,unrelated
S107,S429,ColomaBonus-2019,Wysocki438-2019,0,2024385,3478848,7641841,7685399,-0.321866,unrelated
S107,S430,ColomaBonus-2019,Wysocki438-2019,0,2005923,3412640,7641841,7738169,-0.313352,unrelated
S107,S431,ColomaBonus-2019,Wysocki438-2019,0,1999578,3437612,7641841,7367342,-0.324844,unrelated
S107,S432,ColomaBonus-2019,Wysocki438-2019,0,2043536,3367705,7641841,7526561,-0.309319,unrelated
S107,S450,ColomaBonus-2019,Wysocki563-2019,0,2150382,3520346,7641841,7734101,-0.318049,unrelated
S107,S451,ColomaBonus-2019,Wysocki563-2019,0,1952935,3435715,7641841,7226898,-0.330794,unrelated
S107,S452,ColomaBonus-2019,Wysocki563-2019,0,2100577,3370287,7641841,7917168,-0.298219,unrelated
S107,S453,ColomaBonus-2019,Wysocki563-2019,0,1923237,3566396,7641841,7210686,-0.350752,unrelated
S107,S454,ColomaBonus-2019,Wysocki563-2019,0,2003943,3335185,7641841,7408884,-0.310047,unrelated
S107,S455,ColomaBonus-2019,Wysocki563-2019,0,2076430,3268458,7641841,7450078,-0.295555,unrelated
S107,S456,ColomaBonus-2019,Wysocki563-2019,0,1928485,3636192,7641841,7202383,-0.359999,unrelated
S107,S458,ColomaBonus-2019,Wysocki570-2019,0,2011197,3348192,7641841,7453203,-0.310379,unrelated
S107,S459,ColomaBonus-2019,Wysocki570-2019,0,2051262,3337061,7641841,7810498,-0.299169,unrelated
S107,S460,ColomaBonus-2019,Wysocki570-2019,0,2021421,3351997,7641841,7316303,-0.313045,unrelated
S107,S461,ColomaBonus-2019,Wysocki570-2019,0,2028276,3306256,7641841,7396301,-0.304841,unrelated
S107,S462,ColomaBonus-2019,Wysocki570-2019,0,2079464,3348387,7641841,7560523,-0.303723,unrelated
S107,S463,ColomaBonus-2019,Wysocki570-2019,0,1952418,3419842,7641841,7366427,-0.325638,unrelated
S107,S464,ColomaBonus-2019,Wysocki570-2019,0,2028998,3553181,7641841,7360662,-0.338434,unrelated
S125,S126,ColomaLyons-2019,ColomaLyons-2019,1,2169185,3259742,8018900,7690253,-0.276928,unrelated
S125,S127,ColomaLyons-2019,ColomaLyons-2019,1,2054075,3396717,8018900,7481050,-0.305766,unrelated
S125,S128,ColomaLyons-2019,ColomaLyons-2019,1,2176588,3352138,8018900,7740149,-0.287307,unrelated
S125,S129,ColomaLyons-2019,ColomaLyons-2019,1,2110365,3326165,8018900,7617129,-0.290481,unrelated
S125,S130,ColomaLyons-2019,ColomaLyons-2019,1,2087186,3406357,8018900,7474077,-0.305011,unrelated
S125,S131,ColomaLyons-2019,ColomaLyons-2019,1,2042858,3421505,8018900,7362681,-0.312071,unrelated
S125,S139,ColomaLyons-2019,XMASBig-2019,0,2079837,3318155,8018900,7410585,-0.295309,unrelated
S125,S140,ColomaLyons-2019,XMASBig-2019,0,2160013,3303696,8018900,7814276,-0.280890,unrelated
S125,S141,ColomaLyons-2019,XMASBig-2019,0,2091903,3323139,8018900,7717407,-0.289418,unrelated
S125,S142,ColomaLyons-2019,XMASBig-2019,0,2123602,3369795,8018900,7766337,-0.292424,unrelated
S125,S143,ColomaLyons-2019,XMASBig-2019,0,2058171,3261365,8018900,7252463,-0.292348,unrelated
S125,S159,ColomaLyons-2019,OkrayGarrisonNE-2019,0,2040525,3385151,8018900,7368400,-0.307382,unrelated
S125,S160,ColomaLyons-2019,OkrayGarrisonNE-2019,0,1999702,3450208,8018900,7290941,-0.320102,unrelated
S125,S161,ColomaLyons-2019,OkrayGarrisonNE-2019,0,2045065,3380882,8018900,7377502,-0.306351,unrelated
S125,S162,ColomaLyons-2019,OkrayGarrisonNE-2019,0,2113827,3336521,8018900,7785671,-0.288474,unrelated
S125,S163,ColomaLyons-2019,OkrayGarrisonNE-2019,0,2102169,3339408,8018900,7709788,-0.290974,unrelated
S125,S164,ColomaLyons-2019,OkrayGarrisonNE-2019,0,2116481,3304498,8018900,7689846,-0.285988,unrelated
S125,S165,ColomaLyons-2019,OkrayGarrisonNE-2019,0,2090123,3361275,8018900,7611186,-0.296379,unrelated
S125,S296,ColomaLyons-2019,OkrayRobacks-2019,0,2119825,3210091,8018900,7691850,-0.273721,unrelated
S125,S297,ColomaLyons-2019,OkrayRobacks-2019,0,2182984,3207348,8018900,7677694,-0.269594,unrelated
S125,S298,ColomaLyons-2019,OkrayRobacks-2019,0,2064210,3292916,8018900,7378291,-0.293665,unrelated
S125,S299,ColomaLyons-2019,OkrayRobacks-2019,0,2108395,3268574,8018900,7556994,-0.284334,unrelated
S125,S300,ColomaLyons-2019,OkrayRobacks-2019,0,2086789,3262879,8018900,7420867,-0.287502,unrelated
S125,S301,ColomaLyons-2019,OkrayRobacks-2019,0,2418396,3183079,8018900,8080920,-0.245205,unrelated
S125,S302,ColomaLyons-2019,OkrayRobacks-2019,0,2406051,2966621,8018900,8536700,-0.213051,unrelated
S125,S304,ColomaLyons-2019,OkrayGrosheks40-2019,0,2024282,3270237,8018900,7154938,-0.297630,unrelated
S125,S305,ColomaLyons-2019,OkrayGrosheks40-2019,0,2215534,3194004,8018900,7779665,-0.264105,unrelated
S125,S306,ColomaLyons-2019,OkrayGrosheks40-2019,0,3203822,2252765,8018900,11601524,-0.066345,unrelated
S125,S307,ColomaLyons-2019,OkrayGrosheks40-2019,0,1999459,3356131,8018900,7144597,-0.310799,unrelated
S125,S308,ColomaLyons-2019,OkrayGrosheks40-2019,0,2170096,3215320,8018900,7750273,-0.270182,unrelated
S125,S309,ColomaLyons-2019,OkrayGrosheks40-2019,0,2005272,3311300,8018900,7235130,-0.302696,unrelated
S125,S310,ColomaLyons-2019,OkrayGrosheks40-2019,0,2095754,3219167,8018900,7262608,-0.284172,unrelated
S125,S340,ColomaLyons-2019,OkrayPFWiper-2019,0,2116925,3306162,8018900,7619222,-0.287464,unrelated
S125,S341,ColomaLyons-2019,OkrayPFWiper-2019,0,2140473,3398954,8018900,7557563,-0.299005,unrelated
S125,S342,ColomaLyons-2019,OkrayPFWiper-2019,0,1940376,3415855,8018900,7043704,-0.324734,unrelated
S125,S343,ColomaLyons-2019,OkrayPFWiper-2019,0,1998982,3438824,8018900,7375799,-0.316906,unrelated
S125,S344,ColomaLyons-2019,OkrayPFWiper-2019,0,2159966,3471405,8018900,7302502,-0.312168,unrelated
S125,S354,ColomaLyons-2019,PloverBrikalskiPats-2019,0,2231357,3322960,8018900,7677084,-0.281254,unrelated
S125,S355,ColomaLyons-2019,PloverBrikalskiPats-2019,0,2143546,3276029,8018900,7759982,-0.279393,unrelated
S125,S356,ColomaLyons-2019,PloverBrikalskiPats-2019,0,2287026,3252554,8018900,7738582,-0.267688,unrelated
S125,S357,ColomaLyons-2019,PloverBrikalskiPats-2019,0,2224523,3198798,8018900,7682544,-0.265776,unrelated
S125,S358,ColomaLyons-2019,PloverBrikalskiPats-2019,0,2130070,3359354,8018900,7701638,-0.291888,unrelated
S125,S359,ColomaLyons-2019,PloverBrikalskiPats-2019,0,2334132,3317132,8018900,7899720,-0.270132,unrelated
S125,S360,ColomaLyons-2019,PloverBrikalskiPats-2019,0,2318046,3198108,8018900,7905479,-0.256096,unrelated
S125,S378,ColomaLyons-2019,PloverDaveBrSE-2019,0,2153026,3317886,8018900,7709061,-0.285018,unrelated
S125,S379,ColomaLyons-2019,PloverDaveBrSE-2019,0,2098854,3384332,8018900,7674181,-0.297571,unrelated
S125,S380,ColomaLyons-2019,PloverDaveBrSE-2019,0,2062719,3386154,8018900,7619782,-0.301150,unrelated
S125,S381,ColomaLyons-2019,PloverDaveBrSE-2019,0,2102656,3468609,8018900,7357228,-0.314420,unrelated
S125,S382,ColomaLyons-2019,PloverDaveBrSE-2019,0,2001139,3409688,8018900,7450016,-0.311479,unrelated
S125,S383,ColomaLyons-2019,PloverDaveBrSE-2019,0,2341234,3166844,8018900,8100805,-0.247675,unrelated
S125,S384,ColomaLyons-2019,PloverDaveBrSE-2019,0,2291436,3216525,8018900,8223535,-0.254987,unrelated
S125,S402,ColomaLyons-2019,Wysocki1129-2019,0,2060848,3388422,8018900,7525165,-0.303395,unrelated
S125,S403,ColomaLyons-2019,Wysocki1129-2019,0,2076988,3440393,8018900,7520277,-0.309141,unrelated
S125,S404,ColomaLyons-2019,Wysocki1129-2019,0,2256036,3188932,8018900,7928168,-0.258469,unrelated
S125,S405,ColomaLyons-2019,Wysocki1129-2019,0,2146101,3259914,8018900,7761893,-0.277155,unrelated
S125,S406,ColomaLyons-2019,Wysocki1129-2019,0,2164669,3279267,8018900,7786192,-0.278003,unrelated
S125,S407,ColomaLyons-2019,Wysocki1129-2019,0,2140552,3288998,8018900,7717071,-0.281994,unrelated
S125,S408,ColomaLyons-2019,Wysocki1129-2019,0,2135489,3322620,8018900,7724063,-0.286461,unrelated
S125,S426,ColomaLyons-2019,Wysocki438-2019,0,2258911,3305746,8018900,7847102,-0.274334,unrelated
S125,S427,ColomaLyons-2019,Wysocki438-2019,0,2162620,3344457,8018900,7598529,-0.289823,unrelated
S125,S428,ColomaLyons-2019,Wysocki438-2019,0,2093588,3378715,8018900,7402753,-0.302422,unrelated
S125,S429,ColomaLyons-2019,Wysocki438-2019,0,2194718,3215488,8018900,7685399,-0.269751,unrelated
S125,S430,ColomaLyons-2019,Wysocki438-2019,0,2293739,3254320,8018900,7738169,-0.267493,unrelated
S125,S431,ColomaLyons-2019,Wysocki438-2019,0,2043452,3310613,8018900,7367342,-0.297524,unrelated
S125,S432,ColomaLyons-2019,Wysocki438-2019,0,2048619,3336864,8018900,7526561,-0.297522,unrelated
S125,S450,ColomaLyons-2019,Wysocki563-2019,0,2202662,3240481,8018900,7734101,-0.271586,unrelated
S125,S451,ColomaLyons-2019,Wysocki563-2019,0,2013532,3398504,8018900,7226898,-0.313757,unrelated
S125,S452,ColomaLyons-2019,Wysocki563-2019,0,2335243,3182567,8018900,7917168,-0.252879,unrelated
S125,S453,ColomaLyons-2019,Wysocki563-2019,0,2067557,3372704,8018900,7210686,-0.307155,unrelated
S125,S454,ColomaLyons-2019,Wysocki563-2019,0,2117473,3222216,8018900,7408884,-0.280465,unrelated
S125,S455,ColomaLyons-2019,Wysocki563-2019,0,2094796,3258963,8018900,7450078,-0.285936,unrelated
S125,S456,ColomaLyons-2019,Wysocki563-2019,0,2071565,3377802,8018900,7202383,-0.307730,unrelated
S125,S458,ColomaLyons-2019,Wysocki570-2019,0,2081057,3252134,8018900,7453203,-0.285883,unrelated
S125,S459,ColomaLyons-2019,Wysocki570-2019,0,2300619,3218235,8018900,7810498,-0.261277,unrelated
S125,S460,ColomaLyons-2019,Wysocki570-2019,0,2024411,3357068,8018900,7316303,-0.305814,unrelated
S125,S461,ColomaLyons-2019,Wysocki570-2019,0,2094855,3315482,8018900,7396301,-0.294262,unrelated
S125,S462,ColomaLyons-2019,Wysocki570-2019,0,2125788,3217451,8018900,7560523,-0.276590,unrelated
S125,S463,ColomaLyons-2019,Wysocki570-2019,0,2129205,3310559,8018900,7366427,-0.291961,unrelated
S125,S464,ColomaLyons-2019,Wysocki570-2019,0,2113320,3227983,8018900,7360662,-0.282365,unrelated
S126,S127,ColomaLyons-2019,ColomaLyons-2019,1,2112948,3284969,7690253,7481050,-0.293778,unrelated
S126,S128,ColomaLyons-2019,ColomaLyons-2019,1,2127414,3532074,7690253,7740149,-0.319936,unrelated
S126,S129,ColomaLyons-2019,ColomaLyons-2019,1,2046826,3400445,7690253,7617129,-0.310573,unrelated
S126,S130,ColomaLyons-2019,ColomaLyons-2019,1,2089476,3354296,7690253,7474077,-0.304604,unrelated
S126,S131,ColomaLyons-2019,ColomaLyons-2019,1,2078014,3370915,7690253,7362681,-0.309828,unrelated
S126,S139,ColomaLyons-2019,XMASBig-2019,0,2062510,3205591,7690253,7410585,-0.287976,unrelated
S126,S140,ColomaLyons-2019,XMASBig-2019,0,2182749,3269586,7690253,7814276,-0.280977,unrelated
S126,S141,ColomaLyons-2019,XMASBig-2019,0,2125176,3291649,7690253,7717407,-0.289345,unrelated
S126,S142,ColomaLyons-2019,XMASBig-2019,0,2151675,3242154,7690253,7766337,-0.280310,unrelated
S126,S143,ColomaLyons-2019,XMASBig-2019,0,1963401,3485169,7690253,7252463,-0.335075,unrelated
S126,S159,ColomaLyons-2019,OkrayGarrisonNE-2019,0,2034867,3319774,7690253,7368400,-0.305783,unrelated
S126,S160,ColomaLyons-2019,OkrayGarrisonNE-2019,0,1996591,3408117,7690253,7290941,-0.321713,unrelated
S126,S161,ColomaLyons-2019,OkrayGarrisonNE-2019,0,2055028,3307830,7690253,7377502,-0.302675,unrelated
S126,S162,ColomaLyons-2019,OkrayGarrisonNE-2019,0,2139865,3309464,7690253,7785671,-0.289421,unrelated
S126,S163,ColomaLyons-2019,OkrayGarrisonNE-2019,0,2120019,3308755,7690253,7709788,-0.292044,unrelated
S126,S164,ColomaLyons-2019,OkrayGarrisonNE-2019,0,2150679,3336795,7690253,7689846,-0.294076,unrelated
S126,S165,ColomaLyons-2019,OkrayGarrisonNE-2019,0,2119533,3317176,7690253,7611186,-0.295058,unrelated
S126,S296,ColomaLyons-2019,OkrayRobacks-2019,0,2146202,3144865,7690253,7691850,-0.269373,unrelated
S126,S297,ColomaLyons-2019,OkrayRobacks-2019,0,2102261,3453929,7690253,7677694,-0.312703,unrelated
S126,S298,ColomaLyons-2019,OkrayRobacks-2019,0,2018184,3324201,7690253,7378291,-0.307277,unrelated
S126,S299,ColomaLyons-2019,OkrayRobacks-2019,0,2085086,3250846,7690253,7556994,-0.289666,unrelated
S126,S300,ColomaLyons-2019,OkrayRobacks-2019,0,2036453,3291483,7690253,7420867,-0.300872,unrelated
S126,S301,ColomaLyons-2019,OkrayRobacks-2019,0,2149180,3250391,7690253,8080920,-0.275921,unrelated
S126,S302,ColomaLyons-2019,OkrayRobacks-2019,0,2334390,2981019,7690253,8536700,-0.223557,unrelated
S126,S304,ColomaLyons-2019,OkrayGrosheks40-2019,0,1993895,3267893,7690253,7154938,-0.305950,unrelated
S126,S305,ColomaLyons-2019,OkrayGrosheks40-2019,0,2149884,3200641,7690253,7779665,-0.274817,unrelated
S126,S306,ColomaLyons-2019,OkrayGrosheks40-2019,0,3155678,2184618,7690253,11601524,-0.062905,unrelated
S126,S307,ColomaLyons-2019,OkrayGrosheks40-2019,0,1958679,3380560,7690253,7144597,-0.323727,unrelated
S126,S308,ColomaLyons-2019,OkrayGrosheks40-2019,0,2135622,3219940,7690253,7750273,-0.278764,unrelated
S126,S309,ColomaLyons-2019,OkrayGrosheks40-2019,0,1999649,3321661,7690253,7235130,-0.311126,unrelated
S126,S310,ColomaLyons-2019,OkrayGrosheks40-2019,0,2007972,3364154,7690253,7262608,-0.315681,unrelated
S126,S340,ColomaLyons-2019,OkrayPFWiper-2019,0,2095612,3315285,7690253,7619222,-0.296219,unrelated
S126,S341,ColomaLyons-2019,OkrayPFWiper-2019,0,1990589,3469523,7690253,7557563,-0.324535,unrelated
S126,S342,ColomaLyons-2019,OkrayPFWiper-2019,0,1942242,3446236,7690253,7043704,-0.335974,unrelated
S126,S343,ColomaLyons-2019,OkrayPFWiper-2019,0,2010394,3427422,7690253,7375799,-0.321547,unrelated
S126,S344,ColomaLyons-2019,OkrayPFWiper-2019,0,1954498,3519135,7690253,7302502,-0.339082,unrelated
S126,S354,ColomaLyons-2019,PloverBrikalskiPats-2019,0,2086509,3309703,7690253,7677084,-0.294970,unrelated
S126,S355,ColomaLyons-2019,PloverBrikalskiPats-2019,0,2098771,3282395,7690253,7759982,-0.289058,unrelated
S126,S356,ColomaLyons-2019,PloverBrikalskiPats-2019,0,2046604,3418979,7690253,7738582,-0.310545,unrelated
S126,S357,ColomaLyons-2019,PloverBrikalskiPats-2019,0,2113741,3319737,7690253,7682544,-0.294399,unrelated
S126,S358,ColomaLyons-2019,PloverBrikalskiPats-2019,0,2143587,3303526,7690253,7701638,-0.289988,unrelated
S126,S359,ColomaLyons-2019,PloverBrikalskiPats-2019,0,2125806,3327626,7690253,7899720,-0.290536,unrelated
S126,S360,ColomaLyons-2019,PloverBrikalskiPats-2019,0,2099277,3320868,7690253,7905479,-0.291263,unrelated
S126,S378,ColomaLyons-2019,PloverDaveBrSE-2019,0,2052764,3358326,7690253,7709061,-0.302863,unrelated
S126,S379,ColomaLyons-2019,PloverDaveBrSE-2019,0,2128834,3359026,7690253,7674181,-0.298691,unrelated
S126,S380,ColomaLyons-2019,PloverDaveBrSE-2019,0,2057841,3377510,7690253,7619782,-0.306804,unrelated
S126,S381,ColomaLyons-2019,PloverDaveBrSE-2019,0,1977486,3576559,7690253,7357228,-0.343953,unrelated
S126,S382,ColomaLyons-2019,PloverDaveBrSE-2019,0,2052156,3299600,7690253,7450016,-0.300328,unrelated
S126,S383,ColomaLyons-2019,PloverDaveBrSE-2019,0,2219596,3244076,7690253,8100805,-0.270315,unrelated
S126,S384,ColomaLyons-2019,PloverDaveBrSE-2019,0,2267516,3237957,7690253,8223535,-0.264450,unrelated
S126,S402,ColomaLyons-2019,Wysocki1129-2019,0,2033895,3424135,7690253,7525165,-0.316414,unrelated
S126,S403,ColomaLyons-2019,Wysocki1129-2019,0,2105411,3299493,7690253,7520277,-0.295425,unrelated
S126,S404,ColomaLyons-2019,Wysocki1129-2019,0,2248811,3160741,7690253,7928168,-0.260761,unrelated
S126,S405,ColomaLyons-2019,Wysocki1129-2019,0,2147562,3295338,7690253,7761893,-0.287540,unrelated
S126,S406,ColomaLyons-2019,Wysocki1129-2019,0,2147056,3296314,7690253,7786192,-0.287248,unrelated
S126,S407,ColomaLyons-2019,Wysocki1129-2019,0,2114861,3326154,7690253,7717071,-0.294499,unrelated
S126,S408,ColomaLyons-2019,Wysocki1129-2019,0,2164361,3270677,7690253,7724063,-0.283956,unrelated
S126,S426,ColomaLyons-2019,Wysocki438-2019,0,2122787,3338233,7690253,7847102,-0.293079,unrelated
S126,S427,ColomaLyons-2019,Wysocki438-2019,0,2091052,3331124,7690253,7598529,-0.298990,unrelated
S126,S428,ColomaLyons-2019,Wysocki438-2019,0,1987801,3595330,7690253,7402753,-0.344720,unrelated
S126,S429,ColomaLyons-2019,Wysocki438-2019,0,2048963,3408314,7690253,7685399,-0.310079,unrelated
S126,S430,ColomaLyons-2019,Wysocki438-2019,0,2051249,3388934,7690253,7738169,-0.306358,unrelated
S126,S431,ColomaLyons-2019,Wysocki438-2019,0,2013299,3403666,7690253,7367342,-0.318380,unrelated
S126,S432,ColomaLyons-2019,Wysocki438-2019,0,2068679,3317794,7690253,7526561,-0.300123,unrelated
S126,S450,ColomaLyons-2019,Wysocki563-2019,0,2134678,3484744,7690253,7734101,-0.313453,unrelated
S126,S451,ColomaLyons-2019,Wysocki563-2019,0,2003649,3312704,7690253,7226898,-0.309829,unrelated
S126,S452,ColomaLyons-2019,Wysocki563-2019,0,2143161,3255035,7690253,7917168,-0.279797,unrelated
S126,S453,ColomaLyons-2019,Wysocki563-2019,0,1904061,3630142,7690253,7210686,-0.359455,unrelated
S126,S454,ColomaLyons-2019,Wysocki563-2019,0,2035568,3279036,7690253,7408884,-0.299521,unrelated
S126,S455,ColomaLyons-2019,Wysocki563-2019,0,2082568,3257900,7690253,7450078,-0.292809,unrelated
S126,S456,ColomaLyons-2019,Wysocki563-2019,0,1953290,3489691,7690253,7202383,-0.337488,unrelated
S126,S458,ColomaLyons-2019,Wysocki570-2019,0,2058411,3323318,7690253,7453203,-0.302984,unrelated
S126,S459,ColomaLyons-2019,Wysocki570-2019,0,2150618,3246543,7690253,7810498,-0.280146,unrelated
S126,S460,ColomaLyons-2019,Wysocki570-2019,0,2061422,3299670,7690253,7316303,-0.302396,unrelated
S126,S461,ColomaLyons-2019,Wysocki570-2019,0,2039338,3295606,7690253,7396301,-0.301717,unrelated
S126,S462,ColomaLyons-2019,Wysocki570-2019,0,2133489,3261275,7690253,7560523,-0.287793,unrelated
S126,S463,ColomaLyons-2019,Wysocki570-2019,0,2050913,3296620,7690253,7366427,-0.301682,unrelated
S126,S464,ColomaLyons-2019,Wysocki570-2019,0,2028198,3587964,7690253,7360662,-0.342021,unrelated
S127,S128,ColomaLyons-2019,ColomaLyons-2019,1,2041615,3606844,7481050,7740149,-0.339794,unrelated
S127,S129,ColomaLyons-2019,ColomaLyons-2019,1,2020021,3458710,7481050,7617129,-0.324370,unrelated
S127,S130,ColomaLyons-2019,ColomaLyons-2019,1,2011487,3525954,7481050,7474077,-0.337036,unrelated
S127,S131,ColomaLyons-2019,ColomaLyons-2019,1,1997969,3548906,7481050,7362681,-0.343569,unrelated
S127,S139,ColomaLyons-2019,XMASBig-2019,0,1977556,3380695,7481050,7410585,-0.321243,unrelated
S127,S140,ColomaLyons-2019,XMASBig-2019,0,2101178,3396746,7481050,7814276,-0.306781,unrelated
S127,S141,ColomaLyons-2019,XMASBig-2019,0,2068663,3390007,7481050,7717407,-0.309989,unrelated
S127,S142,ColomaLyons-2019,XMASBig-2019,0,2109325,3322661,7481050,7766337,-0.297493,unrelated
S127,S143,ColomaLyons-2019,XMASBig-2019,0,1870792,3617522,7481050,7252463,-0.364085,unrelated
S127,S159,ColomaLyons-2019,OkrayGarrisonNE-2019,0,1969021,3522417,7481050,7368400,-0.341818,unrelated
S127,S160,ColomaLyons-2019,OkrayGarrisonNE-2019,0,1962141,3471294,7481050,7290941,-0.337155,unrelated
S127,S161,ColomaLyons-2019,OkrayGarrisonNE-2019,0,1968073,3477687,7481050,7377502,-0.335652,unrelated
S127,S162,ColomaLyons-2019,OkrayGarrisonNE-2019,0,2109931,3337581,7481050,7785671,-0.299032,unrelated
S127,S163,ColomaLyons-2019,OkrayGarrisonNE-2019,0,2038207,3464997,7481050,7709788,-0.322022,unrelated
S127,S164,ColomaLyons-2019,OkrayGarrisonNE-2019,0,2042213,3518337,7481050,7689846,-0.329213,unrelated
S127,S165,ColomaLyons-2019,OkrayGarrisonNE-2019,0,2035001,3479378,7481050,7611186,-0.326244,unrelated
S127,S296,ColomaLyons-2019,OkrayRobacks-2019,0,2039820,3347212,7481050,7691850,-0.306771,unrelated
S127,S297,ColomaLyons-2019,OkrayRobacks-2019,0,2010063,3566566,7481050,7677694,-0.337961,unrelated
S127,S298,ColomaLyons-2019,OkrayRobacks-2019,0,1963936,3492942,7481050,7378291,-0.337966,unrelated
S127,S299,ColomaLyons-2019,OkrayRobacks-2019,0,1989535,3322560,7481050,7556994,-0.309587,unrelated
S127,S300,ColomaLyons-2019,OkrayRobacks-2019,0,1931654,3518105,7481050,7420867,-0.342544,unrelated
S127,S301,ColomaLyons-2019,OkrayRobacks-2019,0,2093944,3299566,7481050,8080920,-0.289500,unrelated
S127,S302,ColomaLyons-2019,OkrayRobacks-2019,0,2245584,3114448,7481050,8536700,-0.248681,unrelated
S127,S304,ColomaLyons-2019,OkrayGrosheks40-2019,0,1868876,3440837,7481050,7154938,-0.342498,unrelated
S127,S305,ColomaLyons-2019,OkrayGrosheks40-2019,0,2063409,3363898,7481050,7779665,-0.305647,unrelated
S127,S306,ColomaLyons-2019,OkrayGrosheks40-2019,0,3021508,2269564,7481050,11601524,-0.079529,unrelated
S127,S307,ColomaLyons-2019,OkrayGrosheks40-2019,0,1869104,3522078,7481050,7144597,-0.353834,unrelated
S127,S308,ColomaLyons-2019,OkrayGrosheks40-2019,0,2044187,3335871,7481050,7750273,-0.303818,unrelated
S127,S309,ColomaLyons-2019,OkrayGrosheks40-2019,0,1937771,3392508,7481050,7235130,-0.329382,unrelated
S127,S310,ColomaLyons-2019,OkrayGrosheks40-2019,0,1953739,3427784,7481050,7262608,-0.332470,unrelated
S127,S340,ColomaLyons-2019,OkrayPFWiper-2019,0,2041327,3470067,7481050,7619222,-0.324418,unrelated
S127,S341,ColomaLyons-2019,OkrayPFWiper-2019,0,1928958,3616333,7481050,7557563,-0.352673,unrelated
S127,S342,ColomaLyons-2019,OkrayPFWiper-2019,0,1890555,3556928,7481050,7043704,-0.359614,unrelated
S127,S343,ColomaLyons-2019,OkrayPFWiper-2019,0,1961669,3494123,7481050,7375799,-0.338334,unrelated
S127,S344,ColomaLyons-2019,OkrayPFWiper-2019,0,1925851,3633712,7481050,7302502,-0.361319,unrelated
S127,S354,ColomaLyons-2019,PloverBrikalskiPats-2019,0,1975311,3478623,7481050,7677084,-0.328664,unrelated
S127,S355,ColomaLyons-2019,PloverBrikalskiPats-2019,0,2059343,3396437,7481050,7759982,-0.310578,unrelated
S127,S356,ColomaLyons-2019,PloverBrikalskiPats-2019,0,2019523,3470390,7481050,7738582,-0.323349,unrelated
S127,S357,ColomaLyons-2019,PloverBrikalskiPats-2019,0,2019895,3448698,7481050,7682544,-0.321659,unrelated
S127,S358,ColomaLyons-2019,PloverBrikalskiPats-2019,0,2139837,3389787,7481050,7701638,-0.305594,unrelated
S127,S359,ColomaLyons-2019,PloverBrikalskiPats-2019,0,2091705,3431355,7481050,7899720,-0.310193,unrelated
S127,S360,ColomaLyons-2019,PloverBrikalskiPats-2019,0,2056775,3419036,7481050,7905479,-0.310746,unrelated
S127,S378,ColomaLyons-2019,PloverDaveBrSE-2019,0,2007393,3480462,7481050,7709061,-0.326102,unrelated
S127,S379,ColomaLyons-2019,PloverDaveBrSE-2019,0,2072893,3532185,7481050,7674181,-0.329357,unrelated
S127,S380,ColomaLyons-2019,PloverDaveBrSE-2019,0,2032629,3451939,7481050,7619782,-0.322581,unrelated
S127,S381,ColomaLyons-2019,PloverDaveBrSE-2019,0,1937087,3638057,7481050,7357228,-0.359814,unrelated
S127,S382,ColomaLyons-2019,PloverDaveBrSE-2019,0,2003974,3449918,7481050,7450016,-0.327898,unrelated
S127,S383,ColomaLyons-2019,PloverDaveBrSE-2019,0,2142866,3370392,7481050,8100805,-0.295082,unrelated
S127,S384,ColomaLyons-2019,PloverDaveBrSE-2019,0,2243781,3316563,7481050,8223535,-0.279494,unrelated
S127,S402,ColomaLyons-2019,Wysocki1129-2019,0,2006134,3480392,7481050,7525165,-0.330173,unrelated
S127,S403,ColomaLyons-2019,Wysocki1129-2019,0,2018686,3442803,7481050,7520277,-0.324433,unrelated
S127,S404,ColomaLyons-2019,Wysocki1129-2019,0,2134343,3313579,7481050,7928168,-0.291567,unrelated
S127,S405,ColomaLyons-2019,Wysocki1129-2019,0,2047604,3447657,7481050,7761893,-0.318030,unrelated
S127,S406,ColomaLyons-2019,Wysocki1129-2019,0,2109156,3390077,7481050,7786192,-0.305949,unrelated
S127,S407,ColomaLyons-2019,Wysocki1129-2019,0,2078219,3410238,7481050,7717071,-0.312029,unrelated
S127,S408,ColomaLyons-2019,Wysocki1129-2019,0,2036474,3488482,7481050,7724063,-0.324923,unrelated
S127,S426,ColomaLyons-2019,Wysocki438-2019,0,2041467,3460507,7481050,7847102,-0.318339,unrelated
S127,S427,ColomaLyons-2019,Wysocki438-2019,0,1996391,3512840,7481050,7598529,-0.333517,unrelated
S127,S428,ColomaLyons-2019,Wysocki438-2019,0,1901919,3731690,7481050,7402753,-0.373659,unrelated
S127,S429,ColomaLyons-2019,Wysocki438-2019,0,2031602,3492006,7481050,7685399,-0.326537,unrelated
S127,S430,ColomaLyons-2019,Wysocki438-2019,0,1955862,3519946,7481050,7738169,-0.334053,unrelated
S127,S431,ColomaLyons-2019,Wysocki438-2019,0,1988051,3493390,7481050,7367342,-0.336651,unrelated
S127,S432,ColomaLyons-2019,Wysocki438-2019,0,2021682,3362322,7481050,7526561,-0.313372,unrelated
S127,S450,ColomaLyons-2019,Wysocki563-2019,0,2051916,3674074,7481050,7734101,-0.348089,unrelated
S127,S451,ColomaLyons-2019,Wysocki563-2019,0,1915374,3520748,7481050,7226898,-0.348527,unrelated
S127,S452,ColomaLyons-2019,Wysocki563-2019,0,2096546,3330088,7481050,7917168,-0.296374,unrelated
S127,S453,ColomaLyons-2019,Wysocki563-2019,0,1836500,3759825,7481050,7210686,-0.386826,unrelated
S127,S454,ColomaLyons-2019,Wysocki563-2019,0,1947533,3442876,7481050,7408884,-0.331648,unrelated
S127,S455,ColomaLyons-2019,Wysocki563-2019,0,1998970,3360343,7481050,7450078,-0.316233,unrelated
S127,S456,ColomaLyons-2019,Wysocki563-2019,0,1883025,3643945,7481050,7202383,-0.368093,unrelated
S127,S458,ColomaLyons-2019,Wysocki570-2019,0,1953434,3450997,7481050,7453203,-0.331356,unrelated
S127,S459,ColomaLyons-2019,Wysocki570-2019,0,2028705,3404457,7481050,7810498,-0.312605,unrelated
S127,S460,ColomaLyons-2019,Wysocki570-2019,0,1952971,3460080,7481050,7316303,-0.335681,unrelated
S127,S461,ColomaLyons-2019,Wysocki570-2019,0,1949188,3459312,7481050,7396301,-0.334027,unrelated
S127,S462,ColomaLyons-2019,Wysocki570-2019,0,2020097,3359174,7481050,7560523,-0.312351,unrelated
S127,S463,ColomaLyons-2019,Wysocki570-2019,0,1909059,3517648,7481050,7366427,-0.345260,unrelated
S127,S464,ColomaLyons-2019,Wysocki570-2019,0,1980890,3678977,7481050,7360662,-0.362294,unrelated
S128,S129,ColomaLyons-2019,ColomaLyons-2019,1,2075790,3600028,7740149,7617129,-0.333670,unrelated
S128,S130,ColomaLyons-2019,ColomaLyons-2019,1,2016193,3808827,7740149,7474077,-0.368173,unrelated
S128,S131,ColomaLyons-2019,ColomaLyons-2019,1,2024979,3700725,7740149,7362681,-0.355991,unrelated
S128,S139,ColomaLyons-2019,XMASBig-2019,0,2002484,3601001,7740149,7410585,-0.343186,unrelated
S128,S140,ColomaLyons-2019,XMASBig-2019,0,2138186,3638124,7740149,7814276,-0.330328,unrelated
S128,S141,ColomaLyons-2019,XMASBig-2019,0,2099959,3568994,7740149,7717407,-0.325927,unrelated
S128,S142,ColomaLyons-2019,XMASBig-2019,0,2160725,3574426,7740149,7766337,-0.321680,unrelated
S128,S143,ColomaLyons-2019,XMASBig-2019,0,1969129,3364670,7740149,7252463,-0.317504,unrelated
S128,S159,ColomaLyons-2019,OkrayGarrisonNE-2019,0,1961770,3713636,7740149,7368400,-0.361749,unrelated
S128,S160,ColomaLyons-2019,OkrayGarrisonNE-2019,0,1975281,3672981,7740149,7290941,-0.357305,unrelated
S128,S161,ColomaLyons-2019,OkrayGarrisonNE-2019,0,2007867,3627900,7740149,7377502,-0.347139,unrelated
S128,S162,ColomaLyons-2019,OkrayGarrisonNE-2019,0,2138348,3564290,7740149,7785671,-0.321415,unrelated
S128,S163,ColomaLyons-2019,OkrayGarrisonNE-2019,0,2090601,3672963,7740149,7709788,-0.340152,unrelated
S128,S164,ColomaLyons-2019,OkrayGarrisonNE-2019,0,2169084,3510469,7740149,7689846,-0.314443,unrelated
S128,S165,ColomaLyons-2019,OkrayGarrisonNE-2019,0,2128571,3639321,7740149,7611186,-0.335480,unrelated
S128,S296,ColomaLyons-2019,OkrayRobacks-2019,0,2069590,3469232,7740149,7691850,-0.315505,unrelated
S128,S297,ColomaLyons-2019,OkrayRobacks-2019,0,2142981,3339110,7740149,7677694,-0.294155,unrelated
S128,S298,ColomaLyons-2019,OkrayRobacks-2019,0,1909688,3743353,7740149,7378291,-0.368888,unrelated
S128,S299,ColomaLyons-2019,OkrayRobacks-2019,0,2015547,3515994,7740149,7556994,-0.327933,unrelated
S128,S300,ColomaLyons-2019,OkrayRobacks-2019,0,2011228,3573947,7740149,7420867,-0.338808,unrelated
S128,S301,ColomaLyons-2019,OkrayRobacks-2019,0,2163033,3361230,7740149,8080920,-0.288187,unrelated
S128,S302,ColomaLyons-2019,OkrayRobacks-2019,0,2293826,3313891,7740149,8536700,-0.266265,unrelated
S128,S304,ColomaLyons-2019,OkrayGrosheks40-2019,0,1922633,3611889,7740149,7154938,-0.355899,unrelated
S128,S305,ColomaLyons-2019,OkrayGrosheks40-2019,0,2087822,3603360,7740149,7779665,-0.329830,unrelated
S128,S306,ColomaLyons-2019,OkrayGrosheks40-2019,0,3042749,2476719,7740149,11601524,-0.098786,unrelated
S128,S307,ColomaLyons-2019,OkrayGrosheks40-2019,0,1882168,3669784,7740149,7144597,-0.366644,unrelated
S128,S308,ColomaLyons-2019,OkrayGrosheks40-2019,0,2119202,3465236,7740149,7750273,-0.310596,unrelated
S128,S309,ColomaLyons-2019,OkrayGrosheks40-2019,0,1904873,3599306,7740149,7235130,-0.353499,unrelated
S128,S310,ColomaLyons-2019,OkrayGrosheks40-2019,0,1958028,3612260,7740149,7262608,-0.351035,unrelated
S128,S340,ColomaLyons-2019,OkrayPFWiper-2019,0,2106988,3605640,7740149,7619222,-0.332324,unrelated
S128,S341,ColomaLyons-2019,OkrayPFWiper-2019,0,2020707,3559378,7740149,7557563,-0.333256,unrelated
S128,S342,ColomaLyons-2019,OkrayPFWiper-2019,0,1946292,3752285,7740149,7043704,-0.375970,unrelated
S128,S343,ColomaLyons-2019,OkrayPFWiper-2019,0,1981288,3738504,7740149,7375799,-0.363571,unrelated
S128,S344,ColomaLyons-2019,OkrayPFWiper-2019,0,1986246,3655267,7740149,7302502,-0.353946,unrelated
S128,S354,ColomaLyons-2019,PloverBrikalskiPats-2019,0,2053078,3474815,7740149,7677084,-0.317603,unrelated
S128,S355,ColomaLyons-2019,PloverBrikalskiPats-2019,0,2110015,3566135,7740149,7759982,-0.324014,unrelated
S128,S356,ColomaLyons-2019,PloverBrikalskiPats-2019,0,2068868,3516419,7740149,7738582,-0.320696,unrelated
S128,S357,ColomaLyons-2019,PloverBrikalskiPats-2019,0,2100012,3608295,7740149,7682544,-0.331756,unrelated
S128,S358,ColomaLyons-2019,PloverBrikalskiPats-2019,0,2125771,3534714,7740149,7701638,-0.320148,unrelated
S128,S359,ColomaLyons-2019,PloverBrikalskiPats-2019,0,2152565,3475890,7740149,7899720,-0.306858,unrelated
S128,S360,ColomaLyons-2019,PloverBrikalskiPats-2019,0,2194432,3329565,7740149,7905479,-0.285364,unrelated
S128,S378,ColomaLyons-2019,PloverDaveBrSE-2019,0,2068699,3521869,7740149,7709061,-0.322025,unrelated
S128,S379,ColomaLyons-2019,PloverDaveBrSE-2019,0,2133932,3577611,7740149,7674181,-0.325755,unrelated
S128,S380,ColomaLyons-2019,PloverDaveBrSE-2019,0,2053496,3653675,7740149,7619782,-0.342049,unrelated
S128,S381,ColomaLyons-2019,PloverDaveBrSE-2019,0,2042503,3599384,7740149,7357228,-0.341534,unrelated
S128,S382,ColomaLyons-2019,PloverDaveBrSE-2019,0,2053008,3589189,7740149,7450016,-0.337414,unrelated
S128,S383,ColomaLyons-2019,PloverDaveBrSE-2019,0,2236550,3371347,7740149,8100805,-0.284462,unrelated
S128,S384,ColomaLyons-2019,PloverDaveBrSE-2019,0,2297133,3495024,7740149,8223535,-0.293974,unrelated
S128,S402,ColomaLyons-2019,Wysocki1129-2019,0,2016669,3724246,7740149,7525165,-0.355828,unrelated
S128,S403,ColomaLyons-2019,Wysocki1129-2019,0,2031599,3625179,7740149,7520277,-0.341980,unrelated
S128,S404,ColomaLyons-2019,Wysocki1129-2019,0,2216835,3463432,7740149,7928168,-0.300608,unrelated
S128,S405,ColomaLyons-2019,Wysocki1129-2019,0,2122206,3555017,7740149,7761893,-0.321753,unrelated
S128,S406,ColomaLyons-2019,Wysocki1129-2019,0,2164955,3548154,7740149,7786192,-0.317612,unrelated
S128,S407,ColomaLyons-2019,Wysocki1129-2019,0,2095353,3542535,7740149,7717071,-0.322808,unrelated
S128,S408,ColomaLyons-2019,Wysocki1129-2019,0,2104893,3623922,7740149,7724063,-0.332571,unrelated
S128,S426,ColomaLyons-2019,Wysocki438-2019,0,2203655,3403645,7740149,7847102,-0.295346,unrelated
S128,S427,ColomaLyons-2019,Wysocki438-2019,0,2128984,3459988,7740149,7598529,-0.312347,unrelated
S128,S428,ColomaLyons-2019,Wysocki438-2019,0,2016962,3451654,7740149,7402753,-0.322682,unrelated
S128,S429,ColomaLyons-2019,Wysocki438-2019,0,2088335,3454457,7740149,7685399,-0.312506,unrelated
S128,S430,ColomaLyons-2019,Wysocki438-2019,0,2133865,3371462,7740149,7738169,-0.297775,unrelated
S128,S431,ColomaLyons-2019,Wysocki438-2019,0,1985712,3661552,7740149,7367342,-0.353294,unrelated
S128,S432,ColomaLyons-2019,Wysocki438-2019,0,2039358,3646499,7740149,7526561,-0.344124,unrelated
S128,S450,ColomaLyons-2019,Wysocki563-2019,0,2198649,3292999,7740149,7734101,-0.283526,unrelated
S128,S451,ColomaLyons-2019,Wysocki563-2019,0,1926045,3706518,7740149,7226898,-0.366605,unrelated
S128,S452,ColomaLyons-2019,Wysocki563-2019,0,2191034,3305907,7740149,7917168,-0.282346,unrelated
S128,S453,ColomaLyons-2019,Wysocki563-2019,0,1975601,3432883,7740149,7210686,-0.327083,unrelated
S128,S454,ColomaLyons-2019,Wysocki563-2019,0,1966518,3617697,7740149,7408884,-0.347803,unrelated
S128,S455,ColomaLyons-2019,Wysocki563-2019,0,2007805,3596707,7740149,7450078,-0.341378,unrelated
S128,S456,ColomaLyons-2019,Wysocki563-2019,0,1987611,3428020,7740149,7202383,-0.325810,unrelated
S128,S458,ColomaLyons-2019,Wysocki570-2019,0,1999322,3652711,7740149,7453203,-0.349238,unrelated
S128,S459,ColomaLyons-2019,Wysocki570-2019,0,2132417,3356413,7740149,7810498,-0.294548,unrelated
S128,S460,ColomaLyons-2019,Wysocki570-2019,0,2008381,3642409,7740149,7316303,-0.350444,unrelated
S128,S461,ColomaLyons-2019,Wysocki570-2019,0,2039412,3557047,7740149,7396301,-0.335262,unrelated
S128,S462,ColomaLyons-2019,Wysocki570-2019,0,2047389,3628895,7740149,7560523,-0.340534,unrelated
S128,S463,ColomaLyons-2019,Wysocki570-2019,0,2033307,3499453,7740149,7366427,-0.328704,unrelated
S128,S464,ColomaLyons-2019,Wysocki570-2019,0,2054549,3427698,7740149,7360662,-0.317920,unrelated
S129,S130,ColomaLyons-2019,ColomaLyons-2019,1,2071853,3484826,7617129,7474077,-0.324547,unrelated
S129,S131,ColomaLyons-2019,ColomaLyons-2019,1,2032161,3470947,7617129,7362681,-0.327757,unrelated
S129,S139,ColomaLyons-2019,XMASBig-2019,0,1975546,3493552,7617129,7410585,-0.333488,unrelated
S129,S140,ColomaLyons-2019,XMASBig-2019,0,2091940,3376309,7617129,7814276,-0.302026,unrelated
S129,S141,ColomaLyons-2019,XMASBig-2019,0,2085782,3432907,7617129,7717407,-0.311717,unrelated
S129,S142,ColomaLyons-2019,XMASBig-2019,0,2119529,3458245,7617129,7766337,-0.311826,unrelated
S129,S143,ColomaLyons-2019,XMASBig-2019,0,1919076,3533814,7617129,7252463,-0.346247,unrelated
S129,S159,ColomaLyons-2019,OkrayGarrisonNE-2019,0,1984886,3554752,7617129,7368400,-0.341971,unrelated
S129,S160,ColomaLyons-2019,OkrayGarrisonNE-2019,0,1996197,3512204,7617129,7290941,-0.337281,unrelated
S129,S161,ColomaLyons-2019,OkrayGarrisonNE-2019,0,1977520,3486229,7617129,7377502,-0.333115,unrelated
S129,S162,ColomaLyons-2019,OkrayGarrisonNE-2019,0,2143603,3379390,7617129,7785671,-0.299632,unrelated
S129,S163,ColomaLyons-2019,OkrayGarrisonNE-2019,0,2087546,3367333,7617129,7709788,-0.303200,unrelated
S129,S164,ColomaLyons-2019,OkrayGarrisonNE-2019,0,2094235,3375624,7617129,7689846,-0.304241,unrelated
S129,S165,ColomaLyons-2019,OkrayGarrisonNE-2019,0,2069561,3425396,7617129,7611186,-0.313970,unrelated
S129,S296,ColomaLyons-2019,OkrayRobacks-2019,0,2062316,3365931,7617129,7691850,-0.305020,unrelated
S129,S297,ColomaLyons-2019,OkrayRobacks-2019,0,2058141,3541560,7617129,7677694,-0.328541,unrelated
S129,S298,ColomaLyons-2019,OkrayRobacks-2019,0,1987531,3432655,7617129,7378291,-0.325285,unrelated
S129,S299,ColomaLyons-2019,OkrayRobacks-2019,0,2058904,3433926,7617129,7556994,-0.316918,unrelated
S129,S300,ColomaLyons-2019,OkrayRobacks-2019,0,2024625,3316162,7617129,7420867,-0.306404,unrelated
S129,S301,ColomaLyons-2019,OkrayRobacks-2019,0,2111771,3356289,7617129,8080920,-0.293081,unrelated
S129,S302,ColomaLyons-2019,OkrayRobacks-2019,0,2288555,3037986,7617129,8536700,-0.234459,unrelated
S129,S304,ColomaLyons-2019,OkrayGrosheks40-2019,0,1871548,3602678,7617129,7154938,-0.361074,unrelated
S129,S305,ColomaLyons-2019,OkrayGrosheks40-2019,0,2082008,3346648,7617129,7779665,-0.299497,unrelated
S129,S306,ColomaLyons-2019,OkrayGrosheks40-2019,0,3064189,2259593,7617129,11601524,-0.075708,unrelated
S129,S307,ColomaLyons-2019,OkrayGrosheks40-2019,0,1897206,3448389,7617129,7144597,-0.338685,unrelated
S129,S308,ColomaLyons-2019,OkrayGrosheks40-2019,0,2088167,3403349,7617129,7750273,-0.307048,unrelated
S129,S309,ColomaLyons-2019,OkrayGrosheks40-2019,0,1956686,3392418,7617129,7235130,-0.325078,unrelated
S129,S310,ColomaLyons-2019,OkrayGrosheks40-2019,0,1935765,3460785,7617129,7262608,-0.335073,unrelated
S129,S340,ColomaLyons-2019,OkrayPFWiper-2019,0,2058784,3449258,7617129,7619222,-0.317644,unrelated
S129,S341,ColomaLyons-2019,OkrayPFWiper-2019,0,2009749,3436993,7617129,7557563,-0.320549,unrelated
S129,S342,ColomaLyons-2019,OkrayPFWiper-2019,0,1926239,3489621,7617129,7043704,-0.344660,unrelated
S129,S343,ColomaLyons-2019,OkrayPFWiper-2019,0,1985275,3451862,7617129,7375799,-0.328051,unrelated
S129,S344,ColomaLyons-2019,OkrayPFWiper-2019,0,1910259,3681677,7617129,7302502,-0.365498,unrelated
S129,S354,ColomaLyons-2019,PloverBrikalskiPats-2019,0,2023049,3524193,7617129,7677084,-0.328578,unrelated
S129,S355,ColomaLyons-2019,PloverBrikalskiPats-2019,0,2136865,3389490,7617129,7759982,-0.301885,unrelated
S129,S356,ColomaLyons-2019,PloverBrikalskiPats-2019,0,2000635,3514510,7617129,7738582,-0.327460,unrelated
S129,S357,ColomaLyons-2019,PloverBrikalskiPats-2019,0,2111233,3325303,7617129,7682544,-0.296697,unrelated
S129,S358,ColomaLyons-2019,PloverBrikalskiPats-2019,0,2081314,3419465,7617129,7701638,-0.310574,unrelated
S129,S359,ColomaLyons-2019,PloverBrikalskiPats-2019,0,2049161,3475021,7617129,7899720,-0.315843,unrelated
S129,S360,ColomaLyons-2019,PloverBrikalskiPats-2019,0,2102327,3341073,7617129,7905479,-0.295042,unrelated
S129,S378,ColomaLyons-2019,PloverDaveBrSE-2019,0,2042603,3428393,7617129,7709061,-0.314115,unrelated
S129,S379,ColomaLyons-2019,PloverDaveBrSE-2019,0,2064624,3517047,7617129,7674181,-0.324987,unrelated
S129,S380,ColomaLyons-2019,PloverDaveBrSE-2019,0,2081015,3384565,7617129,7619782,-0.307681,unrelated
S129,S381,ColomaLyons-2019,PloverDaveBrSE-2019,0,1931574,3637984,7617129,7357228,-0.356903,unrelated
S129,S382,ColomaLyons-2019,PloverDaveBrSE-2019,0,2033524,3433202,7617129,7450016,-0.320756,unrelated
S129,S383,ColomaLyons-2019,PloverDaveBrSE-2019,0,2130579,3382276,7617129,8100805,-0.294821,unrelated
S129,S384,ColomaLyons-2019,PloverDaveBrSE-2019,0,2237252,3295718,7617129,8223535,-0.274874,unrelated
S129,S402,ColomaLyons-2019,Wysocki1129-2019,0,2099955,3364634,7617129,7525165,-0.305721,unrelated
S129,S403,ColomaLyons-2019,Wysocki1129-2019,0,2033332,3475032,7617129,7520277,-0.324807,unrelated
S129,S404,ColomaLyons-2019,Wysocki1129-2019,0,2149773,3356674,7617129,7928168,-0.293566,unrelated
S129,S405,ColomaLyons-2019,Wysocki1129-2019,0,2129144,3366823,7617129,7761893,-0.299401,unrelated
S129,S406,ColomaLyons-2019,Wysocki1129-2019,0,2098108,3310285,7617129,7786192,-0.293603,unrelated
S129,S407,ColomaLyons-2019,Wysocki1129-2019,0,2094315,3367805,7617129,7717071,-0.302676,unrelated
S129,S408,ColomaLyons-2019,Wysocki1129-2019,0,2080448,3405921,7617129,7724063,-0.308411,unrelated
S129,S426,ColomaLyons-2019,Wysocki438-2019,0,2039759,3492024,7617129,7847102,-0.319724,unrelated
S129,S427,ColomaLyons-2019,Wysocki438-2019,0,2018353,3492087,7617129,7598529,-0.326363,unrelated
S129,S428,ColomaLyons-2019,Wysocki438-2019,0,1954390,3711126,7617129,7402753,-0.364042,unrelated
S129,S429,ColomaLyons-2019,Wysocki438-2019,0,2036315,3475355,7617129,7685399,-0.321149,unrelated
S129,S430,ColomaLyons-2019,Wysocki438-2019,0,2035696,3423388,7617129,7738169,-0.313317,unrelated
S129,S431,ColomaLyons-2019,Wysocki438-2019,0,2030304,3449406,7617129,7367342,-0.324904,unrelated
S129,S432,ColomaLyons-2019,Wysocki438-2019,0,2044831,3448576,7617129,7526561,-0.320419,unrelated
S129,S450,ColomaLyons-2019,Wysocki563-2019,0,2080772,3562593,7617129,7734101,-0.328600,unrelated
S129,S451,ColomaLyons-2019,Wysocki563-2019,0,1941353,3474541,7617129,7226898,-0.337357,unrelated
S129,S452,ColomaLyons-2019,Wysocki563-2019,0,2097008,3362191,7617129,7917168,-0.297881,unrelated
S129,S453,ColomaLyons-2019,Wysocki563-2019,0,1920970,3684223,7617129,7210686,-0.367382,unrelated
S129,S454,ColomaLyons-2019,Wysocki563-2019,0,2000710,3384710,7617129,7408884,-0.317364,unrelated
S129,S455,ColomaLyons-2019,Wysocki563-2019,0,2003286,3374924,7617129,7450078,-0.315026,unrelated
S129,S456,ColomaLyons-2019,Wysocki563-2019,0,1911142,3609324,7617129,7202383,-0.358143,unrelated
S129,S458,ColomaLyons-2019,Wysocki570-2019,0,1974444,3519344,7617129,7453203,-0.336041,unrelated
S129,S459,ColomaLyons-2019,Wysocki570-2019,0,2052273,3409147,7617129,7810498,-0.308928,unrelated
S129,S460,ColomaLyons-2019,Wysocki570-2019,0,1935433,3488490,7617129,7316303,-0.337601,unrelated
S129,S461,ColomaLyons-2019,Wysocki570-2019,0,1984835,3408217,7617129,7396301,-0.321818,unrelated
S129,S462,ColomaLyons-2019,Wysocki570-2019,0,2044242,3407252,7617129,7560523,-0.314295,unrelated
S129,S463,ColomaLyons-2019,Wysocki570-2019,0,1937095,3458293,7617129,7366427,-0.332330,unrelated
S129,S464,ColomaLyons-2019,Wysocki570-2019,0,1967004,3650478,7617129,7360662,-0.356124,unrelated
S130,S131,ColomaLyons-2019,ColomaLyons-2019,1,2072037,3577067,7474077,7362681,-0.342534,unrelated
S130,S139,ColomaLyons-2019,XMASBig-2019,0,1982143,3372272,7474077,7410585,-0.319954,unrelated
S130,S140,ColomaLyons-2019,XMASBig-2019,0,2057909,3460295,7474077,7814276,-0.318064,unrelated
S130,S141,ColomaLyons-2019,XMASBig-2019,0,1998710,3492365,7474077,7717407,-0.328212,unrelated
S130,S142,ColomaLyons-2019,XMASBig-2019,0,2168555,3444576,7474077,7766337,-0.309742,unrelated
S130,S143,ColomaLyons-2019,XMASBig-2019,0,1810994,3711385,7474077,7252463,-0.381065,unrelated
S130,S159,ColomaLyons-2019,OkrayGarrisonNE-2019,0,2028610,3529203,7474077,7368400,-0.338878,unrelated
S130,S160,ColomaLyons-2019,OkrayGarrisonNE-2019,0,2012040,3631918,7474077,7290941,-0.355692,unrelated
S130,S161,ColomaLyons-2019,OkrayGarrisonNE-2019,0,1976311,3516595,7474077,7377502,-0.340494,unrelated
S130,S162,ColomaLyons-2019,OkrayGarrisonNE-2019,0,2094998,3459675,7474077,7785671,-0.316149,unrelated
S130,S163,ColomaLyons-2019,OkrayGarrisonNE-2019,0,2081872,3435161,7474077,7709788,-0.315364,unrelated
S130,S164,ColomaLyons-2019,OkrayGarrisonNE-2019,0,2062021,3555913,7474077,7689846,-0.333014,unrelated
S130,S165,ColomaLyons-2019,OkrayGarrisonNE-2019,0,2048788,3567305,7474077,7611186,-0.337138,unrelated
S130,S296,ColomaLyons-2019,OkrayRobacks-2019,0,2018754,3391627,7474077,7691850,-0.314158,unrelated
S130,S297,ColomaLyons-2019,OkrayRobacks-2019,0,2030384,3607985,7474077,7677694,-0.342243,unrelated
S130,S298,ColomaLyons-2019,OkrayRobacks-2019,0,2023102,3569523,7474077,7378291,-0.344453,unrelated
S130,S299,ColomaLyons-2019,OkrayRobacks-2019,0,1955878,3436688,7474077,7556994,-0.327156,unrelated
S130,S300,ColomaLyons-2019,OkrayRobacks-2019,0,1901966,3590721,7474077,7420867,-0.354448,unrelated
S130,S301,ColomaLyons-2019,OkrayRobacks-2019,0,2008822,3488984,7474077,8080920,-0.319457,unrelated
S130,S302,ColomaLyons-2019,OkrayRobacks-2019,0,2307472,3109673,7474077,8536700,-0.244328,unrelated
S130,S304,ColomaLyons-2019,OkrayGrosheks40-2019,0,1855391,3475919,7474077,7154938,-0.348379,unrelated
S130,S305,ColomaLyons-2019,OkrayGrosheks40-2019,0,2153623,3304470,7474077,7779665,-0.292080,unrelated
S130,S306,ColomaLyons-2019,OkrayGrosheks40-2019,0,3019832,2386045,7474077,11601524,-0.091859,unrelated
S130,S307,ColomaLyons-2019,OkrayGrosheks40-2019,0,1927679,3587088,7474077,7144597,-0.358890,unrelated
S130,S308,ColomaLyons-2019,OkrayGrosheks40-2019,0,2024670,3347982,7474077,7750273,-0.306830,unrelated
S130,S309,ColomaLyons-2019,OkrayGrosheks40-2019,0,1894214,3532596,7474077,7235130,-0.351547,unrelated
S130,S310,ColomaLyons-2019,OkrayGrosheks40-2019,0,2035232,3443385,7474077,7262608,-0.329215,unrelated
S130,S340,ColomaLyons-2019,OkrayPFWiper-2019,0,2076731,3455175,7474077,7619222,-0.320249,unrelated
S130,S341,ColomaLyons-2019,OkrayPFWiper-2019,0,1930379,3666013,7474077,7557563,-0.359352,unrelated
S130,S342,ColomaLyons-2019,OkrayPFWiper-2019,0,1887999,3554300,7474077,7043704,-0.359600,unrelated
S130,S343,ColomaLyons-2019,OkrayPFWiper-2019,0,1942303,3489119,7474077,7375799,-0.339123,unrelated
S130,S344,ColomaLyons-2019,OkrayPFWiper-2019,0,1984753,3723469,7474077,7302502,-0.369652,unrelated
S130,S354,ColomaLyons-2019,PloverBrikalskiPats-2019,0,2007754,3465701,7474077,7677084,-0.324968,unrelated
S130,S355,ColomaLyons-2019,PloverBrikalskiPats-2019,0,2059469,3470029,7474077,7759982,-0.320374,unrelated
S130,S356,ColomaLyons-2019,PloverBrikalskiPats-2019,0,2071308,3586433,7474077,7738582,-0.335350,unrelated
S130,S357,ColomaLyons-2019,PloverBrikalskiPats-2019,0,2039202,3483381,7474077,7682544,-0.325109,unrelated
S130,S358,ColomaLyons-2019,PloverBrikalskiPats-2019,0,2164506,3482999,7474077,7701638,-0.316393,unrelated
S130,S359,ColomaLyons-2019,PloverBrikalskiPats-2019,0,2093740,3487075,7474077,7899720,-0.317450,unrelated
S130,S360,ColomaLyons-2019,PloverBrikalskiPats-2019,0,2049980,3405946,7474077,7905479,-0.309626,unrelated
S130,S378,ColomaLyons-2019,PloverDaveBrSE-2019,0,2017556,3509790,7474077,7709061,-0.329446,unrelated
S130,S379,ColomaLyons-2019,PloverDaveBrSE-2019,0,2170098,3540878,7474077,7674181,-0.324239,unrelated
S130,S380,ColomaLyons-2019,PloverDaveBrSE-2019,0,2119689,3545773,7474077,7619782,-0.329396,unrelated
S130,S381,ColomaLyons-2019,PloverDaveBrSE-2019,0,1978789,3754983,7474077,7357228,-0.372939,unrelated
S130,S382,ColomaLyons-2019,PloverDaveBrSE-2019,0,1974551,3511090,7474077,7450016,-0.338220,unrelated
S130,S383,ColomaLyons-2019,PloverDaveBrSE-2019,0,2147851,3442021,7474077,8100805,-0.304092,unrelated
S130,S384,ColomaLyons-2019,PloverDaveBrSE-2019,0,2288813,3310644,7474077,8223535,-0.275996,unrelated
S130,S402,ColomaLyons-2019,Wysocki1129-2019,0,2065637,3664852,7474077,7525165,-0.350956,unrelated
S130,S403,ColomaLyons-2019,Wysocki1129-2019,0,2081391,3579684,7474077,7520277,-0.338659,unrelated
S130,S404,ColomaLyons-2019,Wysocki1129-2019,0,2133328,3381094,7474077,7928168,-0.300532,unrelated
S130,S405,ColomaLyons-2019,Wysocki1129-2019,0,2064404,3410328,7474077,7761893,-0.312173,unrelated
S130,S406,ColomaLyons-2019,Wysocki1129-2019,0,2082431,3449653,7474077,7786192,-0.315648,unrelated
S130,S407,ColomaLyons-2019,Wysocki1129-2019,0,2090697,3526845,7474077,7717071,-0.326703,unrelated
S130,S408,ColomaLyons-2019,Wysocki1129-2019,0,2050555,3565246,7474077,7724063,-0.334247,unrelated
S130,S426,ColomaLyons-2019,Wysocki438-2019,0,2050511,3459787,7474077,7847102,-0.317799,unrelated
S130,S427,ColomaLyons-2019,Wysocki438-2019,0,1984068,3509545,7474077,7598529,-0.334051,unrelated
S130,S428,ColomaLyons-2019,Wysocki438-2019,0,1953927,3712286,7474077,7402753,-0.367729,unrelated
S130,S429,ColomaLyons-2019,Wysocki438-2019,0,2021402,3458223,7474077,7685399,-0.322903,unrelated
S130,S430,ColomaLyons-2019,Wysocki438-2019,0,1985954,3476698,7474077,7738169,-0.326542,unrelated
S130,S431,ColomaLyons-2019,Wysocki438-2019,0,1981139,3549390,7474077,7367342,-0.344822,unrelated
S130,S432,ColomaLyons-2019,Wysocki438-2019,0,1963984,3483469,7474077,7526561,-0.333516,unrelated
S130,S450,ColomaLyons-2019,Wysocki563-2019,0,2012336,3701289,7474077,7734101,-0.354430,unrelated
S130,S451,ColomaLyons-2019,Wysocki563-2019,0,1976235,3609830,7474077,7226898,-0.356672,unrelated
S130,S452,ColomaLyons-2019,Wysocki563-2019,0,2072946,3478936,7474077,7917168,-0.317383,unrelated
S130,S453,ColomaLyons-2019,Wysocki563-2019,0,1916171,3796081,7474077,7210686,-0.386522,unrelated
S130,S454,ColomaLyons-2019,Wysocki563-2019,0,1923657,3499743,7474077,7408884,-0.341050,unrelated
S130,S455,ColomaLyons-2019,Wysocki563-2019,0,1956084,3398791,7474077,7450078,-0.324407,unrelated
S130,S456,ColomaLyons-2019,Wysocki563-2019,0,1950705,3768753,7474077,7202383,-0.380664,unrelated
S130,S458,ColomaLyons-2019,Wysocki570-2019,0,1935258,3478307,7474077,7453203,-0.336388,unrelated
S130,S459,ColomaLyons-2019,Wysocki570-2019,0,1994645,3503657,7474077,7810498,-0.327956,unrelated
S130,S460,ColomaLyons-2019,Wysocki570-2019,0,1945938,3510704,7474077,7316303,-0.343160,unrelated
S130,S461,ColomaLyons-2019,Wysocki570-2019,0,1912490,3566241,7474077,7396301,-0.351033,unrelated
S130,S462,ColomaLyons-2019,Wysocki570-2019,0,2029282,3428083,7474077,7560523,-0.321052,unrelated
S130,S463,ColomaLyons-2019,Wysocki570-2019,0,1876548,3531663,7474077,7366427,-0.349501,unrelated
S130,S464,ColomaLyons-2019,Wysocki570-2019,0,1911146,3800808,7474077,7360662,-0.383591,unrelated
S131,S139,ColomaLyons-2019,XMASBig-2019,0,1890935,3494227,7362681,7410585,-0.345050,unrelated
S131,S140,ColomaLyons-2019,XMASBig-2019,0,2094645,3371246,7362681,7814276,-0.306244,unrelated
S131,S141,ColomaLyons-2019,XMASBig-2019,0,2050320,3434284,7362681,7717407,-0.319511,unrelated
S131,S142,ColomaLyons-2019,XMASBig-2019,0,2137362,3556054,7362681,7766337,-0.328821,unrelated
S131,S143,ColomaLyons-2019,XMASBig-2019,0,1853294,3600638,7362681,7252463,-0.365921,unrelated
S131,S159,ColomaLyons-2019,OkrayGarrisonNE-2019,0,1999732,3565463,7362681,7368400,-0.348324,unrelated
S131,S160,ColomaLyons-2019,OkrayGarrisonNE-2019,0,1982710,3619450,7362681,7290941,-0.358696,unrelated
S131,S161,ColomaLyons-2019,OkrayGarrisonNE-2019,0,1916084,3610044,7362681,7377502,-0.359833,unrelated
S131,S162,ColomaLyons-2019,OkrayGarrisonNE-2019,0,2069909,3410886,7362681,7785671,-0.313688,unrelated
S131,S163,ColomaLyons-2019,OkrayGarrisonNE-2019,0,2036288,3456688,7362681,7709788,-0.323576,unrelated
S131,S164,ColomaLyons-2019,OkrayGarrisonNE-2019,0,2054971,3435471,7362681,7689846,-0.319944,unrelated
S131,S165,ColomaLyons-2019,OkrayGarrisonNE-2019,0,2007439,3474033,7362681,7611186,-0.329950,unrelated
S131,S296,ColomaLyons-2019,OkrayRobacks-2019,0,2009156,3391316,7362681,7691850,-0.317079,unrelated
S131,S297,ColomaLyons-2019,OkrayRobacks-2019,0,1951406,3700788,7362681,7677694,-0.362369,unrelated
S131,S298,ColomaLyons-2019,OkrayRobacks-2019,0,1998518,3534855,7362681,7378291,-0.344020,unrelated
S131,S299,ColomaLyons-2019,OkrayRobacks-2019,0,1952924,3396238,7362681,7556994,-0.324374,unrelated
S131,S300,ColomaLyons-2019,OkrayRobacks-2019,0,1927999,3498316,7362681,7420867,-0.342856,unrelated
S131,S301,ColomaLyons-2019,OkrayRobacks-2019,0,2034238,3354088,7362681,8080920,-0.302646,unrelated
S131,S302,ColomaLyons-2019,OkrayRobacks-2019,0,2281687,3149165,7362681,8536700,-0.252629,unrelated
S131,S304,ColomaLyons-2019,OkrayGrosheks40-2019,0,1818909,3573933,7362681,7154938,-0.367068,unrelated
S131,S305,ColomaLyons-2019,OkrayGrosheks40-2019,0,2139829,3455985,7362681,7779665,-0.315152,unrelated
S131,S306,ColomaLyons-2019,OkrayGrosheks40-2019,0,2994603,2328003,7362681,11601524,-0.087607,unrelated
S131,S307,ColomaLyons-2019,OkrayGrosheks40-2019,0,1943645,3497321,7362681,7144597,-0.348170,unrelated
S131,S308,ColomaLyons-2019,OkrayGrosheks40-2019,0,1980639,3418187,7362681,7750273,-0.321296,unrelated
S131,S309,ColomaLyons-2019,OkrayGrosheks40-2019,0,1880359,3481166,7362681,7235130,-0.348133,unrelated
S131,S310,ColomaLyons-2019,OkrayGrosheks40-2019,0,1987290,3541865,7362681,7262608,-0.348468,unrelated
S131,S340,ColomaLyons-2019,OkrayPFWiper-2019,0,2027000,3524824,7362681,7619222,-0.335248,unrelated
S131,S341,ColomaLyons-2019,OkrayPFWiper-2019,0,1910790,3636706,7362681,7557563,-0.359419,unrelated
S131,S342,ColomaLyons-2019,OkrayPFWiper-2019,0,1856930,3590788,7362681,7043704,-0.369603,unrelated
S131,S343,ColomaLyons-2019,OkrayPFWiper-2019,0,1911174,3545125,7362681,7375799,-0.351398,unrelated
S131,S344,ColomaLyons-2019,OkrayPFWiper-2019,0,1966876,3741193,7362681,7302502,-0.376096,unrelated
S131,S354,ColomaLyons-2019,PloverBrikalskiPats-2019,0,1948828,3479612,7362681,7677084,-0.333143,unrelated
S131,S355,ColomaLyons-2019,PloverBrikalskiPats-2019,0,2033767,3456568,7362681,7759982,-0.322653,unrelated
S131,S356,ColomaLyons-2019,PloverBrikalskiPats-2019,0,2038506,3654636,7362681,7738582,-0.349028,unrelated
S131,S357,ColomaLyons-2019,PloverBrikalskiPats-2019,0,2040984,3437715,7362681,7682544,-0.321328,unrelated
S131,S358,ColomaLyons-2019,PloverBrikalskiPats-2019,0,2133265,3501320,7362681,7701638,-0.323239,unrelated
S131,S359,ColomaLyons-2019,PloverBrikalskiPats-2019,0,2071652,3512652,7362681,7899720,-0.324566,unrelated
S131,S360,ColomaLyons-2019,PloverBrikalskiPats-2019,0,1993466,3527845,7362681,7905479,-0.331554,unrelated
S131,S378,ColomaLyons-2019,PloverDaveBrSE-2019,0,1943593,3586296,7362681,7709061,-0.346941,unrelated
S131,S379,ColomaLyons-2019,PloverDaveBrSE-2019,0,2134877,3564314,7362681,7674181,-0.332101,unrelated
S131,S380,ColomaLyons-2019,PloverDaveBrSE-2019,0,2044636,3603385,7362681,7619782,-0.344545,unrelated
S131,S381,ColomaLyons-2019,PloverDaveBrSE-2019,0,1984897,3692946,7362681,7357228,-0.366918,unrelated
S131,S382,ColomaLyons-2019,PloverDaveBrSE-2019,0,1960661,3464477,7362681,7450016,-0.335408,unrelated
S131,S383,ColomaLyons-2019,PloverDaveBrSE-2019,0,2107043,3478794,7362681,8100805,-0.313677,unrelated
S131,S384,ColomaLyons-2019,PloverDaveBrSE-2019,0,2249238,3326252,7362681,8223535,-0.282510,unrelated
S131,S402,ColomaLyons-2019,Wysocki1129-2019,0,2030859,3663455,7362681,7525165,-0.355730,unrelated
S131,S403,ColomaLyons-2019,Wysocki1129-2019,0,2072819,3569234,7362681,7520277,-0.340366,unrelated
S131,S404,ColomaLyons-2019,Wysocki1129-2019,0,2117004,3392919,7362681,7928168,-0.305335,unrelated
S131,S405,ColomaLyons-2019,Wysocki1129-2019,0,2006497,3430232,7362681,7761893,-0.320932,unrelated
S131,S406,ColomaLyons-2019,Wysocki1129-2019,0,2100875,3426271,7362681,7786192,-0.313665,unrelated
S131,S407,ColomaLyons-2019,Wysocki1129-2019,0,2014953,3500719,7362681,7717071,-0.330674,unrelated
S131,S408,ColomaLyons-2019,Wysocki1129-2019,0,2071805,3427675,7362681,7724063,-0.317069,unrelated
S131,S426,ColomaLyons-2019,Wysocki438-2019,0,2002540,3564233,7362681,7847102,-0.337015,unrelated
S131,S427,ColomaLyons-2019,Wysocki438-2019,0,1982700,3529616,7362681,7598529,-0.339313,unrelated
S131,S428,ColomaLyons-2019,Wysocki438-2019,0,1907188,3730181,7362681,7402753,-0.376093,unrelated
S131,S429,ColomaLyons-2019,Wysocki438-2019,0,2001518,3575223,7362681,7685399,-0.342165,unrelated
S131,S430,ColomaLyons-2019,Wysocki438-2019,0,1948813,3511414,7362681,7738169,-0.336009,unrelated
S131,S431,ColomaLyons-2019,Wysocki438-2019,0,1933054,3574674,7362681,7367342,-0.354127,unrelated
S131,S432,ColomaLyons-2019,Wysocki438-2019,0,1961290,3477845,7362681,7526561,-0.335437,unrelated
S131,S450,ColomaLyons-2019,Wysocki563-2019,0,2058025,3593491,7362681,7734101,-0.339738,unrelated
S131,S451,ColomaLyons-2019,Wysocki563-2019,0,1945309,3579671,7362681,7226898,-0.357381,unrelated
S131,S452,ColomaLyons-2019,Wysocki563-2019,0,2066230,3441523,7362681,7917168,-0.315240,unrelated
S131,S453,ColomaLyons-2019,Wysocki563-2019,0,1887139,3827728,7362681,7210686,-0.395812,unrelated
S131,S454,ColomaLyons-2019,Wysocki563-2019,0,1918266,3433438,7362681,7408884,-0.335009,unrelated
S131,S455,ColomaLyons-2019,Wysocki563-2019,0,1988421,3380372,7362681,7450078,-0.322177,unrelated
S131,S456,ColomaLyons-2019,Wysocki563-2019,0,1959308,3669918,7362681,7202383,-0.369413,unrelated
S131,S458,ColomaLyons-2019,Wysocki570-2019,0,1958882,3469159,7362681,7453203,-0.336088,unrelated
S131,S459,ColomaLyons-2019,Wysocki570-2019,0,1991923,3481394,7362681,7810498,-0.327609,unrelated
S131,S460,ColomaLyons-2019,Wysocki570-2019,0,1905285,3494514,7362681,7316303,-0.346328,unrelated
S131,S461,ColomaLyons-2019,Wysocki570-2019,0,1907772,3520778,7362681,7396301,-0.347841,unrelated
S131,S462,ColomaLyons-2019,Wysocki570-2019,0,2038762,3350798,7362681,7560523,-0.312455,unrelated
S131,S463,ColomaLyons-2019,Wysocki570-2019,0,1900433,3535551,7362681,7366427,-0.351051,unrelated
S131,S464,ColomaLyons-2019,Wysocki570-2019,0,1896551,3771485,7362681,7360662,-0.383501,unrelated
S139,S140,XMASBig-2019,XMASBig-2019,1,2061544,3296811,7410585,7814276,-0.297676,unrelated
S139,S141,XMASBig-2019,XMASBig-2019,1,2003636,3340657,7410585,7717407,-0.309207,unrelated
S139,S142,XMASBig-2019,XMASBig-2019,1,2048755,3263119,7410585,7766337,-0.295019,unrelated
S139,S143,XMASBig-2019,XMASBig-2019,1,1891364,3593736,7410585,7252463,-0.361187,unrelated
S139,S159,XMASBig-2019,OkrayGarrisonNE-2019,0,1987221,3251356,7410585,7368400,-0.305535,unrelated
S139,S160,XMASBig-2019,OkrayGarrisonNE-2019,0,1946844,3463365,7410585,7290941,-0.338733,unrelated
S139,S161,XMASBig-2019,OkrayGarrisonNE-2019,0,1989597,3424059,7410585,7377502,-0.328543,unrelated
S139,S162,XMASBig-2019,OkrayGarrisonNE-2019,0,2056614,3283961,7410585,7785671,-0.296870,unrelated
S139,S163,XMASBig-2019,OkrayGarrisonNE-2019,0,1996941,3384613,7410585,7709788,-0.315620,unrelated
S139,S164,XMASBig-2019,OkrayGarrisonNE-2019,0,2025895,3377830,7410585,7689846,-0.313221,unrelated
S139,S165,XMASBig-2019,OkrayGarrisonNE-2019,0,1986952,3419859,7410585,7611186,-0.323049,unrelated
S139,S296,XMASBig-2019,OkrayRobacks-2019,0,2072091,3223029,7410585,7691850,-0.289620,unrelated
S139,S297,XMASBig-2019,OkrayRobacks-2019,0,2043318,3458177,7410585,7677694,-0.322968,unrelated
S139,S298,XMASBig-2019,OkrayRobacks-2019,0,1993088,3432714,7410585,7378291,-0.329460,unrelated
S139,S299,XMASBig-2019,OkrayRobacks-2019,0,2037606,3251886,7410585,7556994,-0.298389,unrelated
S139,S300,XMASBig-2019,OkrayRobacks-2019,0,1945049,3462705,7410585,7420867,-0.335797,unrelated
S139,S301,XMASBig-2019,OkrayRobacks-2019,0,2112996,3329472,7410585,8080920,-0.293448,unrelated
S139,S302,XMASBig-2019,OkrayRobacks-2019,0,2264383,2979669,7410585,8536700,-0.231698,unrelated
S139,S304,XMASBig-2019,OkrayGrosheks40-2019,0,1945211,3291051,7410585,7154938,-0.318347,unrelated
S139,S305,XMASBig-2019,OkrayGrosheks40-2019,0,2066542,3226898,7410585,7779665,-0.288820,unrelated
S139,S306,XMASBig-2019,OkrayGrosheks40-2019,0,3015065,2274771,7410585,11601524,-0.080711,unrelated
S139,S307,XMASBig-2019,OkrayGrosheks40-2019,0,1892840,3477750,7410585,7144597,-0.347825,unrelated
S139,S308,XMASBig-2019,OkrayGrosheks40-2019,0,2095078,3144694,7410585,7750273,-0.276654,unrelated
S139,S309,XMASBig-2019,OkrayGrosheks40-2019,0,1956380,3410170,7410585,7235130,-0.332108,unrelated
S139,S310,XMASBig-2019,OkrayGrosheks40-2019,0,1941229,3256830,7410585,7262608,-0.311618,unrelated
S139,S340,XMASBig-2019,OkrayPFWiper-2019,0,1994687,3329660,7410585,7619222,-0.310359,unrelated
S139,S341,XMASBig-2019,OkrayPFWiper-2019,0,1931193,3603882,7410585,7557563,-0.352520,unrelated
S139,S342,XMASBig-2019,OkrayPFWiper-2019,0,1836529,3482284,7410585,7043704,-0.354776,unrelated
S139,S343,XMASBig-2019,OkrayPFWiper-2019,0,1954922,3482908,7410585,7375799,-0.338886,unrelated
S139,S344,XMASBig-2019,OkrayPFWiper-2019,0,1859213,3589632,7410585,7302502,-0.361586,unrelated
S139,S354,XMASBig-2019,PloverBrikalskiPats-2019,0,2014063,3307811,7410585,7677084,-0.304988,unrelated
S139,S355,XMASBig-2019,PloverBrikalskiPats-2019,0,2082508,3258463,7410585,7759982,-0.292304,unrelated
S139,S356,XMASBig-2019,PloverBrikalskiPats-2019,0,2015999,3384277,7410585,7738582,-0.313717,unrelated
S139,S357,XMASBig-2019,PloverBrikalskiPats-2019,0,2034966,3267073,7410585,7682544,-0.298095,unrelated
S139,S358,XMASBig-2019,PloverBrikalskiPats-2019,0,2035205,3344186,7410585,7701638,-0.307908,unrelated
S139,S359,XMASBig-2019,PloverBrikalskiPats-2019,0,2027139,3402350,7410585,7899720,-0.312049,unrelated
S139,S360,XMASBig-2019,PloverBrikalskiPats-2019,0,2057215,3383777,7410585,7905479,-0.307542,unrelated
S139,S378,XMASBig-2019,PloverDaveBrSE-2019,0,1990896,3453818,7410585,7709061,-0.325189,unrelated
S139,S379,XMASBig-2019,PloverDaveBrSE-2019,0,1951627,3468757,7410585,7674181,-0.330525,unrelated
S139,S380,XMASBig-2019,PloverDaveBrSE-2019,0,1967139,3506194,7410585,7619782,-0.335670,unrelated
S139,S381,XMASBig-2019,PloverDaveBrSE-2019,0,1867900,3596932,7410585,7357228,-0.360647,unrelated
S139,S382,XMASBig-2019,PloverDaveBrSE-2019,0,1983702,3434568,7410585,7450016,-0.328751,unrelated
S139,S383,XMASBig-2019,PloverDaveBrSE-2019,0,2089267,3282697,7410585,8100805,-0.288570,unrelated
S139,S384,XMASBig-2019,PloverDaveBrSE-2019,0,2140621,3273277,7410585,8223535,-0.281815,unrelated
S139,S402,XMASBig-2019,Wysocki1129-2019,0,1989121,3482515,7410585,7525165,-0.333154,unrelated
S139,S403,XMASBig-2019,Wysocki1129-2019,0,1955391,3474999,7410585,7520277,-0.334516,unrelated
S139,S404,XMASBig-2019,Wysocki1129-2019,0,2084186,3258234,7410585,7928168,-0.288960,unrelated
S139,S405,XMASBig-2019,Wysocki1129-2019,0,2046556,3352790,7410585,7761893,-0.307071,unrelated
S139,S406,XMASBig-2019,Wysocki1129-2019,0,2061775,3276839,7410585,7786192,-0.295583,unrelated
S139,S407,XMASBig-2019,Wysocki1129-2019,0,1990118,3417219,7410585,7717071,-0.320229,unrelated
S139,S408,XMASBig-2019,Wysocki1129-2019,0,2009438,3397780,7410585,7724063,-0.316236,unrelated
S139,S426,XMASBig-2019,Wysocki438-2019,0,2022487,3387628,7410585,7847102,-0.311500,unrelated
S139,S427,XMASBig-2019,Wysocki438-2019,0,1954244,3377720,7410585,7598529,-0.319885,unrelated
S139,S428,XMASBig-2019,Wysocki438-2019,0,1944241,3533198,7410585,7402753,-0.345780,unrelated
S139,S429,XMASBig-2019,Wysocki438-2019,0,2029926,3346528,7410585,7685399,-0.308899,unrelated
S139,S430,XMASBig-2019,Wysocki438-2019,0,1978669,3431783,7410585,7738169,-0.322462,unrelated
S139,S431,XMASBig-2019,Wysocki438-2019,0,1942685,3488889,7410585,7367342,-0.340717,unrelated
S139,S432,XMASBig-2019,Wysocki438-2019,0,2001406,3412373,7410585,7526561,-0.322909,unrelated
S139,S450,XMASBig-2019,Wysocki563-2019,0,2003826,3542170,7410585,7734101,-0.335465,unrelated
S139,S451,XMASBig-2019,Wysocki563-2019,0,1885225,3510546,7410585,7226898,-0.350871,unrelated
S139,S452,XMASBig-2019,Wysocki563-2019,0,2058772,3299852,7410585,7917168,-0.296256,unrelated
S139,S453,XMASBig-2019,Wysocki563-2019,0,1872813,3678190,7410585,7210686,-0.375040,unrelated
S139,S454,XMASBig-2019,Wysocki563-2019,0,1989971,3359607,7410585,7408884,-0.319124,unrelated
S139,S455,XMASBig-2019,Wysocki563-2019,0,2002967,3216822,7410585,7450078,-0.298148,unrelated
S139,S456,XMASBig-2019,Wysocki563-2019,0,1867794,3568304,7410585,7202383,-0.360557,unrelated
S139,S458,XMASBig-2019,Wysocki570-2019,0,1986334,3306867,7410585,7453203,-0.311320,unrelated
S139,S459,XMASBig-2019,Wysocki570-2019,0,2050219,3327169,7410585,7810498,-0.302483,unrelated
S139,S460,XMASBig-2019,Wysocki570-2019,0,1933383,3362282,7410585,7316303,-0.325336,unrelated
S139,S461,XMASBig-2019,Wysocki570-2019,0,1970661,3430983,7410585,7396301,-0.330340,unrelated
S139,S462,XMASBig-2019,Wysocki570-2019,0,1969746,3328076,7410585,7560523,-0.313030,unrelated
S139,S463,XMASBig-2019,Wysocki570-2019,0,1912850,3401465,7410585,7366427,-0.330925,unrelated
S139,S464,XMASBig-2019,Wysocki570-2019,0,1972921,3545032,7410585,7360662,-0.346426,unrelated
S140,S141,XMASBig-2019,XMASBig-2019,1,2167614,3343794,7814276,7717407,-0.291016,unrelated
S140,S142,XMASBig-2019,XMASBig-2019,1,2174657,3302954,7814276,7766337,-0.284408,unrelated
S140,S143,XMASBig-2019,XMASBig-2019,1,1918430,3556117,7814276,7252463,-0.344720,unrelated
S140,S159,XMASBig-2019,OkrayGarrisonNE-2019,0,2042390,3374939,7814276,7368400,-0.310057,unrelated
S140,S160,XMASBig-2019,OkrayGarrisonNE-2019,0,2025249,3394437,7814276,7290941,-0.315363,unrelated
S140,S161,XMASBig-2019,OkrayGarrisonNE-2019,0,2085757,3397660,7814276,7377502,-0.310007,unrelated
S140,S162,XMASBig-2019,OkrayGarrisonNE-2019,0,2175968,3341264,7814276,7785671,-0.288883,unrelated
S140,S163,XMASBig-2019,OkrayGarrisonNE-2019,0,2196940,3309504,7814276,7709788,-0.284852,unrelated
S140,S164,XMASBig-2019,OkrayGarrisonNE-2019,0,2124127,3418365,7814276,7689846,-0.303958,unrelated
S140,S165,XMASBig-2019,OkrayGarrisonNE-2019,0,2133788,3340725,7814276,7611186,-0.294815,unrelated
S140,S296,XMASBig-2019,OkrayRobacks-2019,0,2171707,3207041,7814276,7691850,-0.273593,unrelated
S140,S297,XMASBig-2019,OkrayRobacks-2019,0,2069118,3523335,7814276,7677694,-0.321299,unrelated
S140,S298,XMASBig-2019,OkrayRobacks-2019,0,2036350,3373706,7814276,7378291,-0.310090,unrelated
S140,S299,XMASBig-2019,OkrayRobacks-2019,0,2074915,3316373,7814276,7556994,-0.296516,unrelated
S140,S300,XMASBig-2019,OkrayRobacks-2019,0,2025485,3344029,7814276,7420867,-0.306041,unrelated
S140,S301,XMASBig-2019,OkrayRobacks-2019,0,2147908,3307720,7814276,8080920,-0.281062,unrelated
S140,S302,XMASBig-2019,OkrayRobacks-2019,0,2350713,2969222,7814276,8536700,-0.219420,unrelated
S140,S304,XMASBig-2019,OkrayGrosheks40-2019,0,1970362,3382640,7814276,7154938,-0.320319,unrelated
S140,S305,XMASBig-2019,OkrayGrosheks40-2019,0,2104914,3312591,7814276,7779665,-0.289873,unrelated
S140,S306,XMASBig-2019,OkrayGrosheks40-2019,0,3138556,2241091,7814276,11601524,-0.069203,unrelated
S140,S307,XMASBig-2019,OkrayGrosheks40-2019,0,1965911,3379750,7814276,7144597,-0.320451,unrelated
S140,S308,XMASBig-2019,OkrayGrosheks40-2019,0,2114710,3353791,7814276,7750273,-0.295085,unrelated
S140,S309,XMASBig-2019,OkrayGrosheks40-2019,0,1979700,3352260,7814276,7235130,-0.313954,unrelated
S140,S310,XMASBig-2019,OkrayGrosheks40-2019,0,2019042,3403246,7814276,7262608,-0.317536,unrelated
S140,S340,XMASBig-2019,OkrayPFWiper-2019,0,2145531,3293294,7814276,7619222,-0.287754,unrelated
S140,S341,XMASBig-2019,OkrayPFWiper-2019,0,2034186,3474415,7814276,7557563,-0.319717,unrelated
S140,S342,XMASBig-2019,OkrayPFWiper-2019,0,1969559,3494827,7814276,7043704,-0.337872,unrelated
S140,S343,XMASBig-2019,OkrayPFWiper-2019,0,2083917,3395279,7814276,7375799,-0.309850,unrelated
S140,S344,XMASBig-2019,OkrayPFWiper-2019,0,2003894,3590408,7814276,7302502,-0.342462,unrelated
S140,S354,XMASBig-2019,PloverBrikalskiPats-2019,0,2078986,3380676,7814276,7677084,-0.302257,unrelated
S140,S355,XMASBig-2019,PloverBrikalskiPats-2019,0,2136405,3335903,7814276,7759982,-0.291211,unrelated
S140,S356,XMASBig-2019,PloverBrikalskiPats-2019,0,2061860,3433813,7814276,7738582,-0.308996,unrelated
S140,S357,XMASBig-2019,PloverBrikalskiPats-2019,0,2127165,3345101,7814276,7682544,-0.294450,unrelated
S140,S358,XMASBig-2019,PloverBrikalskiPats-2019,0,2156606,3330344,7814276,7701638,-0.290288,unrelated
S140,S359,XMASBig-2019,PloverBrikalskiPats-2019,0,2133072,3394308,7814276,7899720,-0.296267,unrelated
S140,S360,XMASBig-2019,PloverBrikalskiPats-2019,0,2132288,3340411,7814276,7905479,-0.289351,unrelated
S140,S378,XMASBig-2019,PloverDaveBrSE-2019,0,2113375,3376160,7814276,7709061,-0.298837,unrelated
S140,S379,XMASBig-2019,PloverDaveBrSE-2019,0,2145218,3405111,7814276,7674181,-0.301192,unrelated
S140,S380,XMASBig-2019,PloverDaveBrSE-2019,0,2095629,3485180,7814276,7619782,-0.315842,unrelated
S140,S381,XMASBig-2019,PloverDaveBrSE-2019,0,2028728,3506242,7814276,7357228,-0.328495,unrelated
S140,S382,XMASBig-2019,PloverDaveBrSE-2019,0,2071404,3395924,7814276,7450016,-0.309247,unrelated
S140,S383,XMASBig-2019,PloverDaveBrSE-2019,0,2211310,3329439,7814276,8100805,-0.279456,unrelated
S140,S384,XMASBig-2019,PloverDaveBrSE-2019,0,2307723,3208630,7814276,8223535,-0.256241,unrelated
S140,S402,XMASBig-2019,Wysocki1129-2019,0,2077741,3467317,7814276,7525165,-0.316628,unrelated
S140,S403,XMASBig-2019,Wysocki1129-2019,0,2092007,3427280,7814276,7520277,-0.310577,unrelated
S140,S404,XMASBig-2019,Wysocki1129-2019,0,2228426,3276154,7814276,7928168,-0.274664,unrelated
S140,S405,XMASBig-2019,Wysocki1129-2019,0,2153936,3343097,7814276,7761893,-0.290974,unrelated
S140,S406,XMASBig-2019,Wysocki1129-2019,0,2178252,3328280,7814276,7786192,-0.287062,unrelated
S140,S407,XMASBig-2019,Wysocki1129-2019,0,2135577,3363711,7814276,7717071,-0.295650,unrelated
S140,S408,XMASBig-2019,Wysocki1129-2019,0,2167432,3294944,7814276,7724063,-0.284616,unrelated
S140,S426,XMASBig-2019,Wysocki438-2019,0,2178449,3413990,7814276,7847102,-0.296879,unrelated
S140,S427,XMASBig-2019,Wysocki438-2019,0,2099346,3382644,7814276,7598529,-0.302732,unrelated
S140,S428,XMASBig-2019,Wysocki438-2019,0,2046068,3627122,7814276,7402753,-0.342260,unrelated
S140,S429,XMASBig-2019,Wysocki438-2019,0,2070428,3476252,7814276,7685399,-0.314979,unrelated
S140,S430,XMASBig-2019,Wysocki438-2019,0,2101253,3366463,7814276,7738169,-0.297810,unrelated
S140,S431,XMASBig-2019,Wysocki438-2019,0,2014407,3483611,7814276,7367342,-0.326238,unrelated
S140,S432,XMASBig-2019,Wysocki438-2019,0,2045605,3391195,7814276,7526561,-0.308770,unrelated
S140,S450,XMASBig-2019,Wysocki563-2019,0,2152766,3475509,7814276,7734101,-0.308601,unrelated
S140,S451,XMASBig-2019,Wysocki563-2019,0,1972730,3426514,7814276,7226898,-0.324463,unrelated
S140,S452,XMASBig-2019,Wysocki563-2019,0,2155149,3374530,7814276,7917168,-0.292021,unrelated
S140,S453,XMASBig-2019,Wysocki563-2019,0,1911486,3617784,7814276,7210686,-0.354349,unrelated
S140,S454,XMASBig-2019,Wysocki563-2019,0,2038692,3321722,7814276,7408884,-0.302483,unrelated
S140,S455,XMASBig-2019,Wysocki563-2019,0,2074323,3345375,7814276,7450078,-0.302432,unrelated
S140,S456,XMASBig-2019,Wysocki563-2019,0,1949299,3635524,7814276,7202383,-0.354390,unrelated
S140,S458,XMASBig-2019,Wysocki570-2019,0,2085710,3252503,7814276,7453203,-0.289458,unrelated
S140,S459,XMASBig-2019,Wysocki570-2019,0,2166778,3317328,7814276,7810498,-0.285948,unrelated
S140,S460,XMASBig-2019,Wysocki570-2019,0,2007845,3425971,7814276,7316303,-0.320153,unrelated
S140,S461,XMASBig-2019,Wysocki570-2019,0,2088346,3375138,7814276,7396301,-0.306493,unrelated
S140,S462,XMASBig-2019,Wysocki570-2019,0,2100222,3354130,7814276,7560523,-0.299714,unrelated
S140,S463,XMASBig-2019,Wysocki570-2019,0,2017623,3401624,7814276,7366427,-0.315244,unrelated
S140,S464,XMASBig-2019,Wysocki570-2019,0,2042119,3603415,7814276,7360662,-0.340345,unrelated
S141,S142,XMASBig-2019,XMASBig-2019,1,2128699,3395108,7717407,7766337,-0.301059,unrelated
S141,S143,XMASBig-2019,XMASBig-2019,1,1961007,3572836,7717407,7252463,-0.346340,unrelated
S141,S159,XMASBig-2019,OkrayGarrisonNE-2019,0,2024299,3411981,7717407,7368400,-0.318158,unrelated
S141,S160,XMASBig-2019,OkrayGarrisonNE-2019,0,1968923,3388816,7717407,7290941,-0.320402,unrelated
S141,S161,XMASBig-2019,OkrayGarrisonNE-2019,0,2011215,3528527,7717407,7377502,-0.334274,unrelated
S141,S162,XMASBig-2019,OkrayGarrisonNE-2019,0,2137197,3344125,7717407,7785671,-0.293558,unrelated
S141,S163,XMASBig-2019,OkrayGarrisonNE-2019,0,2090360,3367727,7717407,7709788,-0.301098,unrelated
S141,S164,XMASBig-2019,OkrayGarrisonNE-2019,0,2085692,3357313,7717407,7689846,-0.300439,unrelated
S141,S165,XMASBig-2019,OkrayGarrisonNE-2019,0,2107346,3367818,7717407,7611186,-0.301938,unrelated
S141,S296,XMASBig-2019,OkrayRobacks-2019,0,2144578,3152561,7717407,7691850,-0.270003,unrelated
S141,S297,XMASBig-2019,OkrayRobacks-2019,0,2018117,3610276,7717407,7677694,-0.337928,unrelated
S141,S298,XMASBig-2019,OkrayRobacks-2019,0,1980345,3448004,7717407,7378291,-0.325633,unrelated
S141,S299,XMASBig-2019,OkrayRobacks-2019,0,2049103,3281848,7717407,7556994,-0.295566,unrelated
S141,S300,XMASBig-2019,OkrayRobacks-2019,0,2003854,3409990,7717407,7420867,-0.318142,unrelated
S141,S301,XMASBig-2019,OkrayRobacks-2019,0,2137834,3377073,7717407,8080920,-0.292203,unrelated
S141,S302,XMASBig-2019,OkrayRobacks-2019,0,2298236,3038844,7717407,8536700,-0.232523,unrelated
S141,S304,XMASBig-2019,OkrayGrosheks40-2019,0,1963274,3312465,7717407,7154938,-0.313445,unrelated
S141,S305,XMASBig-2019,OkrayGrosheks40-2019,0,2115618,3343187,7717407,7779665,-0.294943,unrelated
S141,S306,XMASBig-2019,OkrayGrosheks40-2019,0,3053856,2296387,7717407,11601524,-0.079659,unrelated
S141,S307,XMASBig-2019,OkrayGrosheks40-2019,0,1921582,3500940,7717407,7144597,-0.341831,unrelated
S141,S308,XMASBig-2019,OkrayGrosheks40-2019,0,2136915,3200169,7717407,7750273,-0.275634,unrelated
S141,S309,XMASBig-2019,OkrayGrosheks40-2019,0,1909633,3490588,7717407,7235130,-0.339176,unrelated
S141,S310,XMASBig-2019,OkrayGrosheks40-2019,0,1954869,3435417,7717407,7262608,-0.328168,unrelated
S141,S340,XMASBig-2019,OkrayPFWiper-2019,0,2085096,3386086,7717407,7619222,-0.305613,unrelated
S141,S341,XMASBig-2019,OkrayPFWiper-2019,0,2057914,3490918,7717407,7557563,-0.322352,unrelated
S141,S342,XMASBig-2019,OkrayPFWiper-2019,0,1913601,3551020,7717407,7043704,-0.351494,unrelated
S141,S343,XMASBig-2019,OkrayPFWiper-2019,0,2034266,3481767,7717407,7375799,-0.326589,unrelated
S141,S344,XMASBig-2019,OkrayPFWiper-2019,0,1934587,3554490,7717407,7302502,-0.344502,unrelated
S141,S354,XMASBig-2019,PloverBrikalskiPats-2019,0,2058050,3336847,7717407,7677084,-0.299824,unrelated
S141,S355,XMASBig-2019,PloverBrikalskiPats-2019,0,2130887,3223559,7717407,7759982,-0.278873,unrelated
S141,S356,XMASBig-2019,PloverBrikalskiPats-2019,0,2058923,3364219,7717407,7738582,-0.302117,unrelated
S141,S357,XMASBig-2019,PloverBrikalskiPats-2019,0,2131741,3277891,7717407,7682544,-0.287276,unrelated
S141,S358,XMASBig-2019,PloverBrikalskiPats-2019,0,2088526,3406812,7717407,7701638,-0.306446,unrelated
S141,S359,XMASBig-2019,PloverBrikalskiPats-2019,0,2086054,3373640,7717407,7899720,-0.298469,unrelated
S141,S360,XMASBig-2019,PloverBrikalskiPats-2019,0,2114324,3432596,7717407,7905479,-0.304097,unrelated
S141,S378,XMASBig-2019,PloverDaveBrSE-2019,0,2110093,3462881,7717407,7709061,-0.312169,unrelated
S141,S379,XMASBig-2019,PloverDaveBrSE-2019,0,2133809,3360951,7717407,7674181,-0.298091,unrelated
S141,S380,XMASBig-2019,PloverDaveBrSE-2019,0,2087913,3515024,7717407,7619782,-0.322232,unrelated
S141,S381,XMASBig-2019,PloverDaveBrSE-2019,0,1981975,3531510,7717407,7357228,-0.337059,unrelated
S141,S382,XMASBig-2019,PloverDaveBrSE-2019,0,2019907,3488632,7717407,7450016,-0.326842,unrelated
S141,S383,XMASBig-2019,PloverDaveBrSE-2019,0,2169587,3307230,7717407,8100805,-0.280997,unrelated
S141,S384,XMASBig-2019,PloverDaveBrSE-2019,0,2318027,3159685,7717407,8223535,-0.251010,unrelated
S141,S402,XMASBig-2019,Wysocki1129-2019,0,2028837,3504907,7717407,7525165,-0.326781,unrelated
S141,S403,XMASBig-2019,Wysocki1129-2019,0,2052012,3430972,7717407,7520277,-0.315660,unrelated
S141,S404,XMASBig-2019,Wysocki1129-2019,0,2163602,3302919,7717407,7928168,-0.283929,unrelated
S141,S405,XMASBig-2019,Wysocki1129-2019,0,2117183,3431781,7717407,7761893,-0.306627,unrelated
S141,S406,XMASBig-2019,Wysocki1129-2019,0,2171527,3287335,7717407,7786192,-0.284008,unrelated
S141,S407,XMASBig-2019,Wysocki1129-2019,0,2134423,3309539,7717407,7717071,-0.290561,unrelated
S141,S408,XMASBig-2019,Wysocki1129-2019,0,2108460,3352706,7717407,7724063,-0.297702,unrelated
S141,S426,XMASBig-2019,Wysocki438-2019,0,2076663,3395833,7717407,7847102,-0.302933,unrelated
S141,S427,XMASBig-2019,Wysocki438-2019,0,2058014,3426044,7717407,7598529,-0.313012,unrelated
S141,S428,XMASBig-2019,Wysocki438-2019,0,2000513,3592920,7717407,7402753,-0.342941,unrelated
S141,S429,XMASBig-2019,Wysocki438-2019,0,2093826,3327869,7717407,7685399,-0.296174,unrelated
S141,S430,XMASBig-2019,Wysocki438-2019,0,2072179,3436811,7717407,7738169,-0.310661,unrelated
S141,S431,XMASBig-2019,Wysocki438-2019,0,2004078,3509767,7717407,7367342,-0.332485,unrelated
S141,S432,XMASBig-2019,Wysocki438-2019,0,2066744,3416304,7717407,7526561,-0.312639,unrelated
S141,S450,XMASBig-2019,Wysocki563-2019,0,2089612,3540465,7717407,7734101,-0.323031,unrelated
S141,S451,XMASBig-2019,Wysocki563-2019,0,1948721,3445737,7717407,7226898,-0.330745,unrelated
S141,S452,XMASBig-2019,Wysocki563-2019,0,2090608,3335974,7717407,7917168,-0.293026,unrelated
S141,S453,XMASBig-2019,Wysocki563-2019,0,1929338,3675122,7717407,7210686,-0.363135,unrelated
S141,S454,XMASBig-2019,Wysocki563-2019,0,2022545,3409478,7717407,7408884,-0.317091,unrelated
S141,S455,XMASBig-2019,Wysocki563-2019,0,1992540,3314709,7717407,7450078,-0.305712,unrelated
S141,S456,XMASBig-2019,Wysocki563-2019,0,1882884,3646637,7717407,7202383,-0.362632,unrelated
S141,S458,XMASBig-2019,Wysocki570-2019,0,2057760,3267075,7717407,7453203,-0.295070,unrelated
S141,S459,XMASBig-2019,Wysocki570-2019,0,2090923,3413720,7717407,7810498,-0.305033,unrelated
S141,S460,XMASBig-2019,Wysocki570-2019,0,1991275,3389654,7717407,7316303,-0.318486,unrelated
S141,S461,XMASBig-2019,Wysocki570-2019,0,2015261,3421824,7717407,7396301,-0.319471,unrelated
S141,S462,XMASBig-2019,Wysocki570-2019,0,2072497,3368228,7717407,7560523,-0.305274,unrelated
S141,S463,XMASBig-2019,Wysocki570-2019,0,1989869,3409109,7717407,7366427,-0.320101,unrelated
S141,S464,XMASBig-2019,Wysocki570-2019,0,2002769,3603231,7717407,7360662,-0.345117,unrelated
S142,S143,XMASBig-2019,XMASBig-2019,1,1913900,3573762,7766337,7252463,-0.348472,unrelated
S142,S159,XMASBig-2019,OkrayGarrisonNE-2019,0,2120599,3448526,7766337,7368400,-0.315595,unrelated
S142,S160,XMASBig-2019,OkrayGarrisonNE-2019,0,2053623,3618820,7766337,7290941,-0.344286,unrelated
S142,S161,XMASBig-2019,OkrayGarrisonNE-2019,0,2038625,3417319,7766337,7377502,-0.316697,unrelated
S142,S162,XMASBig-2019,OkrayGarrisonNE-2019,0,2185168,3297882,7766337,7785671,-0.283603,unrelated
S142,S163,XMASBig-2019,OkrayGarrisonNE-2019,0,2153480,3422337,7766337,7709788,-0.303125,unrelated
S142,S164,XMASBig-2019,OkrayGarrisonNE-2019,0,2128047,3464931,7766337,7689846,-0.310673,unrelated
S142,S165,XMASBig-2019,OkrayGarrisonNE-2019,0,2099652,3518056,7766337,7611186,-0.321018,unrelated
S142,S296,XMASBig-2019,OkrayRobacks-2019,0,2078286,3298078,7766337,7691850,-0.292264,unrelated
S142,S297,XMASBig-2019,OkrayRobacks-2019,0,2071319,3550379,7766337,7677694,-0.325656,unrelated
S142,S298,XMASBig-2019,OkrayRobacks-2019,0,2108193,3452262,7766337,7378291,-0.316702,unrelated
S142,S299,XMASBig-2019,OkrayRobacks-2019,0,2028160,3401927,7766337,7556994,-0.311662,unrelated
S142,S300,XMASBig-2019,OkrayRobacks-2019,0,2045012,3448629,7766337,7420867,-0.319496,unrelated
S142,S301,XMASBig-2019,OkrayRobacks-2019,0,2181921,3344254,7766337,8080920,-0.284376,unrelated
S142,S302,XMASBig-2019,OkrayRobacks-2019,0,2390826,3007696,7766337,8536700,-0.222325,unrelated
S142,S304,XMASBig-2019,OkrayGrosheks40-2019,0,1952162,3377463,7766337,7154938,-0.321874,unrelated
S142,S305,XMASBig-2019,OkrayGrosheks40-2019,0,2184280,3372105,7766337,7779665,-0.293319,unrelated
S142,S306,XMASBig-2019,OkrayGrosheks40-2019,0,3122120,2329826,7766337,11601524,-0.079386,unrelated
S142,S307,XMASBig-2019,OkrayGrosheks40-2019,0,1999784,3564010,7766337,7144597,-0.343925,unrelated
S142,S308,XMASBig-2019,OkrayGrosheks40-2019,0,2091478,3292455,7766337,7750273,-0.289589,unrelated
S142,S309,XMASBig-2019,OkrayGrosheks40-2019,0,1938116,3472345,7766337,7235130,-0.333739,unrelated
S142,S310,XMASBig-2019,OkrayGrosheks40-2019,0,2086044,3432188,7766337,7262608,-0.317942,unrelated
S142,S340,XMASBig-2019,OkrayPFWiper-2019,0,2157310,3351953,7766337,7619222,-0.295511,unrelated
S142,S341,XMASBig-2019,OkrayPFWiper-2019,0,2014013,3559207,7766337,7557563,-0.333101,unrelated
S142,S342,XMASBig-2019,OkrayPFWiper-2019,0,1978954,3462084,7766337,7043704,-0.333910,unrelated
S142,S343,XMASBig-2019,OkrayPFWiper-2019,0,2030114,3408168,7766337,7375799,-0.316086,unrelated
S142,S344,XMASBig-2019,OkrayPFWiper-2019,0,2047779,3694809,7766337,7302502,-0.354496,unrelated
S142,S354,XMASBig-2019,PloverBrikalskiPats-2019,0,2072448,3438775,7766337,7677084,-0.311142,unrelated
S142,S355,XMASBig-2019,PloverBrikalskiPats-2019,0,2119850,3413577,7766337,7759982,-0.303182,unrelated
S142,S356,XMASBig-2019,PloverBrikalskiPats-2019,0,2149602,3526191,7766337,7738582,-0.316208,unrelated
S142,S357,XMASBig-2019,PloverBrikalskiPats-2019,0,2140739,3407432,7766337,7682544,-0.302554,unrelated
S142,S358,XMASBig-2019,PloverBrikalskiPats-2019,0,2237708,3425049,7766337,7701638,-0.298190,unrelated
S142,S359,XMASBig-2019,PloverBrikalskiPats-2019,0,2185281,3407875,7766337,7899720,-0.295573,unrelated
S142,S360,XMASBig-2019,PloverBrikalskiPats-2019,0,2130840,3326888,7766337,7905479,-0.288603,unrelated
S142,S378,XMASBig-2019,PloverDaveBrSE-2019,0,2065382,3487646,7766337,7709061,-0.317272,unrelated
S142,S379,XMASBig-2019,PloverDaveBrSE-2019,0,2219801,3481999,7766337,7674181,-0.307256,unrelated
S142,S380,XMASBig-2019,PloverDaveBrSE-2019,0,2177875,3480666,7766337,7619782,-0.310894,unrelated
S142,S381,XMASBig-2019,PloverDaveBrSE-2019,0,2066257,3651328,7766337,7357228,-0.346241,unrelated
S142,S382,XMASBig-2019,PloverDaveBrSE-2019,0,2075185,3376592,7766337,7450016,-0.307432,unrelated
S142,S383,XMASBig-2019,PloverDaveBrSE-2019,0,2209927,3349307,7766337,8100805,-0.282892,unrelated
S142,S384,XMASBig-2019,PloverDaveBrSE-2019,0,2305892,3338551,7766337,8223535,-0.273374,unrelated
S142,S402,XMASBig-2019,Wysocki1129-2019,0,2150449,3537461,7766337,7525165,-0.322040,unrelated
S142,S403,XMASBig-2019,Wysocki1129-2019,0,2163504,3511379,7766337,7520277,-0.317876,unrelated
S142,S404,XMASBig-2019,Wysocki1129-2019,0,2228583,3286986,7766337,7928168,-0.276873,unrelated
S142,S405,XMASBig-2019,Wysocki1129-2019,0,2152362,3295425,7766337,7761893,-0.285833,unrelated
S142,S406,XMASBig-2019,Wysocki1129-2019,0,2162797,3324077,7766337,7786192,-0.288400,unrelated
S142,S407,XMASBig-2019,Wysocki1129-2019,0,2144838,3413243,7766337,7717071,-0.302365,unrelated
S142,S408,XMASBig-2019,Wysocki1129-2019,0,2127152,3500657,7766337,7724063,-0.314657,unrelated
S142,S426,XMASBig-2019,Wysocki438-2019,0,2133133,3391995,7766337,7847102,-0.297875,unrelated
S142,S427,XMASBig-2019,Wysocki438-2019,0,2122314,3343533,7766337,7598529,-0.297090,unrelated
S142,S428,XMASBig-2019,Wysocki438-2019,0,1977309,3675396,7766337,7402753,-0.354239,unrelated
S142,S429,XMASBig-2019,Wysocki438-2019,0,2091971,3497105,7766337,7685399,-0.317261,unrelated
S142,S430,XMASBig-2019,Wysocki438-2019,0,2080071,3389976,7766337,7738169,-0.303130,unrelated
S142,S431,XMASBig-2019,Wysocki438-2019,0,2048912,3465170,7766337,7367342,-0.322554,unrelated
S142,S432,XMASBig-2019,Wysocki438-2019,0,2108433,3368016,7766337,7526561,-0.302598,unrelated
S142,S450,XMASBig-2019,Wysocki563-2019,0,2124278,3587104,7766337,7734101,-0.325793,unrelated
S142,S451,XMASBig-2019,Wysocki563-2019,0,2047300,3517176,7766337,7226898,-0.332620,unrelated
S142,S452,XMASBig-2019,Wysocki563-2019,0,2155083,3359914,7766337,7917168,-0.291054,unrelated
S142,S453,XMASBig-2019,Wysocki563-2019,0,2007748,3671318,7766337,7210686,-0.356205,unrelated
S142,S454,XMASBig-2019,Wysocki563-2019,0,2034299,3338106,7766337,7408884,-0.305888,unrelated
S142,S455,XMASBig-2019,Wysocki563-2019,0,2050507,3299339,7766337,7450078,-0.298899,unrelated
S142,S456,XMASBig-2019,Wysocki563-2019,0,2012025,3678544,7766337,7202383,-0.357082,unrelated
S142,S458,XMASBig-2019,Wysocki570-2019,0,2022475,3486476,7766337,7453203,-0.325271,unrelated
S142,S459,XMASBig-2019,Wysocki570-2019,0,2088505,3296914,7766337,7810498,-0.289232,unrelated
S142,S460,XMASBig-2019,Wysocki570-2019,0,2021143,3409841,7766337,7316303,-0.318150,unrelated
S142,S461,XMASBig-2019,Wysocki570-2019,0,2033205,3378152,7766337,7396301,-0.311496,unrelated
S142,S462,XMASBig-2019,Wysocki570-2019,0,2056294,3420919,7766337,7560523,-0.312233,unrelated
S142,S463,XMASBig-2019,Wysocki570-2019,0,1961484,3443447,7766337,7366427,-0.325480,unrelated
S142,S464,XMASBig-2019,Wysocki570-2019,0,1994949,3684125,7766337,7360662,-0.355213,unrelated
S143,S159,XMASBig-2019,OkrayGarrisonNE-2019,0,1889859,3640969,7252463,7368400,-0.368793,unrelated
S143,S160,XMASBig-2019,OkrayGarrisonNE-2019,0,1852065,3698136,7252463,7290941,-0.381218,unrelated
S143,S161,XMASBig-2019,OkrayGarrisonNE-2019,0,1874138,3529964,7252463,7377502,-0.354464,unrelated
S143,S162,XMASBig-2019,OkrayGarrisonNE-2019,0,1922224,3586174,7252463,7785671,-0.349121,unrelated
S143,S163,XMASBig-2019,OkrayGarrisonNE-2019,0,1909528,3561825,7252463,7709788,-0.348485,unrelated
S143,S164,XMASBig-2019,OkrayGarrisonNE-2019,0,1944449,3506073,7252463,7689846,-0.339151,unrelated
S143,S165,XMASBig-2019,OkrayGarrisonNE-2019,0,1894598,3659740,7252463,7611186,-0.364976,unrelated
S143,S296,XMASBig-2019,OkrayRobacks-2019,0,1987330,3509904,7252463,7691850,-0.336749,unrelated
S143,S297,XMASBig-2019,OkrayRobacks-2019,0,2007362,3243890,7252463,7677694,-0.300092,unrelated
S143,S298,XMASBig-2019,OkrayRobacks-2019,0,1905747,3512546,7252463,7378291,-0.349903,unrelated
S143,S299,XMASBig-2019,OkrayRobacks-2019,0,1962300,3529162,7252463,7556994,-0.344106,unrelated
S143,S300,XMASBig-2019,OkrayRobacks-2019,0,1924203,3461644,7252463,7420867,-0.340692,unrelated
S143,S301,XMASBig-2019,OkrayRobacks-2019,0,2078353,3296307,7252463,8080920,-0.294407,unrelated
S143,S302,XMASBig-2019,OkrayRobacks-2019,0,2156352,3195343,7252463,8536700,-0.268180,unrelated
S143,S304,XMASBig-2019,OkrayGrosheks40-2019,0,1836502,3700209,7252463,7154938,-0.386185,unrelated
S143,S305,XMASBig-2019,OkrayGrosheks40-2019,0,1977365,3461921,7252463,7779665,-0.329060,unrelated
S143,S306,XMASBig-2019,OkrayGrosheks40-2019,0,2920917,2387454,7252463,11601524,-0.098334,unrelated
S143,S307,XMASBig-2019,OkrayGrosheks40-2019,0,1817419,3590581,7252463,7144597,-0.372558,unrelated
S143,S308,XMASBig-2019,OkrayGrosheks40-2019,0,2001408,3548337,7252463,7750273,-0.339622,unrelated
S143,S309,XMASBig-2019,OkrayGrosheks40-2019,0,1877164,3437438,7252463,7235130,-0.344965,unrelated
S143,S310,XMASBig-2019,OkrayGrosheks40-2019,0,1848482,3510871,7252463,7262608,-0.356406,unrelated
S143,S340,XMASBig-2019,OkrayPFWiper-2019,0,1890937,3603475,7252463,7619222,-0.357459,unrelated
S143,S341,XMASBig-2019,OkrayPFWiper-2019,0,1894367,3433632,7252463,7557563,-0.335779,unrelated
S143,S342,XMASBig-2019,OkrayPFWiper-2019,0,1743445,3692581,7252463,7043704,-0.394631,unrelated
S143,S343,XMASBig-2019,OkrayPFWiper-2019,0,1853272,3575783,7252463,7375799,-0.362196,unrelated
S143,S344,XMASBig-2019,OkrayPFWiper-2019,0,1800401,3606332,7252463,7302502,-0.371850,unrelated
S143,S354,XMASBig-2019,PloverBrikalskiPats-2019,0,1974837,3511321,7252463,7677084,-0.338108,unrelated
S143,S355,XMASBig-2019,PloverBrikalskiPats-2019,0,1961709,3614860,7252463,7759982,-0.350910,unrelated
S143,S356,XMASBig-2019,PloverBrikalskiPats-2019,0,1943351,3574862,7252463,7738582,-0.347299,unrelated
S143,S357,XMASBig-2019,PloverBrikalskiPats-2019,0,1954251,3464420,7252463,7682544,-0.333082,unrelated
S143,S358,XMASBig-2019,PloverBrikalskiPats-2019,0,1921497,3555296,7252463,7701638,-0.347001,unrelated
S143,S359,XMASBig-2019,PloverBrikalskiPats-2019,0,2016282,3354851,7252463,7899720,-0.309752,unrelated
S143,S360,XMASBig-2019,PloverBrikalskiPats-2019,0,2027223,3269266,7252463,7905479,-0.297620,unrelated
S143,S378,XMASBig-2019,PloverDaveBrSE-2019,0,1943038,3392088,7252463,7709061,-0.323573,unrelated
S143,S379,XMASBig-2019,PloverDaveBrSE-2019,0,1873259,3613765,7252463,7674181,-0.358706,unrelated
S143,S380,XMASBig-2019,PloverDaveBrSE-2019,0,1876115,3637060,7252463,7619782,-0.362958,unrelated
S143,S381,XMASBig-2019,PloverDaveBrSE-2019,0,1862562,3501939,7252463,7357228,-0.351911,unrelated
S143,S382,XMASBig-2019,PloverDaveBrSE-2019,0,1871925,3564582,7252463,7450016,-0.357575,unrelated
S143,S383,XMASBig-2019,PloverDaveBrSE-2019,0,2015382,3330709,7252463,8100805,-0.302609,unrelated
S143,S384,XMASBig-2019,PloverDaveBrSE-2019,0,2010063,3431469,7252463,8223535,-0.313574,unrelated
S143,S402,XMASBig-2019,Wysocki1129-2019,0,1904353,3583428,7252463,7525165,-0.356113,unrelated
S143,S403,XMASBig-2019,Wysocki1129-2019,0,1894254,3572497,7252463,7520277,-0.355434,unrelated
S143,S404,XMASBig-2019,Wysocki1129-2019,0,1974750,3500925,7252463,7928168,-0.331152,unrelated
S143,S405,XMASBig-2019,Wysocki1129-2019,0,1908412,3490706,7252463,7761893,-0.337877,unrelated
S143,S406,XMASBig-2019,Wysocki1129-2019,0,1934770,3542269,7252463,7786192,-0.342435,unrelated
S143,S407,XMASBig-2019,Wysocki1129-2019,0,1900822,3549701,7252463,7717071,-0.347277,unrelated
S143,S408,XMASBig-2019,Wysocki1129-2019,0,1916324,3567943,7252463,7724063,-0.348516,unrelated
S143,S426,XMASBig-2019,Wysocki438-2019,0,1967826,3405081,7252463,7847102,-0.320694,unrelated
S143,S427,XMASBig-2019,Wysocki438-2019,0,1925484,3416716,7252463,7598529,-0.330479,unrelated
S143,S428,XMASBig-2019,Wysocki438-2019,0,1888834,3471439,7252463,7402753,-0.344863,unrelated
S143,S429,XMASBig-2019,Wysocki438-2019,0,1950683,3442136,7252463,7685399,-0.330274,unrelated
S143,S430,XMASBig-2019,Wysocki438-2019,0,1959620,3330181,7252463,7738169,-0.313579,unrelated
S143,S431,XMASBig-2019,Wysocki438-2019,0,1884212,3578118,7252463,7367342,-0.360608,unrelated
S143,S432,XMASBig-2019,Wysocki438-2019,0,1882371,3534659,7252463,7526561,-0.350967,unrelated
S143,S450,XMASBig-2019,Wysocki563-2019,0,1998288,3350443,7252463,7734101,-0.313788,unrelated
S143,S451,XMASBig-2019,Wysocki563-2019,0,1873970,3544434,7252463,7226898,-0.360161,unrelated
S143,S452,XMASBig-2019,Wysocki563-2019,0,2030588,3339655,7252463,7917168,-0.306449,unrelated
S143,S453,XMASBig-2019,Wysocki563-2019,0,1902873,3326825,7252463,7210686,-0.328475,unrelated
S143,S454,XMASBig-2019,Wysocki563-2019,0,1939718,3417002,7252463,7408884,-0.333822,unrelated
S143,S455,XMASBig-2019,Wysocki563-2019,0,1912989,3436250,7252463,7450078,-0.337323,unrelated
S143,S456,XMASBig-2019,Wysocki563-2019,0,1894299,3334001,7252463,7202383,-0.330249,unrelated
S143,S458,XMASBig-2019,Wysocki570-2019,0,1909734,3602237,7252463,7453203,-0.360048,unrelated
S143,S459,XMASBig-2019,Wysocki570-2019,0,1961118,3310333,7252463,7810498,-0.309338,unrelated
S143,S460,XMASBig-2019,Wysocki570-2019,0,1885148,3568966,7252463,7316303,-0.360551,unrelated
S143,S461,XMASBig-2019,Wysocki570-2019,0,1908835,3476297,7252463,7396301,-0.344313,unrelated
S143,S462,XMASBig-2019,Wysocki570-2019,0,1898279,3515384,7252463,7560523,-0.346486,unrelated
S143,S463,XMASBig-2019,Wysocki570-2019,0,1942861,3365374,7252463,7366427,-0.327514,unrelated
S143,S464,XMASBig-2019,Wysocki570-2019,0,1949185,3298916,7252463,7360662,-0.318115,unrelated
S159,S160,OkrayGarrisonNE-2019,OkrayGarrisonNE-2019,1,1979503,3562072,7368400,7290941,-0.350946,unrelated
S159,S161,OkrayGarrisonNE-2019,OkrayGarrisonNE-2019,1,1914391,3601619,7368400,7377502,-0.358666,unrelated
S159,S162,OkrayGarrisonNE-2019,OkrayGarrisonNE-2019,1,2010132,3410645,7368400,7785671,-0.317483,unrelated
S159,S163,OkrayGarrisonNE-2019,OkrayGarrisonNE-2019,1,1973019,3471502,7368400,7709788,-0.329614,unrelated
S159,S164,OkrayGarrisonNE-2019,OkrayGarrisonNE-2019,1,1975945,3496638,7368400,7689846,-0.333195,unrelated
S159,S165,OkrayGarrisonNE-2019,OkrayGarrisonNE-2019,1,1963037,3519410,7368400,7611186,-0.338847,unrelated
S159,S296,OkrayGarrisonNE-2019,OkrayRobacks-2019,0,2004027,3299282,7368400,7691850,-0.305077,unrelated
S159,S297,OkrayGarrisonNE-2019,OkrayRobacks-2019,0,1972006,3592746,7368400,7677694,-0.346501,unrelated
S159,S298,OkrayGarrisonNE-2019,OkrayRobacks-2019,0,2012342,3597115,7368400,7378291,-0.351393,unrelated
S159,S299,OkrayGarrisonNE-2019,OkrayRobacks-2019,0,1987578,3347361,7368400,7556994,-0.315378,unrelated
S159,S300,OkrayGarrisonNE-2019,OkrayRobacks-2019,0,1943421,3525817,7368400,7420867,-0.345400,unrelated
S159,S301,OkrayGarrisonNE-2019,OkrayRobacks-2019,0,2046319,3464479,7368400,8080920,-0.316042,unrelated
S159,S302,OkrayGarrisonNE-2019,OkrayRobacks-2019,0,2257320,3053541,7368400,8536700,-0.242046,unrelated
S159,S304,OkrayGarrisonNE-2019,OkrayGrosheks40-2019,0,1855683,3411610,7368400,7154938,-0.342038,unrelated
S159,S305,OkrayGarrisonNE-2019,OkrayGrosheks40-2019,0,2123443,3377526,7368400,7779665,-0.305756,unrelated
S159,S306,OkrayGarrisonNE-2019,OkrayGrosheks40-2019,0,2981614,2373972,7368400,11601524,-0.093112,unrelated
S159,S307,OkrayGarrisonNE-2019,OkrayGrosheks40-2019,0,1934838,3663818,7368400,7144597,-0.371584,unrelated
S159,S308,OkrayGarrisonNE-2019,OkrayGrosheks40-2019,0,2058234,3182805,7368400,7750273,-0.284904,unrelated
S159,S309,OkrayGarrisonNE-2019,OkrayGrosheks40-2019,0,1860881,3576584,7368400,7235130,-0.362398,unrelated
S159,S310,OkrayGarrisonNE-2019,OkrayGrosheks40-2019,0,1960306,3445487,7368400,7262608,-0.337001,unrelated
S159,S340,OkrayGarrisonNE-2019,OkrayPFWiper-2019,0,2006053,3402867,7368400,7619222,-0.320243,unrelated
S159,S341,OkrayGarrisonNE-2019,OkrayPFWiper-2019,0,1896389,3703659,7368400,7557563,-0.369218,unrelated
S159,S342,OkrayGarrisonNE-2019,OkrayPFWiper-2019,0,1828297,3548732,7368400,7043704,-0.365607,unrelated
S159,S343,OkrayGarrisonNE-2019,OkrayPFWiper-2019,0,1938866,3519714,7368400,7375799,-0.345937,unrelated
S159,S344,OkrayGarrisonNE-2019,OkrayPFWiper-2019,0,1883924,3786804,7368400,7302502,-0.387821,unrelated
S159,S354,OkrayGarrisonNE-2019,PloverBrikalskiPats-2019,0,1984576,3356208,7368400,7677084,-0.314236,unrelated
S159,S355,OkrayGarrisonNE-2019,PloverBrikalskiPats-2019,0,2048206,3381886,7368400,7759982,-0.311703,unrelated
S159,S356,OkrayGarrisonNE-2019,PloverBrikalskiPats-2019,0,2056686,3559509,7368400,7738582,-0.335099,unrelated
S159,S357,OkrayGarrisonNE-2019,PloverBrikalskiPats-2019,0,1966163,3430053,7368400,7682544,-0.325159,unrelated
S159,S358,OkrayGarrisonNE-2019,PloverBrikalskiPats-2019,0,2082225,3469289,7368400,7701638,-0.322252,unrelated
S159,S359,OkrayGarrisonNE-2019,PloverBrikalskiPats-2019,0,2048424,3492673,7368400,7899720,-0.323348,unrelated
S159,S360,OkrayGarrisonNE-2019,PloverBrikalskiPats-2019,0,2043363,3513053,7368400,7905479,-0.326226,unrelated
S159,S378,OkrayGarrisonNE-2019,PloverDaveBrSE-2019,0,1976424,3567678,7368400,7709061,-0.342162,unrelated
S159,S379,OkrayGarrisonNE-2019,PloverDaveBrSE-2019,0,2059697,3580304,7368400,7674181,-0.339098,unrelated
S159,S380,OkrayGarrisonNE-2019,PloverDaveBrSE-2019,0,2061006,3644649,7368400,7619782,-0.348828,unrelated
S159,S381,OkrayGarrisonNE-2019,PloverDaveBrSE-2019,0,1951050,3684597,7368400,7357228,-0.367940,unrelated
S159,S382,OkrayGarrisonNE-2019,PloverDaveBrSE-2019,0,1944826,3506143,7368400,7450016,-0.341970,unrelated
S159,S383,OkrayGarrisonNE-2019,PloverDaveBrSE-2019,0,2095824,3367478,7368400,8100805,-0.299895,unrelated
S159,S384,OkrayGarrisonNE-2019,PloverDaveBrSE-2019,0,2138432,3354345,7368400,8223535,-0.293117,unrelated
S159,S402,OkrayGarrisonNE-2019,Wysocki1129-2019,0,2029891,3705768,7368400,7525165,-0.361340,unrelated
S159,S403,OkrayGarrisonNE-2019,Wysocki1129-2019,0,2023409,3580837,7368400,7520277,-0.345112,unrelated
S159,S404,OkrayGarrisonNE-2019,Wysocki1129-2019,0,2074345,3364655,7368400,7928168,-0.304314,unrelated
S159,S405,OkrayGarrisonNE-2019,Wysocki1129-2019,0,1999469,3452310,7368400,7761893,-0.324194,unrelated
S159,S406,OkrayGarrisonNE-2019,Wysocki1129-2019,0,2026703,3408887,7368400,7786192,-0.316146,unrelated
S159,S407,OkrayGarrisonNE-2019,Wysocki1129-2019,0,2024797,3428467,7368400,7717071,-0.320317,unrelated
S159,S408,OkrayGarrisonNE-2019,Wysocki1129-2019,0,2021510,3473642,7368400,7724063,-0.326373,unrelated
S159,S426,OkrayGarrisonNE-2019,Wysocki438-2019,0,1977980,3486458,7368400,7847102,-0.328279,unrelated
S159,S427,OkrayGarrisonNE-2019,Wysocki438-2019,0,1969064,3432753,7368400,7598529,-0.327151,unrelated
S159,S428,OkrayGarrisonNE-2019,Wysocki438-2019,0,1930103,3613654,7368400,7402753,-0.358618,unrelated
S159,S429,OkrayGarrisonNE-2019,Wysocki438-2019,0,2028313,3471125,7368400,7685399,-0.326425,unrelated
S159,S430,OkrayGarrisonNE-2019,Wysocki438-2019,0,1960137,3557906,7368400,7738169,-0.341287,unrelated
S159,S431,OkrayGarrisonNE-2019,Wysocki438-2019,0,1948279,3652507,7368400,7367342,-0.363520,unrelated
S159,S432,OkrayGarrisonNE-2019,Wysocki438-2019,0,1997158,3484978,7368400,7526561,-0.333858,unrelated
S159,S450,OkrayGarrisonNE-2019,Wysocki563-2019,0,1990720,3644103,7368400,7734101,-0.350769,unrelated
S159,S451,OkrayGarrisonNE-2019,Wysocki563-2019,0,1952540,3590432,7368400,7226898,-0.358220,unrelated
S159,S452,OkrayGarrisonNE-2019,Wysocki563-2019,0,2032407,3447948,7368400,7917168,-0.318175,unrelated
S159,S453,OkrayGarrisonNE-2019,Wysocki563-2019,0,1918427,3824946,7368400,7210686,-0.393129,unrelated
S159,S454,OkrayGarrisonNE-2019,Wysocki563-2019,0,1929658,3486821,7368400,7408884,-0.341334,unrelated
S159,S455,OkrayGarrisonNE-2019,Wysocki563-2019,0,1921951,3406512,7368400,7450078,-0.330066,unrelated
S159,S456,OkrayGarrisonNE-2019,Wysocki563-2019,0,1937274,3668221,7368400,7202383,-0.370548,unrelated
S159,S458,OkrayGarrisonNE-2019,Wysocki570-2019,0,1980996,3404974,7368400,7453203,-0.325805,unrelated
S159,S459,OkrayGarrisonNE-2019,Wysocki570-2019,0,2001374,3463506,7368400,7810498,-0.324506,unrelated
S159,S460,OkrayGarrisonNE-2019,Wysocki570-2019,0,1894628,3493205,7368400,7316303,-0.346741,unrelated
S159,S461,OkrayGarrisonNE-2019,Wysocki570-2019,0,1938960,3487599,7368400,7396301,-0.341100,unrelated
S159,S462,OkrayGarrisonNE-2019,Wysocki570-2019,0,2007620,3349311,7368400,7560523,-0.314222,unrelated
S159,S463,OkrayGarrisonNE-2019,Wysocki570-2019,0,1883075,3534424,7368400,7366427,-0.351940,unrelated
S159,S464,OkrayGarrisonNE-2019,Wysocki570-2019,0,1918307,3594919,7368400,7360662,-0.357900,unrelated
S160,S161,OkrayGarrisonNE-2019,OkrayGarrisonNE-2019,1,1928057,3556066,7290941,7377502,-0.353417,unrelated
S160,S162,OkrayGarrisonNE-2019,OkrayGarrisonNE-2019,1,2025227,3420517,7290941,7785671,-0.319422,unrelated
S160,S163,OkrayGarrisonNE-2019,OkrayGarrisonNE-2019,1,1991156,3433776,7290941,7709788,-0.325077,unrelated
S160,S164,OkrayGarrisonNE-2019,OkrayGarrisonNE-2019,1,2005093,3434310,7290941,7689846,-0.324651,unrelated
S160,S165,OkrayGarrisonNE-2019,OkrayGarrisonNE-2019,1,1983522,3424215,7290941,7611186,-0.326457,unrelated
S160,S296,OkrayGarrisonNE-2019,OkrayRobacks-2019,0,1982120,3288083,7290941,7691850,-0.306622,unrelated
S160,S297,OkrayGarrisonNE-2019,OkrayRobacks-2019,0,1932300,3689763,7290941,7677694,-0.363909,unrelated
S160,S298,OkrayGarrisonNE-2019,OkrayRobacks-2019,0,1976148,3594580,7290941,7378291,-0.355370,unrelated
S160,S299,OkrayGarrisonNE-2019,OkrayRobacks-2019,0,1947416,3334970,7290941,7556994,-0.318059,unrelated
S160,S300,OkrayGarrisonNE-2019,OkrayRobacks-2019,0,1954733,3457260,7290941,7420867,-0.337130,unrelated
S160,S301,OkrayGarrisonNE-2019,OkrayRobacks-2019,0,2007479,3483394,7290941,8080920,-0.322623,unrelated
S160,S302,OkrayGarrisonNE-2019,OkrayRobacks-2019,0,2253474,3152510,7290941,8536700,-0.255979,unrelated
S160,S304,OkrayGarrisonNE-2019,OkrayGrosheks40-2019,0,1850253,3445598,7290941,7154938,-0.348954,unrelated
S160,S305,OkrayGarrisonNE-2019,OkrayGrosheks40-2019,0,2084984,3521637,7290941,7779665,-0.329004,unrelated
S160,S306,OkrayGarrisonNE-2019,OkrayGrosheks40-2019,0,2955075,2379555,7290941,11601524,-0.095490,unrelated
S160,S307,OkrayGarrisonNE-2019,OkrayGrosheks40-2019,0,1922583,3637868,7290941,7144597,-0.370832,unrelated
S160,S308,OkrayGarrisonNE-2019,OkrayGrosheks40-2019,0,2000684,3334358,7290941,7750273,-0.310349,unrelated
S160,S309,OkrayGarrisonNE-2019,OkrayGrosheks40-2019,0,1859376,3493495,7290941,7235130,-0.352994,unrelated
S160,S310,OkrayGarrisonNE-2019,OkrayGrosheks40-2019,0,1956304,3539719,7290941,7262608,-0.352020,unrelated
S160,S340,OkrayGarrisonNE-2019,OkrayPFWiper-2019,0,1990532,3493379,7290941,7619222,-0.335089,unrelated
S160,S341,OkrayGarrisonNE-2019,OkrayPFWiper-2019,0,1892926,3650107,7290941,7557563,-0.364164,unrelated
S160,S342,OkrayGarrisonNE-2019,OkrayPFWiper-2019,0,1772317,3672920,7290941,7043704,-0.388815,unrelated
S160,S343,OkrayGarrisonNE-2019,OkrayPFWiper-2019,0,1877356,3646437,7290941,7375799,-0.369238,unrelated
S160,S344,OkrayGarrisonNE-2019,OkrayPFWiper-2019,0,1904224,3725329,7290941,7302502,-0.380063,unrelated
S160,S354,OkrayGarrisonNE-2019,PloverBrikalskiPats-2019,0,1994976,3371796,7290941,7677084,-0.317251,unrelated
S160,S355,OkrayGarrisonNE-2019,PloverBrikalskiPats-2019,0,2033371,3334071,7290941,7759982,-0.307939,unrelated
S160,S356,OkrayGarrisonNE-2019,PloverBrikalskiPats-2019,0,2030557,3552576,7290941,7738582,-0.337642,unrelated
S160,S357,OkrayGarrisonNE-2019,PloverBrikalskiPats-2019,0,1985918,3408872,7290941,7682544,-0.322692,unrelated
S160,S358,OkrayGarrisonNE-2019,PloverBrikalskiPats-2019,0,2062462,3583133,7290941,7701638,-0.340422,unrelated
S160,S359,OkrayGarrisonNE-2019,PloverBrikalskiPats-2019,0,2001032,3508845,7290941,7899720,-0.330246,unrelated
S160,S360,OkrayGarrisonNE-2019,PloverBrikalskiPats-2019,0,1989608,3522807,7290941,7905479,-0.332710,unrelated
S160,S378,OkrayGarrisonNE-2019,PloverDaveBrSE-2019,0,1941207,3552381,7290941,7709061,-0.344237,unrelated
S160,S379,OkrayGarrisonNE-2019,PloverDaveBrSE-2019,0,2062062,3507790,7290941,7674181,-0.331004,unrelated
S160,S380,OkrayGarrisonNE-2019,PloverDaveBrSE-2019,0,2020252,3620525,7290941,7619782,-0.350137,unrelated
S160,S381,OkrayGarrisonNE-2019,PloverDaveBrSE-2019,0,1903695,3721509,7290941,7357228,-0.378158,unrelated
S160,S382,OkrayGarrisonNE-2019,PloverDaveBrSE-2019,0,1906530,3596227,7290941,7450016,-0.358588,unrelated
S160,S383,OkrayGarrisonNE-2019,PloverDaveBrSE-2019,0,2057493,3410686,7290941,8100805,-0.309509,unrelated
S160,S384,OkrayGarrisonNE-2019,PloverDaveBrSE-2019,0,2153616,3328548,7290941,8223535,-0.290276,unrelated
S160,S402,OkrayGarrisonNE-2019,Wysocki1129-2019,0,2031937,3585029,7290941,7525165,-0.346793,unrelated
S160,S403,OkrayGarrisonNE-2019,Wysocki1129-2019,0,2030944,3529033,7290941,7520277,-0.339413,unrelated
S160,S404,OkrayGarrisonNE-2019,Wysocki1129-2019,0,2053915,3359220,7290941,7928168,-0.306491,unrelated
S160,S405,OkrayGarrisonNE-2019,Wysocki1129-2019,0,1976702,3477129,7290941,7761893,-0.330672,unrelated
S160,S406,OkrayGarrisonNE-2019,Wysocki1129-2019,0,2005301,3405845,7290941,7786192,-0.318787,unrelated
S160,S407,OkrayGarrisonNE-2019,Wysocki1129-2019,0,2040746,3412206,7290941,7717071,-0.318741,unrelated
S160,S408,OkrayGarrisonNE-2019,Wysocki1129-2019,0,2021388,3447514,7290941,7724063,-0.324585,unrelated
S160,S426,OkrayGarrisonNE-2019,Wysocki438-2019,0,1983519,3452170,7290941,7847102,-0.325063,unrelated
S160,S427,OkrayGarrisonNE-2019,Wysocki438-2019,0,1931797,3522310,7290941,7598529,-0.343385,unrelated
S160,S428,OkrayGarrisonNE-2019,Wysocki438-2019,0,1909427,3619654,7290941,7402753,-0.362733,unrelated
S160,S429,OkrayGarrisonNE-2019,Wysocki438-2019,0,1993501,3525708,7290941,7685399,-0.337727,unrelated
S160,S430,OkrayGarrisonNE-2019,Wysocki438-2019,0,1933362,3541928,7290941,7738169,-0.342701,unrelated
S160,S431,OkrayGarrisonNE-2019,Wysocki438-2019,0,1924602,3639475,7290941,7367342,-0.365278,unrelated
S160,S432,OkrayGarrisonNE-2019,Wysocki438-2019,0,1955542,3530385,7290941,7526561,-0.344540,unrelated
S160,S450,OkrayGarrisonNE-2019,Wysocki563-2019,0,1955043,3676804,7290941,7734101,-0.359304,unrelated
S160,S451,OkrayGarrisonNE-2019,Wysocki563-2019,0,1932808,3582355,7290941,7226898,-0.360377,unrelated
S160,S452,OkrayGarrisonNE-2019,Wysocki563-2019,0,2067516,3351351,7290941,7917168,-0.304784,unrelated
S160,S453,OkrayGarrisonNE-2019,Wysocki563-2019,0,1910298,3752243,7290941,7210686,-0.385763,unrelated
S160,S454,OkrayGarrisonNE-2019,Wysocki563-2019,0,1916593,3519581,7290941,7408884,-0.348478,unrelated
S160,S455,OkrayGarrisonNE-2019,Wysocki563-2019,0,1948415,3350968,7290941,7450078,-0.322469,unrelated
S160,S456,OkrayGarrisonNE-2019,Wysocki563-2019,0,1920029,3706406,7290941,7202383,-0.378987,unrelated
S160,S458,OkrayGarrisonNE-2019,Wysocki570-2019,0,1958381,3338069,7290941,7453203,-0.319975,unrelated
S160,S459,OkrayGarrisonNE-2019,Wysocki570-2019,0,1940438,3491572,7290941,7810498,-0.333922,unrelated
S160,S460,OkrayGarrisonNE-2019,Wysocki570-2019,0,1939667,3419554,7290941,7316303,-0.335412,unrelated
S160,S461,OkrayGarrisonNE-2019,Wysocki570-2019,0,1885696,3525122,7290941,7396301,-0.351635,unrelated
S160,S462,OkrayGarrisonNE-2019,Wysocki570-2019,0,1952602,3443709,7290941,7560523,-0.332278,unrelated
S160,S463,OkrayGarrisonNE-2019,Wysocki570-2019,0,1829984,3556651,7290941,7366427,-0.360455,unrelated
S160,S464,OkrayGarrisonNE-2019,Wysocki570-2019,0,1876588,3667071,7290941,7360662,-0.372489,unrelated
S161,S162,OkrayGarrisonNE-2019,OkrayGarrisonNE-2019,1,2098319,3319381,7377502,7785671,-0.299439,unrelated
S161,S163,OkrayGarrisonNE-2019,OkrayGarrisonNE-2019,1,2028954,3438440,7377502,7709788,-0.321325,unrelated
S161,S164,OkrayGarrisonNE-2019,OkrayGarrisonNE-2019,1,1992228,3486505,7377502,7689846,-0.330568,unrelated
S161,S165,OkrayGarrisonNE-2019,OkrayGarrisonNE-2019,1,1961488,3546489,7377502,7611186,-0.342358,unrelated
S161,S296,OkrayGarrisonNE-2019,OkrayRobacks-2019,0,2027018,3415108,7377502,7691850,-0.318740,unrelated
S161,S297,OkrayGarrisonNE-2019,OkrayRobacks-2019,0,1956723,3635566,7377502,7677694,-0.352995,unrelated
S161,S298,OkrayGarrisonNE-2019,OkrayRobacks-2019,0,1917007,3490611,7377502,7378291,-0.343202,unrelated
S161,S299,OkrayGarrisonNE-2019,OkrayRobacks-2019,0,1947288,3539024,7377502,7556994,-0.343551,unrelated
S161,S300,OkrayGarrisonNE-2019,OkrayRobacks-2019,0,1925384,3464401,7377502,7420867,-0.338106,unrelated
S161,S301,OkrayGarrisonNE-2019,OkrayRobacks-2019,0,2063669,3307929,7377502,8080920,-0.294480,unrelated
S161,S302,OkrayGarrisonNE-2019,OkrayRobacks-2019,0,2175763,3146865,7377502,8536700,-0.258761,unrelated
S161,S304,OkrayGarrisonNE-2019,OkrayGrosheks40-2019,0,1882543,3520660,7377502,7154938,-0.354984,unrelated
S161,S305,OkrayGarrisonNE-2019,OkrayGrosheks40-2019,0,2060166,3373397,7377502,7779665,-0.309202,unrelated
S161,S306,OkrayGarrisonNE-2019,OkrayGrosheks40-2019,0,2934948,2342832,7377502,11601524,-0.092245,unrelated
S161,S307,OkrayGarrisonNE-2019,OkrayGrosheks40-2019,0,1874308,3472425,7377502,7144597,-0.349160,unrelated
S161,S308,OkrayGarrisonNE-2019,OkrayGrosheks40-2019,0,2044041,3418475,7377502,7750273,-0.316828,unrelated
S161,S309,OkrayGarrisonNE-2019,OkrayGrosheks40-2019,0,1896898,3405526,7377502,7235130,-0.336295,unrelated
S161,S310,OkrayGarrisonNE-2019,OkrayGrosheks40-2019,0,1874397,3487982,7377502,7262608,-0.348465,unrelated
S161,S340,OkrayGarrisonNE-2019,OkrayPFWiper-2019,0,1979175,3456591,7377502,7619222,-0.329006,unrelated
S161,S341,OkrayGarrisonNE-2019,OkrayPFWiper-2019,0,1925002,3540811,7377502,7557563,-0.345269,unrelated
S161,S342,OkrayGarrisonNE-2019,OkrayPFWiper-2019,0,1825862,3575455,7377502,7043704,-0.369251,unrelated
S161,S343,OkrayGarrisonNE-2019,OkrayPFWiper-2019,0,1959491,3480400,7377502,7375799,-0.338996,unrelated
S161,S344,OkrayGarrisonNE-2019,OkrayPFWiper-2019,0,1837639,3669443,7377502,7302502,-0.374744,unrelated
S161,S354,OkrayGarrisonNE-2019,PloverBrikalskiPats-2019,0,1972834,3586446,7377502,7677084,-0.345414,unrelated
S161,S355,OkrayGarrisonNE-2019,PloverBrikalskiPats-2019,0,2043704,3471910,7377502,7759982,-0.323707,unrelated
S161,S356,OkrayGarrisonNE-2019,PloverBrikalskiPats-2019,0,1942508,3668724,7377502,7738582,-0.356901,unrelated
S161,S357,OkrayGarrisonNE-2019,PloverBrikalskiPats-2019,0,2019708,3401693,7377502,7682544,-0.317640,unrelated
S161,S358,OkrayGarrisonNE-2019,PloverBrikalskiPats-2019,0,2026966,3438948,7377502,7701638,-0.321698,unrelated
S161,S359,OkrayGarrisonNE-2019,PloverBrikalskiPats-2019,0,2002018,3454652,7377502,7899720,-0.321216,unrelated
S161,S360,OkrayGarrisonNE-2019,PloverBrikalskiPats-2019,0,2047031,3424043,7377502,7905479,-0.314144,unrelated
S161,S378,OkrayGarrisonNE-2019,PloverDaveBrSE-2019,0,2004950,3435432,7377502,7709061,-0.322533,unrelated
S161,S379,OkrayGarrisonNE-2019,PloverDaveBrSE-2019,0,1993520,3532090,7377502,7674181,-0.336883,unrelated
S161,S380,OkrayGarrisonNE-2019,PloverDaveBrSE-2019,0,1994570,3489988,7377502,7619782,-0.332421,unrelated
S161,S381,OkrayGarrisonNE-2019,PloverDaveBrSE-2019,0,1855168,3647242,7377502,7357228,-0.369149,unrelated
S161,S382,OkrayGarrisonNE-2019,PloverDaveBrSE-2019,0,1979086,3448442,7377502,7450016,-0.331667,unrelated
S161,S383,OkrayGarrisonNE-2019,PloverDaveBrSE-2019,0,2067464,3415445,7377502,8100805,-0.307749,unrelated
S161,S384,OkrayGarrisonNE-2019,PloverDaveBrSE-2019,0,2131581,3361224,7377502,8223535,-0.294267,unrelated
S161,S402,OkrayGarrisonNE-2019,Wysocki1129-2019,0,2010061,3477266,7377502,7525165,-0.331784,unrelated
S161,S403,OkrayGarrisonNE-2019,Wysocki1129-2019,0,1962096,3559109,7377502,7520277,-0.346100,unrelated
S161,S404,OkrayGarrisonNE-2019,Wysocki1129-2019,0,2081885,3395040,7377502,7928168,-0.307611,unrelated
S161,S405,OkrayGarrisonNE-2019,Wysocki1129-2019,0,2044348,3363041,7377502,7761893,-0.309242,unrelated
S161,S406,OkrayGarrisonNE-2019,Wysocki1129-2019,0,2044766,3417237,7377502,7786192,-0.315867,unrelated
S161,S407,OkrayGarrisonNE-2019,Wysocki1129-2019,0,1978868,3437889,7377502,7717071,-0.324415,unrelated
S161,S408,OkrayGarrisonNE-2019,Wysocki1129-2019,0,1976174,3503537,7377502,7724063,-0.333138,unrelated
S161,S426,OkrayGarrisonNE-2019,Wysocki438-2019,0,1994674,3488029,7377502,7847102,-0.327193,unrelated
S161,S427,OkrayGarrisonNE-2019,Wysocki438-2019,0,1960057,3462605,7377502,7598529,-0.331540,unrelated
S161,S428,OkrayGarrisonNE-2019,Wysocki438-2019,0,1958189,3709282,7377502,7402753,-0.369437,unrelated
S161,S429,OkrayGarrisonNE-2019,Wysocki438-2019,0,1981153,3535662,7377502,7685399,-0.337928,unrelated
S161,S430,OkrayGarrisonNE-2019,Wysocki438-2019,0,1967555,3429475,7377502,7738169,-0.323598,unrelated
S161,S431,OkrayGarrisonNE-2019,Wysocki438-2019,0,1928398,3502157,7377502,7367342,-0.344250,unrelated
S161,S432,OkrayGarrisonNE-2019,Wysocki438-2019,0,1971681,3464322,7377502,7526561,-0.332591,unrelated
S161,S450,OkrayGarrisonNE-2019,Wysocki563-2019,0,1995745,3692759,7377502,7734101,-0.356665,unrelated
S161,S451,OkrayGarrisonNE-2019,Wysocki563-2019,0,1903393,3484401,7377502,7226898,-0.346841,unrelated
S161,S452,OkrayGarrisonNE-2019,Wysocki563-2019,0,2029656,3414464,7377502,7917168,-0.313787,unrelated
S161,S453,OkrayGarrisonNE-2019,Wysocki563-2019,0,1850105,3660089,7377502,7210686,-0.374966,unrelated
S161,S454,OkrayGarrisonNE-2019,Wysocki563-2019,0,1974872,3379881,7377502,7408884,-0.323601,unrelated
S161,S455,OkrayGarrisonNE-2019,Wysocki563-2019,0,1933001,3421652,7377502,7450078,-0.331160,unrelated
S161,S456,OkrayGarrisonNE-2019,Wysocki563-2019,0,1835038,3671807,7377502,7202383,-0.377820,unrelated
S161,S458,OkrayGarrisonNE-2019,Wysocki570-2019,0,1948956,3529312,7377502,7453203,-0.344533,unrelated
S161,S459,OkrayGarrisonNE-2019,Wysocki570-2019,0,2037651,3363027,7377502,7810498,-0.308691,unrelated
S161,S460,OkrayGarrisonNE-2019,Wysocki570-2019,0,1923852,3402305,7377502,7316303,-0.332164,unrelated
S161,S461,OkrayGarrisonNE-2019,Wysocki570-2019,0,1974399,3394437,7377502,7396301,-0.325879,unrelated
S161,S462,OkrayGarrisonNE-2019,Wysocki570-2019,0,1948812,3431897,7377502,7560523,-0.329025,unrelated
S161,S463,OkrayGarrisonNE-2019,Wysocki570-2019,0,1882489,3481449,7377502,7366427,-0.344576,unrelated
S161,S464,OkrayGarrisonNE-2019,Wysocki570-2019,0,1897161,3724429,7377502,7360662,-0.376689,unrelated
S162,S163,OkrayGarrisonNE-2019,OkrayGarrisonNE-2019,1,2207657,3364641,7785671,7709788,-0.291803,unrelated
S162,S164,OkrayGarrisonNE-2019,OkrayGarrisonNE-2019,1,2164629,3351211,7785671,7689846,-0.293224,unrelated
S162,S165,OkrayGarrisonNE-2019,OkrayGarrisonNE-2019,1,2101357,3404793,7785671,7611186,-0.305792,unrelated
S162,S296,OkrayGarrisonNE-2019,OkrayRobacks-2019,0,2113560,3279670,7785671,7691850,-0.287241,unrelated
S162,S297,OkrayGarrisonNE-2019,OkrayRobacks-2019,0,2101018,3510378,7785671,7677694,-0.318154,unrelated
S162,S298,OkrayGarrisonNE-2019,OkrayRobacks-2019,0,1956503,3460698,7785671,7378291,-0.327414,unrelated
S162,S299,OkrayGarrisonNE-2019,OkrayRobacks-2019,0,2059896,3358005,7785671,7556994,-0.303475,unrelated
S162,S300,OkrayGarrisonNE-2019,OkrayRobacks-2019,0,2002119,3446546,7785671,7420867,-0.321636,unrelated
S162,S301,OkrayGarrisonNE-2019,OkrayRobacks-2019,0,2149734,3283831,7785671,8080920,-0.278442,unrelated
S162,S302,OkrayGarrisonNE-2019,OkrayRobacks-2019,0,2326095,3086045,7785671,8536700,-0.235627,unrelated
S162,S304,OkrayGarrisonNE-2019,OkrayGrosheks40-2019,0,1941719,3362142,7785671,7154938,-0.320105,unrelated
S162,S305,OkrayGarrisonNE-2019,OkrayGrosheks40-2019,0,2120171,3326951,7785671,7779665,-0.291271,unrelated
S162,S306,OkrayGarrisonNE-2019,OkrayGrosheks40-2019,0,3129549,2223057,7785671,11601524,-0.067909,unrelated
S162,S307,OkrayGarrisonNE-2019,OkrayGrosheks40-2019,0,1935124,3419296,7785671,7144597,-0.328425,unrelated
S162,S308,OkrayGarrisonNE-2019,OkrayGrosheks40-2019,0,2117202,3287866,7785671,7750273,-0.286982,unrelated
S162,S309,OkrayGarrisonNE-2019,OkrayGrosheks40-2019,0,1934628,3457391,7785671,7235130,-0.331550,unrelated
S162,S310,OkrayGarrisonNE-2019,OkrayGrosheks40-2019,0,1973825,3394340,7785671,7262608,-0.319961,unrelated
S162,S340,OkrayGarrisonNE-2019,OkrayPFWiper-2019,0,2114612,3434747,7785671,7619222,-0.308661,unrelated
S162,S341,OkrayGarrisonNE-2019,OkrayPFWiper-2019,0,2030494,3538850,7785671,7557563,-0.328953,unrelated
S162,S342,OkrayGarrisonNE-2019,OkrayPFWiper-2019,0,1964371,3459749,7785671,7043704,-0.334143,unrelated
S162,S343,OkrayGarrisonNE-2019,OkrayPFWiper-2019,0,2038441,3434721,7785671,7375799,-0.318637,unrelated
S162,S344,OkrayGarrisonNE-2019,OkrayPFWiper-2019,0,1965983,3606015,7785671,7302502,-0.347693,unrelated
S162,S354,OkrayGarrisonNE-2019,PloverBrikalskiPats-2019,0,2087876,3380105,7785671,7677084,-0.302167,unrelated
S162,S355,OkrayGarrisonNE-2019,PloverBrikalskiPats-2019,0,2172091,3297635,7785671,7759982,-0.284528,unrelated
S162,S356,OkrayGarrisonNE-2019,PloverBrikalskiPats-2019,0,2037331,3470959,7785671,7738582,-0.315931,unrelated
S162,S357,OkrayGarrisonNE-2019,PloverBrikalskiPats-2019,0,2144619,3360022,7785671,7682544,-0.295795,unrelated
S162,S358,OkrayGarrisonNE-2019,PloverBrikalskiPats-2019,0,2143847,3366975,7785671,7701638,-0.296378,unrelated
S162,S359,OkrayGarrisonNE-2019,PloverBrikalskiPats-2019,0,2096290,3411363,7785671,7899720,-0.301327,unrelated
S162,S360,OkrayGarrisonNE-2019,PloverBrikalskiPats-2019,0,2098684,3427043,7785671,7905479,-0.303063,unrelated
S162,S378,OkrayGarrisonNE-2019,PloverDaveBrSE-2019,0,2071973,3430280,7785671,7709061,-0.309046,unrelated
S162,S379,OkrayGarrisonNE-2019,PloverDaveBrSE-2019,0,2161772,3370011,7785671,7674181,-0.296138,unrelated
S162,S380,OkrayGarrisonNE-2019,PloverDaveBrSE-2019,0,2092661,3412892,7785671,7619782,-0.307237,unrelated
S162,S381,OkrayGarrisonNE-2019,PloverDaveBrSE-2019,0,2023736,3540555,7785671,7357228,-0.333977,unrelated
S162,S382,OkrayGarrisonNE-2019,PloverDaveBrSE-2019,0,2074955,3347440,7785671,7450016,-0.303231,unrelated
S162,S383,OkrayGarrisonNE-2019,PloverDaveBrSE-2019,0,2219333,3311688,7785671,8100805,-0.277220,unrelated
S162,S384,OkrayGarrisonNE-2019,PloverDaveBrSE-2019,0,2310804,3255642,7785671,8223535,-0.262379,unrelated
S162,S402,OkrayGarrisonNE-2019,Wysocki1129-2019,0,2104292,3423130,7785671,7525165,-0.309713,unrelated
S162,S403,OkrayGarrisonNE-2019,Wysocki1129-2019,0,2053680,3482782,7785671,7520277,-0.320913,unrelated
S162,S404,OkrayGarrisonNE-2019,Wysocki1129-2019,0,2214265,3273168,7785671,7928168,-0.275685,unrelated
S162,S405,OkrayGarrisonNE-2019,Wysocki1129-2019,0,2133701,3361426,7785671,7761893,-0.295168,unrelated
S162,S406,OkrayGarrisonNE-2019,Wysocki1129-2019,0,2193580,3260756,7785671,7786192,-0.277933,unrelated
S162,S407,OkrayGarrisonNE-2019,Wysocki1129-2019,0,2137769,3369853,7785671,7717071,-0.296847,unrelated
S162,S408,OkrayGarrisonNE-2019,Wysocki1129-2019,0,2154526,3369019,7785671,7724063,-0.295525,unrelated
S162,S426,OkrayGarrisonNE-2019,Wysocki438-2019,0,2130954,3364778,7785671,7847102,-0.294164,unrelated
S162,S427,OkrayGarrisonNE-2019,Wysocki438-2019,0,2060523,3463251,7785671,7598529,-0.316297,unrelated
S162,S428,OkrayGarrisonNE-2019,Wysocki438-2019,0,2039794,3597603,7785671,7402753,-0.339430,unrelated
S162,S429,OkrayGarrisonNE-2019,Wysocki438-2019,0,2107165,3394367,7785671,7685399,-0.302602,unrelated
S162,S430,OkrayGarrisonNE-2019,Wysocki438-2019,0,2029373,3432993,7785671,7738169,-0.311560,unrelated
S162,S431,OkrayGarrisonNE-2019,Wysocki438-2019,0,2000200,3479341,7785671,7367342,-0.327227,unrelated
S162,S432,OkrayGarrisonNE-2019,Wysocki438-2019,0,2093180,3347257,7785671,7526561,-0.300501,unrelated
S162,S450,OkrayGarrisonNE-2019,Wysocki563-2019,0,2097595,3610000,7785671,7734101,-0.330057,unrelated
S162,S451,OkrayGarrisonNE-2019,Wysocki563-2019,0,1955153,3473868,7785671,7226898,-0.332560,unrelated
S162,S452,OkrayGarrisonNE-2019,Wysocki563-2019,0,2170531,3288348,7785671,7917168,-0.280597,unrelated
S162,S453,OkrayGarrisonNE-2019,Wysocki563-2019,0,1892696,3689893,7785671,7210686,-0.365895,unrelated
S162,S454,OkrayGarrisonNE-2019,Wysocki563-2019,0,2030339,3404088,7785671,7408884,-0.314444,unrelated
S162,S455,OkrayGarrisonNE-2019,Wysocki563-2019,0,2038659,3356141,7785671,7450078,-0.306754,unrelated
S162,S456,OkrayGarrisonNE-2019,Wysocki563-2019,0,1934181,3582430,7785671,7202383,-0.348990,unrelated
S162,S458,OkrayGarrisonNE-2019,Wysocki570-2019,0,2048949,3363806,7785671,7453203,-0.307022,unrelated
S162,S459,OkrayGarrisonNE-2019,Wysocki570-2019,0,2124004,3287675,7785671,7810498,-0.285413,unrelated
S162,S460,OkrayGarrisonNE-2019,Wysocki570-2019,0,2032968,3355672,7785671,7316303,-0.309786,unrelated
S162,S461,OkrayGarrisonNE-2019,Wysocki570-2019,0,2025538,3347527,7785671,7396301,-0.307570,unrelated
S162,S462,OkrayGarrisonNE-2019,Wysocki570-2019,0,2118917,3318755,7785671,7560523,-0.294444,unrelated
S162,S463,OkrayGarrisonNE-2019,Wysocki570-2019,0,1977527,3460754,7785671,7366427,-0.326290,unrelated
S162,S464,OkrayGarrisonNE-2019,Wysocki570-2019,0,2045942,3667253,7785671,7360662,-0.349165,unrelated
S163,S164,OkrayGarrisonNE-2019,OkrayGarrisonNE-2019,1,2132780,3393752,7709788,7689846,-0.302262,unrelated
S163,S165,OkrayGarrisonNE-2019,OkrayGarrisonNE-2019,1,2124198,3406021,7709788,7611186,-0.305976,unrelated
S163,S296,OkrayGarrisonNE-2019,OkrayRobacks-2019,0,2090002,3258437,7709788,7691850,-0.287429,unrelated
S163,S297,OkrayGarrisonNE-2019,OkrayRobacks-2019,0,2101252,3562492,7709788,7677694,-0.326482,unrelated
S163,S298,OkrayGarrisonNE-2019,OkrayRobacks-2019,0,1975486,3417501,7709788,7378291,-0.322077,unrelated
S163,S299,OkrayGarrisonNE-2019,OkrayRobacks-2019,0,2028812,3387840,7709788,7556994,-0.310928,unrelated
S163,S300,OkrayGarrisonNE-2019,OkrayRobacks-2019,0,2014759,3337558,7709788,7420867,-0.308008,unrelated
S163,S301,OkrayGarrisonNE-2019,OkrayRobacks-2019,0,2133011,3353894,7709788,8080920,-0.289713,unrelated
S163,S302,OkrayGarrisonNE-2019,OkrayRobacks-2019,0,2317396,3044814,7709788,8536700,-0.232188,unrelated
S163,S304,OkrayGarrisonNE-2019,OkrayGrosheks40-2019,0,1933812,3472989,7709788,7154938,-0.337185,unrelated
S163,S305,OkrayGarrisonNE-2019,OkrayGrosheks40-2019,0,2089752,3320638,7709788,7779665,-0.293847,unrelated
S163,S306,OkrayGarrisonNE-2019,OkrayGrosheks40-2019,0,3076350,2283120,7709788,11601524,-0.077151,unrelated
S163,S307,OkrayGarrisonNE-2019,OkrayGrosheks40-2019,0,1890158,3456055,7709788,7144597,-0.338079,unrelated
S163,S308,OkrayGarrisonNE-2019,OkrayGrosheks40-2019,0,2111519,3314811,7709788,7750273,-0.292244,unrelated
S163,S309,OkrayGarrisonNE-2019,OkrayGrosheks40-2019,0,1950434,3434033,7709788,7235130,-0.329050,unrelated
S163,S310,OkrayGarrisonNE-2019,OkrayGrosheks40-2019,0,1958865,3522096,7709788,7262608,-0.339647,unrelated
S163,S340,OkrayGarrisonNE-2019,OkrayPFWiper-2019,0,2122152,3339939,7709788,7619222,-0.297327,unrelated
S163,S341,OkrayGarrisonNE-2019,OkrayPFWiper-2019,0,2020468,3485859,7709788,7557563,-0.324303,unrelated
S163,S342,OkrayGarrisonNE-2019,OkrayPFWiper-2019,0,1945173,3601576,7709788,7043704,-0.356389,unrelated
S163,S343,OkrayGarrisonNE-2019,OkrayPFWiper-2019,0,2029741,3455538,7709788,7375799,-0.323576,unrelated
S163,S344,OkrayGarrisonNE-2019,OkrayPFWiper-2019,0,1956851,3591663,7709788,7302502,-0.348146,unrelated
S163,S354,OkrayGarrisonNE-2019,PloverBrikalskiPats-2019,0,2085849,3359855,7709788,7677084,-0.301157,unrelated
S163,S355,OkrayGarrisonNE-2019,PloverBrikalskiPats-2019,0,2124363,3324284,7709788,7759982,-0.292455,unrelated
S163,S356,OkrayGarrisonNE-2019,PloverBrikalskiPats-2019,0,2029816,3497789,7709788,7738582,-0.321442,unrelated
S163,S357,OkrayGarrisonNE-2019,PloverBrikalskiPats-2019,0,2151946,3312330,7709788,7682544,-0.290581,unrelated
S163,S358,OkrayGarrisonNE-2019,PloverBrikalskiPats-2019,0,2102687,3413722,7709788,7701638,-0.306575,unrelated
S163,S359,OkrayGarrisonNE-2019,PloverBrikalskiPats-2019,0,2126175,3374847,7709788,7899720,-0.296199,unrelated
S163,S360,OkrayGarrisonNE-2019,PloverBrikalskiPats-2019,0,2102990,3382410,7709788,7905479,-0.298543,unrelated
S163,S378,OkrayGarrisonNE-2019,PloverDaveBrSE-2019,0,2057630,3482968,7709788,7709061,-0.318332,unrelated
S163,S379,OkrayGarrisonNE-2019,PloverDaveBrSE-2019,0,2121587,3465200,7709788,7674181,-0.312586,unrelated
S163,S380,OkrayGarrisonNE-2019,PloverDaveBrSE-2019,0,2077255,3453094,7709788,7619782,-0.315008,unrelated
S163,S381,OkrayGarrisonNE-2019,PloverDaveBrSE-2019,0,1973998,3618284,7709788,7357228,-0.349278,unrelated
S163,S382,OkrayGarrisonNE-2019,PloverDaveBrSE-2019,0,2021001,3483011,7709788,7450016,-0.326193,unrelated
S163,S383,OkrayGarrisonNE-2019,PloverDaveBrSE-2019,0,2200655,3302521,7709788,8100805,-0.278572,unrelated
S163,S384,OkrayGarrisonNE-2019,PloverDaveBrSE-2019,0,2312175,3253509,7709788,8223535,-0.263275,unrelated
S163,S402,OkrayGarrisonNE-2019,Wysocki1129-2019,0,2018742,3511342,7709788,7525165,-0.328451,unrelated
S163,S403,OkrayGarrisonNE-2019,Wysocki1129-2019,0,2068639,3460881,7709788,7520277,-0.318654,unrelated
S163,S404,OkrayGarrisonNE-2019,Wysocki1129-2019,0,2192478,3302286,7709788,7928168,-0.282140,unrelated
S163,S405,OkrayGarrisonNE-2019,Wysocki1129-2019,0,2131053,3391814,7709788,7761893,-0.300716,unrelated
S163,S406,OkrayGarrisonNE-2019,Wysocki1129-2019,0,2135738,3336824,7709788,7786192,-0.292844,unrelated
S163,S407,OkrayGarrisonNE-2019,Wysocki1129-2019,0,2151321,3359459,7709788,7717071,-0.296081,unrelated
S163,S408,OkrayGarrisonNE-2019,Wysocki1129-2019,0,2147716,3351480,7709788,7724063,-0.295146,unrelated
S163,S426,OkrayGarrisonNE-2019,Wysocki438-2019,0,2123317,3403815,7709788,7847102,-0.301109,unrelated
S163,S427,OkrayGarrisonNE-2019,Wysocki438-2019,0,2073046,3415400,7709788,7598529,-0.310795,unrelated
S163,S428,OkrayGarrisonNE-2019,Wysocki438-2019,0,2014430,3602559,7709788,7402753,-0.343469,unrelated
S163,S429,OkrayGarrisonNE-2019,Wysocki438-2019,0,2072070,3423661,7709788,7685399,-0.310178,unrelated
S163,S430,OkrayGarrisonNE-2019,Wysocki438-2019,0,2046672,3415716,7709788,7738169,-0.309734,unrelated
S163,S431,OkrayGarrisonNE-2019,Wysocki438-2019,0,2002665,3452165,7709788,7367342,-0.325106,unrelated
S163,S432,OkrayGarrisonNE-2019,Wysocki438-2019,0,2067277,3437981,7709788,7526561,-0.315606,unrelated
S163,S450,OkrayGarrisonNE-2019,Wysocki563-2019,0,2089171,3539737,7709788,7734101,-0.323125,unrelated
S163,S451,OkrayGarrisonNE-2019,Wysocki563-2019,0,1946083,3386547,7709788,7226898,-0.323165,unrelated
S163,S452,OkrayGarrisonNE-2019,Wysocki563-2019,0,2131486,3355610,7709788,7917168,-0.293066,unrelated
S163,S453,OkrayGarrisonNE-2019,Wysocki563-2019,0,1915469,3627559,7709788,7210686,-0.357874,unrelated
S163,S454,OkrayGarrisonNE-2019,Wysocki563-2019,0,2003716,3399932,7709788,7408884,-0.317233,unrelated
S163,S455,OkrayGarrisonNE-2019,Wysocki563-2019,0,2039025,3279421,7709788,7450078,-0.298144,unrelated
S163,S456,OkrayGarrisonNE-2019,Wysocki563-2019,0,1942720,3605240,7709788,7202383,-0.353252,unrelated
S163,S458,OkrayGarrisonNE-2019,Wysocki570-2019,0,2039165,3319024,7709788,7453203,-0.303297,unrelated
S163,S459,OkrayGarrisonNE-2019,Wysocki570-2019,0,2048348,3388538,7709788,7810498,-0.304680,unrelated
S163,S460,OkrayGarrisonNE-2019,Wysocki570-2019,0,2026370,3398390,7709788,7316303,-0.317475,unrelated
S163,S461,OkrayGarrisonNE-2019,Wysocki570-2019,0,2047865,3310576,7709788,7396301,-0.302745,unrelated
S163,S462,OkrayGarrisonNE-2019,Wysocki570-2019,0,2106645,3363253,7709788,7560523,-0.302539,unrelated
S163,S463,OkrayGarrisonNE-2019,Wysocki570-2019,0,1997041,3390344,7709788,7366427,-0.317298,unrelated
S163,S464,OkrayGarrisonNE-2019,Wysocki570-2019,0,2036962,3627575,7709788,7360662,-0.346253,unrelated
S164,S165,OkrayGarrisonNE-2019,OkrayGarrisonNE-2019,1,2109091,3379167,7689846,7611186,-0.303852,unrelated
S164,S296,OkrayGarrisonNE-2019,OkrayRobacks-2019,0,2062327,3271784,7689846,7691850,-0.291336,unrelated
S164,S297,OkrayGarrisonNE-2019,OkrayRobacks-2019,0,2071731,3565092,7689846,7677694,-0.329165,unrelated
S164,S298,OkrayGarrisonNE-2019,OkrayRobacks-2019,0,1977102,3478487,7689846,7378291,-0.330490,unrelated
S164,S299,OkrayGarrisonNE-2019,OkrayRobacks-2019,0,2029497,3371695,7689846,7556994,-0.309172,unrelated
S164,S300,OkrayGarrisonNE-2019,OkrayRobacks-2019,0,2076343,3271350,7689846,7420867,-0.295576,unrelated
S164,S301,OkrayGarrisonNE-2019,OkrayRobacks-2019,0,2130708,3357028,7689846,8080920,-0.290623,unrelated
S164,S302,OkrayGarrisonNE-2019,OkrayRobacks-2019,0,2300490,3048110,7689846,8536700,-0.233921,unrelated
S164,S304,OkrayGarrisonNE-2019,OkrayGrosheks40-2019,0,1901318,3490303,7689846,7154938,-0.342160,unrelated
S164,S305,OkrayGarrisonNE-2019,OkrayGrosheks40-2019,0,2100128,3334173,7689846,7779665,-0.295305,unrelated
S164,S306,OkrayGarrisonNE-2019,OkrayGrosheks40-2019,0,3079282,2300326,7689846,11601524,-0.078863,unrelated
S164,S307,OkrayGarrisonNE-2019,OkrayGrosheks40-2019,0,1930454,3458922,7689846,7144597,-0.336203,unrelated
S164,S308,OkrayGarrisonNE-2019,OkrayGrosheks40-2019,0,2104361,3252640,7689846,7750273,-0.285031,unrelated
S164,S309,OkrayGarrisonNE-2019,OkrayGrosheks40-2019,0,1927498,3475550,7689846,7235130,-0.336590,unrelated
S164,S310,OkrayGarrisonNE-2019,OkrayGrosheks40-2019,0,1954812,3432516,7689846,7262608,-0.328389,unrelated
S164,S340,OkrayGarrisonNE-2019,OkrayPFWiper-2019,0,2088803,3388371,7689846,7619222,-0.306220,unrelated
S164,S341,OkrayGarrisonNE-2019,OkrayPFWiper-2019,0,1987447,3521088,7689846,7557563,-0.331514,unrelated
S164,S342,OkrayGarrisonNE-2019,OkrayPFWiper-2019,0,1925836,3607493,7689846,7043704,-0.358987,unrelated
S164,S343,OkrayGarrisonNE-2019,OkrayPFWiper-2019,0,1983417,3520588,7689846,7375799,-0.335715,unrelated
S164,S344,OkrayGarrisonNE-2019,OkrayPFWiper-2019,0,1968400,3627104,7689846,7302502,-0.352567,unrelated
S164,S354,OkrayGarrisonNE-2019,PloverBrikalskiPats-2019,0,2031265,3426186,7689846,7677084,-0.313733,unrelated
S164,S355,OkrayGarrisonNE-2019,PloverBrikalskiPats-2019,0,2157342,3254617,7689846,7759982,-0.281679,unrelated
S164,S356,OkrayGarrisonNE-2019,PloverBrikalskiPats-2019,0,2053314,3433146,7689846,7738582,-0.311955,unrelated
S164,S357,OkrayGarrisonNE-2019,PloverBrikalskiPats-2019,0,2126587,3349974,7689846,7682544,-0.297505,unrelated
S164,S358,OkrayGarrisonNE-2019,PloverBrikalskiPats-2019,0,2124052,3436166,7689846,7701638,-0.308500,unrelated
S164,S359,OkrayGarrisonNE-2019,PloverBrikalskiPats-2019,0,2114239,3444959,7689846,7899720,-0.306338,unrelated
S164,S360,OkrayGarrisonNE-2019,PloverBrikalskiPats-2019,0,2109292,3347821,7689846,7905479,-0.294085,unrelated
S164,S378,OkrayGarrisonNE-2019,PloverDaveBrSE-2019,0,2048224,3487634,7689846,7709061,-0.319961,unrelated
S164,S379,OkrayGarrisonNE-2019,PloverDaveBrSE-2019,0,2143155,3420810,7689846,7674181,-0.305809,unrelated
S164,S380,OkrayGarrisonNE-2019,PloverDaveBrSE-2019,0,2076382,3465471,7689846,7619782,-0.317092,unrelated
S164,S381,OkrayGarrisonNE-2019,PloverDaveBrSE-2019,0,1995575,3609679,7689846,7357228,-0.347163,unrelated
S164,S382,OkrayGarrisonNE-2019,PloverDaveBrSE-2019,0,2002824,3536511,7689846,7450016,-0.334891,unrelated
S164,S383,OkrayGarrisonNE-2019,PloverDaveBrSE-2019,0,2245662,3301790,7689846,8100805,-0.275981,unrelated
S164,S384,OkrayGarrisonNE-2019,PloverDaveBrSE-2019,0,2277005,3304431,7689846,8223535,-0.272215,unrelated
S164,S402,OkrayGarrisonNE-2019,Wysocki1129-2019,0,2045497,3540223,7689846,7525165,-0.330920,unrelated
S164,S403,OkrayGarrisonNE-2019,Wysocki1129-2019,0,2071649,3523824,7689846,7520277,-0.327150,unrelated
S164,S404,OkrayGarrisonNE-2019,Wysocki1129-2019,0,2183693,3289864,7689846,7928168,-0.281472,unrelated
S164,S405,OkrayGarrisonNE-2019,Wysocki1129-2019,0,2098720,3351390,7689846,7761893,-0.297964,unrelated
S164,S406,OkrayGarrisonNE-2019,Wysocki1129-2019,0,2120424,3374694,7689846,7786192,-0.299105,unrelated
S164,S407,OkrayGarrisonNE-2019,Wysocki1129-2019,0,2129752,3303379,7689846,7717071,-0.290584,unrelated
S164,S408,OkrayGarrisonNE-2019,Wysocki1129-2019,0,2126840,3365751,7689846,7724063,-0.298734,unrelated
S164,S426,OkrayGarrisonNE-2019,Wysocki438-2019,0,2090742,3417182,7689846,7847102,-0.305312,unrelated
S164,S427,OkrayGarrisonNE-2019,Wysocki438-2019,0,2077609,3423909,7689846,7598529,-0.312015,unrelated
S164,S428,OkrayGarrisonNE-2019,Wysocki438-2019,0,1958963,3625112,7689846,7402753,-0.350586,unrelated
S164,S429,OkrayGarrisonNE-2019,Wysocki438-2019,0,2084289,3342136,7689846,7685399,-0.299181,unrelated
S164,S430,OkrayGarrisonNE-2019,Wysocki438-2019,0,2036023,3409874,7689846,7738169,-0.310067,unrelated
S164,S431,OkrayGarrisonNE-2019,Wysocki438-2019,0,2004710,3504109,7689846,7367342,-0.332300,unrelated
S164,S432,OkrayGarrisonNE-2019,Wysocki438-2019,0,2020384,3475295,7689846,7526561,-0.324006,unrelated
S164,S450,OkrayGarrisonNE-2019,Wysocki563-2019,0,2104518,3525097,7689846,7734101,-0.320649,unrelated
S164,S451,OkrayGarrisonNE-2019,Wysocki563-2019,0,1997454,3396273,7689846,7226898,-0.321457,unrelated
S164,S452,OkrayGarrisonNE-2019,Wysocki563-2019,0,2184597,3320623,7689846,7917168,-0.285554,unrelated
S164,S453,OkrayGarrisonNE-2019,Wysocki563-2019,0,1900241,3664635,7689846,7210686,-0.364351,unrelated
S164,S454,OkrayGarrisonNE-2019,Wysocki563-2019,0,2042116,3281754,7689846,7408884,-0.299455,unrelated
S164,S455,OkrayGarrisonNE-2019,Wysocki563-2019,0,2041891,3303366,7689846,7450078,-0.301510,unrelated
S164,S456,OkrayGarrisonNE-2019,Wysocki563-2019,0,1943225,3606860,7689846,7202383,-0.353909,unrelated
S164,S458,OkrayGarrisonNE-2019,Wysocki570-2019,0,2039649,3334920,7689846,7453203,-0.305763,unrelated
S164,S459,OkrayGarrisonNE-2019,Wysocki570-2019,0,2021543,3417744,7689846,7810498,-0.310570,unrelated
S164,S460,OkrayGarrisonNE-2019,Wysocki570-2019,0,1987622,3484934,7689846,7316303,-0.332014,unrelated
S164,S461,OkrayGarrisonNE-2019,Wysocki570-2019,0,1986286,3384413,7689846,7396301,-0.317015,unrelated
S164,S462,OkrayGarrisonNE-2019,Wysocki570-2019,0,2068420,3425688,7689846,7560523,-0.313629,unrelated
S164,S463,OkrayGarrisonNE-2019,Wysocki570-2019,0,2005165,3404573,7689846,7366427,-0.319068,unrelated
S164,S464,OkrayGarrisonNE-2019,Wysocki570-2019,0,2014765,3632479,7689846,7360662,-0.348838,unrelated
S165,S296,OkrayGarrisonNE-2019,OkrayRobacks-2019,0,2041300,3336576,7611186,7691850,-0.302675,unrelated
S165,S297,OkrayGarrisonNE-2019,OkrayRobacks-2019,0,2055824,3627261,7611186,7677694,-0.340031,unrelated
S165,S298,OkrayGarrisonNE-2019,OkrayRobacks-2019,0,1968642,3463883,7611186,7378291,-0.330840,unrelated
S165,S299,OkrayGarrisonNE-2019,OkrayRobacks-2019,0,2005338,3410335,7611186,7556994,-0.317463,unrelated
S165,S300,OkrayGarrisonNE-2019,OkrayRobacks-2019,0,1980824,3414794,7611186,7420867,-0.322562,unrelated
S165,S301,OkrayGarrisonNE-2019,OkrayRobacks-2019,0,2056685,3409039,7611186,8080920,-0.303426,unrelated
S165,S302,OkrayGarrisonNE-2019,OkrayRobacks-2019,0,2300951,3092266,7611186,8536700,-0.240501,unrelated
S165,S304,OkrayGarrisonNE-2019,OkrayGrosheks40-2019,0,1880981,3480232,7611186,7154938,-0.343996,unrelated
S165,S305,OkrayGarrisonNE-2019,OkrayGrosheks40-2019,0,2091472,3341039,7611186,7779665,-0.298268,unrelated
S165,S306,OkrayGarrisonNE-2019,OkrayGrosheks40-2019,0,3046451,2284986,7611186,11601524,-0.079298,unrelated
S165,S307,OkrayGarrisonNE-2019,OkrayGrosheks40-2019,0,1908951,3451925,7611186,7144597,-0.338505,unrelated
S165,S308,OkrayGarrisonNE-2019,OkrayGrosheks40-2019,0,2044213,3380111,7611186,7750273,-0.307003,unrelated
S165,S309,OkrayGarrisonNE-2019,OkrayGrosheks40-2019,0,1933335,3411529,7611186,7235130,-0.329356,unrelated
S165,S310,OkrayGarrisonNE-2019,OkrayGrosheks40-2019,0,1946978,3463800,7611186,7262608,-0.334859,unrelated
S165,S340,OkrayGarrisonNE-2019,OkrayPFWiper-2019,0,2085857,3455114,7611186,7619222,-0.316759,unrelated
S165,S341,OkrayGarrisonNE-2019,OkrayPFWiper-2019,0,2017493,3524223,7611186,7557563,-0.331666,unrelated
S165,S342,OkrayGarrisonNE-2019,OkrayPFWiper-2019,0,1924902,3577881,7611186,7043704,-0.356936,unrelated
S165,S343,OkrayGarrisonNE-2019,OkrayPFWiper-2019,0,1983226,3517371,7611186,7375799,-0.337060,unrelated
S165,S344,OkrayGarrisonNE-2019,OkrayPFWiper-2019,0,1960581,3594872,7611186,7302502,-0.350628,unrelated
S165,S354,OkrayGarrisonNE-2019,PloverBrikalskiPats-2019,0,2025613,3468011,7611186,7677084,-0.321188,unrelated
S165,S355,OkrayGarrisonNE-2019,PloverBrikalskiPats-2019,0,2094948,3355603,7611186,7759982,-0.300319,unrelated
S165,S356,OkrayGarrisonNE-2019,PloverBrikalskiPats-2019,0,2037696,3441607,7611186,7738582,-0.315674,unrelated
S165,S357,OkrayGarrisonNE-2019,PloverBrikalskiPats-2019,0,2132277,3367234,7611186,7682544,-0.300920,unrelated
S165,S358,OkrayGarrisonNE-2019,PloverBrikalskiPats-2019,0,2075420,3442352,7611186,7701638,-0.314069,unrelated
S165,S359,OkrayGarrisonNE-2019,PloverBrikalskiPats-2019,0,2094842,3412491,7611186,7899720,-0.304956,unrelated
S165,S360,OkrayGarrisonNE-2019,PloverBrikalskiPats-2019,0,2113250,3442727,7611186,7905479,-0.307553,unrelated
S165,S378,OkrayGarrisonNE-2019,PloverDaveBrSE-2019,0,2043094,3469764,7611186,7709061,-0.319605,unrelated
S165,S379,OkrayGarrisonNE-2019,PloverDaveBrSE-2019,0,2104961,3512284,7611186,7674181,-0.321851,unrelated
S165,S380,OkrayGarrisonNE-2019,PloverDaveBrSE-2019,0,2046377,3518853,7611186,7619782,-0.327709,unrelated
S165,S381,OkrayGarrisonNE-2019,PloverDaveBrSE-2019,0,1966172,3648170,7611186,7357228,-0.356094,unrelated
S165,S382,OkrayGarrisonNE-2019,PloverDaveBrSE-2019,0,2004683,3479723,7611186,7450016,-0.328975,unrelated
S165,S383,OkrayGarrisonNE-2019,PloverDaveBrSE-2019,0,2198608,3330828,7611186,8100805,-0.284054,unrelated
S165,S384,OkrayGarrisonNE-2019,PloverDaveBrSE-2019,0,2249928,3351967,7611186,8223535,-0.281281,unrelated
S165,S402,OkrayGarrisonNE-2019,Wysocki1129-2019,0,2010164,3534635,7611186,7525165,-0.334236,unrelated
S165,S403,OkrayGarrisonNE-2019,Wysocki1129-2019,0,2060677,3452471,7611186,7520277,-0.320145,unrelated
S165,S404,OkrayGarrisonNE-2019,Wysocki1129-2019,0,2163105,3369194,7611186,7928168,-0.294432,unrelated
S165,S405,OkrayGarrisonNE-2019,Wysocki1129-2019,0,2105338,3431324,7611186,7761893,-0.309457,unrelated
S165,S406,OkrayGarrisonNE-2019,Wysocki1129-2019,0,2139770,3380429,7611186,7786192,-0.300122,unrelated
S165,S407,OkrayGarrisonNE-2019,Wysocki1129-2019,0,2099952,3444109,7611186,7717071,-0.312382,unrelated
S165,S408,OkrayGarrisonNE-2019,Wysocki1129-2019,0,2130661,3392472,7611186,7724063,-0.303502,unrelated
S165,S426,OkrayGarrisonNE-2019,Wysocki438-2019,0,2114256,3430144,7611186,7847102,-0.307022,unrelated
S165,S427,OkrayGarrisonNE-2019,Wysocki438-2019,0,2032332,3512338,7611186,7598529,-0.328234,unrelated
S165,S428,OkrayGarrisonNE-2019,Wysocki438-2019,0,1951117,3674489,7611186,7402753,-0.359523,unrelated
S165,S429,OkrayGarrisonNE-2019,Wysocki438-2019,0,2030171,3484420,7611186,7685399,-0.322861,unrelated
S165,S430,OkrayGarrisonNE-2019,Wysocki438-2019,0,2064410,3471727,7611186,7738169,-0.317866,unrelated
S165,S431,OkrayGarrisonNE-2019,Wysocki438-2019,0,1956721,3592124,7611186,7367342,-0.349001,unrelated
S165,S432,OkrayGarrisonNE-2019,Wysocki438-2019,0,2011487,3452688,7611186,7526561,-0.323290,unrelated
S165,S450,OkrayGarrisonNE-2019,Wysocki563-2019,0,2094140,3597467,7611186,7734101,-0.332401,unrelated
S165,S451,OkrayGarrisonNE-2019,Wysocki563-2019,0,1884447,3548972,7611186,7226898,-0.351359,unrelated
S165,S452,OkrayGarrisonNE-2019,Wysocki563-2019,0,2110373,3368522,7611186,7917168,-0.297950,unrelated
S165,S453,OkrayGarrisonNE-2019,Wysocki563-2019,0,1901723,3730338,7611186,7210686,-0.375051,unrelated
S165,S454,OkrayGarrisonNE-2019,Wysocki563-2019,0,1964279,3453768,7611186,7408884,-0.329110,unrelated
S165,S455,OkrayGarrisonNE-2019,Wysocki563-2019,0,1982916,3385326,7611186,7450078,-0.317884,unrelated
S165,S456,OkrayGarrisonNE-2019,Wysocki563-2019,0,1922288,3663753,7611186,7202383,-0.364883,unrelated
S165,S458,OkrayGarrisonNE-2019,Wysocki570-2019,0,1983312,3431718,7611186,7453203,-0.323951,unrelated
S165,S459,OkrayGarrisonNE-2019,Wysocki570-2019,0,2038649,3448797,7611186,7810498,-0.315072,unrelated
S165,S460,OkrayGarrisonNE-2019,Wysocki570-2019,0,1955431,3457532,7611186,7316303,-0.332248,unrelated
S165,S461,OkrayGarrisonNE-2019,Wysocki570-2019,0,1972882,3445920,7611186,7396301,-0.327767,unrelated
S165,S462,OkrayGarrisonNE-2019,Wysocki570-2019,0,2066740,3399612,7611186,7560523,-0.311928,unrelated
S165,S463,OkrayGarrisonNE-2019,Wysocki570-2019,0,1967773,3495837,7611186,7366427,-0.335427,unrelated
S165,S464,OkrayGarrisonNE-2019,Wysocki570-2019,0,1991973,3681379,7611186,7360662,-0.358726,unrelated
S296,S297,OkrayRobacks-2019,OkrayRobacks-2019,1,2092975,3460138,7691850,7677694,-0.314082,unrelated
S296,S298,OkrayRobacks-2019,OkrayRobacks-2019,1,2029546,3404291,7691850,7378291,-0.317120,unrelated
S296,S299,OkrayRobacks-2019,OkrayRobacks-2019,1,2100893,3168497,7691850,7556994,-0.277798,unrelated
S296,S300,OkrayRobacks-2019,OkrayRobacks-2019,1,2027617,3366272,7691850,7420867,-0.311322,unrelated
S296,S301,OkrayRobacks-2019,OkrayRobacks-2019,1,2124066,3366457,7691850,8080920,-0.292203,unrelated
S296,S302,OkrayRobacks-2019,OkrayRobacks-2019,1,2368369,2944481,7691850,8536700,-0.216938,unrelated
S296,S304,OkrayRobacks-2019,OkrayGrosheks40-2019,0,2041527,3229103,7691850,7154938,-0.297484,unrelated
S296,S305,OkrayRobacks-2019,OkrayGrosheks40-2019,0,2156427,3231306,7691850,7779665,-0.278330,unrelated
S296,S306,OkrayRobacks-2019,OkrayGrosheks40-2019,0,3133392,2215459,7691850,11601524,-0.067252,unrelated
S296,S307,OkrayRobacks-2019,OkrayGrosheks40-2019,0,1975849,3418830,7691850,7144597,-0.327694,unrelated
S296,S308,OkrayRobacks-2019,OkrayGrosheks40-2019,0,2243777,3028508,7691850,7750273,-0.246937,unrelated
S296,S309,OkrayRobacks-2019,OkrayGrosheks40-2019,0,2017078,3322705,7691850,7235130,-0.310065,unrelated
S296,S310,OkrayRobacks-2019,OkrayGrosheks40-2019,0,1986974,3348058,7691850,7262608,-0.314899,unrelated
S296,S340,OkrayRobacks-2019,OkrayPFWiper-2019,0,2071150,3234166,7691850,7619222,-0.287190,unrelated
S296,S341,OkrayRobacks-2019,OkrayPFWiper-2019,0,1999163,3529022,7691850,7557563,-0.331743,unrelated
S296,S342,OkrayRobacks-2019,OkrayPFWiper-2019,0,1900934,3443623,7691850,7043704,-0.338386,unrelated
S296,S343,OkrayRobacks-2019,OkrayPFWiper-2019,0,1996309,3455291,7691850,7375799,-0.326147,unrelated
S296,S344,OkrayRobacks-2019,OkrayPFWiper-2019,0,1886469,3459549,7691850,7302502,-0.335635,unrelated
S296,S354,OkrayRobacks-2019,PloverBrikalskiPats-2019,0,2097702,3220768,7691850,7677084,-0.282637,unrelated
S296,S355,OkrayRobacks-2019,PloverBrikalskiPats-2019,0,2192074,3107252,7691850,7759982,-0.260321,unrelated
S296,S356,OkrayRobacks-2019,PloverBrikalskiPats-2019,0,2041240,3351576,7691850,7738582,-0.302125,unrelated
S296,S357,OkrayRobacks-2019,PloverBrikalskiPats-2019,0,2138421,3179745,7691850,7682544,-0.274552,unrelated
S296,S358,OkrayRobacks-2019,PloverBrikalskiPats-2019,0,2080443,3290606,7691850,7701638,-0.292381,unrelated
S296,S359,OkrayRobacks-2019,PloverBrikalskiPats-2019,0,2092673,3270998,7691850,7899720,-0.285367,unrelated
S296,S360,OkrayRobacks-2019,PloverBrikalskiPats-2019,0,2128385,3369510,7691850,7905479,-0.295604,unrelated
S296,S378,OkrayRobacks-2019,PloverDaveBrSE-2019,0,2055711,3427968,7691850,7709061,-0.311684,unrelated
S296,S379,OkrayRobacks-2019,PloverDaveBrSE-2019,0,2072952,3345678,7691850,7674181,-0.300559,unrelated
S296,S380,OkrayRobacks-2019,PloverDaveBrSE-2019,0,2040014,3487023,7691850,7619782,-0.322241,unrelated
S296,S381,OkrayRobacks-2019,PloverDaveBrSE-2019,0,1953054,3480453,7691850,7357228,-0.332768,unrelated
S296,S382,OkrayRobacks-2019,PloverDaveBrSE-2019,0,2055466,3420797,7691850,7450016,-0.316086,unrelated
S296,S383,OkrayRobacks-2019,PloverDaveBrSE-2019,0,2185064,3169926,7691850,8100805,-0.263084,unrelated
S296,S384,OkrayRobacks-2019,PloverDaveBrSE-2019,0,2240485,3153455,7691850,8223535,-0.255503,unrelated
S296,S402,OkrayRobacks-2019,Wysocki1129-2019,0,2017423,3466635,7691850,7525165,-0.323049,unrelated
S296,S403,OkrayRobacks-2019,Wysocki1129-2019,0,2020278,3348070,7691850,7520277,-0.307377,unrelated
S296,S404,OkrayRobacks-2019,Wysocki1129-2019,0,2152412,3190184,7691850,7928168,-0.270675,unrelated
S296,S405,OkrayRobacks-2019,Wysocki1129-2019,0,2132931,3394535,7691850,7761893,-0.301295,unrelated
S296,S406,OkrayRobacks-2019,Wysocki1129-2019,0,2140413,3185334,7691850,7786192,-0.273307,unrelated
S296,S407,OkrayRobacks-2019,Wysocki1129-2019,0,2087876,3250954,7691850,7717071,-0.286460,unrelated
S296,S408,OkrayRobacks-2019,Wysocki1129-2019,0,2098911,3257606,7691850,7724063,-0.286477,unrelated
S296,S426,OkrayRobacks-2019,Wysocki438-2019,0,2097577,3282970,7691850,7847102,-0.287559,unrelated
S296,S427,OkrayRobacks-2019,Wysocki438-2019,0,2003908,3306645,7691850,7598529,-0.301456,unrelated
S296,S428,OkrayRobacks-2019,Wysocki438-2019,0,2008672,3492013,7691850,7402753,-0.329611,unrelated
S296,S429,OkrayRobacks-2019,Wysocki438-2019,0,2073547,3259182,7691850,7685399,-0.289052,unrelated
S296,S430,OkrayRobacks-2019,Wysocki438-2019,0,2057971,3437242,7691850,7738169,-0.312152,unrelated
S296,S431,OkrayRobacks-2019,Wysocki438-2019,0,2005062,3372318,7691850,7367342,-0.314730,unrelated
S296,S432,OkrayRobacks-2019,Wysocki438-2019,0,2088451,3355374,7691850,7526561,-0.303731,unrelated
S296,S450,OkrayRobacks-2019,Wysocki563-2019,0,2126394,3426906,7691850,7734101,-0.306459,unrelated
S296,S451,OkrayRobacks-2019,Wysocki563-2019,0,2005578,3419186,7691850,7226898,-0.323941,unrelated
S296,S452,OkrayRobacks-2019,Wysocki563-2019,0,2150788,3174307,7691850,7917168,-0.268936,unrelated
S296,S453,OkrayRobacks-2019,Wysocki563-2019,0,1922551,3684952,7691850,7210686,-0.365532,unrelated
S296,S454,OkrayRobacks-2019,Wysocki563-2019,0,2094062,3328634,7691850,7408884,-0.302184,unrelated
S296,S455,OkrayRobacks-2019,Wysocki563-2019,0,2100520,3116040,7691850,7450078,-0.272856,unrelated
S296,S456,OkrayRobacks-2019,Wysocki563-2019,0,1933754,3515063,7691850,7202383,-0.342171,unrelated
S296,S458,OkrayRobacks-2019,Wysocki570-2019,0,2146821,3152569,7691850,7453203,-0.274566,unrelated
S296,S459,OkrayRobacks-2019,Wysocki570-2019,0,2091436,3439533,7691850,7810498,-0.308833,unrelated
S296,S460,OkrayRobacks-2019,Wysocki570-2019,0,2038602,3268955,7691850,7316303,-0.299791,unrelated
S296,S461,OkrayRobacks-2019,Wysocki570-2019,0,2076706,3349061,7691850,7396301,-0.306294,unrelated
S296,S462,OkrayRobacks-2019,Wysocki570-2019,0,2070973,3281397,7691850,7560523,-0.294500,unrelated
S296,S463,OkrayRobacks-2019,Wysocki570-2019,0,2006140,3303735,7691850,7366427,-0.305568,unrelated
S296,S464,OkrayRobacks-2019,Wysocki570-2019,0,2014778,3543246,7691850,7360662,-0.336935,unrelated
S297,S298,OkrayRobacks-2019,OkrayRobacks-2019,1,1973498,3564142,7677694,7378291,-0.342375,unrelated
S297,S299,OkrayRobacks-2019,OkrayRobacks-2019,1,2042697,3568697,7677694,7556994,-0.334414,unrelated
S297,S300,OkrayRobacks-2019,OkrayRobacks-2019,1,1994513,3540750,7677694,7420867,-0.336919,unrelated
S297,S301,OkrayRobacks-2019,OkrayRobacks-2019,1,2174195,3215456,7677694,8080920,-0.270120,unrelated
S297,S302,OkrayRobacks-2019,OkrayRobacks-2019,1,2365334,3140525,7677694,8536700,-0.241496,unrelated
S297,S304,OkrayRobacks-2019,OkrayGrosheks40-2019,0,1904807,3596874,7677694,7154938,-0.356575,unrelated
S297,S305,OkrayRobacks-2019,OkrayGrosheks40-2019,0,2098389,3494115,7677694,7779665,-0.316344,unrelated
S297,S306,OkrayRobacks-2019,OkrayGrosheks40-2019,0,3359779,2153193,7677694,11601524,-0.049100,unrelated
S297,S307,OkrayRobacks-2019,OkrayGrosheks40-2019,0,1938057,3582256,7677694,7144597,-0.352608,unrelated
S297,S308,OkrayRobacks-2019,OkrayGrosheks40-2019,0,2114034,3473515,7677694,7750273,-0.313262,unrelated
S297,S309,OkrayRobacks-2019,OkrayGrosheks40-2019,0,1934381,3600906,7677694,7235130,-0.353215,unrelated
S297,S310,OkrayRobacks-2019,OkrayGrosheks40-2019,0,1970716,3590228,7677694,7262608,-0.348704,unrelated
S297,S340,OkrayRobacks-2019,OkrayPFWiper-2019,0,2015168,3615184,7677694,7619222,-0.340931,unrelated
S297,S341,OkrayRobacks-2019,OkrayPFWiper-2019,0,2025587,3463542,7677694,7557563,-0.321721,unrelated
S297,S342,OkrayRobacks-2019,OkrayPFWiper-2019,0,1889003,3668742,7677694,7043704,-0.370106,unrelated
S297,S343,OkrayRobacks-2019,OkrayPFWiper-2019,0,1963305,3607876,7677694,7375799,-0.348919,unrelated
S297,S344,OkrayRobacks-2019,OkrayPFWiper-2019,0,1938892,3534979,7677694,7302502,-0.342523,unrelated
S297,S354,OkrayRobacks-2019,PloverBrikalskiPats-2019,0,2109276,3306699,7677694,7677084,-0.293337,unrelated
S297,S355,OkrayRobacks-2019,PloverBrikalskiPats-2019,0,2097327,3515378,7677694,7759982,-0.319571,unrelated
S297,S356,OkrayRobacks-2019,PloverBrikalskiPats-2019,0,2054255,3376328,7677694,7738582,-0.304769,unrelated
S297,S357,OkrayRobacks-2019,PloverBrikalskiPats-2019,0,2091485,3508106,7677694,7682544,-0.320615,unrelated
S297,S358,OkrayRobacks-2019,PloverBrikalskiPats-2019,0,2065871,3566821,7677694,7701638,-0.329518,unrelated
S297,S359,OkrayRobacks-2019,PloverBrikalskiPats-2019,0,2129297,3349768,7677694,7899720,-0.293389,unrelated
S297,S360,OkrayRobacks-2019,PloverBrikalskiPats-2019,0,2142051,3290303,7677694,7905479,-0.284830,unrelated
S297,S378,OkrayRobacks-2019,PloverDaveBrSE-2019,0,2074895,3375883,7677694,7709061,-0.303954,unrelated
S297,S379,OkrayRobacks-2019,PloverDaveBrSE-2019,0,2040549,3670225,7677694,7674181,-0.345228,unrelated
S297,S380,OkrayRobacks-2019,PloverDaveBrSE-2019,0,2001342,3660065,7677694,7619782,-0.347691,unrelated
S297,S381,OkrayRobacks-2019,PloverDaveBrSE-2019,0,1933679,3574976,7677694,7357228,-0.346944,unrelated
S297,S382,OkrayRobacks-2019,PloverDaveBrSE-2019,0,2019244,3519564,7677694,7450016,-0.331834,unrelated
S297,S383,OkrayRobacks-2019,PloverDaveBrSE-2019,0,2185552,3324479,7677694,8100805,-0.282879,unrelated
S297,S384,OkrayRobacks-2019,PloverDaveBrSE-2019,0,2217895,3430903,7677694,8223535,-0.292047,unrelated
S297,S402,OkrayRobacks-2019,Wysocki1129-2019,0,1983075,3577168,7677694,7525165,-0.340151,unrelated
S297,S403,OkrayRobacks-2019,Wysocki1129-2019,0,2017883,3640207,7677694,7520277,-0.346265,unrelated
S297,S404,OkrayRobacks-2019,Wysocki1129-2019,0,2130841,3491984,7677694,7928168,-0.310981,unrelated
S297,S405,OkrayRobacks-2019,Wysocki1129-2019,0,2069581,3567261,7677694,7761893,-0.328049,unrelated
S297,S406,OkrayRobacks-2019,Wysocki1129-2019,0,2118628,3538405,7677694,7786192,-0.320630,unrelated
S297,S407,OkrayRobacks-2019,Wysocki1129-2019,0,2065728,3616014,7677694,7717071,-0.335588,unrelated
S297,S408,OkrayRobacks-2019,Wysocki1129-2019,0,2104464,3559163,7677694,7724063,-0.325538,unrelated
S297,S426,OkrayRobacks-2019,Wysocki438-2019,0,2117451,3323210,7677694,7847102,-0.291725,unrelated
S297,S427,OkrayRobacks-2019,Wysocki438-2019,0,2001791,3522840,7677694,7598529,-0.330179,unrelated
S297,S428,OkrayRobacks-2019,Wysocki438-2019,0,2048984,3338188,7677694,7402753,-0.306847,unrelated
S297,S429,OkrayRobacks-2019,Wysocki438-2019,0,2088872,3355097,7677694,7685399,-0.300807,unrelated
S297,S430,OkrayRobacks-2019,Wysocki438-2019,0,2078482,3353192,7677694,7738169,-0.300204,unrelated
S297,S431,OkrayRobacks-2019,Wysocki438-2019,0,1945689,3608091,7677694,7367342,-0.350314,unrelated
S297,S432,OkrayRobacks-2019,Wysocki438-2019,0,2011447,3559386,7677694,7526561,-0.335914,unrelated
S297,S450,OkrayRobacks-2019,Wysocki563-2019,0,2174569,3196626,7677694,7734101,-0.273731,unrelated
S297,S451,OkrayRobacks-2019,Wysocki563-2019,0,1913879,3657290,7677694,7226898,-0.362351,unrelated
S297,S452,OkrayRobacks-2019,Wysocki563-2019,0,2168786,3276593,7677694,7917168,-0.281144,unrelated
S297,S453,OkrayRobacks-2019,Wysocki563-2019,0,1988408,3369220,7677694,7210686,-0.319043,unrelated
S297,S454,OkrayRobacks-2019,Wysocki563-2019,0,2029526,3531167,7677694,7408884,-0.333595,unrelated
S297,S455,OkrayRobacks-2019,Wysocki563-2019,0,2033187,3477197,7677694,7450078,-0.325309,unrelated
S297,S456,OkrayRobacks-2019,Wysocki563-2019,0,2024322,3313144,7677694,7202383,-0.309270,unrelated
S297,S458,OkrayRobacks-2019,Wysocki570-2019,0,1998721,3531528,7677694,7453203,-0.334702,unrelated
S297,S459,OkrayRobacks-2019,Wysocki570-2019,0,2104871,3348714,7677694,7810498,-0.296520,unrelated
S297,S460,OkrayRobacks-2019,Wysocki570-2019,0,2005776,3516759,7677694,7316303,-0.335317,unrelated
S297,S461,OkrayRobacks-2019,Wysocki570-2019,0,1989673,3560708,7677694,7396301,-0.340437,unrelated
S297,S462,OkrayRobacks-2019,Wysocki570-2019,0,2041956,3530565,7677694,7560523,-0.329381,unrelated
S297,S463,OkrayRobacks-2019,Wysocki570-2019,0,2046012,3409365,7677694,7366427,-0.317248,unrelated
S297,S464,OkrayRobacks-2019,Wysocki570-2019,0,2047996,3268824,7677694,7360662,-0.298547,unrelated
S298,S299,OkrayRobacks-2019,OkrayRobacks-2019,1,1977554,3377671,7378291,7556994,-0.319899,unrelated
S298,S300,OkrayRobacks-2019,OkrayRobacks-2019,1,1976185,3384661,7378291,7420867,-0.323879,unrelated
S298,S301,OkrayRobacks-2019,OkrayRobacks-2019,1,2051988,3392185,7378291,8080920,-0.306121,unrelated
S298,S302,OkrayRobacks-2019,OkrayRobacks-2019,1,2279163,3099327,7378291,8536700,-0.246277,unrelated
S298,S304,OkrayRobacks-2019,OkrayGrosheks40-2019,0,1887812,3507052,7378291,7154938,-0.352729,unrelated
S298,S305,OkrayRobacks-2019,OkrayGrosheks40-2019,0,2146390,3386108,7378291,7779665,-0.305175,unrelated
S298,S306,OkrayRobacks-2019,OkrayGrosheks40-2019,0,3031405,2310134,7378291,11601524,-0.083713,unrelated
S298,S307,OkrayRobacks-2019,OkrayGrosheks40-2019,0,1976977,3464634,7378291,7144597,-0.340999,unrelated
S298,S308,OkrayRobacks-2019,OkrayGrosheks40-2019,0,2011252,3449903,7378291,7750273,-0.323134,unrelated
S298,S309,OkrayRobacks-2019,OkrayGrosheks40-2019,0,1915958,3378689,7378291,7235130,-0.331300,unrelated
S298,S310,OkrayRobacks-2019,OkrayGrosheks40-2019,0,1986714,3500094,7378291,7262608,-0.342429,unrelated
S298,S340,OkrayRobacks-2019,OkrayPFWiper-2019,0,1967755,3496529,7378291,7619222,-0.335076,unrelated
S298,S341,OkrayRobacks-2019,OkrayPFWiper-2019,0,1899687,3505063,7378291,7557563,-0.342159,unrelated
S298,S342,OkrayRobacks-2019,OkrayPFWiper-2019,0,1835193,3536895,7378291,7043704,-0.363237,unrelated
S298,S343,OkrayRobacks-2019,OkrayPFWiper-2019,0,1905247,3438970,7378291,7375799,-0.337038,unrelated
S298,S344,OkrayRobacks-2019,OkrayPFWiper-2019,0,1914866,3668634,7378291,7302502,-0.369353,unrelated
S298,S354,OkrayRobacks-2019,PloverBrikalskiPats-2019,0,1956388,3488928,7378291,7677084,-0.333533,unrelated
S298,S355,OkrayRobacks-2019,PloverBrikalskiPats-2019,0,1998668,3496334,7378291,7759982,-0.329892,unrelated
S298,S356,OkrayRobacks-2019,PloverBrikalskiPats-2019,0,2036005,3583352,7378291,7738582,-0.339402,unrelated
S298,S357,OkrayRobacks-2019,PloverBrikalskiPats-2019,0,1962337,3414028,7378291,7682544,-0.323071,unrelated
S298,S358,OkrayRobacks-2019,PloverBrikalskiPats-2019,0,2105185,3462671,7378291,7701638,-0.319641,unrelated
S298,S359,OkrayRobacks-2019,PloverBrikalskiPats-2019,0,2029330,3454060,7378291,7899720,-0.319334,unrelated
S298,S360,OkrayRobacks-2019,PloverBrikalskiPats-2019,0,2054827,3353473,7378291,7905479,-0.304383,unrelated
S298,S378,OkrayRobacks-2019,PloverDaveBrSE-2019,0,1985708,3455668,7378291,7709061,-0.326474,unrelated
S298,S379,OkrayRobacks-2019,PloverDaveBrSE-2019,0,2032716,3484431,7378291,7674181,-0.327929,unrelated
S298,S380,OkrayRobacks-2019,PloverDaveBrSE-2019,0,2027630,3500386,7378291,7619782,-0.331585,unrelated
S298,S381,OkrayRobacks-2019,PloverDaveBrSE-2019,0,1905663,3622202,7378291,7357228,-0.362304,unrelated
S298,S382,OkrayRobacks-2019,PloverDaveBrSE-2019,0,1936211,3453926,7378291,7450016,-0.335280,unrelated
S298,S383,OkrayRobacks-2019,PloverDaveBrSE-2019,0,2039357,3342693,7378291,8100805,-0.300149,unrelated
S298,S384,OkrayRobacks-2019,PloverDaveBrSE-2019,0,2134064,3326422,7378291,8223535,-0.289631,unrelated
S298,S402,OkrayRobacks-2019,Wysocki1129-2019,0,2025594,3528792,7378291,7525165,-0.337639,unrelated
S298,S403,OkrayRobacks-2019,Wysocki1129-2019,0,2023187,3540576,7378291,7520277,-0.339493,unrelated
S298,S404,OkrayRobacks-2019,Wysocki1129-2019,0,2078283,3297656,7378291,7928168,-0.295106,unrelated
S298,S405,OkrayRobacks-2019,Wysocki1129-2019,0,2012834,3375090,7378291,7761893,-0.312899,unrelated
S298,S406,OkrayRobacks-2019,Wysocki1129-2019,0,2003024,3370447,7378291,7786192,-0.312432,unrelated
S298,S407,OkrayRobacks-2019,Wysocki1129-2019,0,1997676,3451651,7378291,7717071,-0.324976,unrelated
S298,S408,OkrayRobacks-2019,Wysocki1129-2019,0,2011739,3413687,7378291,7724063,-0.318867,unrelated
S298,S426,OkrayRobacks-2019,Wysocki438-2019,0,1951087,3493587,7378291,7847102,-0.330769,unrelated
S298,S427,OkrayRobacks-2019,Wysocki438-2019,0,1897524,3523407,7378291,7598529,-0.343817,unrelated
S298,S428,OkrayRobacks-2019,Wysocki438-2019,0,1872048,3708058,7378291,7402753,-0.375080,unrelated
S298,S429,OkrayRobacks-2019,Wysocki438-2019,0,1992218,3515810,7378291,7685399,-0.334540,unrelated
S298,S430,OkrayRobacks-2019,Wysocki438-2019,0,2001716,3382636,7378291,7738169,-0.315124,unrelated
S298,S431,OkrayRobacks-2019,Wysocki438-2019,0,1960450,3475297,7378291,7367342,-0.338415,unrelated
S298,S432,OkrayRobacks-2019,Wysocki438-2019,0,1976322,3383820,7378291,7526561,-0.321460,unrelated
S298,S450,OkrayRobacks-2019,Wysocki563-2019,0,1997892,3619111,7378291,7734101,-0.346757,unrelated
S298,S451,OkrayRobacks-2019,Wysocki563-2019,0,1994070,3487965,7378291,7226898,-0.341102,unrelated
S298,S452,OkrayRobacks-2019,Wysocki563-2019,0,2021881,3412970,7378291,7917168,-0.314084,unrelated
S298,S453,OkrayRobacks-2019,Wysocki563-2019,0,1950757,3707369,7378291,7210686,-0.374528,unrelated
S298,S454,OkrayRobacks-2019,Wysocki563-2019,0,1969211,3335605,7378291,7408884,-0.317978,unrelated
S298,S455,OkrayRobacks-2019,Wysocki563-2019,0,1956704,3325627,7378291,7450078,-0.316592,unrelated
S298,S456,OkrayRobacks-2019,Wysocki563-2019,0,1954963,3682939,7378291,7202383,-0.371102,unrelated
S298,S458,OkrayRobacks-2019,Wysocki570-2019,0,1972318,3392173,7378291,7453203,-0.324447,unrelated
S298,S459,OkrayRobacks-2019,Wysocki570-2019,0,2006296,3424414,7378291,7810498,-0.318823,unrelated
S298,S460,OkrayRobacks-2019,Wysocki570-2019,0,1916674,3433605,7378291,7316303,-0.336895,unrelated
S298,S461,OkrayRobacks-2019,Wysocki570-2019,0,1993053,3363182,7378291,7396301,-0.320368,unrelated
S298,S462,OkrayRobacks-2019,Wysocki570-2019,0,2013861,3329188,7378291,7560523,-0.310903,unrelated
S298,S463,OkrayRobacks-2019,Wysocki570-2019,0,1870295,3455911,7378291,7366427,-0.341921,unrelated
S298,S464,OkrayRobacks-2019,Wysocki570-2019,0,1897917,3669772,7378291,7360662,-0.369200,unrelated
S299,S300,OkrayRobacks-2019,OkrayRobacks-2019,1,2020438,3355468,7556994,7420867,-0.313162,unrelated
S299,S301,OkrayRobacks-2019,OkrayRobacks-2019,1,2135471,3298016,7556994,8080920,-0.285240,unrelated
S299,S302,OkrayRobacks-2019,OkrayRobacks-2019,1,2302109,2985446,7556994,8536700,-0.227964,unrelated
S299,S304,OkrayRobacks-2019,OkrayGrosheks40-2019,0,1927812,3296293,7556994,7154938,-0.317074,unrelated
S299,S305,OkrayRobacks-2019,OkrayGrosheks40-2019,0,2114057,3219129,7556994,7779665,-0.281952,unrelated
S299,S306,OkrayRobacks-2019,OkrayGrosheks40-2019,0,3086764,2204044,7556994,11601524,-0.068968,unrelated
S299,S307,OkrayRobacks-2019,OkrayGrosheks40-2019,0,1905343,3415536,7556994,7144597,-0.335047,unrelated
S299,S308,OkrayRobacks-2019,OkrayGrosheks40-2019,0,2115064,3147904,7556994,7750273,-0.273122,unrelated
S299,S309,OkrayRobacks-2019,OkrayGrosheks40-2019,0,1962889,3359621,7556994,7235130,-0.321546,unrelated
S299,S310,OkrayRobacks-2019,OkrayGrosheks40-2019,0,1950088,3359830,7556994,7262608,-0.321842,unrelated
S299,S340,OkrayRobacks-2019,OkrayPFWiper-2019,0,1994998,3416171,7556994,7619222,-0.318745,unrelated
S299,S341,OkrayRobacks-2019,OkrayPFWiper-2019,0,1970188,3574103,7556994,7557563,-0.342585,unrelated
S299,S342,OkrayRobacks-2019,OkrayPFWiper-2019,0,1898148,3433623,7556994,7043704,-0.340333,unrelated
S299,S343,OkrayRobacks-2019,OkrayPFWiper-2019,0,1955109,3464158,7556994,7375799,-0.333039,unrelated
S299,S344,OkrayRobacks-2019,OkrayPFWiper-2019,0,1872975,3508014,7556994,7302502,-0.346112,unrelated
S299,S354,OkrayRobacks-2019,PloverBrikalskiPats-2019,0,2024435,3313818,7556994,7677084,-0.302165,unrelated
S299,S355,OkrayRobacks-2019,PloverBrikalskiPats-2019,0,2148860,3197732,7556994,7759982,-0.277248,unrelated
S299,S356,OkrayRobacks-2019,PloverBrikalskiPats-2019,0,1991443,3359493,7556994,7738582,-0.309079,unrelated
S299,S357,OkrayRobacks-2019,PloverBrikalskiPats-2019,0,2056733,3265252,7556994,7682544,-0.293563,unrelated
S299,S358,OkrayRobacks-2019,PloverBrikalskiPats-2019,0,2051868,3337121,7556994,7701638,-0.302935,unrelated
S299,S359,OkrayRobacks-2019,PloverBrikalskiPats-2019,0,2053994,3338213,7556994,7899720,-0.299057,unrelated
S299,S360,OkrayRobacks-2019,PloverBrikalskiPats-2019,0,2042968,3388986,7556994,7905479,-0.306226,unrelated
S299,S378,OkrayRobacks-2019,PloverDaveBrSE-2019,0,2005094,3480358,7556994,7709061,-0.324617,unrelated
S299,S379,OkrayRobacks-2019,PloverDaveBrSE-2019,0,2030346,3257158,7556994,7674181,-0.294394,unrelated
S299,S380,OkrayRobacks-2019,PloverDaveBrSE-2019,0,1997615,3465299,7556994,7619782,-0.325035,unrelated
S299,S381,OkrayRobacks-2019,PloverDaveBrSE-2019,0,1890507,3457395,7556994,7357228,-0.336879,unrelated
S299,S382,OkrayRobacks-2019,PloverDaveBrSE-2019,0,2004248,3393409,7556994,7450016,-0.318689,unrelated
S299,S383,OkrayRobacks-2019,PloverDaveBrSE-2019,0,2111855,3296178,7556994,8100805,-0.286151,unrelated
S299,S384,OkrayRobacks-2019,PloverDaveBrSE-2019,0,2204578,3164964,7556994,8223535,-0.261420,unrelated
S299,S402,OkrayRobacks-2019,Wysocki1129-2019,0,1983509,3454530,7556994,7525165,-0.326581,unrelated
S299,S403,OkrayRobacks-2019,Wysocki1129-2019,0,2014759,3318428,7556994,7520277,-0.306561,unrelated
S299,S404,OkrayRobacks-2019,Wysocki1129-2019,0,2172844,3178821,7556994,7928168,-0.270246,unrelated
S299,S405,OkrayRobacks-2019,Wysocki1129-2019,0,2079029,3402778,7556994,7761893,-0.308542,unrelated
S299,S406,OkrayRobacks-2019,Wysocki1129-2019,0,2076356,3294839,7556994,7786192,-0.294158,unrelated
S299,S407,OkrayRobacks-2019,Wysocki1129-2019,0,2091464,3230659,7556994,7717071,-0.286096,unrelated
S299,S408,OkrayRobacks-2019,Wysocki1129-2019,0,2092707,3266014,7556994,7724063,-0.290511,unrelated
S299,S426,OkrayRobacks-2019,Wysocki438-2019,0,2011297,3368084,7556994,7847102,-0.306728,unrelated
S299,S427,OkrayRobacks-2019,Wysocki438-2019,0,1982274,3404823,7556994,7598529,-0.318522,unrelated
S299,S428,OkrayRobacks-2019,Wysocki438-2019,0,1953586,3544517,7556994,7402753,-0.343284,unrelated
S299,S429,OkrayRobacks-2019,Wysocki438-2019,0,2030238,3304845,7556994,7685399,-0.300442,unrelated
S299,S430,OkrayRobacks-2019,Wysocki438-2019,0,2051407,3412174,7556994,7738169,-0.312056,unrelated
S299,S431,OkrayRobacks-2019,Wysocki438-2019,0,1975373,3429063,7556994,7367342,-0.327167,unrelated
S299,S432,OkrayRobacks-2019,Wysocki438-2019,0,2033080,3412835,7556994,7526561,-0.317736,unrelated
S299,S450,OkrayRobacks-2019,Wysocki563-2019,0,2057508,3512365,7556994,7734101,-0.324844,unrelated
S299,S451,OkrayRobacks-2019,Wysocki563-2019,0,1974972,3432673,7556994,7226898,-0.330791,unrelated
S299,S452,OkrayRobacks-2019,Wysocki563-2019,0,2104619,3224079,7556994,7917168,-0.280696,unrelated
S299,S453,OkrayRobacks-2019,Wysocki563-2019,0,1912919,3652022,7556994,7210686,-0.365062,unrelated
S299,S454,OkrayRobacks-2019,Wysocki563-2019,0,2005964,3393582,7556994,7408884,-0.319473,unrelated
S299,S455,OkrayRobacks-2019,Wysocki563-2019,0,2030106,3244848,7556994,7450078,-0.297166,unrelated
S299,S456,OkrayRobacks-2019,Wysocki563-2019,0,1905730,3495966,7556994,7202383,-0.344608,unrelated
S299,S458,OkrayRobacks-2019,Wysocki570-2019,0,2027627,3269312,7556994,7453203,-0.300529,unrelated
S299,S459,OkrayRobacks-2019,Wysocki570-2019,0,2065649,3373385,7556994,7810498,-0.304612,unrelated
S299,S460,OkrayRobacks-2019,Wysocki570-2019,0,1957898,3363708,7556994,7316303,-0.320677,unrelated
S299,S461,OkrayRobacks-2019,Wysocki570-2019,0,1980847,3470993,7556994,7396301,-0.331776,unrelated
S299,S462,OkrayRobacks-2019,Wysocki570-2019,0,2045255,3258949,7556994,7560523,-0.295858,unrelated
S299,S463,OkrayRobacks-2019,Wysocki570-2019,0,1943248,3411550,7556994,7366427,-0.326993,unrelated
S299,S464,OkrayRobacks-2019,Wysocki570-2019,0,1951487,3586248,7556994,7360662,-0.349989,unrelated
S300,S301,OkrayRobacks-2019,OkrayRobacks-2019,1,2128836,3216067,7420867,8080920,-0.277600,unrelated
S300,S302,OkrayRobacks-2019,OkrayRobacks-2019,1,2479063,2749871,7420867,8536700,-0.189294,unrelated
S300,S304,OkrayRobacks-2019,OkrayGrosheks40-2019,0,1915320,3420952,7420867,7154938,-0.337997,unrelated
S300,S305,OkrayRobacks-2019,OkrayGrosheks40-2019,0,2107410,3226829,7420867,7779665,-0.285927,unrelated
S300,S306,OkrayRobacks-2019,OkrayGrosheks40-2019,0,3014763,2253647,7420867,11601524,-0.078462,unrelated
S300,S307,OkrayRobacks-2019,OkrayGrosheks40-2019,0,1912897,3372099,7420867,7144597,-0.331696,unrelated
S300,S308,OkrayRobacks-2019,OkrayGrosheks40-2019,0,2072692,3308257,7420867,7750273,-0.299504,unrelated
S300,S309,OkrayRobacks-2019,OkrayGrosheks40-2019,0,1919283,3328794,7420867,7235130,-0.323301,unrelated
S300,S310,OkrayRobacks-2019,OkrayGrosheks40-2019,0,1967943,3335598,7420867,7262608,-0.320309,unrelated
S300,S340,OkrayRobacks-2019,OkrayPFWiper-2019,0,1998543,3407866,7420867,7619222,-0.320290,unrelated
S300,S341,OkrayRobacks-2019,OkrayPFWiper-2019,0,1923552,3439328,7420867,7557563,-0.330816,unrelated
S300,S342,OkrayRobacks-2019,OkrayPFWiper-2019,0,1831857,3483276,7420867,7043704,-0.354984,unrelated
S300,S343,OkrayRobacks-2019,OkrayPFWiper-2019,0,1919354,3459735,7420867,7375799,-0.337922,unrelated
S300,S344,OkrayRobacks-2019,OkrayPFWiper-2019,0,1845870,3580427,7420867,7302502,-0.360990,unrelated
S300,S354,OkrayRobacks-2019,PloverBrikalskiPats-2019,0,1957926,3509230,7420867,7677084,-0.335180,unrelated
S300,S355,OkrayRobacks-2019,PloverBrikalskiPats-2019,0,2127528,3319924,7420867,7759982,-0.297238,unrelated
S300,S356,OkrayRobacks-2019,PloverBrikalskiPats-2019,0,1962661,3499356,7420867,7738582,-0.332205,unrelated
S300,S357,OkrayRobacks-2019,PloverBrikalskiPats-2019,0,2021935,3317067,7420867,7682544,-0.305375,unrelated
S300,S358,OkrayRobacks-2019,PloverBrikalskiPats-2019,0,1998908,3410474,7420867,7701638,-0.318865,unrelated
S300,S359,OkrayRobacks-2019,PloverBrikalskiPats-2019,0,2014711,3398223,7420867,7899720,-0.312112,unrelated
S300,S360,OkrayRobacks-2019,PloverBrikalskiPats-2019,0,2077767,3289175,7420867,7905479,-0.293650,unrelated
S300,S378,OkrayRobacks-2019,PloverDaveBrSE-2019,0,1982162,3396883,7420867,7709061,-0.318019,unrelated
S300,S379,OkrayRobacks-2019,PloverDaveBrSE-2019,0,1976867,3458661,7420867,7674181,-0.327290,unrelated
S300,S380,OkrayRobacks-2019,PloverDaveBrSE-2019,0,2001102,3346425,7420867,7619782,-0.311938,unrelated
S300,S381,OkrayRobacks-2019,PloverDaveBrSE-2019,0,1876390,3627979,7420867,7357228,-0.364023,unrelated
S300,S382,OkrayRobacks-2019,PloverDaveBrSE-2019,0,2002711,3392057,7420867,7450016,-0.321528,unrelated
S300,S383,OkrayRobacks-2019,PloverDaveBrSE-2019,0,2064612,3337266,7420867,8100805,-0.296999,unrelated
S300,S384,OkrayRobacks-2019,PloverDaveBrSE-2019,0,2127685,3279776,7420867,8223535,-0.283288,unrelated
S300,S402,OkrayRobacks-2019,Wysocki1129-2019,0,2031049,3389541,7420867,7525165,-0.317678,unrelated
S300,S403,OkrayRobacks-2019,Wysocki1129-2019,0,1977906,3455240,7420867,7520277,-0.330134,unrelated
S300,S404,OkrayRobacks-2019,Wysocki1129-2019,0,2089300,3265599,7420867,7928168,-0.289393,unrelated
S300,S405,OkrayRobacks-2019,Wysocki1129-2019,0,1999629,3307109,7420867,7761893,-0.303936,unrelated
S300,S406,OkrayRobacks-2019,Wysocki1129-2019,0,2024346,3307525,7420867,7786192,-0.301880,unrelated
S300,S407,OkrayRobacks-2019,Wysocki1129-2019,0,2013317,3315018,7420867,7717071,-0.304977,unrelated
S300,S408,OkrayRobacks-2019,Wysocki1129-2019,0,2037417,3286502,7420867,7724063,-0.299479,unrelated
S300,S426,OkrayRobacks-2019,Wysocki438-2019,0,1999862,3435653,7420867,7847102,-0.319063,unrelated
S300,S427,OkrayRobacks-2019,Wysocki438-2019,0,1945824,3410789,7420867,7598529,-0.324630,unrelated
S300,S428,OkrayRobacks-2019,Wysocki438-2019,0,1882247,3687642,7420867,7402753,-0.370560,unrelated
S300,S429,OkrayRobacks-2019,Wysocki438-2019,0,1998804,3408692,7420867,7685399,-0.318979,unrelated
S300,S430,OkrayRobacks-2019,Wysocki438-2019,0,1942736,3367815,7420867,7738169,-0.316174,unrelated
S300,S431,OkrayRobacks-2019,Wysocki438-2019,0,1947791,3412756,7420867,7367342,-0.329839,unrelated
S300,S432,OkrayRobacks-2019,Wysocki438-2019,0,1993032,3376479,7420867,7526561,-0.318444,unrelated
S300,S450,OkrayRobacks-2019,Wysocki563-2019,0,2037060,3577865,7420867,7734101,-0.337755,unrelated
S300,S451,OkrayRobacks-2019,Wysocki563-2019,0,1937456,3456205,7420867,7226898,-0.339639,unrelated
S300,S452,OkrayRobacks-2019,Wysocki563-2019,0,2046097,3308409,7420867,7917168,-0.297999,unrelated
S300,S453,OkrayRobacks-2019,Wysocki563-2019,0,1914310,3530681,7420867,7210686,-0.351778,unrelated
S300,S454,OkrayRobacks-2019,Wysocki563-2019,0,1988295,3284289,7420867,7408884,-0.308858,unrelated
S300,S455,OkrayRobacks-2019,Wysocki563-2019,0,1959577,3296210,7420867,7450078,-0.311537,unrelated
S300,S456,OkrayRobacks-2019,Wysocki563-2019,0,1924085,3568448,7420867,7202383,-0.356474,unrelated
S300,S458,OkrayRobacks-2019,Wysocki570-2019,0,1943957,3429424,7420867,7453203,-0.330433,unrelated
S300,S459,OkrayRobacks-2019,Wysocki570-2019,0,1989477,3331958,7420867,7810498,-0.306896,unrelated
S300,S460,OkrayRobacks-2019,Wysocki570-2019,0,1954429,3335604,7420867,7316303,-0.320060,unrelated
S300,S461,OkrayRobacks-2019,Wysocki570-2019,0,1950995,3333907,7420867,7396301,-0.318335,unrelated
S300,S462,OkrayRobacks-2019,Wysocki570-2019,0,2018398,3332582,7420867,7560523,-0.310169,unrelated
S300,S463,OkrayRobacks-2019,Wysocki570-2019,0,1924914,3403335,7420867,7366427,-0.330132,unrelated
S300,S464,OkrayRobacks-2019,Wysocki570-2019,0,1932669,3586961,7420867,7360662,-0.354581,unrelated
S301,S302,OkrayRobacks-2019,OkrayRobacks-2019,1,2568986,2786116,8080920,8536700,-0.180727,unrelated
S301,S304,OkrayRobacks-2019,OkrayGrosheks40-2019,0,1970472,3490083,8080920,7154938,-0.328809,unrelated
S301,S305,OkrayRobacks-2019,OkrayGrosheks40-2019,0,2166904,3281256,8080920,7779665,-0.277140,unrelated
S301,S306,OkrayRobacks-2019,OkrayGrosheks40-2019,0,3250368,2179024,8080920,11601524,-0.056278,unrelated
S301,S307,OkrayRobacks-2019,OkrayGrosheks40-2019,0,2025754,3337236,8080920,7144597,-0.305324,unrelated
S301,S308,OkrayRobacks-2019,OkrayGrosheks40-2019,0,2224160,3273094,8080920,7750273,-0.273007,unrelated
S301,S309,OkrayRobacks-2019,OkrayGrosheks40-2019,0,2052442,3290751,8080920,7235130,-0.295707,unrelated
S301,S310,OkrayRobacks-2019,OkrayGrosheks40-2019,0,2019281,3351904,8080920,7262608,-0.305310,unrelated
S301,S340,OkrayRobacks-2019,OkrayPFWiper-2019,0,2078592,3380504,8080920,7619222,-0.298240,unrelated
S301,S341,OkrayRobacks-2019,OkrayPFWiper-2019,0,2137092,3444240,8080920,7557563,-0.303827,unrelated
S301,S342,OkrayRobacks-2019,OkrayPFWiper-2019,0,1917596,3480902,8080920,7043704,-0.333510,unrelated
S301,S343,OkrayRobacks-2019,OkrayPFWiper-2019,0,2030837,3387419,8080920,7375799,-0.306922,unrelated
S301,S344,OkrayRobacks-2019,OkrayPFWiper-2019,0,2142755,3522405,8080920,7302502,-0.318658,unrelated
S301,S354,OkrayRobacks-2019,PloverBrikalskiPats-2019,0,2268748,3380947,8080920,7677084,-0.285134,unrelated
S301,S355,OkrayRobacks-2019,PloverBrikalskiPats-2019,0,2128789,3399211,8080920,7759982,-0.294783,unrelated
S301,S356,OkrayRobacks-2019,PloverBrikalskiPats-2019,0,2274123,3456595,8080920,7738582,-0.293250,unrelated
S301,S357,OkrayRobacks-2019,PloverBrikalskiPats-2019,0,2158909,3299741,8080920,7682544,-0.281700,unrelated
S301,S358,OkrayRobacks-2019,PloverBrikalskiPats-2019,0,2153043,3328976,8080920,7701638,-0.285436,unrelated
S301,S359,OkrayRobacks-2019,PloverBrikalskiPats-2019,0,2332113,3309426,8080920,7899720,-0.268246,unrelated
S301,S360,OkrayRobacks-2019,PloverBrikalskiPats-2019,0,2310440,3227538,8080920,7905479,-0.259260,unrelated
S301,S378,OkrayRobacks-2019,PloverDaveBrSE-2019,0,2201172,3306645,8080920,7709061,-0.279425,unrelated
S301,S379,OkrayRobacks-2019,PloverDaveBrSE-2019,0,2094998,3484759,8080920,7674181,-0.309393,unrelated
S301,S380,OkrayRobacks-2019,PloverDaveBrSE-2019,0,2104822,3353618,8080920,7619782,-0.293134,unrelated
S301,S381,OkrayRobacks-2019,PloverDaveBrSE-2019,0,2102681,3580525,8080920,7357228,-0.327654,unrelated
S301,S382,OkrayRobacks-2019,PloverDaveBrSE-2019,0,2080982,3318035,8080920,7450016,-0.293291,unrelated
S301,S383,OkrayRobacks-2019,PloverDaveBrSE-2019,0,2291506,3295977,8080920,8100805,-0.265760,unrelated
S301,S384,OkrayRobacks-2019,PloverDaveBrSE-2019,0,2269101,3255802,8080920,8223535,-0.260205,unrelated
S301,S402,OkrayRobacks-2019,Wysocki1129-2019,0,2105540,3359686,8080920,7525165,-0.295643,unrelated
S301,S403,OkrayRobacks-2019,Wysocki1129-2019,0,2086693,3341699,8080920,7520277,-0.294638,unrelated
S301,S404,OkrayRobacks-2019,Wysocki1129-2019,0,2173350,3271392,8080920,7928168,-0.272935,unrelated
S301,S405,OkrayRobacks-2019,Wysocki1129-2019,0,2152101,3298867,8080920,7761893,-0.280609,unrelated
S301,S406,OkrayRobacks-2019,Wysocki1129-2019,0,2132132,3369474,8080920,7786192,-0.290337,unrelated
S301,S407,OkrayRobacks-2019,Wysocki1129-2019,0,2088159,3377380,8080920,7717071,-0.295392,unrelated
S301,S408,OkrayRobacks-2019,Wysocki1129-2019,0,2127476,3340437,8080920,7724063,-0.288099,unrelated
S301,S426,OkrayRobacks-2019,Wysocki438-2019,0,2229355,3334830,8080920,7847102,-0.278773,unrelated
S301,S427,OkrayRobacks-2019,Wysocki438-2019,0,2181132,3346688,8080920,7598529,-0.287781,unrelated
S301,S428,OkrayRobacks-2019,Wysocki438-2019,0,2075276,3475335,8080920,7402753,-0.314873,unrelated
S301,S429,OkrayRobacks-2019,Wysocki438-2019,0,2167937,3486884,8080920,7685399,-0.304816,unrelated
S301,S430,OkrayRobacks-2019,Wysocki438-2019,0,2269954,3363048,8080920,7738169,-0.281694,unrelated
S301,S431,OkrayRobacks-2019,Wysocki438-2019,0,2055465,3432333,8080920,7367342,-0.311310,unrelated
S301,S432,OkrayRobacks-2019,Wysocki438-2019,0,2084768,3313824,8080920,7526561,-0.291071,unrelated
S301,S450,OkrayRobacks-2019,Wysocki563-2019,0,2192626,3252850,8080920,7734101,-0.272720,unrelated
S301,S451,OkrayRobacks-2019,Wysocki563-2019,0,1997626,3396213,8080920,7226898,-0.313226,unrelated
S301,S452,OkrayRobacks-2019,Wysocki563-2019,0,2297423,3215018,8080920,7917168,-0.258319,unrelated
S301,S453,OkrayRobacks-2019,Wysocki563-2019,0,2141594,3337548,8080920,7210686,-0.296470,unrelated
S301,S454,OkrayRobacks-2019,Wysocki563-2019,0,2050994,3320781,8080920,7408884,-0.296361,unrelated
S301,S455,OkrayRobacks-2019,Wysocki563-2019,0,2060694,3302880,8080920,7450078,-0.292645,unrelated
S301,S456,OkrayRobacks-2019,Wysocki563-2019,0,2055726,3298712,8080920,7202383,-0.297167,unrelated
S301,S458,OkrayRobacks-2019,Wysocki570-2019,0,2050087,3434502,8080920,7453203,-0.310215,unrelated
S301,S459,OkrayRobacks-2019,Wysocki570-2019,0,2334652,3210715,8080920,7810498,-0.257169,unrelated
S301,S460,OkrayRobacks-2019,Wysocki570-2019,0,2048258,3353060,8080920,7316303,-0.302513,unrelated
S301,S461,OkrayRobacks-2019,Wysocki570-2019,0,2090345,3317728,8080920,7396301,-0.293665,unrelated
S301,S462,OkrayRobacks-2019,Wysocki570-2019,0,2078486,3300311,8080920,7560523,-0.289112,unrelated
S301,S463,OkrayRobacks-2019,Wysocki570-2019,0,2141405,3353026,8080920,7366427,-0.295497,unrelated
S301,S464,OkrayRobacks-2019,Wysocki570-2019,0,2063939,3284622,8080920,7360662,-0.291764,unrelated
S302,S304,OkrayRobacks-2019,OkrayGrosheks40-2019,0,2157831,3064901,8536700,7154938,-0.253127,unrelated
S302,S305,OkrayRobacks-2019,OkrayGrosheks40-2019,0,2435635,2921597,8536700,7779665,-0.208843,unrelated
S302,S306,OkrayRobacks-2019,OkrayGrosheks40-2019,0,3491022,2021336,8536700,11601524,-0.027393,unrelated
S302,S307,OkrayRobacks-2019,OkrayGrosheks40-2019,0,2246207,3115743,8536700,7144597,-0.254142,unrelated
S302,S308,OkrayRobacks-2019,OkrayGrosheks40-2019,0,2366468,2880846,8536700,7750273,-0.208463,unrelated
S302,S309,OkrayRobacks-2019,OkrayGrosheks40-2019,0,2230150,3015563,8536700,7235130,-0.240998,unrelated
S302,S310,OkrayRobacks-2019,OkrayGrosheks40-2019,0,2284329,3025893,8536700,7262608,-0.238457,unrelated
S302,S340,OkrayRobacks-2019,OkrayPFWiper-2019,0,2292271,3005539,8536700,7619222,-0.230182,unrelated
S302,S341,OkrayRobacks-2019,OkrayPFWiper-2019,0,2205501,3156497,8536700,7557563,-0.255215,unrelated
S302,S342,OkrayRobacks-2019,OkrayPFWiper-2019,0,2103899,3107102,8536700,7043704,-0.263812,unrelated
S302,S343,OkrayRobacks-2019,OkrayPFWiper-2019,0,2203562,3081543,8536700,7375799,-0.248831,unrelated
S302,S344,OkrayRobacks-2019,OkrayPFWiper-2019,0,2184533,3292902,8536700,7302502,-0.277872,unrelated
S302,S354,OkrayRobacks-2019,PloverBrikalskiPats-2019,0,2272540,3063735,8536700,7677084,-0.237756,unrelated
S302,S355,OkrayRobacks-2019,PloverBrikalskiPats-2019,0,2344039,2977793,8536700,7759982,-0.221612,unrelated
S302,S356,OkrayRobacks-2019,PloverBrikalskiPats-2019,0,2298134,3212810,8536700,7738582,-0.253605,unrelated
S302,S357,OkrayRobacks-2019,PloverBrikalskiPats-2019,0,2354702,2981763,8536700,7682544,-0.222503,unrelated
S302,S358,OkrayRobacks-2019,PloverBrikalskiPats-2019,0,2369050,3076507,8536700,7701638,-0.233027,unrelated
S302,S359,OkrayRobacks-2019,PloverBrikalskiPats-2019,0,2334288,3093765,8536700,7899720,-0.234433,unrelated
S302,S360,OkrayRobacks-2019,PloverBrikalskiPats-2019,0,2388908,2973292,8536700,7905479,-0.216375,unrelated
S302,S378,OkrayRobacks-2019,PloverDaveBrSE-2019,0,2243081,3120782,8536700,7709061,-0.246125,unrelated
S302,S379,OkrayRobacks-2019,PloverDaveBrSE-2019,0,2351750,3161069,8536700,7674181,-0.244921,unrelated
S302,S380,OkrayRobacks-2019,PloverDaveBrSE-2019,0,2274796,3170968,8536700,7619782,-0.251734,unrelated
S302,S381,OkrayRobacks-2019,PloverDaveBrSE-2019,0,2196410,3312154,8536700,7357228,-0.278591,unrelated
S302,S382,OkrayRobacks-2019,PloverDaveBrSE-2019,0,2240246,3075658,8536700,7450016,-0.244645,unrelated
S302,S383,OkrayRobacks-2019,PloverDaveBrSE-2019,0,2418961,2954565,8536700,8100805,-0.209777,unrelated
S302,S384,OkrayRobacks-2019,PloverDaveBrSE-2019,0,2498439,2972241,8536700,8223535,-0.205608,unrelated
S302,S402,OkrayRobacks-2019,Wysocki1129-2019,0,2291797,3167408,8536700,7525165,-0.251715,unrelated
S302,S403,OkrayRobacks-2019,Wysocki1129-2019,0,2322932,3121935,8536700,7520277,-0.244189,unrelated
S302,S404,OkrayRobacks-2019,Wysocki1129-2019,0,2392655,2975451,8536700,7928168,-0.216111,unrelated
S302,S405,OkrayRobacks-2019,Wysocki1129-2019,0,2353036,2916888,8536700,7761893,-0.213561,unrelated
S302,S406,OkrayRobacks-2019,Wysocki1129-2019,0,2303041,3072649,8536700,7786192,-0.235391,unrelated
S302,S407,OkrayRobacks-2019,Wysocki1129-2019,0,2316348,3028232,8536700,7717071,-0.230108,unrelated
S302,S408,OkrayRobacks-2019,Wysocki1129-2019,0,2335055,3012525,8536700,7724063,-0.226926,unrelated
S302,S426,OkrayRobacks-2019,Wysocki438-2019,0,2303949,3040308,8536700,7847102,-0.230512,unrelated
S302,S427,OkrayRobacks-2019,Wysocki438-2019,0,2277683,2975605,8536700,7598529,-0.227671,unrelated
S302,S428,OkrayRobacks-2019,Wysocki438-2019,0,2196803,3247910,8536700,7402753,-0.269709,unrelated
S302,S429,OkrayRobacks-2019,Wysocki438-2019,0,2321194,3078154,8536700,7685399,-0.236413,unrelated
S302,S430,OkrayRobacks-2019,Wysocki438-2019,0,2263262,3073945,8536700,7738169,-0.238689,unrelated
S302,S431,OkrayRobacks-2019,Wysocki438-2019,0,2225499,3101938,8536700,7367342,-0.250149,unrelated
S302,S432,OkrayRobacks-2019,Wysocki438-2019,0,2271039,3065039,8536700,7526561,-0.240240,unrelated
S302,S450,OkrayRobacks-2019,Wysocki563-2019,0,2304287,3214834,8536700,7734101,-0.253545,unrelated
S302,S451,OkrayRobacks-2019,Wysocki563-2019,0,2228032,3133030,8536700,7226898,-0.256162,unrelated
S302,S452,OkrayRobacks-2019,Wysocki563-2019,0,2375661,3016609,8536700,7917168,-0.222292,unrelated
S302,S453,OkrayRobacks-2019,Wysocki563-2019,0,2253235,3252507,8536700,7210686,-0.269999,unrelated
S302,S454,OkrayRobacks-2019,Wysocki563-2019,0,2258448,2963572,8536700,7408884,-0.230076,unrelated
S302,S455,OkrayRobacks-2019,Wysocki563-2019,0,2286253,2915598,8536700,7450078,-0.221742,unrelated
S302,S456,OkrayRobacks-2019,Wysocki563-2019,0,2225874,3254203,8536700,7202383,-0.272095,unrelated
S302,S458,OkrayRobacks-2019,Wysocki570-2019,0,2275767,3046619,8536700,7453203,-0.238743,unrelated
S302,S459,OkrayRobacks-2019,Wysocki570-2019,0,2315981,3016024,8536700,7810498,-0.227321,unrelated
S302,S460,OkrayRobacks-2019,Wysocki570-2019,0,2248857,3029874,8536700,7316303,-0.240389,unrelated
S302,S461,OkrayRobacks-2019,Wysocki570-2019,0,2240522,3007192,8536700,7396301,-0.236858,unrelated
S302,S462,OkrayRobacks-2019,Wysocki570-2019,0,2295373,2995414,8536700,7560523,-0.229571,unrelated
S302,S463,OkrayRobacks-2019,Wysocki570-2019,0,2251928,3002231,8536700,7366427,-0.235962,unrelated
S302,S464,OkrayRobacks-2019,Wysocki570-2019,0,2188992,3324186,8536700,7360662,-0.280511,unrelated
S304,S305,OkrayGrosheks40-2019,OkrayGrosheks40-2019,1,1986669,3376649,7154938,7779665,-0.319167,unrelated
S304,S306,OkrayGrosheks40-2019,OkrayGrosheks40-2019,1,2920159,2279058,7154938,11601524,-0.087328,unrelated
S304,S307,OkrayGrosheks40-2019,OkrayGrosheks40-2019,1,1845063,3483237,7154938,7144597,-0.358152,unrelated
S304,S308,OkrayGrosheks40-2019,OkrayGrosheks40-2019,1,2055922,3191450,7154938,7750273,-0.290300,unrelated
S304,S309,OkrayGrosheks40-2019,OkrayGrosheks40-2019,1,1862608,3462457,7154938,7235130,-0.351792,unrelated
S304,S310,OkrayGrosheks40-2019,OkrayGrosheks40-2019,1,1826486,3445107,7154938,7262608,-0.351220,unrelated
S304,S340,OkrayGrosheks40-2019,OkrayPFWiper-2019,0,1880095,3420157,7154938,7619222,-0.335736,unrelated
S304,S341,OkrayGrosheks40-2019,OkrayPFWiper-2019,0,1861589,3622153,7154938,7557563,-0.365860,unrelated
S304,S342,OkrayGrosheks40-2019,OkrayPFWiper-2019,0,1763735,3546988,7154938,7043704,-0.375405,unrelated
S304,S343,OkrayGrosheks40-2019,OkrayPFWiper-2019,0,1859996,3546162,7154938,7375799,-0.360087,unrelated
S304,S344,OkrayGrosheks40-2019,OkrayPFWiper-2019,0,1763927,3522693,7154938,7302502,-0.365311,unrelated
S304,S354,OkrayGrosheks40-2019,PloverBrikalskiPats-2019,0,1940072,3385376,7154938,7677084,-0.325693,unrelated
S304,S355,OkrayGrosheks40-2019,PloverBrikalskiPats-2019,0,1980966,3350328,7154938,7759982,-0.316441,unrelated
S304,S356,OkrayGrosheks40-2019,PloverBrikalskiPats-2019,0,1899647,3427387,7154938,7738582,-0.332704,unrelated
S304,S357,OkrayGrosheks40-2019,PloverBrikalskiPats-2019,0,1927849,3419040,7154938,7682544,-0.330934,unrelated
S304,S358,OkrayGrosheks40-2019,PloverBrikalskiPats-2019,0,1908803,3425015,7154938,7701638,-0.332595,unrelated
S304,S359,OkrayGrosheks40-2019,PloverBrikalskiPats-2019,0,1939886,3376609,7154938,7899720,-0.319724,unrelated
S304,S360,OkrayGrosheks40-2019,PloverBrikalskiPats-2019,0,1953692,3482653,7154938,7905479,-0.332767,unrelated
S304,S378,OkrayGrosheks40-2019,PloverDaveBrSE-2019,0,1902948,3561967,7154938,7709061,-0.351250,unrelated
S304,S379,OkrayGrosheks40-2019,PloverDaveBrSE-2019,0,1859395,3478337,7154938,7674181,-0.343734,unrelated
S304,S380,OkrayGrosheks40-2019,PloverDaveBrSE-2019,0,1900607,3559465,7154938,7619782,-0.353193,unrelated
S304,S381,OkrayGrosheks40-2019,PloverDaveBrSE-2019,0,1773101,3635930,7154938,7357228,-0.378907,unrelated
S304,S382,OkrayGrosheks40-2019,PloverDaveBrSE-2019,0,1881537,3471669,7154938,7450016,-0.346581,unrelated
S304,S383,OkrayGrosheks40-2019,PloverDaveBrSE-2019,0,2039613,3293918,7154938,8100805,-0.298132,unrelated
S304,S384,OkrayGrosheks40-2019,PloverDaveBrSE-2019,0,2065923,3230677,7154938,8223535,-0.285817,unrelated
S304,S402,OkrayGrosheks40-2019,Wysocki1129-2019,0,1872582,3555652,7154938,7525165,-0.356859,unrelated
S304,S403,OkrayGrosheks40-2019,Wysocki1129-2019,0,1884260,3452600,7154938,7520277,-0.342137,unrelated
S304,S404,OkrayGrosheks40-2019,Wysocki1129-2019,0,2002883,3283657,7154938,7928168,-0.302619,unrelated
S304,S405,OkrayGrosheks40-2019,Wysocki1129-2019,0,1967161,3486426,7154938,7761893,-0.335573,unrelated
S304,S406,OkrayGrosheks40-2019,Wysocki1129-2019,0,1990414,3317288,7154938,7786192,-0.310831,unrelated
S304,S407,OkrayGrosheks40-2019,Wysocki1129-2019,0,1928091,3384481,7154938,7717071,-0.325502,unrelated
S304,S408,OkrayGrosheks40-2019,Wysocki1129-2019,0,1945869,3403599,7154938,7724063,-0.326724,unrelated
S304,S426,OkrayGrosheks40-2019,Wysocki438-2019,0,1974798,3424217,7154938,7847102,-0.324865,unrelated
S304,S427,OkrayGrosheks40-2019,Wysocki438-2019,0,1879975,3418545,7154938,7598529,-0.335997,unrelated
S304,S428,OkrayGrosheks40-2019,Wysocki438-2019,0,1845714,3623049,7154938,7402753,-0.370964,unrelated
S304,S429,OkrayGrosheks40-2019,Wysocki438-2019,0,1898170,3420167,7154938,7685399,-0.333022,unrelated
S304,S430,OkrayGrosheks40-2019,Wysocki438-2019,0,1930936,3458164,7154938,7738169,-0.334745,unrelated
S304,S431,OkrayGrosheks40-2019,Wysocki438-2019,0,1849772,3518074,7154938,7367342,-0.357132,unrelated
S304,S432,OkrayGrosheks40-2019,Wysocki438-2019,0,1943394,3444649,7154938,7526561,-0.336880,unrelated
S304,S450,OkrayGrosheks40-2019,Wysocki563-2019,0,1951803,3646616,7154938,7734101,-0.358749,unrelated
S304,S451,OkrayGrosheks40-2019,Wysocki563-2019,0,1820351,3609837,7154938,7226898,-0.375427,unrelated
S304,S452,OkrayGrosheks40-2019,Wysocki563-2019,0,1975386,3364225,7154938,7917168,-0.315355,unrelated
S304,S453,OkrayGrosheks40-2019,Wysocki563-2019,0,1766236,3781185,7154938,7210686,-0.403472,unrelated
S304,S454,OkrayGrosheks40-2019,Wysocki563-2019,0,1881902,3520699,7154938,7408884,-0.354268,unrelated
S304,S455,OkrayGrosheks40-2019,Wysocki563-2019,0,1931921,3319111,7154938,7450078,-0.322239,unrelated
S304,S456,OkrayGrosheks40-2019,Wysocki563-2019,0,1787414,3640659,7154938,7202383,-0.382655,unrelated
S304,S458,OkrayGrosheks40-2019,Wysocki570-2019,0,1988760,3256637,7154938,7453203,-0.309726,unrelated
S304,S459,OkrayGrosheks40-2019,Wysocki570-2019,0,1934727,3475404,7154938,7810498,-0.335178,unrelated
S304,S460,OkrayGrosheks40-2019,Wysocki570-2019,0,1901335,3387135,7154938,7316303,-0.336732,unrelated
S304,S461,OkrayGrosheks40-2019,Wysocki570-2019,0,1894797,3460031,7154938,7396301,-0.345350,unrelated
S304,S462,OkrayGrosheks40-2019,Wysocki570-2019,0,1933814,3355254,7154938,7560523,-0.324604,unrelated
S304,S463,OkrayGrosheks40-2019,Wysocki570-2019,0,1842537,3495584,7154938,7366427,-0.354556,unrelated
S304,S464,OkrayGrosheks40-2019,Wysocki570-2019,0,1891575,3691159,7154938,7360662,-0.378265,unrelated
S305,S306,OkrayGrosheks40-2019,OkrayGrosheks40-2019,1,3181312,2241185,7779665,11601524,-0.067130,unrelated
S305,S307,OkrayGrosheks40-2019,OkrayGrosheks40-2019,1,2088072,3387026,7779665,7144597,-0.313984,unrelated
S305,S308,OkrayGrosheks40-2019,OkrayGrosheks40-2019,1,2151308,3209992,7779665,7750273,-0.274868,unrelated
S305,S309,OkrayGrosheks40-2019,OkrayGrosheks40-2019,1,2028557,3262952,7779665,7235130,-0.299528,unrelated
S305,S310,OkrayGrosheks40-2019,OkrayGrosheks40-2019,1,2086494,3336449,7779665,7262608,-0.304901,unrelated
S305,S340,OkrayGrosheks40-2019,OkrayPFWiper-2019,0,2104474,3257877,7779665,7619222,-0.286467,unrelated
S305,S341,OkrayGrosheks40-2019,OkrayPFWiper-2019,0,2009776,3462226,7779665,7557563,-0.320441,unrelated
S305,S342,OkrayGrosheks40-2019,OkrayPFWiper-2019,0,1900328,3445237,7779665,7043704,-0.336640,unrelated
S305,S343,OkrayGrosheks40-2019,OkrayPFWiper-2019,0,2021109,3365390,7779665,7375799,-0.310757,unrelated
S305,S344,OkrayGrosheks40-2019,OkrayPFWiper-2019,0,2028301,3598693,7779665,7302502,-0.342728,unrelated
S305,S354,OkrayGrosheks40-2019,PloverBrikalskiPats-2019,0,2107007,3356317,7779665,7677084,-0.297969,unrelated
S305,S355,OkrayGrosheks40-2019,PloverBrikalskiPats-2019,0,2194515,3259817,7779665,7759982,-0.278328,unrelated
S305,S356,OkrayGrosheks40-2019,PloverBrikalskiPats-2019,0,2174082,3533027,7779665,7738582,-0.315240,unrelated
S305,S357,OkrayGrosheks40-2019,PloverBrikalskiPats-2019,0,2137246,3253768,7779665,7682544,-0.282643,unrelated
S305,S358,OkrayGrosheks40-2019,PloverBrikalskiPats-2019,0,2197319,3360090,7779665,7701638,-0.292150,unrelated
S305,S359,OkrayGrosheks40-2019,PloverBrikalskiPats-2019,0,2170498,3373401,7779665,7899720,-0.291868,unrelated
S305,S360,OkrayGrosheks40-2019,PloverBrikalskiPats-2019,0,2166869,3285645,7779665,7905479,-0.280802,unrelated
S305,S378,OkrayGrosheks40-2019,PloverDaveBrSE-2019,0,2065509,3376743,7779665,7709061,-0.302670,unrelated
S305,S379,OkrayGrosheks40-2019,PloverDaveBrSE-2019,0,2188464,3453763,7779665,7674181,-0.305365,unrelated
S305,S380,OkrayGrosheks40-2019,PloverDaveBrSE-2019,0,2181138,3402977,7779665,7619782,-0.300324,unrelated
S305,S381,OkrayGrosheks40-2019,PloverDaveBrSE-2019,0,2014956,3628503,7779665,7357228,-0.346310,unrelated
S305,S382,OkrayGrosheks40-2019,PloverDaveBrSE-2019,0,2084953,3256326,7779665,7450016,-0.290728,unrelated
S305,S383,OkrayGrosheks40-2019,PloverDaveBrSE-2019,0,2215599,3278277,7779665,8100805,-0.273352,unrelated
S305,S384,OkrayGrosheks40-2019,PloverDaveBrSE-2019,0,2267698,3231020,7779665,8223535,-0.262094,unrelated
S305,S402,OkrayGrosheks40-2019,Wysocki1129-2019,0,2140497,3483112,7779665,7525165,-0.315307,unrelated
S305,S403,OkrayGrosheks40-2019,Wysocki1129-2019,0,2164968,3452022,7779665,7520277,-0.309745,unrelated
S305,S404,OkrayGrosheks40-2019,Wysocki1129-2019,0,2201086,3204320,7779665,7928168,-0.267863,unrelated
S305,S405,OkrayGrosheks40-2019,Wysocki1129-2019,0,2115399,3248344,7779665,7761893,-0.281908,unrelated
S305,S406,OkrayGrosheks40-2019,Wysocki1129-2019,0,2097761,3361832,7779665,7786192,-0.297183,unrelated
S305,S407,OkrayGrosheks40-2019,Wysocki1129-2019,0,2119167,3309417,7779665,7717071,-0.290362,unrelated
S305,S408,OkrayGrosheks40-2019,Wysocki1129-2019,0,2104369,3322416,7779665,7724063,-0.292863,unrelated
S305,S426,OkrayGrosheks40-2019,Wysocki438-2019,0,2092866,3283891,7779665,7847102,-0.286362,unrelated
S305,S427,OkrayGrosheks40-2019,Wysocki438-2019,0,2078372,3283568,7779665,7598529,-0.291891,unrelated
S305,S428,OkrayGrosheks40-2019,Wysocki438-2019,0,1985292,3633943,7779665,7402753,-0.347942,unrelated
S305,S429,OkrayGrosheks40-2019,Wysocki438-2019,0,2106763,3468432,7779665,7685399,-0.312323,unrelated
S305,S430,OkrayGrosheks40-2019,Wysocki438-2019,0,2055458,3391724,7779665,7738169,-0.304681,unrelated
S305,S431,OkrayGrosheks40-2019,Wysocki438-2019,0,2043483,3386747,7779665,7367342,-0.312274,unrelated
S305,S432,OkrayGrosheks40-2019,Wysocki438-2019,0,2051951,3338376,7779665,7526561,-0.302152,unrelated
S305,S450,OkrayGrosheks40-2019,Wysocki563-2019,0,2110842,3560248,7779665,7734101,-0.322917,unrelated
S305,S451,OkrayGrosheks40-2019,Wysocki563-2019,0,2120264,3300286,7779665,7226898,-0.298557,unrelated
S305,S452,OkrayGrosheks40-2019,Wysocki563-2019,0,2214670,3188654,7779665,7917168,-0.265190,unrelated
S305,S453,OkrayGrosheks40-2019,Wysocki563-2019,0,2081101,3567510,7779665,7210686,-0.337145,unrelated
S305,S454,OkrayGrosheks40-2019,Wysocki563-2019,0,2054121,3232294,7779665,7408884,-0.290381,unrelated
S305,S455,OkrayGrosheks40-2019,Wysocki563-2019,0,2056065,3213955,7779665,7450078,-0.287060,unrelated
S305,S456,OkrayGrosheks40-2019,Wysocki563-2019,0,2040437,3543558,7779665,7202383,-0.336848,unrelated
S305,S458,OkrayGrosheks40-2019,Wysocki570-2019,0,2083118,3356927,7779665,7453203,-0.303996,unrelated
S305,S459,OkrayGrosheks40-2019,Wysocki570-2019,0,2139159,3229982,7779665,7810498,-0.277149,unrelated
S305,S460,OkrayGrosheks40-2019,Wysocki570-2019,0,2039571,3332996,7779665,7316303,-0.306467,unrelated
S305,S461,OkrayGrosheks40-2019,Wysocki570-2019,0,2072494,3239362,7779665,7396301,-0.290343,unrelated
S305,S462,OkrayGrosheks40-2019,Wysocki570-2019,0,2105425,3303119,7779665,7560523,-0.293400,unrelated
S305,S463,OkrayGrosheks40-2019,Wysocki570-2019,0,2003175,3278623,7779665,7366427,-0.300676,unrelated
S305,S464,OkrayGrosheks40-2019,Wysocki570-2019,0,2030783,3505140,7779665,7360662,-0.328890,unrelated
S306,S307,OkrayGrosheks40-2019,OkrayGrosheks40-2019,1,4211333,1198566,11601524,7144597,0.096777,2nd
S306,S308,OkrayGrosheks40-2019,OkrayGrosheks40-2019,1,3160659,2213043,11601524,7750273,-0.065391,unrelated
S306,S309,OkrayGrosheks40-2019,OkrayGrosheks40-2019,1,2922344,2265146,11601524,7235130,-0.085363,unrelated
S306,S310,OkrayGrosheks40-2019,OkrayGrosheks40-2019,1,2987176,2336912,11601524,7262608,-0.089410,unrelated
S306,S340,OkrayGrosheks40-2019,OkrayPFWiper-2019,0,3030394,2350237,11601524,7619222,-0.086889,unrelated
S306,S341,OkrayGrosheks40-2019,OkrayPFWiper-2019,0,2917279,2398878,11601524,7557563,-0.098151,unrelated
S306,S342,OkrayGrosheks40-2019,OkrayPFWiper-2019,0,2829971,2353578,11601524,7043704,-0.100679,unrelated
S306,S343,OkrayGrosheks40-2019,OkrayPFWiper-2019,0,2916653,2312018,11601524,7375799,-0.089970,unrelated
S306,S344,OkrayGrosheks40-2019,OkrayPFWiper-2019,0,2899597,2477635,11601524,7302502,-0.108743,unrelated
S306,S354,OkrayGrosheks40-2019,PloverBrikalskiPats-2019,0,3030133,2318578,11601524,7677084,-0.083358,unrelated
S306,S355,OkrayGrosheks40-2019,PloverBrikalskiPats-2019,0,3109311,2237256,11601524,7759982,-0.070511,unrelated
S306,S356,OkrayGrosheks40-2019,PloverBrikalskiPats-2019,0,3042061,2391110,11601524,7738582,-0.089977,unrelated
S306,S357,OkrayGrosheks40-2019,PloverBrikalskiPats-2019,0,3104925,2242938,11601524,7682544,-0.071611,unrelated
S306,S358,OkrayGrosheks40-2019,PloverBrikalskiPats-2019,0,3145126,2274597,11601524,7701638,-0.072738,unrelated
S306,S359,OkrayGrosheks40-2019,PloverBrikalskiPats-2019,0,3150570,2312698,11601524,7899720,-0.075627,unrelated
S306,S360,OkrayGrosheks40-2019,PloverBrikalskiPats-2019,0,3141895,2253972,11601524,7905479,-0.070029,unrelated
S306,S378,OkrayGrosheks40-2019,PloverDaveBrSE-2019,0,3053977,2294347,11601524,7709061,-0.079475,unrelated
S306,S379,OkrayGrosheks40-2019,PloverDaveBrSE-2019,0,3056314,2362044,11601524,7674181,-0.086522,unrelated
S306,S380,OkrayGrosheks40-2019,PloverDaveBrSE-2019,0,3025320,2319588,11601524,7619782,-0.083962,unrelated
S306,S381,OkrayGrosheks40-2019,PloverDaveBrSE-2019,0,2903471,2465603,11601524,7357228,-0.106955,unrelated
S306,S382,OkrayGrosheks40-2019,PloverDaveBrSE-2019,0,3033123,2221005,11601524,7450016,-0.073951,unrelated
S306,S383,OkrayGrosheks40-2019,PloverDaveBrSE-2019,0,3215601,2241494,11601524,8100805,-0.064327,unrelated
S306,S384,OkrayGrosheks40-2019,PloverDaveBrSE-2019,0,3293990,2207013,11601524,8223535,-0.056496,unrelated
S306,S402,OkrayGrosheks40-2019,Wysocki1129-2019,0,3028229,2358466,11601524,7525165,-0.088290,unrelated
S306,S403,OkrayGrosheks40-2019,Wysocki1129-2019,0,3050401,2267877,11601524,7520277,-0.077679,unrelated
S306,S404,OkrayGrosheks40-2019,Wysocki1129-2019,0,3220231,2164387,11601524,7928168,-0.056762,unrelated
S306,S405,OkrayGrosheks40-2019,Wysocki1129-2019,0,3066238,2258639,11601524,7761893,-0.074937,unrelated
S306,S406,OkrayGrosheks40-2019,Wysocki1129-2019,0,3144890,2236208,11601524,7786192,-0.068473,unrelated
S306,S407,OkrayGrosheks40-2019,Wysocki1129-2019,0,3064695,2284443,11601524,7717071,-0.077862,unrelated
S306,S408,OkrayGrosheks40-2019,Wysocki1129-2019,0,3124735,2227274,11601524,7724063,-0.068811,unrelated
S306,S426,OkrayGrosheks40-2019,Wysocki438-2019,0,3097072,2300829,11601524,7847102,-0.077362,unrelated
S306,S427,OkrayGrosheks40-2019,Wysocki438-2019,0,3029542,2336342,11601524,7598529,-0.085580,unrelated
S306,S428,OkrayGrosheks40-2019,Wysocki438-2019,0,2917993,2477299,11601524,7402753,-0.107166,unrelated
S306,S429,OkrayGrosheks40-2019,Wysocki438-2019,0,3031995,2370893,11601524,7685399,-0.088650,unrelated
S306,S430,OkrayGrosheks40-2019,Wysocki438-2019,0,3049417,2295105,11601524,7738169,-0.079670,unrelated
S306,S431,OkrayGrosheks40-2019,Wysocki438-2019,0,2970123,2320419,11601524,7367342,-0.088077,unrelated
S306,S432,OkrayGrosheks40-2019,Wysocki438-2019,0,2999663,2279270,11601524,7526561,-0.081497,unrelated
S306,S450,OkrayGrosheks40-2019,Wysocki563-2019,0,3132397,2396315,11601524,7734101,-0.085864,unrelated
S306,S451,OkrayGrosheks40-2019,Wysocki563-2019,0,2970941,2329835,11601524,7226898,-0.089690,unrelated
S306,S452,OkrayGrosheks40-2019,Wysocki563-2019,0,3211060,2202673,11601524,7917168,-0.061187,unrelated
S306,S453,OkrayGrosheks40-2019,Wysocki563-2019,0,2924324,2491717,11601524,7210686,-0.109456,unrelated
S306,S454,OkrayGrosheks40-2019,Wysocki563-2019,0,3033622,2259729,11601524,7408884,-0.078159,unrelated
S306,S455,OkrayGrosheks40-2019,Wysocki563-2019,0,3049530,2217047,11601524,7450078,-0.072674,unrelated
S306,S456,OkrayGrosheks40-2019,Wysocki563-2019,0,2951310,2429744,11601524,7202383,-0.101478,unrelated
S306,S458,OkrayGrosheks40-2019,Wysocki570-2019,0,3013528,2291046,11601524,7453203,-0.082319,unrelated
S306,S459,OkrayGrosheks40-2019,Wysocki570-2019,0,3138408,2200854,11601524,7810498,-0.065078,unrelated
S306,S460,OkrayGrosheks40-2019,Wysocki570-2019,0,3001296,2262366,11601524,7316303,-0.080529,unrelated
S306,S461,OkrayGrosheks40-2019,Wysocki570-2019,0,2984319,2261856,11601524,7396301,-0.081030,unrelated
S306,S462,OkrayGrosheks40-2019,Wysocki570-2019,0,3118214,2190198,11601524,7560523,-0.065869,unrelated
S306,S463,OkrayGrosheks40-2019,Wysocki570-2019,0,2970773,2299365,11601524,7366427,-0.085827,unrelated
S306,S464,OkrayGrosheks40-2019,Wysocki570-2019,0,2995209,2453330,11601524,7360662,-0.100803,unrelated
S307,S308,OkrayGrosheks40-2019,OkrayGrosheks40-2019,1,1976392,3369047,7144597,7750273,-0.319687,unrelated
S307,S309,OkrayGrosheks40-2019,OkrayGrosheks40-2019,1,1851792,3373571,7144597,7235130,-0.340434,unrelated
S307,S310,OkrayGrosheks40-2019,OkrayGrosheks40-2019,1,1937960,3430944,7144597,7262608,-0.341768,unrelated
S307,S340,OkrayGrosheks40-2019,OkrayPFWiper-2019,0,1903489,3524518,7144597,7619222,-0.348524,unrelated
S307,S341,OkrayGrosheks40-2019,OkrayPFWiper-2019,0,1839014,3572844,7144597,7557563,-0.360945,unrelated
S307,S342,OkrayGrosheks40-2019,OkrayPFWiper-2019,0,1758487,3537288,7144597,7043704,-0.374681,unrelated
S307,S343,OkrayGrosheks40-2019,OkrayPFWiper-2019,0,1843501,3460420,7144597,7375799,-0.349669,unrelated
S307,S344,OkrayGrosheks40-2019,OkrayPFWiper-2019,0,1843030,3682817,7144597,7302502,-0.382264,unrelated
S307,S354,OkrayGrosheks40-2019,PloverBrikalskiPats-2019,0,1886321,3560963,7144597,7677084,-0.353240,unrelated
S307,S355,OkrayGrosheks40-2019,PloverBrikalskiPats-2019,0,1944213,3480394,7144597,7759982,-0.336579,unrelated
S307,S356,OkrayGrosheks40-2019,PloverBrikalskiPats-2019,0,1962607,3666776,7144597,7738582,-0.360874,unrelated
S307,S357,OkrayGrosheks40-2019,PloverBrikalskiPats-2019,0,1945095,3387816,7144597,7682544,-0.325790,unrelated
S307,S358,OkrayGrosheks40-2019,PloverBrikalskiPats-2019,0,1990729,3510692,7144597,7701638,-0.338851,unrelated
S307,S359,OkrayGrosheks40-2019,PloverBrikalskiPats-2019,0,1944997,3469059,7144597,7899720,-0.331894,unrelated
S307,S360,OkrayGrosheks40-2019,PloverBrikalskiPats-2019,0,1980440,3397808,7144597,7905479,-0.319944,unrelated
S307,S378,OkrayGrosheks40-2019,PloverDaveBrSE-2019,0,1915189,3405738,7144597,7709061,-0.329635,unrelated
S307,S379,OkrayGrosheks40-2019,PloverDaveBrSE-2019,0,1978783,3519575,7144597,7674181,-0.341483,unrelated
S307,S380,OkrayGrosheks40-2019,PloverDaveBrSE-2019,0,1994599,3461691,7144597,7619782,-0.333829,unrelated
S307,S381,OkrayGrosheks40-2019,PloverDaveBrSE-2019,0,1847633,3665758,7144597,7357228,-0.378151,unrelated
S307,S382,OkrayGrosheks40-2019,PloverDaveBrSE-2019,0,1876767,3394721,7144597,7450016,-0.336609,unrelated
S307,S383,OkrayGrosheks40-2019,PloverDaveBrSE-2019,0,2007915,3368357,7144597,8100805,-0.310179,unrelated
S307,S384,OkrayGrosheks40-2019,PloverDaveBrSE-2019,0,2027612,3352118,7144597,8223535,-0.304307,unrelated
S307,S402,OkrayGrosheks40-2019,Wysocki1129-2019,0,1962004,3548057,7144597,7525165,-0.349979,unrelated
S307,S403,OkrayGrosheks40-2019,Wysocki1129-2019,0,1964340,3471765,7144597,7520277,-0.339532,unrelated
S307,S404,OkrayGrosheks40-2019,Wysocki1129-2019,0,2001691,3297841,7144597,7928168,-0.304788,unrelated
S307,S405,OkrayGrosheks40-2019,Wysocki1129-2019,0,1910418,3393798,7144597,7761893,-0.327185,unrelated
S307,S406,OkrayGrosheks40-2019,Wysocki1129-2019,0,1972812,3311726,7144597,7786192,-0.311480,unrelated
S307,S407,OkrayGrosheks40-2019,Wysocki1129-2019,0,1920008,3367188,7144597,7717071,-0.323945,unrelated
S307,S408,OkrayGrosheks40-2019,Wysocki1129-2019,0,1954237,3352053,7144597,7724063,-0.319455,unrelated
S307,S426,OkrayGrosheks40-2019,Wysocki438-2019,0,1897351,3439385,7144597,7847102,-0.332278,unrelated
S307,S427,OkrayGrosheks40-2019,Wysocki438-2019,0,1879663,3533556,7144597,7598529,-0.351855,unrelated
S307,S428,OkrayGrosheks40-2019,Wysocki438-2019,0,1834399,3735894,7144597,7402753,-0.387520,unrelated
S307,S429,OkrayGrosheks40-2019,Wysocki438-2019,0,1924088,3569489,7144597,7685399,-0.351645,unrelated
S307,S430,OkrayGrosheks40-2019,Wysocki438-2019,0,1908359,3420057,7144597,7738169,-0.331374,unrelated
S307,S431,OkrayGrosheks40-2019,Wysocki438-2019,0,1895123,3439590,7144597,7367342,-0.343445,unrelated
S307,S432,OkrayGrosheks40-2019,Wysocki438-2019,0,1919941,3386332,7144597,7526561,-0.330766,unrelated
S307,S450,OkrayGrosheks40-2019,Wysocki563-2019,0,1939549,3571262,7144597,7734101,-0.349693,unrelated
S307,S451,OkrayGrosheks40-2019,Wysocki563-2019,0,1936769,3493264,7144597,7226898,-0.351373,unrelated
S307,S452,OkrayGrosheks40-2019,Wysocki563-2019,0,1936131,3378336,7144597,7917168,-0.320052,unrelated
S307,S453,OkrayGrosheks40-2019,Wysocki563-2019,0,1889146,3714113,7144597,7210686,-0.385857,unrelated
S307,S454,OkrayGrosheks40-2019,Wysocki563-2019,0,1913780,3392608,7144597,7408884,-0.334727,unrelated
S307,S455,OkrayGrosheks40-2019,Wysocki563-2019,0,1915755,3345363,7144597,7450078,-0.327172,unrelated
S307,S456,OkrayGrosheks40-2019,Wysocki563-2019,0,1897130,3671412,7144597,7202383,-0.379571,unrelated
S307,S458,OkrayGrosheks40-2019,Wysocki570-2019,0,1931924,3435850,7144597,7453203,-0.338392,unrelated
S307,S459,OkrayGrosheks40-2019,Wysocki570-2019,0,1956624,3285453,7144597,7810498,-0.308542,unrelated
S307,S460,OkrayGrosheks40-2019,Wysocki570-2019,0,1844167,3434868,7144597,7316303,-0.347528,unrelated
S307,S461,OkrayGrosheks40-2019,Wysocki570-2019,0,1886960,3449340,7144597,7396301,-0.344664,unrelated
S307,S462,OkrayGrosheks40-2019,Wysocki570-2019,0,1957799,3289176,7144597,7560523,-0.314214,unrelated
S307,S463,OkrayGrosheks40-2019,Wysocki570-2019,0,1847443,3467588,7144597,7366427,-0.350612,unrelated
S307,S464,OkrayGrosheks40-2019,Wysocki570-2019,0,1854108,3652116,7144597,7360662,-0.375734,unrelated
S308,S309,OkrayGrosheks40-2019,OkrayGrosheks40-2019,1,2012296,3362362,7750273,7235130,-0.314468,unrelated
S308,S310,OkrayGrosheks40-2019,OkrayGrosheks40-2019,1,1990468,3253033,7750273,7262608,-0.300782,unrelated
S308,S340,OkrayGrosheks40-2019,OkrayPFWiper-2019,0,2072035,3299288,7750273,7619222,-0.294515,unrelated
S308,S341,OkrayGrosheks40-2019,OkrayPFWiper-2019,0,1978699,3560267,7750273,7557563,-0.335896,unrelated
S308,S342,OkrayGrosheks40-2019,OkrayPFWiper-2019,0,1908598,3399275,7750273,7043704,-0.330537,unrelated
S308,S343,OkrayGrosheks40-2019,OkrayPFWiper-2019,0,2021433,3487046,7750273,7375799,-0.327425,unrelated
S308,S344,OkrayGrosheks40-2019,OkrayPFWiper-2019,0,1938807,3386619,7750273,7302502,-0.321165,unrelated
S308,S354,OkrayGrosheks40-2019,PloverBrikalskiPats-2019,0,2089365,3224279,7750273,7677084,-0.282563,unrelated
S308,S355,OkrayGrosheks40-2019,PloverBrikalskiPats-2019,0,2195176,3111780,7750273,7759982,-0.259724,unrelated
S308,S356,OkrayGrosheks40-2019,PloverBrikalskiPats-2019,0,2060470,3364982,7750273,7738582,-0.301474,unrelated
S308,S357,OkrayGrosheks40-2019,PloverBrikalskiPats-2019,0,2117259,3214550,7750273,7682544,-0.279394,unrelated
S308,S358,OkrayGrosheks40-2019,PloverBrikalskiPats-2019,0,2083469,3303694,7750273,7701638,-0.292774,unrelated
S308,S359,OkrayGrosheks40-2019,PloverBrikalskiPats-2019,0,2120946,3227402,7750273,7899720,-0.276924,unrelated
S308,S360,OkrayGrosheks40-2019,PloverBrikalskiPats-2019,0,2114379,3357036,7750273,7905479,-0.293802,unrelated
S308,S378,OkrayGrosheks40-2019,PloverDaveBrSE-2019,0,2056672,3444872,7750273,7709061,-0.312631,unrelated
S308,S379,OkrayGrosheks40-2019,PloverDaveBrSE-2019,0,2072350,3302056,7750273,7674181,-0.293804,unrelated
S308,S380,OkrayGrosheks40-2019,PloverDaveBrSE-2019,0,2070984,3385087,7750273,7619782,-0.305737,unrelated
S308,S381,OkrayGrosheks40-2019,PloverDaveBrSE-2019,0,1931301,3443117,7750273,7357228,-0.327978,unrelated
S308,S382,OkrayGrosheks40-2019,PloverDaveBrSE-2019,0,2033541,3413346,7750273,7450016,-0.315333,unrelated
S308,S383,OkrayGrosheks40-2019,PloverDaveBrSE-2019,0,2198371,3157023,7750273,8100805,-0.259646,unrelated
S308,S384,OkrayGrosheks40-2019,PloverDaveBrSE-2019,0,2235485,3156112,7750273,8223535,-0.255214,unrelated
S308,S402,OkrayGrosheks40-2019,Wysocki1129-2019,0,2046794,3455381,7750273,7525165,-0.318418,unrelated
S308,S403,OkrayGrosheks40-2019,Wysocki1129-2019,0,2046863,3353374,7750273,7520277,-0.305155,unrelated
S308,S404,OkrayGrosheks40-2019,Wysocki1129-2019,0,2222448,3145330,7750273,7928168,-0.259478,unrelated
S308,S405,OkrayGrosheks40-2019,Wysocki1129-2019,0,2194918,3272761,7750273,7761893,-0.280464,unrelated
S308,S406,OkrayGrosheks40-2019,Wysocki1129-2019,0,2170447,3180578,7750273,7786192,-0.269734,unrelated
S308,S407,OkrayGrosheks40-2019,Wysocki1129-2019,0,2123081,3232658,7750273,7717071,-0.280736,unrelated
S308,S408,OkrayGrosheks40-2019,Wysocki1129-2019,0,2115040,3268678,7750273,7724063,-0.285784,unrelated
S308,S426,OkrayGrosheks40-2019,Wysocki438-2019,0,2090101,3285584,7750273,7847102,-0.287296,unrelated
S308,S427,OkrayGrosheks40-2019,Wysocki438-2019,0,2063166,3315783,7750273,7598529,-0.297639,unrelated
S308,S428,OkrayGrosheks40-2019,Wysocki438-2019,0,2055929,3441135,7750273,7402753,-0.318507,unrelated
S308,S429,OkrayGrosheks40-2019,Wysocki438-2019,0,2120424,3270684,7750273,7685399,-0.286411,unrelated
S308,S430,OkrayGrosheks40-2019,Wysocki438-2019,0,2062302,3424130,7750273,7738169,-0.309002,unrelated
S308,S431,OkrayGrosheks40-2019,Wysocki438-2019,0,2051216,3335450,7750273,7367342,-0.305583,unrelated
S308,S432,OkrayGrosheks40-2019,Wysocki438-2019,0,2080790,3362986,7750273,7526561,-0.304067,unrelated
S308,S450,OkrayGrosheks40-2019,Wysocki563-2019,0,2153179,3442235,7750273,7734101,-0.305553,unrelated
S308,S451,OkrayGrosheks40-2019,Wysocki563-2019,0,1972277,3424100,7750273,7226898,-0.325557,unrelated
S308,S452,OkrayGrosheks40-2019,Wysocki563-2019,0,2184032,3178441,7750273,7917168,-0.266339,unrelated
S308,S453,OkrayGrosheks40-2019,Wysocki563-2019,0,1957728,3581476,7750273,7210686,-0.347920,unrelated
S308,S454,OkrayGrosheks40-2019,Wysocki563-2019,0,2072723,3320160,7750273,7408884,-0.301309,unrelated
S308,S455,OkrayGrosheks40-2019,Wysocki563-2019,0,2105048,3139952,7750273,7450078,-0.274655,unrelated
S308,S456,OkrayGrosheks40-2019,Wysocki563-2019,0,1954322,3437181,7750273,7202383,-0.329041,unrelated
S308,S458,OkrayGrosheks40-2019,Wysocki570-2019,0,2099725,3222461,7750273,7453203,-0.285803,unrelated
S308,S459,OkrayGrosheks40-2019,Wysocki570-2019,0,2117994,3322875,7750273,7810498,-0.290972,unrelated
S308,S460,OkrayGrosheks40-2019,Wysocki570-2019,0,2046778,3266511,7750273,7316303,-0.297761,unrelated
S308,S461,OkrayGrosheks40-2019,Wysocki570-2019,0,2099890,3293979,7750273,7396301,-0.296309,unrelated
S308,S462,OkrayGrosheks40-2019,Wysocki570-2019,0,2069653,3243462,7750273,7560523,-0.288507,unrelated
S308,S463,OkrayGrosheks40-2019,Wysocki570-2019,0,2036313,3285195,7750273,7366427,-0.299938,unrelated
S308,S464,OkrayGrosheks40-2019,Wysocki570-2019,0,2123175,3486542,7750273,7360662,-0.320954,unrelated
S309,S310,OkrayGrosheks40-2019,OkrayGrosheks40-2019,1,1897593,3364757,7235130,7262608,-0.333288,unrelated
S309,S340,OkrayGrosheks40-2019,OkrayPFWiper-2019,0,1906598,3455072,7235130,7619222,-0.336840,unrelated
S309,S341,OkrayGrosheks40-2019,OkrayPFWiper-2019,0,1878044,3478536,7235130,7557563,-0.343347,unrelated
S309,S342,OkrayGrosheks40-2019,OkrayPFWiper-2019,0,1791827,3474533,7235130,7043704,-0.361181,unrelated
S309,S343,OkrayGrosheks40-2019,OkrayPFWiper-2019,0,1855482,3444556,7235130,7375799,-0.344511,unrelated
S309,S344,OkrayGrosheks40-2019,OkrayPFWiper-2019,0,1786300,3494136,7235130,7302502,-0.357828,unrelated
S309,S354,OkrayGrosheks40-2019,PloverBrikalskiPats-2019,0,1927634,3461137,7235130,7677084,-0.334936,unrelated
S309,S355,OkrayGrosheks40-2019,PloverBrikalskiPats-2019,0,1970297,3454632,7235130,7759982,-0.329372,unrelated
S309,S356,OkrayGrosheks40-2019,PloverBrikalskiPats-2019,0,1898018,3624032,7235130,7738582,-0.357296,unrelated
S309,S357,OkrayGrosheks40-2019,PloverBrikalskiPats-2019,0,1958114,3377878,7235130,7682544,-0.321608,unrelated
S309,S358,OkrayGrosheks40-2019,PloverBrikalskiPats-2019,0,1978489,3367973,7235130,7701638,-0.318506,unrelated
S309,S359,OkrayGrosheks40-2019,PloverBrikalskiPats-2019,0,1977559,3248965,7235130,7899720,-0.298673,unrelated
S309,S360,OkrayGrosheks40-2019,PloverBrikalskiPats-2019,0,1960132,3373931,7235130,7905479,-0.316218,unrelated
S309,S378,OkrayGrosheks40-2019,PloverDaveBrSE-2019,0,1944652,3354785,7235130,7709061,-0.318848,unrelated
S309,S379,OkrayGrosheks40-2019,PloverDaveBrSE-2019,0,1909752,3460121,7235130,7674181,-0.336064,unrelated
S309,S380,OkrayGrosheks40-2019,PloverDaveBrSE-2019,0,1891371,3485647,7235130,7619782,-0.341969,unrelated
S309,S381,OkrayGrosheks40-2019,PloverDaveBrSE-2019,0,1801738,3571323,7235130,7357228,-0.366007,unrelated
S309,S382,OkrayGrosheks40-2019,PloverDaveBrSE-2019,0,1957003,3295571,7235130,7450016,-0.315566,unrelated
S309,S383,OkrayGrosheks40-2019,PloverDaveBrSE-2019,0,2019715,3288832,7235130,8100805,-0.297207,unrelated
S309,S384,OkrayGrosheks40-2019,PloverDaveBrSE-2019,0,2059401,3272297,7235130,8223535,-0.290141,unrelated
S309,S402,OkrayGrosheks40-2019,Wysocki1129-2019,0,1908180,3472434,7235130,7525165,-0.341232,unrelated
S309,S403,OkrayGrosheks40-2019,Wysocki1129-2019,0,1892782,3466567,7235130,7520277,-0.341594,unrelated
S309,S404,OkrayGrosheks40-2019,Wysocki1129-2019,0,2046441,3277421,7235130,7928168,-0.297323,unrelated
S309,S405,OkrayGrosheks40-2019,Wysocki1129-2019,0,2022127,3279282,7235130,7761893,-0.302489,unrelated
S309,S406,OkrayGrosheks40-2019,Wysocki1129-2019,0,1969383,3337377,7235130,7786192,-0.313246,unrelated
S309,S407,OkrayGrosheks40-2019,Wysocki1129-2019,0,1989524,3301416,7235130,7717071,-0.308537,unrelated
S309,S408,OkrayGrosheks40-2019,Wysocki1129-2019,0,1962084,3370382,7235130,7724063,-0.319448,unrelated
S309,S426,OkrayGrosheks40-2019,Wysocki438-2019,0,1942778,3399330,7235130,7847102,-0.321960,unrelated
S309,S427,OkrayGrosheks40-2019,Wysocki438-2019,0,1912379,3457877,7235130,7598529,-0.337299,unrelated
S309,S428,OkrayGrosheks40-2019,Wysocki438-2019,0,1864454,3647707,7235130,7402753,-0.371021,unrelated
S309,S429,OkrayGrosheks40-2019,Wysocki438-2019,0,1892068,3531880,7235130,7685399,-0.346616,unrelated
S309,S430,OkrayGrosheks40-2019,Wysocki438-2019,0,1917670,3386109,7235130,7738169,-0.324214,unrelated
S309,S431,OkrayGrosheks40-2019,Wysocki438-2019,0,1936276,3270459,7235130,7367342,-0.315333,unrelated
S309,S432,OkrayGrosheks40-2019,Wysocki438-2019,0,1974362,3347543,7235130,7526561,-0.319796,unrelated
S309,S450,OkrayGrosheks40-2019,Wysocki563-2019,0,1984319,3551864,7235130,7734101,-0.341995,unrelated
S309,S451,OkrayGrosheks40-2019,Wysocki563-2019,0,1884109,3393735,7235130,7226898,-0.339051,unrelated
S309,S452,OkrayGrosheks40-2019,Wysocki563-2019,0,2012214,3256711,7235130,7917168,-0.297064,unrelated
S309,S453,OkrayGrosheks40-2019,Wysocki563-2019,0,1840684,3628349,7235130,7210686,-0.374919,unrelated
S309,S454,OkrayGrosheks40-2019,Wysocki563-2019,0,1945200,3295926,7235130,7408884,-0.317307,unrelated
S309,S455,OkrayGrosheks40-2019,Wysocki563-2019,0,1962383,3224325,7235130,7450078,-0.305496,unrelated
S309,S456,OkrayGrosheks40-2019,Wysocki563-2019,0,1820014,3608422,7235130,7202383,-0.373806,unrelated
S309,S458,OkrayGrosheks40-2019,Wysocki570-2019,0,1921807,3383401,7235130,7453203,-0.329853,unrelated
S309,S459,OkrayGrosheks40-2019,Wysocki570-2019,0,1975176,3360446,7235130,7810498,-0.315422,unrelated
S309,S460,OkrayGrosheks40-2019,Wysocki570-2019,0,1892420,3343869,7235130,7316303,-0.329543,unrelated
S309,S461,OkrayGrosheks40-2019,Wysocki570-2019,0,1938348,3300197,7235130,7396301,-0.318632,unrelated
S309,S462,OkrayGrosheks40-2019,Wysocki570-2019,0,1965953,3356259,7235130,7560523,-0.320808,unrelated
S309,S463,OkrayGrosheks40-2019,Wysocki570-2019,0,1877140,3443725,7235130,7366427,-0.343135,unrelated
S309,S464,OkrayGrosheks40-2019,Wysocki570-2019,0,1951311,3551584,7235130,7360662,-0.352969,unrelated
S310,S340,OkrayGrosheks40-2019,OkrayPFWiper-2019,0,1965395,3442875,7262608,7619222,-0.330628,unrelated
S310,S341,OkrayGrosheks40-2019,OkrayPFWiper-2019,0,1859932,3580530,7262608,7557563,-0.357697,unrelated
S310,S342,OkrayGrosheks40-2019,OkrayPFWiper-2019,0,1829373,3492197,7262608,7043704,-0.360332,unrelated
S310,S343,OkrayGrosheks40-2019,OkrayPFWiper-2019,0,1885331,3482975,7262608,7375799,-0.347075,unrelated
S310,S344,OkrayGrosheks40-2019,OkrayPFWiper-2019,0,1924754,3622514,7262608,7302502,-0.365275,unrelated
S310,S354,OkrayGrosheks40-2019,PloverBrikalskiPats-2019,0,1900872,3451799,7262608,7677084,-0.334861,unrelated
S310,S355,OkrayGrosheks40-2019,PloverBrikalskiPats-2019,0,1975238,3336643,7262608,7759982,-0.312732,unrelated
S310,S356,OkrayGrosheks40-2019,PloverBrikalskiPats-2019,0,1991852,3460820,7262608,7738582,-0.328626,unrelated
S310,S357,OkrayGrosheks40-2019,PloverBrikalskiPats-2019,0,2042197,3285253,7262608,7682544,-0.302995,unrelated
S310,S358,OkrayGrosheks40-2019,PloverBrikalskiPats-2019,0,2087191,3417231,7262608,7701638,-0.317241,unrelated
S310,S359,OkrayGrosheks40-2019,PloverBrikalskiPats-2019,0,2043683,3427539,7262608,7899720,-0.317326,unrelated
S310,S360,OkrayGrosheks40-2019,PloverBrikalskiPats-2019,0,1969777,3414784,7262608,7905479,-0.320396,unrelated
S310,S378,OkrayGrosheks40-2019,PloverDaveBrSE-2019,0,1941739,3469335,7262608,7709061,-0.333759,unrelated
S310,S379,OkrayGrosheks40-2019,PloverDaveBrSE-2019,0,2049886,3478671,7262608,7674181,-0.328548,unrelated
S310,S380,OkrayGrosheks40-2019,PloverDaveBrSE-2019,0,1978469,3515925,7262608,7619782,-0.339554,unrelated
S310,S381,OkrayGrosheks40-2019,PloverDaveBrSE-2019,0,1922993,3647344,7262608,7357228,-0.367425,unrelated
S310,S382,OkrayGrosheks40-2019,PloverDaveBrSE-2019,0,1890248,3451530,7262608,7450016,-0.340715,unrelated
S310,S383,OkrayGrosheks40-2019,PloverDaveBrSE-2019,0,2035854,3395672,7262608,8100805,-0.309533,unrelated
S310,S384,OkrayGrosheks40-2019,PloverDaveBrSE-2019,0,2127669,3349690,7262608,8223535,-0.295213,unrelated
S310,S402,OkrayGrosheks40-2019,Wysocki1129-2019,0,1978417,3523980,7262608,7525165,-0.342820,unrelated
S310,S403,OkrayGrosheks40-2019,Wysocki1129-2019,0,2018742,3524340,7262608,7520277,-0.340254,unrelated
S310,S404,OkrayGrosheks40-2019,Wysocki1129-2019,0,2066738,3304035,7262608,7928168,-0.298953,unrelated
S310,S405,OkrayGrosheks40-2019,Wysocki1129-2019,0,1963658,3399926,7262608,7761893,-0.321887,unrelated
S310,S406,OkrayGrosheks40-2019,Wysocki1129-2019,0,2009061,3340592,7262608,7786192,-0.310465,unrelated
S310,S407,OkrayGrosheks40-2019,Wysocki1129-2019,0,2014035,3372589,7262608,7717071,-0.315837,unrelated
S310,S408,OkrayGrosheks40-2019,Wysocki1129-2019,0,2019379,3472948,7262608,7724063,-0.328727,unrelated
S310,S426,OkrayGrosheks40-2019,Wysocki438-2019,0,1976702,3476756,7262608,7847102,-0.329378,unrelated
S310,S427,OkrayGrosheks40-2019,Wysocki438-2019,0,1959188,3432094,7262608,7598529,-0.330055,unrelated
S310,S428,OkrayGrosheks40-2019,Wysocki438-2019,0,1847444,3676587,7262608,7402753,-0.375424,unrelated
S310,S429,OkrayGrosheks40-2019,Wysocki438-2019,0,1945055,3415907,7262608,7685399,-0.326917,unrelated
S310,S430,OkrayGrosheks40-2019,Wysocki438-2019,0,1935577,3388532,7262608,7738169,-0.322749,unrelated
S310,S431,OkrayGrosheks40-2019,Wysocki438-2019,0,1906641,3479512,7262608,7367342,-0.345345,unrelated
S310,S432,OkrayGrosheks40-2019,Wysocki438-2019,0,1888156,3434064,7262608,7526561,-0.336731,unrelated
S310,S450,OkrayGrosheks40-2019,Wysocki563-2019,0,1982366,3641738,7262608,7734101,-0.353485,unrelated
S310,S451,OkrayGrosheks40-2019,Wysocki563-2019,0,1931981,3495298,7262608,7226898,-0.349123,unrelated
S310,S452,OkrayGrosheks40-2019,Wysocki563-2019,0,2021226,3425111,7262608,7917168,-0.318120,unrelated
S310,S453,OkrayGrosheks40-2019,Wysocki563-2019,0,1896727,3658514,7262608,7210686,-0.374504,unrelated
S310,S454,OkrayGrosheks40-2019,Wysocki563-2019,0,1933408,3316163,7262608,7408884,-0.320275,unrelated
S310,S455,OkrayGrosheks40-2019,Wysocki563-2019,0,1915608,3380305,7262608,7450078,-0.329308,unrelated
S310,S456,OkrayGrosheks40-2019,Wysocki563-2019,0,1944938,3632542,7262608,7202383,-0.367795,unrelated
S310,S458,OkrayGrosheks40-2019,Wysocki570-2019,0,1948637,3368883,7262608,7453203,-0.325441,unrelated
S310,S459,OkrayGrosheks40-2019,Wysocki570-2019,0,1958324,3396032,7262608,7810498,-0.320686,unrelated
S310,S460,OkrayGrosheks40-2019,Wysocki570-2019,0,1958083,3355941,7262608,7316303,-0.326074,unrelated
S310,S461,OkrayGrosheks40-2019,Wysocki570-2019,0,1916409,3413869,7262608,7396301,-0.335041,unrelated
S310,S462,OkrayGrosheks40-2019,Wysocki570-2019,0,1988459,3349448,7262608,7560523,-0.317776,unrelated
S310,S463,OkrayGrosheks40-2019,Wysocki570-2019,0,1877218,3414988,7262608,7366427,-0.338557,unrelated
S310,S464,OkrayGrosheks40-2019,Wysocki570-2019,0,1885442,3705367,7262608,7360662,-0.377842,unrelated
S340,S341,OkrayPFWiper-2019,OkrayPFWiper-2019,1,1976212,3544673,7619222,7557563,-0.336905,unrelated
S340,S342,OkrayPFWiper-2019,OkrayPFWiper-2019,1,1911948,3569712,7619222,7043704,-0.356510,unrelated
S340,S343,OkrayPFWiper-2019,OkrayPFWiper-2019,1,2002790,3442445,7619222,7375799,-0.325581,unrelated
S340,S344,OkrayPFWiper-2019,OkrayPFWiper-2019,1,1959224,3647445,7619222,7302502,-0.357577,unrelated
S340,S354,OkrayPFWiper-2019,PloverBrikalskiPats-2019,0,1999825,3489323,7619222,7677084,-0.325492,unrelated
S340,S355,OkrayPFWiper-2019,PloverBrikalskiPats-2019,0,2073026,3365768,7619222,7759982,-0.302910,unrelated
S340,S356,OkrayPFWiper-2019,PloverBrikalskiPats-2019,0,2035994,3569292,7619222,7738582,-0.332247,unrelated
S340,S357,OkrayPFWiper-2019,PloverBrikalskiPats-2019,0,2090059,3377431,7619222,7682544,-0.304854,unrelated
S340,S358,OkrayPFWiper-2019,PloverBrikalskiPats-2019,0,2143340,3374714,7619222,7701638,-0.300642,unrelated
S340,S359,OkrayPFWiper-2019,PloverBrikalskiPats-2019,0,2144536,3419347,7619222,7899720,-0.302479,unrelated
S340,S360,OkrayPFWiper-2019,PloverBrikalskiPats-2019,0,2060549,3380246,7619222,7905479,-0.302740,unrelated
S340,S378,OkrayPFWiper-2019,PloverDaveBrSE-2019,0,2017931,3478252,7619222,7709061,-0.322187,unrelated
S340,S379,OkrayPFWiper-2019,PloverDaveBrSE-2019,0,2116669,3535780,7619222,7674181,-0.323989,unrelated
S340,S380,OkrayPFWiper-2019,PloverDaveBrSE-2019,0,2068298,3517919,7619222,7619782,-0.325975,unrelated
S340,S381,OkrayPFWiper-2019,PloverDaveBrSE-2019,0,2011777,3609147,7619222,7357228,-0.347647,unrelated
S340,S382,OkrayPFWiper-2019,PloverDaveBrSE-2019,0,2012360,3472080,7619222,7450016,-0.327276,unrelated
S340,S383,OkrayPFWiper-2019,PloverDaveBrSE-2019,0,2167552,3376536,7619222,8100805,-0.291699,unrelated
S340,S384,OkrayPFWiper-2019,PloverDaveBrSE-2019,0,2221655,3388298,7619222,8223535,-0.287509,unrelated
S340,S402,OkrayPFWiper-2019,Wysocki1129-2019,0,2047570,3523799,7619222,7525165,-0.330157,unrelated
S340,S403,OkrayPFWiper-2019,Wysocki1129-2019,0,2086499,3468881,7619222,7520277,-0.320437,unrelated
S340,S404,OkrayPFWiper-2019,Wysocki1129-2019,0,2168960,3323725,7619222,7928168,-0.288054,unrelated
S340,S405,OkrayPFWiper-2019,Wysocki1129-2019,0,2091031,3386827,7619222,7761893,-0.304440,unrelated
S340,S406,OkrayPFWiper-2019,Wysocki1129-2019,0,2121946,3374459,7619222,7786192,-0.300347,unrelated
S340,S407,OkrayPFWiper-2019,Wysocki1129-2019,0,2102062,3453463,7619222,7717071,-0.313300,unrelated
S340,S408,OkrayPFWiper-2019,Wysocki1129-2019,0,2141491,3329582,7619222,7724063,-0.294440,unrelated
S340,S426,OkrayPFWiper-2019,Wysocki438-2019,0,2065983,3447799,7619222,7847102,-0.312267,unrelated
S340,S427,OkrayPFWiper-2019,Wysocki438-2019,0,2085267,3376125,7619222,7598529,-0.306680,unrelated
S340,S428,OkrayPFWiper-2019,Wysocki438-2019,0,1947962,3658706,7619222,7402753,-0.357440,unrelated
S340,S429,OkrayPFWiper-2019,Wysocki438-2019,0,2053450,3530287,7619222,7685399,-0.327164,unrelated
S340,S430,OkrayPFWiper-2019,Wysocki438-2019,0,2013178,3495384,7619222,7738169,-0.324117,unrelated
S340,S431,OkrayPFWiper-2019,Wysocki438-2019,0,1997739,3515318,7619222,7367342,-0.335827,unrelated
S340,S432,OkrayPFWiper-2019,Wysocki438-2019,0,2010418,3483302,7619222,7526561,-0.327232,unrelated
S340,S450,OkrayPFWiper-2019,Wysocki563-2019,0,2063253,3600967,7619222,7734101,-0.334695,unrelated
S340,S451,OkrayPFWiper-2019,Wysocki563-2019,0,1916812,3470419,7619222,7226898,-0.338407,unrelated
S340,S452,OkrayPFWiper-2019,Wysocki563-2019,0,2081067,3443321,7619222,7917168,-0.309311,unrelated
S340,S453,OkrayPFWiper-2019,Wysocki563-2019,0,1911702,3676086,7619222,7210686,-0.366858,unrelated
S340,S454,OkrayPFWiper-2019,Wysocki563-2019,0,1966107,3358373,7619222,7408884,-0.316117,unrelated
S340,S455,OkrayPFWiper-2019,Wysocki563-2019,0,1984191,3324333,7619222,7450078,-0.309535,unrelated
S340,S456,OkrayPFWiper-2019,Wysocki563-2019,0,1923421,3657899,7619222,7202383,-0.363819,unrelated
S340,S458,OkrayPFWiper-2019,Wysocki570-2019,0,1988134,3423141,7619222,7453203,-0.322320,unrelated
S340,S459,OkrayPFWiper-2019,Wysocki570-2019,0,2037865,3421055,7619222,7810498,-0.311363,unrelated
S340,S460,OkrayPFWiper-2019,Wysocki570-2019,0,1981913,3432435,7619222,7316303,-0.326936,unrelated
S340,S461,OkrayPFWiper-2019,Wysocki570-2019,0,1963514,3412526,7619222,7396301,-0.323767,unrelated
S340,S462,OkrayPFWiper-2019,Wysocki570-2019,0,2025992,3433719,7619222,7560523,-0.318941,unrelated
S340,S463,OkrayPFWiper-2019,Wysocki570-2019,0,1939607,3426244,7619222,7366427,-0.327839,unrelated
S340,S464,OkrayPFWiper-2019,Wysocki570-2019,0,1980773,3617630,7619222,7360662,-0.350770,unrelated
S341,S342,OkrayPFWiper-2019,OkrayPFWiper-2019,1,1831247,3644360,7557563,7043704,-0.373767,unrelated
S341,S343,OkrayPFWiper-2019,OkrayPFWiper-2019,1,1941170,3479126,7557563,7375799,-0.335965,unrelated
S341,S344,OkrayPFWiper-2019,OkrayPFWiper-2019,1,1950171,3696656,7557563,7302502,-0.366293,unrelated
S341,S354,OkrayPFWiper-2019,PloverBrikalskiPats-2019,0,2076835,3605683,7557563,7677084,-0.337030,unrelated
S341,S355,OkrayPFWiper-2019,PloverBrikalskiPats-2019,0,2056101,3516384,7557563,7759982,-0.324900,unrelated
S341,S356,OkrayPFWiper-2019,PloverBrikalskiPats-2019,0,2048799,3635190,7557563,7738582,-0.341366,unrelated
S341,S357,OkrayPFWiper-2019,PloverBrikalskiPats-2019,0,2056929,3450837,7557563,7682544,-0.317894,unrelated
S341,S358,OkrayPFWiper-2019,PloverBrikalskiPats-2019,0,1964298,3640065,7557563,7701638,-0.348369,unrelated
S341,S359,OkrayPFWiper-2019,PloverBrikalskiPats-2019,0,2106635,3474305,7557563,7899720,-0.313249,unrelated
S341,S360,OkrayPFWiper-2019,PloverBrikalskiPats-2019,0,2143778,3397955,7557563,7905479,-0.300855,unrelated
S341,S378,OkrayPFWiper-2019,PloverDaveBrSE-2019,0,2106419,3400233,7557563,7709061,-0.307471,unrelated
S341,S379,OkrayPFWiper-2019,PloverDaveBrSE-2019,0,2003094,3565249,7557563,7674181,-0.336626,unrelated
S341,S380,OkrayPFWiper-2019,PloverDaveBrSE-2019,0,1988857,3569195,7557563,7619782,-0.339291,unrelated
S341,S381,OkrayPFWiper-2019,PloverDaveBrSE-2019,0,1997978,3535998,7557563,7357228,-0.340200,unrelated
S341,S382,OkrayPFWiper-2019,PloverDaveBrSE-2019,0,1950227,3553823,7557563,7450016,-0.343654,unrelated
S341,S383,OkrayPFWiper-2019,PloverDaveBrSE-2019,0,2177440,3401216,7557563,8100805,-0.295369,unrelated
S341,S384,OkrayPFWiper-2019,PloverDaveBrSE-2019,0,2152929,3402082,7557563,8223535,-0.294735,unrelated
S341,S402,OkrayPFWiper-2019,Wysocki1129-2019,0,1961498,3495595,7557563,7525165,-0.333474,unrelated
S341,S403,OkrayPFWiper-2019,Wysocki1129-2019,0,1918303,3638418,7557563,7520277,-0.355391,unrelated
S341,S404,OkrayPFWiper-2019,Wysocki1129-2019,0,2100240,3429080,7557563,7928168,-0.307245,unrelated
S341,S405,OkrayPFWiper-2019,Wysocki1129-2019,0,2038710,3447985,7557563,7761893,-0.317065,unrelated
S341,S406,OkrayPFWiper-2019,Wysocki1129-2019,0,2081648,3435883,7557563,7786192,-0.312187,unrelated
S341,S407,OkrayPFWiper-2019,Wysocki1129-2019,0,1996701,3540612,7557563,7717071,-0.332874,unrelated
S341,S408,OkrayPFWiper-2019,Wysocki1129-2019,0,2044533,3488985,7557563,7724063,-0.322835,unrelated
S341,S426,OkrayPFWiper-2019,Wysocki438-2019,0,2146355,3467869,7557563,7847102,-0.310905,unrelated
S341,S427,OkrayPFWiper-2019,Wysocki438-2019,0,2005961,3591129,7557563,7598529,-0.341532,unrelated
S341,S428,OkrayPFWiper-2019,Wysocki438-2019,0,1961486,3635645,7557563,7402753,-0.354926,unrelated
S341,S429,OkrayPFWiper-2019,Wysocki438-2019,0,2073463,3563636,7557563,7685399,-0.331550,unrelated
S341,S430,OkrayPFWiper-2019,Wysocki438-2019,0,2110433,3476275,7557563,7738169,-0.316567,unrelated
S341,S431,OkrayPFWiper-2019,Wysocki438-2019,0,1937520,3517957,7557563,7367342,-0.341603,unrelated
S341,S432,OkrayPFWiper-2019,Wysocki438-2019,0,1957914,3508178,7557563,7526561,-0.335349,unrelated
S341,S450,OkrayPFWiper-2019,Wysocki563-2019,0,2018162,3501435,7557563,7734101,-0.325976,unrelated
S341,S451,OkrayPFWiper-2019,Wysocki563-2019,0,1872532,3541071,7557563,7226898,-0.352371,unrelated
S341,S452,OkrayPFWiper-2019,Wysocki563-2019,0,2141319,3457034,7557563,7917168,-0.308422,unrelated
S341,S453,OkrayPFWiper-2019,Wysocki563-2019,0,1915414,3558355,7557563,7210686,-0.352194,unrelated
S341,S454,OkrayPFWiper-2019,Wysocki563-2019,0,1944294,3443198,7557563,7408884,-0.330212,unrelated
S341,S455,OkrayPFWiper-2019,Wysocki563-2019,0,1947723,3431000,7557563,7450078,-0.327452,unrelated
S341,S456,OkrayPFWiper-2019,Wysocki563-2019,0,1881200,3589619,7557563,7202383,-0.358947,unrelated
S341,S458,OkrayPFWiper-2019,Wysocki570-2019,0,1928140,3582064,7557563,7453203,-0.348816,unrelated
S341,S459,OkrayPFWiper-2019,Wysocki570-2019,0,2116890,3428294,7557563,7810498,-0.308412,unrelated
S341,S460,OkrayPFWiper-2019,Wysocki570-2019,0,1879403,3535072,7557563,7316303,-0.348984,unrelated
S341,S461,OkrayPFWiper-2019,Wysocki570-2019,0,1929799,3437520,7557563,7396301,-0.330700,unrelated
S341,S462,OkrayPFWiper-2019,Wysocki570-2019,0,1944746,3507099,7557563,7560523,-0.335324,unrelated
S341,S463,OkrayPFWiper-2019,Wysocki570-2019,0,2015599,3533899,7557563,7366427,-0.338529,unrelated
S341,S464,OkrayPFWiper-2019,Wysocki570-2019,0,1900495,3587250,7557563,7360662,-0.353528,unrelated
S342,S343,OkrayPFWiper-2019,OkrayPFWiper-2019,1,1862555,3581561,7043704,7375799,-0.367597,unrelated
S342,S344,OkrayPFWiper-2019,OkrayPFWiper-2019,1,1791718,3743977,7043704,7302502,-0.397055,unrelated
S342,S354,OkrayPFWiper-2019,PloverBrikalskiPats-2019,0,1838662,3565114,7043704,7677084,-0.359462,unrelated
S342,S355,OkrayPFWiper-2019,PloverBrikalskiPats-2019,0,1947597,3499142,7043704,7759982,-0.341178,unrelated
S342,S356,OkrayPFWiper-2019,PloverBrikalskiPats-2019,0,1850168,3658121,7043704,7738582,-0.369772,unrelated
S342,S357,OkrayPFWiper-2019,PloverBrikalskiPats-2019,0,1931880,3483844,7043704,7682544,-0.341961,unrelated
S342,S358,OkrayPFWiper-2019,PloverBrikalskiPats-2019,0,1930910,3549822,7043704,7701638,-0.350533,unrelated
S342,S359,OkrayPFWiper-2019,PloverBrikalskiPats-2019,0,1956665,3496856,7043704,7899720,-0.337074,unrelated
S342,S360,OkrayPFWiper-2019,PloverBrikalskiPats-2019,0,1906313,3453420,7043704,7905479,-0.334502,unrelated
S342,S378,OkrayPFWiper-2019,PloverDaveBrSE-2019,0,1906984,3523481,7043704,7709061,-0.348408,unrelated
S342,S379,OkrayPFWiper-2019,PloverDaveBrSE-2019,0,1929442,3589592,7043704,7674181,-0.356691,unrelated
S342,S380,OkrayPFWiper-2019,PloverDaveBrSE-2019,0,1888518,3568273,7043704,7619782,-0.357898,unrelated
S342,S381,OkrayPFWiper-2019,PloverDaveBrSE-2019,0,1830999,3700350,7043704,7357228,-0.386760,unrelated
S342,S382,OkrayPFWiper-2019,PloverDaveBrSE-2019,0,1868680,3465865,7043704,7450016,-0.349327,unrelated
S342,S383,OkrayPFWiper-2019,PloverDaveBrSE-2019,0,1990146,3480783,7043704,8100805,-0.328266,unrelated
S342,S384,OkrayPFWiper-2019,PloverDaveBrSE-2019,0,2067370,3415015,7043704,8223535,-0.311953,unrelated
S342,S402,OkrayPFWiper-2019,Wysocki1129-2019,0,1862025,3623390,7043704,7525165,-0.369607,unrelated
S342,S403,OkrayPFWiper-2019,Wysocki1129-2019,0,1884678,3530251,7043704,7520277,-0.355385,unrelated
S342,S404,OkrayPFWiper-2019,Wysocki1129-2019,0,2028057,3363816,7043704,7928168,-0.313894,unrelated
S342,S405,OkrayPFWiper-2019,Wysocki1129-2019,0,1951572,3442537,7043704,7761893,-0.333219,unrelated
S342,S406,OkrayPFWiper-2019,Wysocki1129-2019,0,1967986,3451484,7043704,7786192,-0.332773,unrelated
S342,S407,OkrayPFWiper-2019,Wysocki1129-2019,0,1940841,3486910,7043704,7717071,-0.340970,unrelated
S342,S408,OkrayPFWiper-2019,Wysocki1129-2019,0,1931093,3567790,7043704,7724063,-0.352422,unrelated
S342,S426,OkrayPFWiper-2019,Wysocki438-2019,0,1941627,3585061,7043704,7847102,-0.351122,unrelated
S342,S427,OkrayPFWiper-2019,Wysocki438-2019,0,1865982,3564446,7043704,7598529,-0.359434,unrelated
S342,S428,OkrayPFWiper-2019,Wysocki438-2019,0,1805527,3762948,7043704,7402753,-0.395970,unrelated
S342,S429,OkrayPFWiper-2019,Wysocki438-2019,0,1893247,3501437,7043704,7685399,-0.346907,unrelated
S342,S430,OkrayPFWiper-2019,Wysocki438-2019,0,1903011,3486829,7043704,7738169,-0.343031,unrelated
S342,S431,OkrayPFWiper-2019,Wysocki438-2019,0,1856694,3493879,7043704,7367342,-0.356051,unrelated
S342,S432,OkrayPFWiper-2019,Wysocki438-2019,0,1879620,3527576,7043704,7526561,-0.355212,unrelated
S342,S450,OkrayPFWiper-2019,Wysocki563-2019,0,1935559,3701546,7043704,7734101,-0.369983,unrelated
S342,S451,OkrayPFWiper-2019,Wysocki563-2019,0,1759030,3624049,7043704,7226898,-0.384642,unrelated
S342,S452,OkrayPFWiper-2019,Wysocki563-2019,0,1933466,3439910,7043704,7917168,-0.330619,unrelated
S342,S453,OkrayPFWiper-2019,Wysocki563-2019,0,1731281,3808013,7043704,7210686,-0.412837,unrelated
S342,S454,OkrayPFWiper-2019,Wysocki563-2019,0,1830729,3489730,7043704,7408884,-0.356250,unrelated
S342,S455,OkrayPFWiper-2019,Wysocki563-2019,0,1873655,3454614,7043704,7450078,-0.347430,unrelated
S342,S456,OkrayPFWiper-2019,Wysocki563-2019,0,1787772,3705976,7043704,7202383,-0.394788,unrelated
S342,S458,OkrayPFWiper-2019,Wysocki570-2019,0,1825932,3521637,7043704,7453203,-0.359893,unrelated
S342,S459,OkrayPFWiper-2019,Wysocki570-2019,0,1890677,3491417,7043704,7810498,-0.342809,unrelated
S342,S460,OkrayPFWiper-2019,Wysocki570-2019,0,1820009,3579674,7043704,7316303,-0.371820,unrelated
S342,S461,OkrayPFWiper-2019,Wysocki570-2019,0,1828996,3525309,7043704,7396301,-0.361608,unrelated
S342,S462,OkrayPFWiper-2019,Wysocki570-2019,0,1908379,3451031,7043704,7560523,-0.341934,unrelated
S342,S463,OkrayPFWiper-2019,Wysocki570-2019,0,1821600,3530785,7043704,7366427,-0.363631,unrelated
S342,S464,OkrayPFWiper-2019,Wysocki570-2019,0,1824342,3781650,7043704,7360662,-0.398418,unrelated
S343,S344,OkrayPFWiper-2019,OkrayPFWiper-2019,1,1832280,3697880,7375799,7302502,-0.379028,unrelated
S343,S354,OkrayPFWiper-2019,PloverBrikalskiPats-2019,0,1953639,3597236,7375799,7677084,-0.348161,unrelated
S343,S355,OkrayPFWiper-2019,PloverBrikalskiPats-2019,0,2028121,3555669,7375799,7759982,-0.335841,unrelated
S343,S356,OkrayPFWiper-2019,PloverBrikalskiPats-2019,0,1934520,3657161,7375799,7738582,-0.355939,unrelated
S343,S357,OkrayPFWiper-2019,PloverBrikalskiPats-2019,0,1961698,3454258,7375799,7682544,-0.328510,unrelated
S343,S358,OkrayPFWiper-2019,PloverBrikalskiPats-2019,0,1981998,3418914,7375799,7701638,-0.322059,unrelated
S343,S359,OkrayPFWiper-2019,PloverBrikalskiPats-2019,0,2002894,3454587,7375799,7899720,-0.321186,unrelated
S343,S360,OkrayPFWiper-2019,PloverBrikalskiPats-2019,0,2020563,3464147,7375799,7905479,-0.321160,unrelated
S343,S378,OkrayPFWiper-2019,PloverDaveBrSE-2019,0,1999564,3450837,7375799,7709061,-0.324969,unrelated
S343,S379,OkrayPFWiper-2019,PloverDaveBrSE-2019,0,1988924,3539836,7375799,7674181,-0.338256,unrelated
S343,S380,OkrayPFWiper-2019,PloverDaveBrSE-2019,0,2033503,3472884,7375799,7619782,-0.327581,unrelated
S343,S381,OkrayPFWiper-2019,PloverDaveBrSE-2019,0,1849540,3661485,7375799,7357228,-0.371507,unrelated
S343,S382,OkrayPFWiper-2019,PloverDaveBrSE-2019,0,1948097,3466406,7375799,7450016,-0.336219,unrelated
S343,S383,OkrayPFWiper-2019,PloverDaveBrSE-2019,0,2059437,3454981,7375799,8100805,-0.313410,unrelated
S343,S384,OkrayPFWiper-2019,PloverDaveBrSE-2019,0,2127698,3351405,7375799,8223535,-0.293289,unrelated
S343,S402,OkrayPFWiper-2019,Wysocki1129-2019,0,1945225,3550447,7375799,7525165,-0.345996,unrelated
S343,S403,OkrayPFWiper-2019,Wysocki1129-2019,0,1959176,3520635,7375799,7520277,-0.341170,unrelated
S343,S404,OkrayPFWiper-2019,Wysocki1129-2019,0,2047209,3409828,7375799,7928168,-0.311844,unrelated
S343,S405,OkrayPFWiper-2019,Wysocki1129-2019,0,2038724,3433433,7375799,7761893,-0.318948,unrelated
S343,S406,OkrayPFWiper-2019,Wysocki1129-2019,0,1999654,3435609,7375799,7786192,-0.321301,unrelated
S343,S407,OkrayPFWiper-2019,Wysocki1129-2019,0,1993901,3476671,7375799,7717071,-0.328595,unrelated
S343,S408,OkrayPFWiper-2019,Wysocki1129-2019,0,1985646,3477186,7375799,7724063,-0.329058,unrelated
S343,S426,OkrayPFWiper-2019,Wysocki438-2019,0,2013928,3531403,7375799,7847102,-0.331663,unrelated
S343,S427,OkrayPFWiper-2019,Wysocki438-2019,0,1926507,3494350,7375799,7598529,-0.338058,unrelated
S343,S428,OkrayPFWiper-2019,Wysocki438-2019,0,1902398,3787023,7375799,7402753,-0.383776,unrelated
S343,S429,OkrayPFWiper-2019,Wysocki438-2019,0,1960791,3532619,7375799,7685399,-0.338914,unrelated
S343,S430,OkrayPFWiper-2019,Wysocki438-2019,0,1962661,3472382,7375799,7738169,-0.329636,unrelated
S343,S431,OkrayPFWiper-2019,Wysocki438-2019,0,1912719,3535388,7375799,7367342,-0.349861,unrelated
S343,S432,OkrayPFWiper-2019,Wysocki438-2019,0,1982353,3408042,7375799,7526561,-0.324360,unrelated
S343,S450,OkrayPFWiper-2019,Wysocki563-2019,0,1991540,3706672,7375799,7734101,-0.358825,unrelated
S343,S451,OkrayPFWiper-2019,Wysocki563-2019,0,1874664,3489634,7375799,7226898,-0.349566,unrelated
S343,S452,OkrayPFWiper-2019,Wysocki563-2019,0,1984642,3495508,7375799,7917168,-0.327364,unrelated
S343,S453,OkrayPFWiper-2019,Wysocki563-2019,0,1826655,3717616,7375799,7210686,-0.384505,unrelated
S343,S454,OkrayPFWiper-2019,Wysocki563-2019,0,1914180,3432581,7375799,7408884,-0.334872,unrelated
S343,S455,OkrayPFWiper-2019,Wysocki563-2019,0,1942660,3393021,7375799,7450078,-0.326684,unrelated
S343,S456,OkrayPFWiper-2019,Wysocki563-2019,0,1826243,3719335,7375799,7202383,-0.384988,unrelated
S343,S458,OkrayPFWiper-2019,Wysocki570-2019,0,1916129,3540661,7375799,7453203,-0.348317,unrelated
S343,S459,OkrayPFWiper-2019,Wysocki570-2019,0,1996906,3432684,7375799,7810498,-0.320583,unrelated
S343,S460,OkrayPFWiper-2019,Wysocki570-2019,0,1898232,3495822,7375799,7316303,-0.346677,unrelated
S343,S461,OkrayPFWiper-2019,Wysocki570-2019,0,1927904,3439282,7375799,7396301,-0.335136,unrelated
S343,S462,OkrayPFWiper-2019,Wysocki570-2019,0,1960013,3375342,7375799,7560523,-0.320740,unrelated
S343,S463,OkrayPFWiper-2019,Wysocki570-2019,0,1905312,3504619,7375799,7366427,-0.346211,unrelated
S343,S464,OkrayPFWiper-2019,Wysocki570-2019,0,1902189,3707706,7375799,7360662,-0.374121,unrelated
S344,S354,OkrayPFWiper-2019,PloverBrikalskiPats-2019,0,2046423,3535043,7302502,7677084,-0.335367,unrelated
S344,S355,OkrayPFWiper-2019,PloverBrikalskiPats-2019,0,1944525,3563023,7302502,7759982,-0.344002,unrelated
S344,S356,OkrayPFWiper-2019,PloverBrikalskiPats-2019,0,2200132,3612550,7302502,7738582,-0.334083,unrelated
S344,S357,OkrayPFWiper-2019,PloverBrikalskiPats-2019,0,1955470,3544967,7302502,7682544,-0.342639,unrelated
S344,S358,OkrayPFWiper-2019,PloverBrikalskiPats-2019,0,2020247,3639551,7302502,7701638,-0.350494,unrelated
S344,S359,OkrayPFWiper-2019,PloverBrikalskiPats-2019,0,2205138,3328716,7302502,7899720,-0.292871,unrelated
S344,S360,OkrayPFWiper-2019,PloverBrikalskiPats-2019,0,2069889,3567790,7302502,7905479,-0.333094,unrelated
S344,S378,OkrayPFWiper-2019,PloverDaveBrSE-2019,0,1973129,3613797,7302502,7709061,-0.350028,unrelated
S344,S379,OkrayPFWiper-2019,PloverDaveBrSE-2019,0,2060443,3618082,7302502,7674181,-0.345585,unrelated
S344,S380,OkrayPFWiper-2019,PloverDaveBrSE-2019,0,1951840,3776476,7302502,7619782,-0.375352,unrelated
S344,S381,OkrayPFWiper-2019,PloverDaveBrSE-2019,0,2034672,3758396,7302502,7357228,-0.373958,unrelated
S344,S382,OkrayPFWiper-2019,PloverDaveBrSE-2019,0,1857172,3628974,7302502,7450016,-0.366092,unrelated
S344,S383,OkrayPFWiper-2019,PloverDaveBrSE-2019,0,2148132,3374438,7302502,8100805,-0.298685,unrelated
S344,S384,OkrayPFWiper-2019,PloverDaveBrSE-2019,0,2122891,3452566,7302502,8223535,-0.308014,unrelated
S344,S402,OkrayPFWiper-2019,Wysocki1129-2019,0,1988446,3689966,7302502,7525165,-0.363610,unrelated
S344,S403,OkrayPFWiper-2019,Wysocki1129-2019,0,1948304,3739612,7302502,7520277,-0.373137,unrelated
S344,S404,OkrayPFWiper-2019,Wysocki1129-2019,0,2021087,3515184,7302502,7928168,-0.328894,unrelated
S344,S405,OkrayPFWiper-2019,Wysocki1129-2019,0,1921034,3497186,7302502,7761893,-0.336777,unrelated
S344,S406,OkrayPFWiper-2019,Wysocki1129-2019,0,1991499,3515022,7302502,7786192,-0.333929,unrelated
S344,S407,OkrayPFWiper-2019,Wysocki1129-2019,0,1984874,3478631,7302502,7717071,-0.331061,unrelated
S344,S408,OkrayPFWiper-2019,Wysocki1129-2019,0,1971898,3511920,7302502,7724063,-0.336201,unrelated
S344,S426,OkrayPFWiper-2019,Wysocki438-2019,0,2065222,3573758,7302502,7847102,-0.335474,unrelated
S344,S427,OkrayPFWiper-2019,Wysocki438-2019,0,1981015,3613734,7302502,7598529,-0.352087,unrelated
S344,S428,OkrayPFWiper-2019,Wysocki438-2019,0,1889139,3659033,7302502,7402753,-0.369183,unrelated
S344,S429,OkrayPFWiper-2019,Wysocki438-2019,0,2028778,3634526,7302502,7685399,-0.349634,unrelated
S344,S430,OkrayPFWiper-2019,Wysocki438-2019,0,2048758,3538170,7302502,7738169,-0.334266,unrelated
S344,S431,OkrayPFWiper-2019,Wysocki438-2019,0,1868187,3503307,7302502,7367342,-0.350271,unrelated
S344,S432,OkrayPFWiper-2019,Wysocki438-2019,0,1869053,3545921,7302502,7526561,-0.352200,unrelated
S344,S450,OkrayPFWiper-2019,Wysocki563-2019,0,1987754,3464724,7302502,7734101,-0.328644,unrelated
S344,S451,OkrayPFWiper-2019,Wysocki563-2019,0,1893170,3711332,7302502,7226898,-0.380573,unrelated
S344,S452,OkrayPFWiper-2019,Wysocki563-2019,0,2107410,3518546,7302502,7917168,-0.323902,unrelated
S344,S453,OkrayPFWiper-2019,Wysocki563-2019,0,1922125,3713433,7302502,7210686,-0.379292,unrelated
S344,S454,OkrayPFWiper-2019,Wysocki563-2019,0,1817003,3668411,7302502,7408884,-0.375207,unrelated
S344,S455,OkrayPFWiper-2019,Wysocki563-2019,0,1870193,3539018,7302502,7450078,-0.353012,unrelated
S344,S456,OkrayPFWiper-2019,Wysocki563-2019,0,1928462,3678650,7302502,7202383,-0.374277,unrelated
S344,S458,OkrayPFWiper-2019,Wysocki570-2019,0,1854849,3514609,7302502,7453203,-0.350669,unrelated
S344,S459,OkrayPFWiper-2019,Wysocki570-2019,0,2042909,3584079,7302502,7810498,-0.339128,unrelated
S344,S460,OkrayPFWiper-2019,Wysocki570-2019,0,1877266,3482330,7302502,7316303,-0.348003,unrelated
S344,S461,OkrayPFWiper-2019,Wysocki570-2019,0,1824607,3635273,7302502,7396301,-0.370502,unrelated
S344,S462,OkrayPFWiper-2019,Wysocki570-2019,0,1917008,3553426,7302502,7560523,-0.349178,unrelated
S344,S463,OkrayPFWiper-2019,Wysocki570-2019,0,1906938,3660340,7302502,7366427,-0.369062,unrelated
S344,S464,OkrayPFWiper-2019,Wysocki570-2019,0,1881852,3454213,7302502,7360662,-0.342803,unrelated
S354,S355,PloverBrikalskiPats-2019,PloverBrikalskiPats-2019,1,2079768,3286516,7677084,7759982,-0.291070,unrelated
S354,S356,PloverBrikalskiPats-2019,PloverBrikalskiPats-2019,1,2190595,3380747,7677084,7738582,-0.296510,unrelated
S354,S357,PloverBrikalskiPats-2019,PloverBrikalskiPats-2019,1,2041725,3372982,7677084,7682544,-0.306273,unrelated
S354,S358,PloverBrikalskiPats-2019,PloverBrikalskiPats-2019,1,2032246,3393685,7677084,7701638,-0.309202,unrelated
S354,S359,PloverBrikalskiPats-2019,PloverBrikalskiPats-2019,1,2243302,3354084,7677084,7899720,-0.286636,unrelated
S354,S360,PloverBrikalskiPats-2019,PloverBrikalskiPats-2019,1,2192276,3460164,7677084,7905479,-0.303419,unrelated
S354,S378,PloverBrikalskiPats-2019,PloverDaveBrSE-2019,0,2114286,3481443,7677084,7709061,-0.315128,unrelated
S354,S379,PloverBrikalskiPats-2019,PloverDaveBrSE-2019,0,2034802,3436895,7677084,7674181,-0.315218,unrelated
S354,S380,PloverBrikalskiPats-2019,PloverDaveBrSE-2019,0,2017101,3499291,7677084,7619782,-0.325654,unrelated
S354,S381,PloverBrikalskiPats-2019,PloverDaveBrSE-2019,0,1994698,3526261,7677084,7357228,-0.336419,unrelated
S354,S382,PloverBrikalskiPats-2019,PloverDaveBrSE-2019,0,2021221,3471774,7677084,7450016,-0.325398,unrelated
S354,S383,PloverBrikalskiPats-2019,PloverDaveBrSE-2019,0,2246156,3280231,7677084,8100805,-0.273440,unrelated
S354,S384,PloverBrikalskiPats-2019,PloverDaveBrSE-2019,0,2228052,3245678,7677084,8223535,-0.268122,unrelated
S354,S402,PloverBrikalskiPats-2019,Wysocki1129-2019,0,1971332,3618235,7677084,7525165,-0.346339,unrelated
S354,S403,PloverBrikalskiPats-2019,Wysocki1129-2019,0,1962851,3509063,7677084,7520277,-0.332642,unrelated
S354,S404,PloverBrikalskiPats-2019,Wysocki1129-2019,0,2132707,3278958,7677084,7928168,-0.283572,unrelated
S354,S405,PloverBrikalskiPats-2019,Wysocki1129-2019,0,2089505,3466007,7677084,7761893,-0.313655,unrelated
S354,S406,PloverBrikalskiPats-2019,Wysocki1129-2019,0,2100901,3294374,7677084,7786192,-0.290226,unrelated
S354,S407,PloverBrikalskiPats-2019,Wysocki1129-2019,0,2042406,3435593,7677084,7717071,-0.313676,unrelated
S354,S408,PloverBrikalskiPats-2019,Wysocki1129-2019,0,2037696,3374951,7677084,7724063,-0.305965,unrelated
S354,S426,PloverBrikalskiPats-2019,Wysocki438-2019,0,2180665,3340688,7677084,7847102,-0.289916,unrelated
S354,S427,PloverBrikalskiPats-2019,Wysocki438-2019,0,2077979,3369754,7677084,7598529,-0.305162,unrelated
S354,S428,PloverBrikalskiPats-2019,Wysocki438-2019,0,2076935,3388838,7677084,7402753,-0.311724,unrelated
S354,S429,PloverBrikalskiPats-2019,Wysocki438-2019,0,2146365,3345565,7677084,7685399,-0.295835,unrelated
S354,S430,PloverBrikalskiPats-2019,Wysocki438-2019,0,2198122,3424362,7677084,7738169,-0.301688,unrelated
S354,S431,PloverBrikalskiPats-2019,Wysocki438-2019,0,1943049,3558653,7677084,7367342,-0.343932,unrelated
S354,S432,PloverBrikalskiPats-2019,Wysocki438-2019,0,2002279,3526188,7677084,7526561,-0.332164,unrelated
S354,S450,PloverBrikalskiPats-2019,Wysocki563-2019,0,2121058,3318597,7677084,7734101,-0.293043,unrelated
S354,S451,PloverBrikalskiPats-2019,Wysocki563-2019,0,1893114,3585668,7677084,7226898,-0.354148,unrelated
S354,S452,PloverBrikalskiPats-2019,Wysocki563-2019,0,2194884,3268444,7677084,7917168,-0.278436,unrelated
S354,S453,PloverBrikalskiPats-2019,Wysocki563-2019,0,1950869,3545850,7677084,7210686,-0.345306,unrelated
S354,S454,PloverBrikalskiPats-2019,Wysocki563-2019,0,1968646,3489530,7677084,7408884,-0.332124,unrelated
S354,S455,PloverBrikalskiPats-2019,Wysocki563-2019,0,1990961,3326886,7677084,7450078,-0.308241,unrelated
S354,S456,PloverBrikalskiPats-2019,Wysocki563-2019,0,1923407,3463887,7677084,7202383,-0.336327,unrelated
S354,S458,PloverBrikalskiPats-2019,Wysocki570-2019,0,2063754,3265929,7677084,7453203,-0.295309,unrelated
S354,S459,PloverBrikalskiPats-2019,Wysocki570-2019,0,2201524,3412291,7677084,7810498,-0.298501,unrelated
S354,S460,PloverBrikalskiPats-2019,Wysocki570-2019,0,1983884,3372267,7677084,7316303,-0.317517,unrelated
S354,S461,PloverBrikalskiPats-2019,Wysocki570-2019,0,1972277,3494000,7677084,7396301,-0.332754,unrelated
S354,S462,PloverBrikalskiPats-2019,Wysocki570-2019,0,2013767,3404226,7677084,7560523,-0.314661,unrelated
S354,S463,PloverBrikalskiPats-2019,Wysocki570-2019,0,2032208,3416885,7677084,7366427,-0.319178,unrelated
S354,S464,PloverBrikalskiPats-2019,Wysocki570-2019,0,1994404,3390031,7677084,7360662,-0.318243,unrelated
S355,S356,PloverBrikalskiPats-2019,PloverBrikalskiPats-2019,1,2096773,3390174,7759982,7738582,-0.302194,unrelated
S355,S357,PloverBrikalskiPats-2019,PloverBrikalskiPats-2019,1,2155196,3228832,7759982,7682544,-0.278612,unrelated
S355,S358,PloverBrikalskiPats-2019,PloverBrikalskiPats-2019,1,2108682,3341578,7759982,7701638,-0.295860,unrelated
S355,S359,PloverBrikalskiPats-2019,PloverBrikalskiPats-2019,1,2106471,3384220,7759982,7899720,-0.297705,unrelated
S355,S360,PloverBrikalskiPats-2019,PloverBrikalskiPats-2019,1,2131391,3422845,7759982,7905479,-0.300936,unrelated
S355,S378,PloverBrikalskiPats-2019,PloverDaveBrSE-2019,0,2048374,3524794,7759982,7709061,-0.323305,unrelated
S355,S379,PloverBrikalskiPats-2019,PloverDaveBrSE-2019,0,2116809,3318145,7759982,7674181,-0.292823,unrelated
S355,S380,PloverBrikalskiPats-2019,PloverDaveBrSE-2019,0,2080992,3444201,7759982,7619782,-0.312580,unrelated
S355,S381,PloverBrikalskiPats-2019,PloverDaveBrSE-2019,0,1964246,3502731,7759982,7357228,-0.333475,unrelated
S355,S382,PloverBrikalskiPats-2019,PloverDaveBrSE-2019,0,2054077,3508223,7759982,7450016,-0.326257,unrelated
S355,S383,PloverBrikalskiPats-2019,PloverDaveBrSE-2019,0,2248079,3158801,7759982,8100805,-0.256578,unrelated
S355,S384,PloverBrikalskiPats-2019,PloverDaveBrSE-2019,0,2275893,3157244,7759982,8223535,-0.252672,unrelated
S355,S402,PloverBrikalskiPats-2019,Wysocki1129-2019,0,2097920,3464116,7759982,7525165,-0.316013,unrelated
S355,S403,PloverBrikalskiPats-2019,Wysocki1129-2019,0,2049023,3405206,7759982,7520277,-0.311604,unrelated
S355,S404,PloverBrikalskiPats-2019,Wysocki1129-2019,0,2214020,3255716,7759982,7928168,-0.273927,unrelated
S355,S405,PloverBrikalskiPats-2019,Wysocki1129-2019,0,2127635,3372644,7759982,7761893,-0.297493,unrelated
S355,S406,PloverBrikalskiPats-2019,Wysocki1129-2019,0,2154047,3275587,7759982,7786192,-0.282843,unrelated
S355,S407,PloverBrikalskiPats-2019,Wysocki1129-2019,0,2143855,3268924,7759982,7717071,-0.283904,unrelated
S355,S408,PloverBrikalskiPats-2019,Wysocki1129-2019,0,2139125,3285612,7759982,7724063,-0.286237,unrelated
S355,S426,PloverBrikalskiPats-2019,Wysocki438-2019,0,2141747,3253453,7759982,7847102,-0.279691,unrelated
S355,S427,PloverBrikalskiPats-2019,Wysocki438-2019,0,2082836,3364920,7759982,7598529,-0.302569,unrelated
S355,S428,PloverBrikalskiPats-2019,Wysocki438-2019,0,2004063,3593036,7759982,7402753,-0.341760,unrelated
S355,S429,PloverBrikalskiPats-2019,Wysocki438-2019,0,2105112,3324393,7759982,7685399,-0.294177,unrelated
S355,S430,PloverBrikalskiPats-2019,Wysocki438-2019,0,2053859,3445103,7759982,7738169,-0.312060,unrelated
S355,S431,PloverBrikalskiPats-2019,Wysocki438-2019,0,2045088,3414529,7759982,7367342,-0.316247,unrelated
S355,S432,PloverBrikalskiPats-2019,Wysocki438-2019,0,2084483,3457253,7759982,7526561,-0.315966,unrelated
S355,S450,PloverBrikalskiPats-2019,Wysocki563-2019,0,2108580,3548111,7759982,7734101,-0.321906,unrelated
S355,S451,PloverBrikalskiPats-2019,Wysocki563-2019,0,1966817,3527256,7759982,7226898,-0.339477,unrelated
S355,S452,PloverBrikalskiPats-2019,Wysocki563-2019,0,2180351,3160880,7759982,7917168,-0.264168,unrelated
S355,S453,PloverBrikalskiPats-2019,Wysocki563-2019,0,1944168,3667433,7759982,7210686,-0.360084,unrelated
S355,S454,PloverBrikalskiPats-2019,Wysocki563-2019,0,2067994,3380965,7759982,7408884,-0.309445,unrelated
S355,S455,PloverBrikalskiPats-2019,Wysocki563-2019,0,2078912,3219879,7759982,7450078,-0.286708,unrelated
S355,S456,PloverBrikalskiPats-2019,Wysocki563-2019,0,1946404,3585291,7759982,7202383,-0.349155,unrelated
S355,S458,PloverBrikalskiPats-2019,Wysocki570-2019,0,2091633,3204421,7759982,7453203,-0.283781,unrelated
S355,S459,PloverBrikalskiPats-2019,Wysocki570-2019,0,2084444,3381952,7759982,7810498,-0.300534,unrelated
S355,S460,PloverBrikalskiPats-2019,Wysocki570-2019,0,1979632,3385732,7759982,7316303,-0.317839,unrelated
S355,S461,PloverBrikalskiPats-2019,Wysocki570-2019,0,2044536,3380425,7759982,7396301,-0.311179,unrelated
S355,S462,PloverBrikalskiPats-2019,Wysocki570-2019,0,2078623,3327704,7759982,7560523,-0.298736,unrelated
S355,S463,PloverBrikalskiPats-2019,Wysocki570-2019,0,1994761,3378311,7759982,7366427,-0.314804,unrelated
S355,S464,PloverBrikalskiPats-2019,Wysocki570-2019,0,1993249,3630008,7759982,7360662,-0.348316,unrelated
S356,S357,PloverBrikalskiPats-2019,PloverBrikalskiPats-2019,1,2020584,3445763,7738582,7682544,-0.315862,unrelated
S356,S358,PloverBrikalskiPats-2019,PloverBrikalskiPats-2019,1,2135388,3543752,7738582,7701638,-0.320728,unrelated
S356,S359,PloverBrikalskiPats-2019,PloverBrikalskiPats-2019,1,2291091,3446536,7738582,7899720,-0.294276,unrelated
S356,S360,PloverBrikalskiPats-2019,PloverBrikalskiPats-2019,1,2208664,3441158,7738582,7905479,-0.298749,unrelated
S356,S378,PloverBrikalskiPats-2019,PloverDaveBrSE-2019,0,2106594,3548788,7738582,7709061,-0.323090,unrelated
S356,S379,PloverBrikalskiPats-2019,PloverDaveBrSE-2019,0,2129303,3575843,7738582,7674181,-0.325859,unrelated
S356,S380,PloverBrikalskiPats-2019,PloverDaveBrSE-2019,0,2092894,3664881,7738582,7619782,-0.340978,unrelated
S356,S381,PloverBrikalskiPats-2019,PloverDaveBrSE-2019,0,2108180,3720781,7738582,7357228,-0.353302,unrelated
S356,S382,PloverBrikalskiPats-2019,PloverDaveBrSE-2019,0,1988224,3545829,7738582,7450016,-0.336004,unrelated
S356,S383,PloverBrikalskiPats-2019,PloverDaveBrSE-2019,0,2230548,3343308,7738582,8100805,-0.281328,unrelated
S356,S384,PloverBrikalskiPats-2019,PloverDaveBrSE-2019,0,2202770,3363875,7738582,8223535,-0.283482,unrelated
S356,S402,PloverBrikalskiPats-2019,Wysocki1129-2019,0,2071128,3648994,7738582,7525165,-0.342436,unrelated
S356,S403,PloverBrikalskiPats-2019,Wysocki1129-2019,0,2055633,3563458,7738582,7520277,-0.332350,unrelated
S356,S404,PloverBrikalskiPats-2019,Wysocki1129-2019,0,2127152,3383895,7738582,7928168,-0.296209,unrelated
S356,S405,PloverBrikalskiPats-2019,Wysocki1129-2019,0,2059047,3513774,7738582,7761893,-0.320539,unrelated
S356,S406,PloverBrikalskiPats-2019,Wysocki1129-2019,0,2069608,3354029,7738582,7786192,-0.298777,unrelated
S356,S407,PloverBrikalskiPats-2019,Wysocki1129-2019,0,2039480,3478458,7738582,7717071,-0.318164,unrelated
S356,S408,PloverBrikalskiPats-2019,Wysocki1129-2019,0,2072799,3491770,7738582,7724063,-0.317587,unrelated
S356,S426,PloverBrikalskiPats-2019,Wysocki438-2019,0,2167055,3402966,7738582,7847102,-0.297637,unrelated
S356,S427,PloverBrikalskiPats-2019,Wysocki438-2019,0,2111769,3454198,7738582,7598529,-0.312746,unrelated
S356,S428,PloverBrikalskiPats-2019,Wysocki438-2019,0,2033385,3473390,7738582,7402753,-0.324502,unrelated
S356,S429,PloverBrikalskiPats-2019,Wysocki438-2019,0,2178765,3365743,7738582,7685399,-0.295172,unrelated
S356,S430,PloverBrikalskiPats-2019,Wysocki438-2019,0,2201407,3480102,7738582,7738169,-0.307480,unrelated
S356,S431,PloverBrikalskiPats-2019,Wysocki438-2019,0,1978126,3655372,7738582,7367342,-0.353015,unrelated
S356,S432,PloverBrikalskiPats-2019,Wysocki438-2019,0,1957726,3585876,7738582,7526561,-0.341564,unrelated
S356,S450,PloverBrikalskiPats-2019,Wysocki563-2019,0,2072087,3404478,7738582,7734101,-0.306144,unrelated
S356,S451,PloverBrikalskiPats-2019,Wysocki563-2019,0,1989001,3676630,7738582,7226898,-0.358442,unrelated
S356,S452,PloverBrikalskiPats-2019,Wysocki563-2019,0,2199801,3363291,7738582,7917168,-0.289145,unrelated
S356,S453,PloverBrikalskiPats-2019,Wysocki563-2019,0,2058187,3646143,7738582,7210686,-0.350124,unrelated
S356,S454,PloverBrikalskiPats-2019,Wysocki563-2019,0,1941064,3575080,7738582,7408884,-0.343892,unrelated
S356,S455,PloverBrikalskiPats-2019,Wysocki563-2019,0,1931386,3452304,7738582,7450078,-0.327430,unrelated
S356,S456,PloverBrikalskiPats-2019,Wysocki563-2019,0,2036181,3557929,7738582,7202383,-0.339983,unrelated
S356,S458,PloverBrikalskiPats-2019,Wysocki570-2019,0,2024986,3291534,7738582,7453203,-0.300036,unrelated
S356,S459,PloverBrikalskiPats-2019,Wysocki570-2019,0,2194546,3439589,7738582,7810498,-0.301280,unrelated
S356,S460,PloverBrikalskiPats-2019,Wysocki570-2019,0,1922826,3495096,7738582,7316303,-0.336593,unrelated
S356,S461,PloverBrikalskiPats-2019,Wysocki570-2019,0,1960614,3589117,7738582,7396301,-0.344741,unrelated
S356,S462,PloverBrikalskiPats-2019,Wysocki570-2019,0,2005476,3394470,7738582,7560523,-0.312663,unrelated
S356,S463,PloverBrikalskiPats-2019,Wysocki570-2019,0,2014502,3515424,7738582,7366427,-0.332098,unrelated
S356,S464,PloverBrikalskiPats-2019,Wysocki570-2019,0,1971178,3406130,7738582,7360662,-0.320618,unrelated
S357,S358,PloverBrikalskiPats-2019,PloverBrikalskiPats-2019,1,2110807,3408653,7682544,7701638,-0.305931,unrelated
S357,S359,PloverBrikalskiPats-2019,PloverBrikalskiPats-2019,1,2147286,3332641,7682544,7899720,-0.289945,unrelated
S357,S360,PloverBrikalskiPats-2019,PloverBrikalskiPats-2019,1,2128309,3310608,7682544,7905479,-0.288228,unrelated
S357,S378,PloverBrikalskiPats-2019,PloverDaveBrSE-2019,0,2047999,3421225,7682544,7709061,-0.311498,unrelated
S357,S379,PloverBrikalskiPats-2019,PloverDaveBrSE-2019,0,2103234,3379111,7682544,7674181,-0.303124,unrelated
S357,S380,PloverBrikalskiPats-2019,PloverDaveBrSE-2019,0,2029492,3435855,7682544,7619782,-0.316437,unrelated
S357,S381,PloverBrikalskiPats-2019,PloverDaveBrSE-2019,0,1960794,3485787,7682544,7357228,-0.333169,unrelated
S357,S382,PloverBrikalskiPats-2019,PloverDaveBrSE-2019,0,2026833,3422958,7682544,7450016,-0.318458,unrelated
S357,S383,PloverBrikalskiPats-2019,PloverDaveBrSE-2019,0,2239416,3191975,7682544,8100805,-0.262589,unrelated
S357,S384,PloverBrikalskiPats-2019,PloverDaveBrSE-2019,0,2300234,3188192,7682544,8223535,-0.256264,unrelated
S357,S402,PloverBrikalskiPats-2019,Wysocki1129-2019,0,2055931,3422845,7682544,7525165,-0.314956,unrelated
S357,S403,PloverBrikalskiPats-2019,Wysocki1129-2019,0,2069683,3387015,7682544,7520277,-0.309439,unrelated
S357,S404,PloverBrikalskiPats-2019,Wysocki1129-2019,0,2233044,3275246,7682544,7928168,-0.276570,unrelated
S357,S405,PloverBrikalskiPats-2019,Wysocki1129-2019,0,2086074,3343731,7682544,7761893,-0.297932,unrelated
S357,S406,PloverBrikalskiPats-2019,Wysocki1129-2019,0,2236404,3250860,7682544,7786192,-0.275738,unrelated
S357,S407,PloverBrikalskiPats-2019,Wysocki1129-2019,0,2125994,3355313,7682544,7717071,-0.297711,unrelated
S357,S408,PloverBrikalskiPats-2019,Wysocki1129-2019,0,2163149,3264274,7682544,7724063,-0.283346,unrelated
S357,S426,PloverBrikalskiPats-2019,Wysocki438-2019,0,2101780,3410130,7682544,7847102,-0.303837,unrelated
S357,S427,PloverBrikalskiPats-2019,Wysocki438-2019,0,2081282,3372424,7682544,7598529,-0.305186,unrelated
S357,S428,PloverBrikalskiPats-2019,Wysocki438-2019,0,1994517,3549632,7682544,7402753,-0.338392,unrelated
S357,S429,PloverBrikalskiPats-2019,Wysocki438-2019,0,2077472,3303072,7682544,7685399,-0.294683,unrelated
S357,S430,PloverBrikalskiPats-2019,Wysocki438-2019,0,2083415,3324450,7682544,7738169,-0.296062,unrelated
S357,S431,PloverBrikalskiPats-2019,Wysocki438-2019,0,2013811,3342809,7682544,7367342,-0.310421,unrelated
S357,S432,PloverBrikalskiPats-2019,Wysocki438-2019,0,2070222,3362430,7682544,7526561,-0.306043,unrelated
S357,S450,PloverBrikalskiPats-2019,Wysocki563-2019,0,2079642,3563264,7682544,7734101,-0.327366,unrelated
S357,S451,PloverBrikalskiPats-2019,Wysocki563-2019,0,1954919,3424140,7682544,7226898,-0.328206,unrelated
S357,S452,PloverBrikalskiPats-2019,Wysocki563-2019,0,2115740,3329208,7682544,7917168,-0.291203,unrelated
S357,S453,PloverBrikalskiPats-2019,Wysocki563-2019,0,1933578,3584214,7682544,7210686,-0.351492,unrelated
S357,S454,PloverBrikalskiPats-2019,Wysocki563-2019,0,2041545,3341986,7682544,7408884,-0.307620,unrelated
S357,S455,PloverBrikalskiPats-2019,Wysocki563-2019,0,2060756,3307550,7682544,7450078,-0.300962,unrelated
S357,S456,PloverBrikalskiPats-2019,Wysocki563-2019,0,1974146,3552767,7682544,7202383,-0.344737,unrelated
S357,S458,PloverBrikalskiPats-2019,Wysocki570-2019,0,2071467,3295641,7682544,7453203,-0.298619,unrelated
S357,S459,PloverBrikalskiPats-2019,Wysocki570-2019,0,2079655,3327597,7682544,7810498,-0.295329,unrelated
S357,S460,PloverBrikalskiPats-2019,Wysocki570-2019,0,2036439,3297360,7682544,7316303,-0.303909,unrelated
S357,S461,PloverBrikalskiPats-2019,Wysocki570-2019,0,2024820,3341782,7682544,7396301,-0.308959,unrelated
S357,S462,PloverBrikalskiPats-2019,Wysocki570-2019,0,2103473,3302146,7682544,7560523,-0.295270,unrelated
S357,S463,PloverBrikalskiPats-2019,Wysocki570-2019,0,2012982,3366057,7682544,7366427,-0.313585,unrelated
S357,S464,PloverBrikalskiPats-2019,Wysocki570-2019,0,2033616,3618088,7682544,7360662,-0.345841,unrelated
S358,S359,PloverBrikalskiPats-2019,PloverBrikalskiPats-2019,1,2186973,3367249,7701638,7899720,-0.291483,unrelated
S358,S360,PloverBrikalskiPats-2019,PloverBrikalskiPats-2019,1,2096147,3388627,7701638,7905479,-0.299934,unrelated
S358,S378,PloverBrikalskiPats-2019,PloverDaveBrSE-2019,0,2054829,3436832,7701638,7709061,-0.312694,unrelated
S358,S379,PloverBrikalskiPats-2019,PloverDaveBrSE-2019,0,2181356,3554834,7701638,7674181,-0.320524,unrelated
S358,S380,PloverBrikalskiPats-2019,PloverDaveBrSE-2019,0,2137028,3526593,7701638,7619782,-0.320868,unrelated
S358,S381,PloverBrikalskiPats-2019,PloverDaveBrSE-2019,0,2082419,3634604,7701638,7357228,-0.344434,unrelated
S358,S382,PloverBrikalskiPats-2019,PloverDaveBrSE-2019,0,2038380,3477508,7701638,7450016,-0.324495,unrelated
S358,S383,PloverBrikalskiPats-2019,PloverDaveBrSE-2019,0,2162855,3413092,7701638,8100805,-0.295102,unrelated
S358,S384,PloverBrikalskiPats-2019,PloverDaveBrSE-2019,0,2303655,3232817,7701638,8223535,-0.261346,unrelated
S358,S402,PloverBrikalskiPats-2019,Wysocki1129-2019,0,2086850,3570194,7701638,7525165,-0.331884,unrelated
S358,S403,PloverBrikalskiPats-2019,Wysocki1129-2019,0,2190033,3485396,7701638,7520277,-0.314071,unrelated
S358,S404,PloverBrikalskiPats-2019,Wysocki1129-2019,0,2192804,3364555,7701638,7928168,-0.290234,unrelated
S358,S405,PloverBrikalskiPats-2019,Wysocki1129-2019,0,2102317,3394198,7701638,7761893,-0.303041,unrelated
S358,S406,PloverBrikalskiPats-2019,Wysocki1129-2019,0,2138019,3383719,7701638,7786192,-0.298907,unrelated
S358,S407,PloverBrikalskiPats-2019,Wysocki1129-2019,0,2126770,3442890,7701638,7717071,-0.308652,unrelated
S358,S408,PloverBrikalskiPats-2019,Wysocki1129-2019,0,2135775,3420449,7701638,7724063,-0.305018,unrelated
S358,S426,PloverBrikalskiPats-2019,Wysocki438-2019,0,2110419,3399040,7701638,7847102,-0.301482,unrelated
S358,S427,PloverBrikalskiPats-2019,Wysocki438-2019,0,2046394,3446794,7701638,7598529,-0.316807,unrelated
S358,S428,PloverBrikalskiPats-2019,Wysocki438-2019,0,1969462,3680294,7701638,7402753,-0.356924,unrelated
S358,S429,PloverBrikalskiPats-2019,Wysocki438-2019,0,2059069,3488156,7701638,7685399,-0.319570,unrelated
S358,S430,PloverBrikalskiPats-2019,Wysocki438-2019,0,2043838,3455988,7701638,7738169,-0.315298,unrelated
S358,S431,PloverBrikalskiPats-2019,Wysocki438-2019,0,2020146,3520463,7701638,7367342,-0.333186,unrelated
S358,S432,PloverBrikalskiPats-2019,Wysocki438-2019,0,2068259,3369570,7701638,7526561,-0.306726,unrelated
S358,S450,PloverBrikalskiPats-2019,Wysocki563-2019,0,2116117,3571284,7701638,7734101,-0.325637,unrelated
S358,S451,PloverBrikalskiPats-2019,Wysocki563-2019,0,2074376,3508429,7701638,7226898,-0.331076,unrelated
S358,S452,PloverBrikalskiPats-2019,Wysocki563-2019,0,2149037,3376619,7701638,7917168,-0.294786,unrelated
S358,S453,PloverBrikalskiPats-2019,Wysocki563-2019,0,2013804,3761929,7701638,7210686,-0.369497,unrelated
S358,S454,PloverBrikalskiPats-2019,Wysocki563-2019,0,2023357,3414971,7701638,7408884,-0.318095,unrelated
S358,S455,PloverBrikalskiPats-2019,Wysocki563-2019,0,2046308,3345406,7701638,7450078,-0.306533,unrelated
S358,S456,PloverBrikalskiPats-2019,Wysocki563-2019,0,2005273,3753132,7701638,7202383,-0.369094,unrelated
S358,S458,PloverBrikalskiPats-2019,Wysocki570-2019,0,2030928,3401959,7701638,7453203,-0.314948,unrelated
S358,S459,PloverBrikalskiPats-2019,Wysocki570-2019,0,2071022,3422603,7701638,7810498,-0.307771,unrelated
S358,S460,PloverBrikalskiPats-2019,Wysocki570-2019,0,2014664,3380048,7701638,7316303,-0.315984,unrelated
S358,S461,PloverBrikalskiPats-2019,Wysocki570-2019,0,2046605,3352415,7701638,7396301,-0.308534,unrelated
S358,S462,PloverBrikalskiPats-2019,Wysocki570-2019,0,2116674,3317416,7701638,7560523,-0.296037,unrelated
S358,S463,PloverBrikalskiPats-2019,Wysocki570-2019,0,1966581,3463213,7701638,7366427,-0.329163,unrelated
S358,S464,PloverBrikalskiPats-2019,Wysocki570-2019,0,2000769,3682260,7701638,7360662,-0.356104,unrelated
S359,S360,PloverBrikalskiPats-2019,PloverBrikalskiPats-2019,1,2236039,3363310,7899720,7905479,-0.284120,unrelated
S359,S378,PloverBrikalskiPats-2019,PloverDaveBrSE-2019,0,2171637,3318974,7899720,7709061,-0.286141,unrelated
S359,S379,PloverBrikalskiPats-2019,PloverDaveBrSE-2019,0,2111927,3462895,7899720,7674181,-0.309098,unrelated
S359,S380,PloverBrikalskiPats-2019,PloverDaveBrSE-2019,0,2073594,3517870,7899720,7619782,-0.319736,unrelated
S359,S381,PloverBrikalskiPats-2019,PloverDaveBrSE-2019,0,2118797,3543747,7899720,7357228,-0.325668,unrelated
S359,S382,PloverBrikalskiPats-2019,PloverDaveBrSE-2019,0,2080183,3371111,7899720,7450016,-0.303721,unrelated
S359,S383,PloverBrikalskiPats-2019,PloverDaveBrSE-2019,0,2297259,3263906,7899720,8100805,-0.264401,unrelated
S359,S384,PloverBrikalskiPats-2019,PloverDaveBrSE-2019,0,2294604,3248595,7899720,8223535,-0.260654,unrelated
S359,S402,PloverBrikalskiPats-2019,Wysocki1129-2019,0,2045740,3505280,7899720,7525165,-0.321871,unrelated
S359,S403,PloverBrikalskiPats-2019,Wysocki1129-2019,0,2092337,3467185,7899720,7520277,-0.314010,unrelated
S359,S404,PloverBrikalskiPats-2019,Wysocki1129-2019,0,2179959,3328474,7899720,7928168,-0.282854,unrelated
S359,S405,PloverBrikalskiPats-2019,Wysocki1129-2019,0,2116340,3291542,7899720,7761893,-0.285203,unrelated
S359,S406,PloverBrikalskiPats-2019,Wysocki1129-2019,0,2182543,3285740,7899720,7786192,-0.279801,unrelated
S359,S407,PloverBrikalskiPats-2019,Wysocki1129-2019,0,2128880,3309177,7899720,7717071,-0.287477,unrelated
S359,S408,PloverBrikalskiPats-2019,Wysocki1129-2019,0,2155249,3375058,7899720,7724063,-0.294094,unrelated
S359,S426,PloverBrikalskiPats-2019,Wysocki438-2019,0,2247866,3354280,7899720,7847102,-0.283276,unrelated
S359,S427,PloverBrikalskiPats-2019,Wysocki438-2019,0,2164260,3466808,7899720,7598529,-0.307735,unrelated
S359,S428,PloverBrikalskiPats-2019,Wysocki438-2019,0,2076251,3431754,7899720,7402753,-0.312842,unrelated
S359,S429,PloverBrikalskiPats-2019,Wysocki438-2019,0,2162884,3454707,7899720,7685399,-0.304555,unrelated
S359,S430,PloverBrikalskiPats-2019,Wysocki438-2019,0,2237480,3359453,7899720,7738169,-0.286575,unrelated
S359,S431,PloverBrikalskiPats-2019,Wysocki438-2019,0,2043556,3304311,7899720,7367342,-0.299014,unrelated
S359,S432,PloverBrikalskiPats-2019,Wysocki438-2019,0,2058806,3324036,7899720,7526561,-0.297497,unrelated
S359,S450,PloverBrikalskiPats-2019,Wysocki563-2019,0,2149073,3348862,7899720,7734101,-0.290949,unrelated
S359,S451,PloverBrikalskiPats-2019,Wysocki563-2019,0,1978852,3493100,7899720,7226898,-0.331029,unrelated
S359,S452,PloverBrikalskiPats-2019,Wysocki563-2019,0,2258139,3352158,7899720,7917168,-0.281103,unrelated
S359,S453,PloverBrikalskiPats-2019,Wysocki563-2019,0,2040456,3487925,7899720,7210686,-0.326622,unrelated
S359,S454,PloverBrikalskiPats-2019,Wysocki563-2019,0,1997504,3402009,7899720,7408884,-0.313975,unrelated
S359,S455,PloverBrikalskiPats-2019,Wysocki563-2019,0,2044739,3337159,7899720,7450078,-0.301605,unrelated
S359,S456,PloverBrikalskiPats-2019,Wysocki563-2019,0,2022358,3536345,7899720,7202383,-0.334412,unrelated
S359,S458,PloverBrikalskiPats-2019,Wysocki570-2019,0,2068427,3294238,7899720,7453203,-0.294410,unrelated
S359,S459,PloverBrikalskiPats-2019,Wysocki570-2019,0,2219173,3335828,7899720,7810498,-0.283413,unrelated
S359,S460,PloverBrikalskiPats-2019,Wysocki570-2019,0,2038658,3321714,7899720,7316303,-0.302626,unrelated
S359,S461,PloverBrikalskiPats-2019,Wysocki570-2019,0,2032362,3347649,7899720,7396301,-0.304846,unrelated
S359,S462,PloverBrikalskiPats-2019,Wysocki570-2019,0,2099125,3331141,7899720,7560523,-0.295154,unrelated
S359,S463,PloverBrikalskiPats-2019,Wysocki570-2019,0,2116359,3395744,7899720,7366427,-0.306242,unrelated
S359,S464,PloverBrikalskiPats-2019,Wysocki570-2019,0,2100953,3249262,7899720,7360662,-0.288169,unrelated
S360,S378,PloverBrikalskiPats-2019,PloverDaveBrSE-2019,0,2179441,3368488,7905479,7709061,-0.291878,unrelated
S360,S379,PloverBrikalskiPats-2019,PloverDaveBrSE-2019,0,2098649,3399454,7905479,7674181,-0.301692,unrelated
S360,S380,PloverBrikalskiPats-2019,PloverDaveBrSE-2019,0,2093654,3374657,7905479,7619782,-0.299876,unrelated
S360,S381,PloverBrikalskiPats-2019,PloverDaveBrSE-2019,0,2118050,3472148,7905479,7357228,-0.316212,unrelated
S360,S382,PloverBrikalskiPats-2019,PloverDaveBrSE-2019,0,2032479,3397751,7905479,7450016,-0.310184,unrelated
S360,S383,PloverBrikalskiPats-2019,PloverDaveBrSE-2019,0,2296948,3267011,7905479,8100805,-0.264713,unrelated
S360,S384,PloverBrikalskiPats-2019,PloverDaveBrSE-2019,0,2266564,3281434,7905479,8223535,-0.266371,unrelated
S360,S402,PloverBrikalskiPats-2019,Wysocki1129-2019,0,2086160,3367861,7905479,7525165,-0.301320,unrelated
S360,S403,PloverBrikalskiPats-2019,Wysocki1129-2019,0,2043877,3443106,7905479,7520277,-0.313912,unrelated
S360,S404,PloverBrikalskiPats-2019,Wysocki1129-2019,0,2201609,3201383,7905479,7928168,-0.265331,unrelated
S360,S405,PloverBrikalskiPats-2019,Wysocki1129-2019,0,2162817,3241569,7905479,7761893,-0.275753,unrelated
S360,S406,PloverBrikalskiPats-2019,Wysocki1129-2019,0,2129514,3344675,7905479,7786192,-0.290590,unrelated
S360,S407,PloverBrikalskiPats-2019,Wysocki1129-2019,0,2107147,3329158,7905479,7717071,-0.291320,unrelated
S360,S408,PloverBrikalskiPats-2019,Wysocki1129-2019,0,2106422,3360493,7905479,7724063,-0.295246,unrelated
S360,S426,PloverBrikalskiPats-2019,Wysocki438-2019,0,2246383,3365142,7905479,7847102,-0.284645,unrelated
S360,S427,PloverBrikalskiPats-2019,Wysocki438-2019,0,2135591,3364651,7905479,7598529,-0.296292,unrelated
S360,S428,PloverBrikalskiPats-2019,Wysocki438-2019,0,2093003,3464875,7905479,7402753,-0.315957,unrelated
S360,S429,PloverBrikalskiPats-2019,Wysocki438-2019,0,2223776,3348803,7905479,7685399,-0.286952,unrelated
S360,S430,PloverBrikalskiPats-2019,Wysocki438-2019,0,2234220,3260709,7905479,7738169,-0.274054,unrelated
S360,S431,PloverBrikalskiPats-2019,Wysocki438-2019,0,2032311,3343189,7905479,7367342,-0.304729,unrelated
S360,S432,PloverBrikalskiPats-2019,Wysocki438-2019,0,2117542,3289908,7905479,7526561,-0.289156,unrelated
S360,S450,PloverBrikalskiPats-2019,Wysocki563-2019,0,2158480,3363652,7905479,7734101,-0.292132,unrelated
S360,S451,PloverBrikalskiPats-2019,Wysocki563-2019,0,1984539,3457271,7905479,7226898,-0.325792,unrelated
S360,S452,PloverBrikalskiPats-2019,Wysocki563-2019,0,2251022,3292502,7905479,7917168,-0.273910,unrelated
S360,S453,PloverBrikalskiPats-2019,Wysocki563-2019,0,2034735,3372359,7905479,7210686,-0.311586,unrelated
S360,S454,PloverBrikalskiPats-2019,Wysocki563-2019,0,2084491,3297141,7905479,7408884,-0.294481,unrelated
S360,S455,PloverBrikalskiPats-2019,Wysocki563-2019,0,2047968,3303808,7905479,7450078,-0.296938,unrelated
S360,S456,PloverBrikalskiPats-2019,Wysocki563-2019,0,2040249,3388671,7905479,7202383,-0.313552,unrelated
S360,S458,PloverBrikalskiPats-2019,Wysocki570-2019,0,2051465,3435384,7905479,7453203,-0.313784,unrelated
S360,S459,PloverBrikalskiPats-2019,Wysocki570-2019,0,2227543,3271473,7905479,7810498,-0.274587,unrelated
S360,S460,PloverBrikalskiPats-2019,Wysocki570-2019,0,1994274,3388350,7905479,7316303,-0.314183,unrelated
S360,S461,PloverBrikalskiPats-2019,Wysocki570-2019,0,2017068,3360807,7905479,7396301,-0.307451,unrelated
S360,S462,PloverBrikalskiPats-2019,Wysocki570-2019,0,2076446,3330743,7905479,7560523,-0.296459,unrelated
S360,S463,PloverBrikalskiPats-2019,Wysocki570-2019,0,2172535,3309285,7905479,7366427,-0.291125,unrelated
S360,S464,PloverBrikalskiPats-2019,Wysocki570-2019,0,2040675,3366250,7905479,7360662,-0.307335,unrelated
S378,S379,PloverDaveBrSE-2019,PloverDaveBrSE-2019,1,2056537,3456233,7709061,7674181,-0.315664,unrelated
S378,S380,PloverDaveBrSE-2019,PloverDaveBrSE-2019,1,2053826,3465088,7709061,7619782,-0.318116,unrelated
S378,S381,PloverDaveBrSE-2019,PloverDaveBrSE-2019,1,1984773,3597758,7709061,7357228,-0.345854,unrelated
S378,S382,PloverDaveBrSE-2019,PloverDaveBrSE-2019,1,2017994,3409531,7709061,7450016,-0.316712,unrelated
S378,S383,PloverDaveBrSE-2019,PloverDaveBrSE-2019,1,2207364,3398309,7709061,8100805,-0.290278,unrelated
S378,S384,PloverDaveBrSE-2019,PloverDaveBrSE-2019,1,2217121,3251979,7709061,8223535,-0.269061,unrelated
S378,S402,PloverDaveBrSE-2019,Wysocki1129-2019,0,2031611,3443824,7709061,7525165,-0.318758,unrelated
S378,S403,PloverDaveBrSE-2019,Wysocki1129-2019,0,1984060,3544255,7709061,7520277,-0.335172,unrelated
S378,S404,PloverDaveBrSE-2019,Wysocki1129-2019,0,2126550,3345723,7709061,7928168,-0.291925,unrelated
S378,S405,PloverDaveBrSE-2019,Wysocki1129-2019,0,2074803,3403529,7709061,7761893,-0.305880,unrelated
S378,S406,PloverDaveBrSE-2019,Wysocki1129-2019,0,2103101,3365822,7709061,7786192,-0.298707,unrelated
S378,S407,PloverDaveBrSE-2019,Wysocki1129-2019,0,2029683,3476448,7709061,7717071,-0.319148,unrelated
S378,S408,PloverDaveBrSE-2019,Wysocki1129-2019,0,2063423,3458475,7709061,7724063,-0.314488,unrelated
S378,S426,PloverDaveBrSE-2019,Wysocki438-2019,0,2134046,3472285,7709061,7847102,-0.309236,unrelated
S378,S427,PloverDaveBrSE-2019,Wysocki438-2019,0,2076339,3455269,7709061,7598529,-0.315804,unrelated
S378,S428,PloverDaveBrSE-2019,Wysocki438-2019,0,2024677,3572456,7709061,7402753,-0.338823,unrelated
S378,S429,PloverDaveBrSE-2019,Wysocki438-2019,0,2092702,3480011,7709061,7685399,-0.316173,unrelated
S378,S430,PloverDaveBrSE-2019,Wysocki438-2019,0,2179452,3361629,7709061,7738169,-0.294150,unrelated
S378,S431,PloverDaveBrSE-2019,Wysocki438-2019,0,2013517,3473089,7709061,7367342,-0.327178,unrelated
S378,S432,PloverDaveBrSE-2019,Wysocki438-2019,0,2042208,3415134,7709061,7526561,-0.314267,unrelated
S378,S450,PloverDaveBrSE-2019,Wysocki563-2019,0,2096925,3453532,7709061,7734101,-0.311474,unrelated
S378,S451,PloverDaveBrSE-2019,Wysocki563-2019,0,1924019,3479177,7709061,7226898,-0.337061,unrelated
S378,S452,PloverDaveBrSE-2019,Wysocki563-2019,0,2183953,3352657,7709061,7917168,-0.289344,unrelated
S378,S453,PloverDaveBrSE-2019,Wysocki563-2019,0,1959543,3498835,7709061,7210686,-0.337682,unrelated
S378,S454,PloverDaveBrSE-2019,Wysocki563-2019,0,1968054,3387443,7709061,7408884,-0.317955,unrelated
S378,S455,PloverDaveBrSE-2019,Wysocki563-2019,0,1949073,3403773,7709061,7450078,-0.320498,unrelated
S378,S456,PloverDaveBrSE-2019,Wysocki563-2019,0,1904576,3560331,7709061,7202383,-0.349804,unrelated
S378,S458,PloverDaveBrSE-2019,Wysocki570-2019,0,1976667,3500612,7709061,7453203,-0.331386,unrelated
S378,S459,PloverDaveBrSE-2019,Wysocki570-2019,0,2161882,3326281,7709061,7810498,-0.289356,unrelated
S378,S460,PloverDaveBrSE-2019,Wysocki570-2019,0,2012514,3368918,7709061,7316303,-0.314490,unrelated
S378,S461,PloverDaveBrSE-2019,Wysocki570-2019,0,1997927,3400387,7709061,7396301,-0.317956,unrelated
S378,S462,PloverDaveBrSE-2019,Wysocki570-2019,0,2073636,3354116,7709061,7560523,-0.303518,unrelated
S378,S463,PloverDaveBrSE-2019,Wysocki570-2019,0,2031116,3486318,7709061,7366427,-0.327785,unrelated
S378,S464,PloverDaveBrSE-2019,Wysocki570-2019,0,1954746,3565003,7709061,7360662,-0.343421,unrelated
S379,S380,PloverDaveBrSE-2019,PloverDaveBrSE-2019,1,2166519,3539463,7674181,7619782,-0.321199,unrelated
S379,S381,PloverDaveBrSE-2019,PloverDaveBrSE-2019,1,2034365,3585422,7674181,7357228,-0.341716,unrelated
S379,S382,PloverDaveBrSE-2019,PloverDaveBrSE-2019,1,2015645,3473643,7674181,7450016,-0.326076,unrelated
S379,S383,PloverDaveBrSE-2019,PloverDaveBrSE-2019,1,2203987,3294289,7674181,8100805,-0.277946,unrelated
S379,S384,PloverDaveBrSE-2019,PloverDaveBrSE-2019,1,2343946,3195508,7674181,8223535,-0.254569,unrelated
S379,S402,PloverDaveBrSE-2019,Wysocki1129-2019,0,2131377,3541455,7674181,7525165,-0.325773,unrelated
S379,S403,PloverDaveBrSE-2019,Wysocki1129-2019,0,2144439,3539164,7674181,7520277,-0.324716,unrelated
S379,S404,PloverDaveBrSE-2019,Wysocki1129-2019,0,2212237,3264675,7674181,7928168,-0.276696,unrelated
S379,S405,PloverDaveBrSE-2019,Wysocki1129-2019,0,2104177,3435800,7674181,7761893,-0.308849,unrelated
S379,S406,PloverDaveBrSE-2019,Wysocki1129-2019,0,2164045,3287532,7674181,7786192,-0.285311,unrelated
S379,S407,PloverDaveBrSE-2019,Wysocki1129-2019,0,2163093,3284340,7674181,7717071,-0.286240,unrelated
S379,S408,PloverDaveBrSE-2019,Wysocki1129-2019,0,2104705,3428025,7674181,7724063,-0.308564,unrelated
S379,S426,PloverDaveBrSE-2019,Wysocki438-2019,0,2111108,3369753,7674181,7847102,-0.298197,unrelated
S379,S427,PloverDaveBrSE-2019,Wysocki438-2019,0,2060905,3519780,7674181,7598529,-0.325984,unrelated
S379,S428,PloverDaveBrSE-2019,Wysocki438-2019,0,1967308,3687661,7674181,7402753,-0.358695,unrelated
S379,S429,PloverDaveBrSE-2019,Wysocki438-2019,0,2072749,3455768,7674181,7685399,-0.315034,unrelated
S379,S430,PloverDaveBrSE-2019,Wysocki438-2019,0,2051375,3353723,7674181,7738169,-0.302100,unrelated
S379,S431,PloverDaveBrSE-2019,Wysocki438-2019,0,2024379,3470323,7674181,7367342,-0.326846,unrelated
S379,S432,PloverDaveBrSE-2019,Wysocki438-2019,0,1975125,3465643,7674181,7526561,-0.326047,unrelated
S379,S450,PloverDaveBrSE-2019,Wysocki563-2019,0,2076929,3591772,7674181,7734101,-0.331420,unrelated
S379,S451,PloverDaveBrSE-2019,Wysocki563-2019,0,1988597,3640399,7674181,7226898,-0.355156,unrelated
S379,S452,PloverDaveBrSE-2019,Wysocki563-2019,0,2155599,3350287,7674181,7917168,-0.291506,unrelated
S379,S453,PloverDaveBrSE-2019,Wysocki563-2019,0,1952741,3759941,7674181,7210686,-0.374013,unrelated
S379,S454,PloverDaveBrSE-2019,Wysocki563-2019,0,1993343,3462278,7674181,7408884,-0.326937,unrelated
S379,S455,PloverDaveBrSE-2019,Wysocki563-2019,0,2010491,3317480,7674181,7450078,-0.305765,unrelated
S379,S456,PloverDaveBrSE-2019,Wysocki563-2019,0,1994885,3727607,7674181,7202383,-0.367042,unrelated
S379,S458,PloverDaveBrSE-2019,Wysocki570-2019,0,2016283,3346685,7674181,7453203,-0.309180,unrelated
S379,S459,PloverDaveBrSE-2019,Wysocki570-2019,0,2082966,3397454,7674181,7810498,-0.304297,unrelated
S379,S460,PloverDaveBrSE-2019,Wysocki570-2019,0,1950541,3461731,7674181,7316303,-0.331739,unrelated
S379,S461,PloverDaveBrSE-2019,Wysocki570-2019,0,1952641,3545873,7674181,7396301,-0.341005,unrelated
S379,S462,PloverDaveBrSE-2019,Wysocki570-2019,0,2026406,3424683,7674181,7560523,-0.316577,unrelated
S379,S463,PloverDaveBrSE-2019,Wysocki570-2019,0,1945576,3545686,7674181,7366427,-0.342127,unrelated
S379,S464,PloverDaveBrSE-2019,Wysocki570-2019,0,1954822,3695421,7674181,7360662,-0.361561,unrelated
S380,S381,PloverDaveBrSE-2019,PloverDaveBrSE-2019,1,2017625,3649060,7619782,7357228,-0.352573,unrelated
S380,S382,PloverDaveBrSE-2019,PloverDaveBrSE-2019,1,2015865,3458465,7619782,7450016,-0.325224,unrelated
S380,S383,PloverDaveBrSE-2019,PloverDaveBrSE-2019,1,2101954,3446387,7619782,8100805,-0.304748,unrelated
S380,S384,PloverDaveBrSE-2019,PloverDaveBrSE-2019,1,2243653,3311760,7619782,8223535,-0.276449,unrelated
S380,S402,PloverDaveBrSE-2019,Wysocki1129-2019,0,2150763,3495916,7619782,7525165,-0.319649,unrelated
S380,S403,PloverDaveBrSE-2019,Wysocki1129-2019,0,2109024,3513458,7619782,7520277,-0.324826,unrelated
S380,S404,PloverDaveBrSE-2019,Wysocki1129-2019,0,2139750,3324459,7619782,7928168,-0.290017,unrelated
S380,S405,PloverDaveBrSE-2019,Wysocki1129-2019,0,2082523,3393308,7619782,7761893,-0.305824,unrelated
S380,S406,PloverDaveBrSE-2019,Wysocki1129-2019,0,2091587,3382321,7619782,7786192,-0.303327,unrelated
S380,S407,PloverDaveBrSE-2019,Wysocki1129-2019,0,2073269,3421007,7619782,7717071,-0.310934,unrelated
S380,S408,PloverDaveBrSE-2019,Wysocki1129-2019,0,2064273,3474091,7619782,7724063,-0.318298,unrelated
S380,S426,PloverDaveBrSE-2019,Wysocki438-2019,0,2067756,3469659,7619782,7847102,-0.314967,unrelated
S380,S427,PloverDaveBrSE-2019,Wysocki438-2019,0,2014374,3504947,7619782,7598529,-0.328257,unrelated
S380,S428,PloverDaveBrSE-2019,Wysocki438-2019,0,1918874,3804388,7619782,7402753,-0.378758,unrelated
S380,S429,PloverDaveBrSE-2019,Wysocki438-2019,0,2059050,3483708,7619782,7685399,-0.320700,unrelated
S380,S430,PloverDaveBrSE-2019,Wysocki438-2019,0,2037396,3458053,7619782,7738169,-0.317667,unrelated
S380,S431,PloverDaveBrSE-2019,Wysocki438-2019,0,2017656,3502847,7619782,7367342,-0.332822,unrelated
S380,S432,PloverDaveBrSE-2019,Wysocki438-2019,0,2045511,3436175,7619782,7526561,-0.318680,unrelated
S380,S450,PloverDaveBrSE-2019,Wysocki563-2019,0,2029592,3655306,7619782,7734101,-0.343953,unrelated
S380,S451,PloverDaveBrSE-2019,Wysocki563-2019,0,1982142,3592429,7619782,7226898,-0.350430,unrelated
S380,S452,PloverDaveBrSE-2019,Wysocki563-2019,0,2085004,3300539,7619782,7917168,-0.290667,unrelated
S380,S453,PloverDaveBrSE-2019,Wysocki563-2019,0,1971621,3711223,7619782,7210686,-0.367542,unrelated
S380,S454,PloverDaveBrSE-2019,Wysocki563-2019,0,1985374,3385473,7619782,7408884,-0.318430,unrelated
S380,S455,PloverDaveBrSE-2019,Wysocki563-2019,0,1965308,3386992,7619782,7450078,-0.319092,unrelated
S380,S456,PloverDaveBrSE-2019,Wysocki563-2019,0,1966034,3685902,7619782,7202383,-0.364709,unrelated
S380,S458,PloverDaveBrSE-2019,Wysocki570-2019,0,1967150,3520775,7619782,7453203,-0.336655,unrelated
S380,S459,PloverDaveBrSE-2019,Wysocki570-2019,0,2042491,3344417,7619782,7810498,-0.301119,unrelated
S380,S460,PloverDaveBrSE-2019,Wysocki570-2019,0,1919541,3487234,7619782,7316303,-0.338437,unrelated
S380,S461,PloverDaveBrSE-2019,Wysocki570-2019,0,1970236,3497509,7619782,7396301,-0.334627,unrelated
S380,S462,PloverDaveBrSE-2019,Wysocki570-2019,0,2046115,3372966,7619782,7560523,-0.309600,unrelated
S380,S463,PloverDaveBrSE-2019,Wysocki570-2019,0,1885373,3590359,7619782,7366427,-0.353348,unrelated
S380,S464,PloverDaveBrSE-2019,Wysocki570-2019,0,1922853,3692574,7619782,7360662,-0.364628,unrelated
S381,S382,PloverDaveBrSE-2019,PloverDaveBrSE-2019,1,1878937,3611238,7357228,7450016,-0.360873,unrelated
S381,S383,PloverDaveBrSE-2019,PloverDaveBrSE-2019,1,2152501,3400102,7357228,8100805,-0.300666,unrelated
S381,S384,PloverDaveBrSE-2019,PloverDaveBrSE-2019,1,2145447,3408361,7357228,8223535,-0.299810,unrelated
S381,S402,PloverDaveBrSE-2019,Wysocki1129-2019,0,1956915,3738630,7357228,7525165,-0.370931,unrelated
S381,S403,PloverDaveBrSE-2019,Wysocki1129-2019,0,2002745,3709754,7357228,7520277,-0.364091,unrelated
S381,S404,PloverDaveBrSE-2019,Wysocki1129-2019,0,2082789,3319990,7357228,7928168,-0.298140,unrelated
S381,S405,PloverDaveBrSE-2019,Wysocki1129-2019,0,1994749,3505843,7357228,7761893,-0.331827,unrelated
S381,S406,PloverDaveBrSE-2019,Wysocki1129-2019,0,2021069,3456281,7357228,7786192,-0.323011,unrelated
S381,S407,PloverDaveBrSE-2019,Wysocki1129-2019,0,1983139,3500875,7357228,7717071,-0.332925,unrelated
S381,S408,PloverDaveBrSE-2019,Wysocki1129-2019,0,2007020,3507697,7357228,7724063,-0.332092,unrelated
S381,S426,PloverDaveBrSE-2019,Wysocki438-2019,0,2123367,3569795,7357228,7847102,-0.329921,unrelated
S381,S427,PloverDaveBrSE-2019,Wysocki438-2019,0,2019540,3587203,7357228,7598529,-0.344674,unrelated
S381,S428,PloverDaveBrSE-2019,Wysocki438-2019,0,1893537,3615232,7357228,7402753,-0.361581,unrelated
S381,S429,PloverDaveBrSE-2019,Wysocki438-2019,0,2050751,3563821,7357228,7685399,-0.337500,unrelated
S381,S430,PloverDaveBrSE-2019,Wysocki438-2019,0,2041040,3490079,7357228,7738169,-0.327194,unrelated
S381,S431,PloverDaveBrSE-2019,Wysocki438-2019,0,1906532,3645802,7357228,7367342,-0.365720,unrelated
S381,S432,PloverDaveBrSE-2019,Wysocki438-2019,0,1899333,3599791,7357228,7526561,-0.356109,unrelated
S381,S450,PloverDaveBrSE-2019,Wysocki563-2019,0,1994934,3531565,7357228,7734101,-0.335835,unrelated
S381,S451,PloverDaveBrSE-2019,Wysocki563-2019,0,1866114,3717061,7357228,7226898,-0.381786,unrelated
S381,S452,PloverDaveBrSE-2019,Wysocki563-2019,0,2111094,3512273,7357228,7917168,-0.321679,unrelated
S381,S453,PloverDaveBrSE-2019,Wysocki563-2019,0,1913254,3702579,7357228,7210686,-0.376986,unrelated
S381,S454,PloverDaveBrSE-2019,Wysocki563-2019,0,1850618,3594351,7357228,7408884,-0.361509,unrelated
S381,S455,PloverDaveBrSE-2019,Wysocki563-2019,0,1857141,3504701,7357228,7450078,-0.347954,unrelated
S381,S456,PloverDaveBrSE-2019,Wysocki563-2019,0,1941218,3713593,7357228,7202383,-0.376794,unrelated
S381,S458,PloverDaveBrSE-2019,Wysocki570-2019,0,1876589,3549204,7357228,7453203,-0.352577,unrelated
S381,S459,PloverDaveBrSE-2019,Wysocki570-2019,0,2044712,3404930,7357228,7810498,-0.314164,unrelated
S381,S460,PloverDaveBrSE-2019,Wysocki570-2019,0,1863226,3581857,7357228,7316303,-0.361228,unrelated
S381,S461,PloverDaveBrSE-2019,Wysocki570-2019,0,1872366,3623633,7357228,7396301,-0.364313,unrelated
S381,S462,PloverDaveBrSE-2019,Wysocki570-2019,0,1933367,3563271,7357228,7560523,-0.348121,unrelated
S381,S463,PloverDaveBrSE-2019,Wysocki570-2019,0,1944848,3640934,7357228,7366427,-0.362479,unrelated
S381,S464,PloverDaveBrSE-2019,Wysocki570-2019,0,1929329,3540349,7357228,7360662,-0.350007,unrelated
S382,S383,PloverDaveBrSE-2019,PloverDaveBrSE-2019,1,2114327,3340557,7450016,8100805,-0.293669,unrelated
S382,S384,PloverDaveBrSE-2019,PloverDaveBrSE-2019,1,2182249,3279000,7450016,8223535,-0.279181,unrelated
S382,S402,PloverDaveBrSE-2019,Wysocki1129-2019,0,2014604,3421300,7450016,7525165,-0.322400,unrelated
S382,S403,PloverDaveBrSE-2019,Wysocki1129-2019,0,2023505,3385417,7450016,7520277,-0.317117,unrelated
S382,S404,PloverDaveBrSE-2019,Wysocki1129-2019,0,2128338,3276818,7450016,7928168,-0.287765,unrelated
S382,S405,PloverDaveBrSE-2019,Wysocki1129-2019,0,2049293,3365270,7450016,7761893,-0.307736,unrelated
S382,S406,PloverDaveBrSE-2019,Wysocki1129-2019,0,2056131,3339196,7450016,7786192,-0.303373,unrelated
S382,S407,PloverDaveBrSE-2019,Wysocki1129-2019,0,2025118,3405713,7450016,7717071,-0.315572,unrelated
S382,S408,PloverDaveBrSE-2019,Wysocki1129-2019,0,2030166,3444058,7450016,7724063,-0.320148,unrelated
S382,S426,PloverDaveBrSE-2019,Wysocki438-2019,0,2048430,3442547,7450016,7847102,-0.316181,unrelated
S382,S427,PloverDaveBrSE-2019,Wysocki438-2019,0,2003795,3425890,7450016,7598529,-0.322156,unrelated
S382,S428,PloverDaveBrSE-2019,Wysocki438-2019,0,1909679,3759256,7450016,7402753,-0.377629,unrelated
S382,S429,PloverDaveBrSE-2019,Wysocki438-2019,0,2022377,3475259,7450016,7685399,-0.325603,unrelated
S382,S430,PloverDaveBrSE-2019,Wysocki438-2019,0,2000329,3384275,7450016,7738169,-0.313943,unrelated
S382,S431,PloverDaveBrSE-2019,Wysocki438-2019,0,1952371,3422195,7450016,7367342,-0.330155,unrelated
S382,S432,PloverDaveBrSE-2019,Wysocki438-2019,0,2039910,3333229,7450016,7526561,-0.308919,unrelated
S382,S450,PloverDaveBrSE-2019,Wysocki563-2019,0,2050689,3640219,7450016,7734101,-0.344422,unrelated
S382,S451,PloverDaveBrSE-2019,Wysocki563-2019,0,1897562,3465585,7450016,7226898,-0.342961,unrelated
S382,S452,PloverDaveBrSE-2019,Wysocki563-2019,0,2074225,3348099,7450016,7917168,-0.300769,unrelated
S382,S453,PloverDaveBrSE-2019,Wysocki563-2019,0,1861542,3692357,7450016,7210686,-0.376733,unrelated
S382,S454,PloverDaveBrSE-2019,Wysocki563-2019,0,1978850,3372007,7450016,7408884,-0.320694,unrelated
S382,S455,PloverDaveBrSE-2019,Wysocki563-2019,0,1972751,3375290,7450016,7450078,-0.320658,unrelated
S382,S456,PloverDaveBrSE-2019,Wysocki563-2019,0,1862713,3604219,7450016,7202383,-0.364836,unrelated
S382,S458,PloverDaveBrSE-2019,Wysocki570-2019,0,1983698,3467581,7450016,7453203,-0.332241,unrelated
S382,S459,PloverDaveBrSE-2019,Wysocki570-2019,0,2010245,3355068,7450016,7810498,-0.307977,unrelated
S382,S460,PloverDaveBrSE-2019,Wysocki570-2019,0,1938712,3397015,7450016,7316303,-0.328810,unrelated
S382,S461,PloverDaveBrSE-2019,Wysocki570-2019,0,1957886,3364963,7450016,7396301,-0.321429,unrelated
S382,S462,PloverDaveBrSE-2019,Wysocki570-2019,0,2008872,3314885,7450016,7560523,-0.307844,unrelated
S382,S463,PloverDaveBrSE-2019,Wysocki570-2019,0,1902509,3498012,7450016,7366427,-0.343774,unrelated
S382,S464,PloverDaveBrSE-2019,Wysocki570-2019,0,1966089,3635631,7450016,7360662,-0.358199,unrelated
S383,S384,PloverDaveBrSE-2019,PloverDaveBrSE-2019,1,2425152,3125745,8100805,8223535,-0.234395,unrelated
S383,S402,PloverDaveBrSE-2019,Wysocki1129-2019,0,2132167,3386654,8100805,7525165,-0.297015,unrelated
S383,S403,PloverDaveBrSE-2019,Wysocki1129-2019,0,2122747,3437263,8100805,7520277,-0.304190,unrelated
S383,S404,PloverDaveBrSE-2019,Wysocki1129-2019,0,2311762,3164857,8100805,7928168,-0.250668,unrelated
S383,S405,PloverDaveBrSE-2019,Wysocki1129-2019,0,2201672,3270989,8100805,7761893,-0.273617,unrelated
S383,S406,PloverDaveBrSE-2019,Wysocki1129-2019,0,2264599,3241359,8100805,7786192,-0.265508,unrelated
S383,S407,PloverDaveBrSE-2019,Wysocki1129-2019,0,2238097,3236561,8100805,7717071,-0.267737,unrelated
S383,S408,PloverDaveBrSE-2019,Wysocki1129-2019,0,2235208,3224741,8100805,7724063,-0.266307,unrelated
S383,S426,PloverDaveBrSE-2019,Wysocki438-2019,0,2306796,3256316,8100805,7847102,-0.263723,unrelated
S383,S427,PloverDaveBrSE-2019,Wysocki438-2019,0,2262084,3308188,8100805,7598529,-0.277355,unrelated
S383,S428,PloverDaveBrSE-2019,Wysocki438-2019,0,2109510,3419349,8100805,7402753,-0.305039,unrelated
S383,S429,PloverDaveBrSE-2019,Wysocki438-2019,0,2236878,3351952,8100805,7685399,-0.282970,unrelated
S383,S430,PloverDaveBrSE-2019,Wysocki438-2019,0,2196911,3319389,8100805,7738169,-0.280439,unrelated
S383,S431,PloverDaveBrSE-2019,Wysocki438-2019,0,2083365,3360559,8100805,7367342,-0.299826,unrelated
S383,S432,PloverDaveBrSE-2019,Wysocki438-2019,0,2143077,3290235,8100805,7526561,-0.283950,unrelated
S383,S450,PloverDaveBrSE-2019,Wysocki563-2019,0,2218859,3359123,8100805,7734101,-0.284144,unrelated
S383,S451,PloverDaveBrSE-2019,Wysocki563-2019,0,2015908,3405344,8100805,7226898,-0.312818,unrelated
S383,S452,PloverDaveBrSE-2019,Wysocki563-2019,0,2328616,3240433,8100805,7917168,-0.259224,unrelated
S383,S453,PloverDaveBrSE-2019,Wysocki563-2019,0,2012763,3461891,8100805,7210686,-0.320741,unrelated
S383,S454,PloverDaveBrSE-2019,Wysocki563-2019,0,2069191,3311735,8100805,7408884,-0.293641,unrelated
S383,S455,PloverDaveBrSE-2019,Wysocki563-2019,0,2131837,3203694,8100805,7450078,-0.274939,unrelated
S383,S456,PloverDaveBrSE-2019,Wysocki563-2019,0,2054925,3421636,8100805,7202383,-0.312899,unrelated
S383,S458,PloverDaveBrSE-2019,Wysocki570-2019,0,2137298,3271519,8100805,7453203,-0.283254,unrelated
S383,S459,PloverDaveBrSE-2019,Wysocki570-2019,0,2268157,3249194,8100805,7810498,-0.265863,unrelated
S383,S460,PloverDaveBrSE-2019,Wysocki570-2019,0,2091736,3321523,8100805,7316303,-0.295212,unrelated
S383,S461,PloverDaveBrSE-2019,Wysocki570-2019,0,2094822,3285827,8100805,7396301,-0.288882,unrelated
S383,S462,PloverDaveBrSE-2019,Wysocki570-2019,0,2142028,3306339,8100805,7560523,-0.285458,unrelated
S383,S463,PloverDaveBrSE-2019,Wysocki570-2019,0,2139146,3365500,8100805,7366427,-0.296876,unrelated
S383,S464,PloverDaveBrSE-2019,Wysocki570-2019,0,2120338,3389199,8100805,7360662,-0.301269,unrelated
S384,S402,PloverDaveBrSE-2019,Wysocki1129-2019,0,2206415,3322197,8223535,7525165,-0.281800,unrelated
S384,S403,PloverDaveBrSE-2019,Wysocki1129-2019,0,2233256,3324063,8223535,7520277,-0.280419,unrelated
S384,S404,PloverDaveBrSE-2019,Wysocki1129-2019,0,2362177,3205900,8223535,7928168,-0.250724,unrelated
S384,S405,PloverDaveBrSE-2019,Wysocki1129-2019,0,2294579,3247052,8223535,7761893,-0.262710,unrelated
S384,S406,PloverDaveBrSE-2019,Wysocki1129-2019,0,2337806,3207680,8223535,7786192,-0.254692,unrelated
S384,S407,PloverDaveBrSE-2019,Wysocki1129-2019,0,2301698,3226581,8223535,7717071,-0.260433,unrelated
S384,S408,PloverDaveBrSE-2019,Wysocki1129-2019,0,2299003,3258531,8223535,7724063,-0.264495,unrelated
S384,S426,PloverDaveBrSE-2019,Wysocki438-2019,0,2242111,3235679,8223535,7847102,-0.263166,unrelated
S384,S427,PloverDaveBrSE-2019,Wysocki438-2019,0,2206318,3310447,8223535,7598529,-0.279014,unrelated
S384,S428,PloverDaveBrSE-2019,Wysocki438-2019,0,2144203,3513222,8223535,7402753,-0.312438,unrelated
S384,S429,PloverDaveBrSE-2019,Wysocki438-2019,0,2279788,3242994,8223535,7685399,-0.264392,unrelated
S384,S430,PloverDaveBrSE-2019,Wysocki438-2019,0,2204415,3229128,8223535,7738169,-0.266503,unrelated
S384,S431,PloverDaveBrSE-2019,Wysocki438-2019,0,2145927,3294583,8223535,7367342,-0.284990,unrelated
S384,S432,PloverDaveBrSE-2019,Wysocki438-2019,0,2172634,3291910,8223535,7526561,-0.280074,unrelated
S384,S450,PloverDaveBrSE-2019,Wysocki563-2019,0,2265075,3455499,8223535,7734101,-0.291141,unrelated
S384,S451,PloverDaveBrSE-2019,Wysocki563-2019,0,2064342,3371942,8223535,7226898,-0.302874,unrelated
S384,S452,PloverDaveBrSE-2019,Wysocki563-2019,0,2314599,3200683,8223535,7917168,-0.253196,unrelated
S384,S453,PloverDaveBrSE-2019,Wysocki563-2019,0,2050347,3582272,8223535,7210686,-0.331354,unrelated
S384,S454,PloverDaveBrSE-2019,Wysocki563-2019,0,2104843,3323746,8223535,7408884,-0.290592,unrelated
S384,S455,PloverDaveBrSE-2019,Wysocki563-2019,0,2184962,3205942,8223535,7450078,-0.269684,unrelated
S384,S456,PloverDaveBrSE-2019,Wysocki563-2019,0,2060888,3561987,8223535,7202383,-0.328219,unrelated
S384,S458,PloverDaveBrSE-2019,Wysocki570-2019,0,2199320,3201941,8223535,7453203,-0.268204,unrelated
S384,S459,PloverDaveBrSE-2019,Wysocki570-2019,0,2224423,3250091,8223535,7810498,-0.266668,unrelated
S384,S460,PloverDaveBrSE-2019,Wysocki570-2019,0,2160364,3257830,8223535,7316303,-0.280266,unrelated
S384,S461,PloverDaveBrSE-2019,Wysocki570-2019,0,2144200,3241033,8223535,7396301,-0.277715,unrelated
S384,S462,PloverDaveBrSE-2019,Wysocki570-2019,0,2215255,3200983,8223535,7560523,-0.265249,unrelated
S384,S463,PloverDaveBrSE-2019,Wysocki570-2019,0,2100844,3350773,8223535,7366427,-0.295107,unrelated
S384,S464,PloverDaveBrSE-2019,Wysocki570-2019,0,2115424,3533930,8223535,7360662,-0.317786,unrelated
S402,S403,Wysocki1129-2019,Wysocki1129-2019,1,2078417,3557320,7525165,7520277,-0.334734,unrelated
S402,S404,Wysocki1129-2019,Wysocki1129-2019,1,2106540,3427135,7525165,7928168,-0.307230,unrelated
S402,S405,Wysocki1129-2019,Wysocki1129-2019,1,2072313,3368748,7525165,7761893,-0.305172,unrelated
S402,S406,Wysocki1129-2019,Wysocki1129-2019,1,2053657,3400347,7525165,7786192,-0.310034,unrelated
S402,S407,Wysocki1129-2019,Wysocki1129-2019,1,2047820,3446508,7525165,7717071,-0.317880,unrelated
S402,S408,Wysocki1129-2019,Wysocki1129-2019,1,2036441,3523180,7525165,7724063,-0.328536,unrelated
S402,S426,Wysocki1129-2019,Wysocki438-2019,0,2038130,3482016,7525165,7847102,-0.320441,unrelated
S402,S427,Wysocki1129-2019,Wysocki438-2019,0,1971150,3551947,7525165,7598529,-0.339384,unrelated
S402,S428,Wysocki1129-2019,Wysocki438-2019,0,1905321,3826110,7525165,7402753,-0.384977,unrelated
S402,S429,Wysocki1129-2019,Wysocki438-2019,0,2018485,3558653,7525165,7685399,-0.335216,unrelated
S402,S430,Wysocki1129-2019,Wysocki438-2019,0,1994741,3450178,7525165,7738169,-0.321399,unrelated
S402,S431,Wysocki1129-2019,Wysocki438-2019,0,2004592,3461340,7525165,7367342,-0.330239,unrelated
S402,S432,Wysocki1129-2019,Wysocki438-2019,0,2007906,3443740,7525165,7526561,-0.324187,unrelated
S402,S450,Wysocki1129-2019,Wysocki563-2019,0,2050011,3641002,7525165,7734101,-0.342873,unrelated
S402,S451,Wysocki1129-2019,Wysocki563-2019,0,2008949,3523063,7525165,7226898,-0.341456,unrelated
S402,S452,Wysocki1129-2019,Wysocki563-2019,0,2071626,3418720,7525165,7917168,-0.308620,unrelated
S402,S453,Wysocki1129-2019,Wysocki563-2019,0,1945244,3742334,7525165,7210686,-0.375915,unrelated
S402,S454,Wysocki1129-2019,Wysocki563-2019,0,1968547,3436146,7525165,7408884,-0.328360,unrelated
S402,S455,Wysocki1129-2019,Wysocki563-2019,0,1939403,3423579,7525165,7450078,-0.327725,unrelated
S402,S456,Wysocki1129-2019,Wysocki563-2019,0,1924941,3776005,7525165,7202383,-0.382078,unrelated
S402,S458,Wysocki1129-2019,Wysocki570-2019,0,1975680,3500970,7525165,7453203,-0.335568,unrelated
S402,S459,Wysocki1129-2019,Wysocki570-2019,0,2043039,3401029,7525165,7810498,-0.310324,unrelated
S402,S460,Wysocki1129-2019,Wysocki570-2019,0,1934832,3451976,7525165,7316303,-0.334813,unrelated
S402,S461,Wysocki1129-2019,Wysocki570-2019,0,1964636,3476495,7525165,7396301,-0.334307,unrelated
S402,S462,Wysocki1129-2019,Wysocki570-2019,0,1974642,3447886,7525165,7560523,-0.326212,unrelated
S402,S463,Wysocki1129-2019,Wysocki570-2019,0,1851371,3647709,7525165,7366427,-0.365579,unrelated
S402,S464,Wysocki1129-2019,Wysocki570-2019,0,1883973,3755191,7525165,7360662,-0.377971,unrelated
S403,S404,Wysocki1129-2019,Wysocki1129-2019,1,2131186,3329359,7520277,7928168,-0.293074,unrelated
S403,S405,Wysocki1129-2019,Wysocki1129-2019,1,2046183,3458544,7520277,7761893,-0.318731,unrelated
S403,S406,Wysocki1129-2019,Wysocki1129-2019,1,2094724,3409443,7520277,7786192,-0.308638,unrelated
S403,S407,Wysocki1129-2019,Wysocki1129-2019,1,2118608,3375761,7520277,7717071,-0.304050,unrelated
S403,S408,Wysocki1129-2019,Wysocki1129-2019,1,2121206,3406984,7520277,7724063,-0.307836,unrelated
S403,S426,Wysocki1129-2019,Wysocki438-2019,0,2045289,3511001,7520277,7847102,-0.323849,unrelated
S403,S427,Wysocki1129-2019,Wysocki438-2019,0,2003612,3518692,7520277,7598529,-0.332948,unrelated
S403,S428,Wysocki1129-2019,Wysocki438-2019,0,1949228,3676802,7520277,7402753,-0.362150,unrelated
S403,S429,Wysocki1129-2019,Wysocki438-2019,0,1991420,3565915,7520277,7685399,-0.338059,unrelated
S403,S430,Wysocki1129-2019,Wysocki438-2019,0,2007454,3498820,7520277,7738169,-0.327044,unrelated
S403,S431,Wysocki1129-2019,Wysocki438-2019,0,2008091,3522776,7520277,7367342,-0.338366,unrelated
S403,S432,Wysocki1129-2019,Wysocki438-2019,0,2021279,3398446,7520277,7526561,-0.317383,unrelated
S403,S450,Wysocki1129-2019,Wysocki563-2019,0,2069006,3595354,7520277,7734101,-0.335753,unrelated
S403,S451,Wysocki1129-2019,Wysocki563-2019,0,2004854,3512337,7520277,7226898,-0.340392,unrelated
S403,S452,Wysocki1129-2019,Wysocki563-2019,0,2103567,3348299,7520277,7917168,-0.297525,unrelated
S403,S453,Wysocki1129-2019,Wysocki563-2019,0,1944405,3744631,7520277,7210686,-0.376408,unrelated
S403,S454,Wysocki1129-2019,Wysocki563-2019,0,1959687,3459698,7520277,7408884,-0.332216,unrelated
S403,S455,Wysocki1129-2019,Wysocki563-2019,0,1964676,3407137,7520277,7450078,-0.323947,unrelated
S403,S456,Wysocki1129-2019,Wysocki563-2019,0,1997227,3637199,7520277,7202383,-0.358439,unrelated
S403,S458,Wysocki1129-2019,Wysocki570-2019,0,1953192,3438106,7520277,7453203,-0.328783,unrelated
S403,S459,Wysocki1129-2019,Wysocki570-2019,0,1997945,3423684,7520277,7810498,-0.316319,unrelated
S403,S460,Wysocki1129-2019,Wysocki570-2019,0,2001237,3410211,7520277,7316303,-0.324818,unrelated
S403,S461,Wysocki1129-2019,Wysocki570-2019,0,1940156,3458350,7520277,7396301,-0.333625,unrelated
S403,S462,Wysocki1129-2019,Wysocki570-2019,0,2036839,3364967,7520277,7560523,-0.311197,unrelated
S403,S463,Wysocki1129-2019,Wysocki570-2019,0,1944520,3446603,7520277,7366427,-0.332423,unrelated
S403,S464,Wysocki1129-2019,Wysocki570-2019,0,1977682,3702214,7520277,7360662,-0.364678,unrelated
S404,S405,Wysocki1129-2019,Wysocki1129-2019,1,2197516,3280099,7928168,7761893,-0.278054,unrelated
S404,S406,Wysocki1129-2019,Wysocki1129-2019,1,2261802,3199286,7928168,7786192,-0.263248,unrelated
S404,S407,Wysocki1129-2019,Wysocki1129-2019,1,2197393,3286386,7928168,7717071,-0.279662,unrelated
S404,S408,Wysocki1129-2019,Wysocki1129-2019,1,2249308,3233357,7928168,7724063,-0.269444,unrelated
S404,S426,Wysocki1129-2019,Wysocki438-2019,0,2172236,3346384,7928168,7847102,-0.286558,unrelated
S404,S427,Wysocki1129-2019,Wysocki438-2019,0,2194294,3275917,7928168,7598529,-0.280648,unrelated
S404,S428,Wysocki1129-2019,Wysocki438-2019,0,2047202,3549862,7928168,7402753,-0.329564,unrelated
S404,S429,Wysocki1129-2019,Wysocki438-2019,0,2115241,3383029,7928168,7685399,-0.297870,unrelated
S404,S430,Wysocki1129-2019,Wysocki438-2019,0,2142051,3296368,7928168,7738169,-0.284092,unrelated
S404,S431,Wysocki1129-2019,Wysocki438-2019,0,2059479,3336543,7928168,7367342,-0.301631,unrelated
S404,S432,Wysocki1129-2019,Wysocki438-2019,0,2121415,3326337,7928168,7526561,-0.293196,unrelated
S404,S450,Wysocki1129-2019,Wysocki563-2019,0,2244775,3351953,7928168,7734101,-0.284705,unrelated
S404,S451,Wysocki1129-2019,Wysocki563-2019,0,2026447,3380315,7928168,7226898,-0.312383,unrelated
S404,S452,Wysocki1129-2019,Wysocki563-2019,0,2214830,3246490,7928168,7917168,-0.269994,unrelated
S404,S453,Wysocki1129-2019,Wysocki563-2019,0,2011241,3514760,7928168,7210686,-0.331483,unrelated
S404,S454,Wysocki1129-2019,Wysocki563-2019,0,2082232,3333579,7928168,7408884,-0.298944,unrelated
S404,S455,Wysocki1129-2019,Wysocki563-2019,0,2163621,3203351,7928168,7450078,-0.275914,unrelated
S404,S456,Wysocki1129-2019,Wysocki563-2019,0,2033667,3477499,7928168,7202383,-0.325258,unrelated
S404,S458,Wysocki1129-2019,Wysocki570-2019,0,2112196,3262618,7928168,7453203,-0.286908,unrelated
S404,S459,Wysocki1129-2019,Wysocki570-2019,0,2158032,3227009,7928168,7810498,-0.272957,unrelated
S404,S460,Wysocki1129-2019,Wysocki570-2019,0,2071813,3322356,7928168,7316303,-0.299971,unrelated
S404,S461,Wysocki1129-2019,Wysocki570-2019,0,2066066,3346642,7928168,7396301,-0.301950,unrelated
S404,S462,Wysocki1129-2019,Wysocki570-2019,0,2126024,3312702,7928168,7560523,-0.290495,unrelated
S404,S463,Wysocki1129-2019,Wysocki570-2019,0,2052025,3360231,7928168,7366427,-0.305234,unrelated
S404,S464,Wysocki1129-2019,Wysocki570-2019,0,2084592,3521142,7928168,7360662,-0.324269,unrelated
S405,S406,Wysocki1129-2019,Wysocki1129-2019,1,2135435,3373999,7761893,7786192,-0.296664,unrelated
S405,S407,Wysocki1129-2019,Wysocki1129-2019,1,2151726,3294090,7761893,7717071,-0.286612,unrelated
S405,S408,Wysocki1129-2019,Wysocki1129-2019,1,2123128,3380681,7761893,7724063,-0.299512,unrelated
S405,S426,Wysocki1129-2019,Wysocki438-2019,0,2143582,3309290,7761893,7847102,-0.286694,unrelated
S405,S427,Wysocki1129-2019,Wysocki438-2019,0,2080180,3350476,7761893,7598529,-0.300823,unrelated
S405,S428,Wysocki1129-2019,Wysocki438-2019,0,2023327,3633177,7761893,7402753,-0.345740,unrelated
S405,S429,Wysocki1129-2019,Wysocki438-2019,0,2090287,3432826,7761893,7685399,-0.309139,unrelated
S405,S430,Wysocki1129-2019,Wysocki438-2019,0,2092664,3317264,7761893,7738169,-0.293022,unrelated
S405,S431,Wysocki1129-2019,Wysocki438-2019,0,2074228,3244074,7761893,7367342,-0.291748,unrelated
S405,S432,Wysocki1129-2019,Wysocki438-2019,0,2098947,3333794,7761893,7526561,-0.298829,unrelated
S405,S450,Wysocki1129-2019,Wysocki563-2019,0,2099161,3537431,7761893,7734101,-0.321096,unrelated
S405,S451,Wysocki1129-2019,Wysocki563-2019,0,1976917,3402305,7761893,7226898,-0.322087,unrelated
S405,S452,Wysocki1129-2019,Wysocki563-2019,0,2124952,3295422,7761893,7917168,-0.284832,unrelated
S405,S453,Wysocki1129-2019,Wysocki563-2019,0,1915936,3581285,7761893,7210686,-0.350416,unrelated
S405,S454,Wysocki1129-2019,Wysocki563-2019,0,2038278,3299799,7761893,7408884,-0.300665,unrelated
S405,S455,Wysocki1129-2019,Wysocki563-2019,0,2014179,3320286,7761893,7450078,-0.304128,unrelated
S405,S456,Wysocki1129-2019,Wysocki563-2019,0,1908796,3583280,7761893,7202383,-0.351354,unrelated
S405,S458,Wysocki1129-2019,Wysocki570-2019,0,2075575,3346667,7761893,7453203,-0.303499,unrelated
S405,S459,Wysocki1129-2019,Wysocki570-2019,0,2114694,3293852,7761893,7810498,-0.287240,unrelated
S405,S460,Wysocki1129-2019,Wysocki570-2019,0,1974223,3375560,7761893,7316303,-0.316808,unrelated
S405,S461,Wysocki1129-2019,Wysocki570-2019,0,2053570,3367851,7761893,7396301,-0.308885,unrelated
S405,S462,Wysocki1129-2019,Wysocki570-2019,0,2052692,3308540,7761893,7560523,-0.297890,unrelated
S405,S463,Wysocki1129-2019,Wysocki570-2019,0,1984689,3429253,7761893,7366427,-0.322165,unrelated
S405,S464,Wysocki1129-2019,Wysocki570-2019,0,2049417,3574754,7761893,7360662,-0.337251,unrelated
S406,S407,Wysocki1129-2019,Wysocki1129-2019,1,2171331,3285501,7786192,7717071,-0.283790,unrelated
S406,S408,Wysocki1129-2019,Wysocki1129-2019,1,2195601,3283709,7786192,7724063,-0.281866,unrelated
S406,S426,Wysocki1129-2019,Wysocki438-2019,0,2142281,3359620,7786192,7847102,-0.292770,unrelated
S406,S427,Wysocki1129-2019,Wysocki438-2019,0,2088439,3396020,7786192,7598529,-0.305732,unrelated
S406,S428,Wysocki1129-2019,Wysocki438-2019,0,2042254,3521322,7786192,7402753,-0.329212,unrelated
S406,S429,Wysocki1129-2019,Wysocki438-2019,0,2103910,3321971,7786192,7685399,-0.293443,unrelated
S406,S430,Wysocki1129-2019,Wysocki438-2019,0,2123084,3363514,7786192,7738169,-0.296563,unrelated
S406,S431,Wysocki1129-2019,Wysocki438-2019,0,2043027,3392657,7786192,7367342,-0.312949,unrelated
S406,S432,Wysocki1129-2019,Wysocki438-2019,0,2080660,3334937,7786192,7526561,-0.299699,unrelated
S406,S450,Wysocki1129-2019,Wysocki563-2019,0,2138878,3522349,7786192,7734101,-0.316091,unrelated
S406,S451,Wysocki1129-2019,Wysocki563-2019,0,1977501,3396236,7786192,7226898,-0.320718,unrelated
S406,S452,Wysocki1129-2019,Wysocki563-2019,0,2179535,3283102,7786192,7917168,-0.279346,unrelated
S406,S453,Wysocki1129-2019,Wysocki563-2019,0,1910810,3642529,7786192,7210686,-0.358358,unrelated
S406,S454,Wysocki1129-2019,Wysocki563-2019,0,2019037,3333077,7786192,7408884,-0.305830,unrelated
S406,S455,Wysocki1129-2019,Wysocki563-2019,0,2067625,3309891,7786192,7450078,-0.298771,unrelated
S406,S456,Wysocki1129-2019,Wysocki563-2019,0,1941485,3592929,7786192,7202383,-0.349891,unrelated
S406,S458,Wysocki1129-2019,Wysocki570-2019,0,2043186,3333006,7786192,7453203,-0.303347,unrelated
S406,S459,Wysocki1129-2019,Wysocki570-2019,0,2096403,3326972,7786192,7810498,-0.292212,unrelated
S406,S460,Wysocki1129-2019,Wysocki570-2019,0,2057031,3306873,7786192,7316303,-0.301719,unrelated
S406,S461,Wysocki1129-2019,Wysocki570-2019,0,2050259,3315469,7786192,7396301,-0.301708,unrelated
S406,S462,Wysocki1129-2019,Wysocki570-2019,0,2122828,3283306,7786192,7560523,-0.289559,unrelated
S406,S463,Wysocki1129-2019,Wysocki570-2019,0,2019543,3391442,7786192,7366427,-0.314358,unrelated
S406,S464,Wysocki1129-2019,Wysocki570-2019,0,2079197,3529504,7786192,7360662,-0.328769,unrelated
S407,S408,Wysocki1129-2019,Wysocki1129-2019,1,2132113,3366527,7717071,7724063,-0.297967,unrelated
S407,S426,Wysocki1129-2019,Wysocki438-2019,0,2110706,3339479,7717071,7847102,-0.293511,unrelated
S407,S427,Wysocki1129-2019,Wysocki438-2019,0,2083611,3416905,7717071,7598529,-0.310154,unrelated
S407,S428,Wysocki1129-2019,Wysocki438-2019,0,1996389,3597081,7717071,7402753,-0.343772,unrelated
S407,S429,Wysocki1129-2019,Wysocki438-2019,0,2078019,3430429,7717071,7685399,-0.310524,unrelated
S407,S430,Wysocki1129-2019,Wysocki438-2019,0,2120283,3262244,7717071,7738169,-0.284965,unrelated
S407,S431,Wysocki1129-2019,Wysocki438-2019,0,2060755,3296218,7717071,7367342,-0.300421,unrelated
S407,S432,Wysocki1129-2019,Wysocki438-2019,0,2088431,3341764,7717071,7526561,-0.301444,unrelated
S407,S450,Wysocki1129-2019,Wysocki563-2019,0,2083063,3516385,7717071,7734101,-0.320345,unrelated
S407,S451,Wysocki1129-2019,Wysocki563-2019,0,1969604,3439938,7717071,7226898,-0.328579,unrelated
S407,S452,Wysocki1129-2019,Wysocki563-2019,0,2157474,3289998,7717071,7917168,-0.282874,unrelated
S407,S453,Wysocki1129-2019,Wysocki563-2019,0,1955392,3601552,7717071,7210686,-0.351541,unrelated
S407,S454,Wysocki1129-2019,Wysocki563-2019,0,2033660,3326127,7717071,7408884,-0.305342,unrelated
S407,S455,Wysocki1129-2019,Wysocki563-2019,0,2058647,3237471,7717071,7450078,-0.291175,unrelated
S407,S456,Wysocki1129-2019,Wysocki563-2019,0,1957854,3593344,7717071,7202383,-0.350471,unrelated
S407,S458,Wysocki1129-2019,Wysocki570-2019,0,2057523,3257811,7717071,7453203,-0.293871,unrelated
S407,S459,Wysocki1129-2019,Wysocki570-2019,0,2084819,3277938,7717071,7810498,-0.287943,unrelated
S407,S460,Wysocki1129-2019,Wysocki570-2019,0,2010755,3374732,7717071,7316303,-0.315213,unrelated
S407,S461,Wysocki1129-2019,Wysocki570-2019,0,2013071,3354396,7717071,7396301,-0.310700,unrelated
S407,S462,Wysocki1129-2019,Wysocki570-2019,0,2090681,3368472,7717071,7560523,-0.304123,unrelated
S407,S463,Wysocki1129-2019,Wysocki570-2019,0,1967011,3457712,7717071,7366427,-0.328068,unrelated
S407,S464,Wysocki1129-2019,Wysocki570-2019,0,2047586,3573752,7717071,7360662,-0.338242,unrelated
S408,S426,Wysocki1129-2019,Wysocki438-2019,0,2157517,3454928,7724063,7847102,-0.305201,unrelated
S408,S427,Wysocki1129-2019,Wysocki438-2019,0,2061856,3448279,7724063,7598529,-0.315528,unrelated
S408,S428,Wysocki1129-2019,Wysocki438-2019,0,2047062,3489376,7724063,7402753,-0.326023,unrelated
S408,S429,Wysocki1129-2019,Wysocki438-2019,0,2059115,3462410,7724063,7685399,-0.315761,unrelated
S408,S430,Wysocki1129-2019,Wysocki438-2019,0,2075648,3415007,7724063,7738169,-0.307483,unrelated
S408,S431,Wysocki1129-2019,Wysocki438-2019,0,2010929,3420206,7724063,7367342,-0.320015,unrelated
S408,S432,Wysocki1129-2019,Wysocki438-2019,0,2083438,3421341,7724063,7526561,-0.312069,unrelated
S408,S450,Wysocki1129-2019,Wysocki563-2019,0,2141566,3453652,7724063,7734101,-0.308299,unrelated
S408,S451,Wysocki1129-2019,Wysocki563-2019,0,1961964,3444009,7724063,7226898,-0.329481,unrelated
S408,S452,Wysocki1129-2019,Wysocki563-2019,0,2177365,3302608,7724063,7917168,-0.283088,unrelated
S408,S453,Wysocki1129-2019,Wysocki563-2019,0,1940959,3624148,7724063,7210686,-0.355368,unrelated
S408,S454,Wysocki1129-2019,Wysocki563-2019,0,2017310,3337860,7724063,7408884,-0.307832,unrelated
S408,S455,Wysocki1129-2019,Wysocki563-2019,0,2082853,3302634,7724063,7450078,-0.298034,unrelated
S408,S456,Wysocki1129-2019,Wysocki563-2019,0,1974601,3616605,7724063,7202383,-0.352301,unrelated
S408,S458,Wysocki1129-2019,Wysocki570-2019,0,2054292,3325345,7724063,7453203,-0.302848,unrelated
S408,S459,Wysocki1129-2019,Wysocki570-2019,0,2058824,3401402,7724063,7810498,-0.305382,unrelated
S408,S460,Wysocki1129-2019,Wysocki570-2019,0,2067149,3351718,7724063,7316303,-0.308256,unrelated
S408,S461,Wysocki1129-2019,Wysocki570-2019,0,2011871,3351989,7724063,7396301,-0.310317,unrelated
S408,S462,Wysocki1129-2019,Wysocki570-2019,0,2106890,3324625,7724063,7560523,-0.297186,unrelated
S408,S463,Wysocki1129-2019,Wysocki570-2019,0,2033204,3350987,7724063,7366427,-0.309385,unrelated
S408,S464,Wysocki1129-2019,Wysocki570-2019,0,2036721,3596866,7724063,7360662,-0.341870,unrelated
S426,S427,Wysocki438-2019,Wysocki438-2019,1,2139125,3394698,7847102,7598529,-0.301074,unrelated
S426,S428,Wysocki438-2019,Wysocki438-2019,1,2036560,3471271,7847102,7402753,-0.321707,unrelated
S426,S429,Wysocki438-2019,Wysocki438-2019,1,2141005,3327720,7847102,7685399,-0.290644,unrelated
S426,S430,Wysocki438-2019,Wysocki438-2019,1,2177050,3333162,7847102,7738169,-0.288046,unrelated
S426,S431,Wysocki438-2019,Wysocki438-2019,1,2009065,3435199,7847102,7367342,-0.319521,unrelated
S426,S432,Wysocki438-2019,Wysocki438-2019,1,2072300,3405590,7847102,7526561,-0.308247,unrelated
S426,S450,Wysocki438-2019,Wysocki563-2019,0,2195234,3410344,7847102,7734101,-0.296861,unrelated
S426,S451,Wysocki438-2019,Wysocki563-2019,0,1956470,3494095,7847102,7226898,-0.333801,unrelated
S426,S452,Wysocki438-2019,Wysocki563-2019,0,2294700,3236063,7847102,7917168,-0.264993,unrelated
S426,S453,Wysocki438-2019,Wysocki563-2019,0,1958429,3521338,7847102,7210686,-0.337649,unrelated
S426,S454,Wysocki438-2019,Wysocki563-2019,0,1981497,3434785,7847102,7408884,-0.320404,unrelated
S426,S455,Wysocki438-2019,Wysocki563-2019,0,2042851,3323921,7847102,7450078,-0.301035,unrelated
S426,S456,Wysocki438-2019,Wysocki563-2019,0,1989935,3478375,7847102,7202383,-0.330032,unrelated
S426,S458,Wysocki438-2019,Wysocki570-2019,0,2028646,3368118,7847102,7453203,-0.307679,unrelated
S426,S459,Wysocki438-2019,Wysocki570-2019,0,2158267,3366692,7847102,7810498,-0.292198,unrelated
S426,S460,Wysocki438-2019,Wysocki570-2019,0,2019029,3404031,7847102,7316303,-0.315828,unrelated
S426,S461,Wysocki438-2019,Wysocki570-2019,0,1987791,3441791,7847102,7396301,-0.321174,unrelated
S426,S462,Wysocki438-2019,Wysocki570-2019,0,2082382,3405081,7847102,7560523,-0.306847,unrelated
S426,S463,Wysocki438-2019,Wysocki570-2019,0,2115970,3424615,7847102,7366427,-0.311122,unrelated
S426,S464,Wysocki438-2019,Wysocki570-2019,0,2060009,3434965,7847102,7360662,-0.316281,unrelated
S427,S428,Wysocki438-2019,Wysocki438-2019,1,1976680,3557677,7598529,7402753,-0.342549,unrelated
S427,S429,Wysocki438-2019,Wysocki438-2019,1,2128302,3402766,7598529,7685399,-0.306023,unrelated
S427,S430,Wysocki438-2019,Wysocki438-2019,1,2085368,3405670,7598529,7738169,-0.308148,unrelated
S427,S431,Wysocki438-2019,Wysocki438-2019,1,1968798,3500524,7598529,7367342,-0.336248,unrelated
S427,S432,Wysocki438-2019,Wysocki438-2019,1,1989622,3458664,7598529,7526561,-0.325797,unrelated
S427,S450,Wysocki438-2019,Wysocki563-2019,0,2057559,3440712,7598529,7734101,-0.314614,unrelated
S427,S451,Wysocki438-2019,Wysocki563-2019,0,1931110,3456883,7598529,7226898,-0.336089,unrelated
S427,S452,Wysocki438-2019,Wysocki563-2019,0,2190432,3364372,7598529,7917168,-0.292498,unrelated
S427,S453,Wysocki438-2019,Wysocki563-2019,0,1906860,3551278,7598529,7210686,-0.350842,unrelated
S427,S454,Wysocki438-2019,Wysocki563-2019,0,1974970,3323797,7598529,7408884,-0.311354,unrelated
S427,S455,Wysocki438-2019,Wysocki563-2019,0,1980064,3349820,7598529,7450078,-0.313622,unrelated
S427,S456,Wysocki438-2019,Wysocki563-2019,0,1964970,3466167,7598529,7202383,-0.335612,unrelated
S427,S458,Wysocki438-2019,Wysocki570-2019,0,1984977,3411563,7598529,7453203,-0.321435,unrelated
S427,S459,Wysocki438-2019,Wysocki570-2019,0,2124360,3305456,7598529,7810498,-0.291164,unrelated
S427,S460,Wysocki438-2019,Wysocki570-2019,0,1942013,3456516,7598529,7316303,-0.333294,unrelated
S427,S461,Wysocki438-2019,Wysocki570-2019,0,1952779,3427251,7598529,7396301,-0.326894,unrelated
S427,S462,Wysocki438-2019,Wysocki570-2019,0,2008070,3434799,7598529,7560523,-0.320701,unrelated
S427,S463,Wysocki438-2019,Wysocki570-2019,0,2013241,3408460,7598529,7366427,-0.320995,unrelated
S427,S464,Wysocki438-2019,Wysocki570-2019,0,2008989,3495472,7598529,7360662,-0.333036,unrelated
S428,S429,Wysocki438-2019,Wysocki438-2019,1,2043258,3431180,7402753,7685399,-0.319396,unrelated
S428,S430,Wysocki438-2019,Wysocki438-2019,1,2073126,3488975,7402753,7738169,-0.323945,unrelated
S428,S431,Wysocki438-2019,Wysocki438-2019,1,1886525,3744593,7402753,7367342,-0.379325,unrelated
S428,S432,Wysocki438-2019,Wysocki438-2019,1,1953337,3677236,7402753,7526561,-0.361781,unrelated
S428,S450,Wysocki438-2019,Wysocki563-2019,0,2075861,3326159,7402753,7734101,-0.302339,unrelated
S428,S451,Wysocki438-2019,Wysocki563-2019,0,1828793,3740338,7402753,7226898,-0.386331,unrelated
S428,S452,Wysocki438-2019,Wysocki563-2019,0,2076952,3407012,7402753,7917168,-0.309210,unrelated
S428,S453,Wysocki438-2019,Wysocki563-2019,0,1911765,3533339,7402753,7210686,-0.352752,unrelated
S428,S454,Wysocki438-2019,Wysocki563-2019,0,1903430,3696048,7402753,7408884,-0.370564,unrelated
S428,S455,Wysocki438-2019,Wysocki563-2019,0,1918873,3573966,7402753,7450078,-0.352058,unrelated
S428,S456,Wysocki438-2019,Wysocki563-2019,0,1916323,3448432,7402753,7202383,-0.341013,unrelated
S428,S458,Wysocki438-2019,Wysocki570-2019,0,1973172,3537530,7402753,7453203,-0.343424,unrelated
S428,S459,Wysocki438-2019,Wysocki570-2019,0,2057552,3473351,7402753,7810498,-0.321374,unrelated
S428,S460,Wysocki438-2019,Wysocki570-2019,0,1943484,3575837,7402753,7316303,-0.353840,unrelated
S428,S461,Wysocki438-2019,Wysocki570-2019,0,1934143,3733529,7402753,7396301,-0.373870,unrelated
S428,S462,Wysocki438-2019,Wysocki570-2019,0,1968002,3605172,7402753,7560523,-0.350347,unrelated
S428,S463,Wysocki438-2019,Wysocki570-2019,0,1925206,3512843,7402753,7366427,-0.345346,unrelated
S428,S464,Wysocki438-2019,Wysocki570-2019,0,1956333,3441019,7402753,7360662,-0.333643,unrelated
S429,S430,Wysocki438-2019,Wysocki438-2019,1,2140540,3364262,7685399,7738169,-0.297466,unrelated
S429,S431,Wysocki438-2019,Wysocki438-2019,1,1962299,3556011,7685399,7367342,-0.342112,unrelated
S429,S432,Wysocki438-2019,Wysocki438-2019,1,2017558,3455438,7685399,7526561,-0.321676,unrelated
S429,S450,Wysocki438-2019,Wysocki563-2019,0,2058000,3458981,7685399,7734101,-0.315183,unrelated
S429,S451,Wysocki438-2019,Wysocki563-2019,0,1925988,3618039,7685399,7226898,-0.356088,unrelated
S429,S452,Wysocki438-2019,Wysocki563-2019,0,2225536,3365320,7685399,7917168,-0.288741,unrelated
S429,S453,Wysocki438-2019,Wysocki563-2019,0,1952132,3611611,7685399,7210686,-0.353857,unrelated
S429,S454,Wysocki438-2019,Wysocki563-2019,0,1955015,3507281,7685399,7408884,-0.335196,unrelated
S429,S455,Wysocki438-2019,Wysocki563-2019,0,2006871,3348897,7685399,7450078,-0.309929,unrelated
S429,S456,Wysocki438-2019,Wysocki563-2019,0,1957158,3543932,7685399,7202383,-0.344625,unrelated
S429,S458,Wysocki438-2019,Wysocki570-2019,0,2040608,3281353,7685399,7453203,-0.298713,unrelated
S429,S459,Wysocki438-2019,Wysocki570-2019,0,2138477,3409763,7685399,7810498,-0.302083,unrelated
S429,S460,Wysocki438-2019,Wysocki570-2019,0,1989955,3368040,7685399,7316303,-0.316372,unrelated
S429,S461,Wysocki438-2019,Wysocki570-2019,0,1954438,3515616,7685399,7396301,-0.336619,unrelated
S429,S462,Wysocki438-2019,Wysocki570-2019,0,2025787,3335259,7685399,7560523,-0.304654,unrelated
S429,S463,Wysocki438-2019,Wysocki570-2019,0,2045902,3448915,7685399,7366427,-0.322348,unrelated
S429,S464,Wysocki438-2019,Wysocki570-2019,0,1966352,3511695,7685399,7360662,-0.336104,unrelated
S430,S431,Wysocki438-2019,Wysocki438-2019,1,1983689,3376736,7738169,7367342,-0.315764,unrelated
S430,S432,Wysocki438-2019,Wysocki438-2019,1,2016799,3348306,7738169,7526561,-0.306577,unrelated
S430,S450,Wysocki438-2019,Wysocki563-2019,0,2100418,3303708,7738169,7734101,-0.291295,unrelated
S430,S451,Wysocki438-2019,Wysocki563-2019,0,1895051,3517219,7738169,7226898,-0.343426,unrelated
S430,S452,Wysocki438-2019,Wysocki563-2019,0,2157395,3359503,7738169,7917168,-0.291377,unrelated
S430,S453,Wysocki438-2019,Wysocki563-2019,0,2001821,3375739,7738169,7210686,-0.317727,unrelated
S430,S454,Wysocki438-2019,Wysocki563-2019,0,2000950,3355486,7738169,7408884,-0.310953,unrelated
S430,S455,Wysocki438-2019,Wysocki563-2019,0,1947887,3363020,7738169,7450078,-0.314595,unrelated
S430,S456,Wysocki438-2019,Wysocki563-2019,0,1963261,3447970,7738169,7202383,-0.330154,unrelated
S430,S458,Wysocki438-2019,Wysocki570-2019,0,1989538,3426386,7738169,7453203,-0.320131,unrelated
S430,S459,Wysocki438-2019,Wysocki570-2019,0,2212594,3261765,7738169,7810498,-0.277254,unrelated
S430,S460,Wysocki438-2019,Wysocki570-2019,0,1969271,3409316,7738169,7316303,-0.322121,unrelated
S430,S461,Wysocki438-2019,Wysocki570-2019,0,1983369,3396354,7738169,7396301,-0.317774,unrelated
S430,S462,Wysocki438-2019,Wysocki570-2019,0,2009068,3400888,7738169,7560523,-0.313276,unrelated
S430,S463,Wysocki438-2019,Wysocki570-2019,0,2027257,3424373,7738169,7366427,-0.319207,unrelated
S430,S464,Wysocki438-2019,Wysocki570-2019,0,1963084,3410765,7738169,7360662,-0.321776,unrelated
S431,S432,Wysocki438-2019,Wysocki438-2019,1,2012717,3336977,7367342,7526561,-0.312963,unrelated
S431,S450,Wysocki438-2019,Wysocki563-2019,0,2018966,3545417,7367342,7734101,-0.335853,unrelated
S431,S451,Wysocki438-2019,Wysocki563-2019,0,1984366,3459985,7367342,7226898,-0.338188,unrelated
S431,S452,Wysocki438-2019,Wysocki563-2019,0,2053354,3376762,7367342,7917168,-0.307512,unrelated
S431,S453,Wysocki438-2019,Wysocki563-2019,0,1864820,3684375,7367342,7210686,-0.377550,unrelated
S431,S454,Wysocki438-2019,Wysocki563-2019,0,1935145,3379700,7367342,7408884,-0.326488,unrelated
S431,S455,Wysocki438-2019,Wysocki563-2019,0,1911034,3428967,7367342,7450078,-0.333857,unrelated
S431,S456,Wysocki438-2019,Wysocki563-2019,0,1882858,3703868,7367342,7202383,-0.379203,unrelated
S431,S458,Wysocki438-2019,Wysocki570-2019,0,1957375,3390478,7367342,7453203,-0.325466,unrelated
S431,S459,Wysocki438-2019,Wysocki570-2019,0,2023313,3350636,7367342,7810498,-0.308210,unrelated
S431,S460,Wysocki438-2019,Wysocki570-2019,0,1902322,3449143,7367342,7316303,-0.340240,unrelated
S431,S461,Wysocki438-2019,Wysocki570-2019,0,1908938,3501758,7367342,7396301,-0.345076,unrelated
S431,S462,Wysocki438-2019,Wysocki570-2019,0,1973006,3410003,7367342,7560523,-0.324695,unrelated
S431,S463,Wysocki438-2019,Wysocki570-2019,0,1900072,3443152,7367342,7366427,-0.338422,unrelated
S431,S464,Wysocki438-2019,Wysocki570-2019,0,1906023,3645698,7367342,7360662,-0.365655,unrelated
S432,S450,Wysocki438-2019,Wysocki563-2019,0,2075099,3643454,7526561,7734101,-0.341519,unrelated
S432,S451,Wysocki438-2019,Wysocki563-2019,0,1895202,3527003,7526561,7226898,-0.349667,unrelated
S432,S452,Wysocki438-2019,Wysocki563-2019,0,2047390,3368966,7526561,7917168,-0.303718,unrelated
S432,S453,Wysocki438-2019,Wysocki563-2019,0,1871491,3653792,7526561,7210686,-0.368868,unrelated
S432,S454,Wysocki438-2019,Wysocki563-2019,0,1970005,3400724,7526561,7408884,-0.323488,unrelated
S432,S455,Wysocki438-2019,Wysocki563-2019,0,2008037,3320358,7526561,7450078,-0.309327,unrelated
S432,S456,Wysocki438-2019,Wysocki563-2019,0,1858323,3677587,7526561,7202383,-0.373201,unrelated
S432,S458,Wysocki438-2019,Wysocki570-2019,0,2022862,3407906,7526561,7453203,-0.319962,unrelated
S432,S459,Wysocki438-2019,Wysocki570-2019,0,2049664,3276255,7526561,7810498,-0.293593,unrelated
S432,S460,Wysocki438-2019,Wysocki570-2019,0,1997536,3329350,7526561,7316303,-0.314034,unrelated
S432,S461,Wysocki438-2019,Wysocki570-2019,0,1950368,3414104,7526561,7396301,-0.326870,unrelated
S432,S462,Wysocki438-2019,Wysocki570-2019,0,2030922,3343891,7526561,7560523,-0.308665,unrelated
S432,S463,Wysocki438-2019,Wysocki570-2019,0,1943090,3483370,7526561,7366427,-0.337316,unrelated
S432,S464,Wysocki438-2019,Wysocki570-2019,0,1981455,3638400,7526561,7360662,-0.355697,unrelated
S450,S451,Wysocki563-2019,Wysocki563-2019,1,1982292,3622125,7734101,7226898,-0.351712,unrelated
S450,S452,Wysocki563-2019,Wysocki563-2019,1,2151750,3349847,7734101,7917168,-0.290580,unrelated
S450,S453,Wysocki563-2019,Wysocki563-2019,1,2002557,3326012,7734101,7210686,-0.311110,unrelated
S450,S454,Wysocki563-2019,Wysocki563-2019,1,2024959,3544630,7734101,7408884,-0.334432,unrelated
S450,S455,Wysocki563-2019,Wysocki563-2019,1,2063488,3516020,7734101,7450078,-0.327219,unrelated
S450,S456,Wysocki563-2019,Wysocki563-2019,1,2040914,3306132,7734101,7202383,-0.306053,unrelated
S450,S458,Wysocki563-2019,Wysocki570-2019,0,2030216,3545559,7734101,7453203,-0.333232,unrelated
S450,S459,Wysocki563-2019,Wysocki570-2019,0,2116347,3320784,7734101,7810498,-0.291112,unrelated
S450,S460,Wysocki563-2019,Wysocki570-2019,0,2076875,3582337,7734101,7316303,-0.338051,unrelated
S450,S461,Wysocki563-2019,Wysocki570-2019,0,1984646,3616214,7734101,7396301,-0.346837,unrelated
S450,S462,Wysocki563-2019,Wysocki570-2019,0,2099289,3540174,7734101,7560523,-0.325674,unrelated
S450,S463,Wysocki563-2019,Wysocki570-2019,0,2002378,3330990,7734101,7366427,-0.308572,unrelated
S450,S464,Wysocki563-2019,Wysocki570-2019,0,2096790,3194053,7734101,7360662,-0.284292,unrelated
S451,S452,Wysocki563-2019,Wysocki563-2019,1,2009185,3425208,7226898,7917168,-0.319678,unrelated
S451,S453,Wysocki563-2019,Wysocki563-2019,1,1893510,3716031,7226898,7210686,-0.383620,unrelated
S451,S454,Wysocki563-2019,Wysocki563-2019,1,1936055,3341034,7226898,7408884,-0.324275,unrelated
S451,S455,Wysocki563-2019,Wysocki563-2019,1,1896927,3418618,7226898,7450078,-0.336603,unrelated
S451,S456,Wysocki563-2019,Wysocki563-2019,1,1883791,3670584,7226898,7202383,-0.378215,unrelated
S451,S458,Wysocki563-2019,Wysocki570-2019,0,1909456,3547157,7226898,7453203,-0.353190,unrelated
S451,S459,Wysocki563-2019,Wysocki570-2019,0,1958328,3408385,7226898,7810498,-0.323091,unrelated
S451,S460,Wysocki563-2019,Wysocki570-2019,0,1873906,3449220,7226898,7316303,-0.345490,unrelated
S451,S461,Wysocki563-2019,Wysocki570-2019,0,1943081,3288865,7226898,7396301,-0.316938,unrelated
S451,S462,Wysocki563-2019,Wysocki570-2019,0,1933194,3433300,7226898,7560523,-0.333622,unrelated
S451,S463,Wysocki563-2019,Wysocki570-2019,0,1858273,3478657,7226898,7366427,-0.349409,unrelated
S451,S464,Wysocki563-2019,Wysocki570-2019,0,1877291,3660663,7226898,7360662,-0.373197,unrelated
S452,S453,Wysocki563-2019,Wysocki563-2019,1,2002340,3502931,7917168,7210686,-0.330749,unrelated
S452,S454,Wysocki563-2019,Wysocki563-2019,1,2049708,3309663,7917168,7408884,-0.298160,unrelated
S452,S455,Wysocki563-2019,Wysocki563-2019,1,2119625,3202762,7917168,7450078,-0.278898,unrelated
S452,S456,Wysocki563-2019,Wysocki563-2019,1,2084958,3295607,7917168,7202383,-0.298042,unrelated
S452,S458,Wysocki563-2019,Wysocki570-2019,0,2075282,3313574,7917168,7453203,-0.296145,unrelated
S452,S459,Wysocki563-2019,Wysocki570-2019,0,2243086,3219871,7917168,7810498,-0.266833,unrelated
S452,S460,Wysocki563-2019,Wysocki570-2019,0,2090901,3299581,7917168,7316303,-0.295944,unrelated
S452,S461,Wysocki563-2019,Wysocki570-2019,0,2057695,3330724,7917168,7396301,-0.300634,unrelated
S452,S462,Wysocki563-2019,Wysocki570-2019,0,2100238,3345847,7917168,7560523,-0.296650,unrelated
S452,S463,Wysocki563-2019,Wysocki570-2019,0,2141505,3392150,7917168,7366427,-0.303776,unrelated
S452,S464,Wysocki563-2019,Wysocki570-2019,0,2064204,3383850,7917168,7360662,-0.307864,unrelated
S453,S454,Wysocki563-2019,Wysocki563-2019,1,1895744,3555560,7210686,7408884,-0.356739,unrelated
S453,S455,Wysocki563-2019,Wysocki563-2019,1,1851245,3582546,7210686,7450078,-0.362454,unrelated
S453,S456,Wysocki563-2019,Wysocki563-2019,1,1961244,3501893,7210686,7202383,-0.349859,unrelated
S453,S458,Wysocki563-2019,Wysocki570-2019,0,1882843,3703582,7210686,7453203,-0.376730,unrelated
S453,S459,Wysocki563-2019,Wysocki570-2019,0,2042502,3305158,7210686,7810498,-0.304091,unrelated
S453,S460,Wysocki563-2019,Wysocki570-2019,0,1851507,3555678,7210686,7316303,-0.362074,unrelated
S453,S461,Wysocki563-2019,Wysocki570-2019,0,1866760,3643310,7210686,7396301,-0.371046,unrelated
S453,S462,Wysocki563-2019,Wysocki570-2019,0,1905000,3623598,7210686,7560523,-0.361663,unrelated
S453,S463,Wysocki563-2019,Wysocki570-2019,0,1882207,3543095,7210686,7366427,-0.356997,unrelated
S453,S464,Wysocki563-2019,Wysocki570-2019,0,1907273,3326044,7210686,7360662,-0.325626,unrelated
S454,S455,Wysocki563-2019,Wysocki563-2019,1,2036070,3224058,7408884,7450078,-0.296928,unrelated
S454,S456,Wysocki563-2019,Wysocki563-2019,1,1866295,3585268,7408884,7202383,-0.363024,unrelated
S454,S458,Wysocki563-2019,Wysocki570-2019,0,1948767,3453341,7408884,7453203,-0.333595,unrelated
S454,S459,Wysocki563-2019,Wysocki570-2019,0,2031154,3316689,7408884,7810498,-0.302392,unrelated
S454,S460,Wysocki563-2019,Wysocki570-2019,0,1918147,3396252,7408884,7316303,-0.331022,unrelated
S454,S461,Wysocki563-2019,Wysocki570-2019,0,2002764,3275046,7408884,7396301,-0.307144,unrelated
S454,S462,Wysocki563-2019,Wysocki570-2019,0,1996214,3349319,7408884,7560523,-0.314136,unrelated
S454,S463,Wysocki563-2019,Wysocki570-2019,0,1969642,3365277,7408884,7366427,-0.322221,unrelated
S454,S464,Wysocki563-2019,Wysocki570-2019,0,1949045,3583377,7408884,7360662,-0.353275,unrelated
S455,S456,Wysocki563-2019,Wysocki563-2019,1,1914628,3502129,7450078,7202383,-0.347357,unrelated
S455,S458,Wysocki563-2019,Wysocki570-2019,0,1997049,3281893,7450078,7453203,-0.306425,unrelated
S455,S459,Wysocki563-2019,Wysocki570-2019,0,2018588,3305863,7450078,7810498,-0.300981,unrelated
S455,S460,Wysocki563-2019,Wysocki570-2019,0,2009582,3295687,7450078,7316303,-0.310285,unrelated
S455,S461,Wysocki563-2019,Wysocki570-2019,0,1964140,3297420,7450078,7396301,-0.311908,unrelated
S455,S462,Wysocki563-2019,Wysocki570-2019,0,2042879,3325261,7450078,7560523,-0.306959,unrelated
S455,S463,Wysocki563-2019,Wysocki570-2019,0,1969717,3324317,7450078,7366427,-0.315791,unrelated
S455,S464,Wysocki563-2019,Wysocki570-2019,0,1994716,3537420,7450078,7360662,-0.343003,unrelated
S456,S458,Wysocki563-2019,Wysocki570-2019,0,1861429,3645954,7202383,7453203,-0.370540,unrelated
S456,S459,Wysocki563-2019,Wysocki570-2019,0,2000814,3378066,7202383,7810498,-0.316749,unrelated
S456,S460,Wysocki563-2019,Wysocki570-2019,0,1881041,3640173,7202383,7316303,-0.371887,unrelated
S456,S461,Wysocki563-2019,Wysocki570-2019,0,1879160,3623694,7202383,7396301,-0.367720,unrelated
S456,S462,Wysocki563-2019,Wysocki570-2019,0,1962928,3563475,7202383,7560523,-0.349797,unrelated
S456,S463,Wysocki563-2019,Wysocki570-2019,0,1906991,3474673,7202383,7366427,-0.346106,unrelated
S456,S464,Wysocki563-2019,Wysocki570-2019,0,1940320,3371361,7202383,7360662,-0.329766,unrelated
S458,S459,Wysocki570-2019,Wysocki570-2019,1,2019955,3408505,7453203,7810498,-0.314279,unrelated
S458,S460,Wysocki570-2019,Wysocki570-2019,1,1993396,3344337,7453203,7316303,-0.317904,unrelated
S458,S461,Wysocki570-2019,Wysocki570-2019,1,1961573,3477539,7453203,7396301,-0.336274,unrelated
S458,S462,Wysocki570-2019,Wysocki570-2019,1,2031550,3330135,7453203,7560523,-0.308299,unrelated
S458,S463,Wysocki570-2019,Wysocki570-2019,1,1956318,3350085,7453203,7366427,-0.320106,unrelated
S458,S464,Wysocki570-2019,Wysocki570-2019,1,2001365,3566023,7453203,7360662,-0.346343,unrelated
S459,S460,Wysocki570-2019,Wysocki570-2019,1,1991202,3330814,7810498,7316303,-0.308752,unrelated
S459,S461,Wysocki570-2019,Wysocki570-2019,1,2041029,3377424,7810498,7396301,-0.309981,unrelated
S459,S462,Wysocki570-2019,Wysocki570-2019,1,2046241,3318337,7810498,7560523,-0.298642,unrelated
S459,S463,Wysocki570-2019,Wysocki570-2019,1,2085622,3404511,7810498,7366427,-0.311222,unrelated
S459,S464,Wysocki570-2019,Wysocki570-2019,1,1992922,3359693,7810498,7360662,-0.311543,unrelated
S460,S461,Wysocki570-2019,Wysocki570-2019,1,1920714,3405254,7316303,7396301,-0.332354,unrelated
S460,S462,Wysocki570-2019,Wysocki570-2019,1,2025868,3347083,7316303,7560523,-0.313797,unrelated
S460,S463,Wysocki570-2019,Wysocki570-2019,1,1910051,3438646,7316303,7366427,-0.338305,unrelated
S460,S464,Wysocki570-2019,Wysocki570-2019,1,2004751,3600103,7316303,7360662,-0.353987,unrelated
S461,S462,Wysocki570-2019,Wysocki570-2019,1,2011397,3374454,7396301,7560523,-0.316746,unrelated
S461,S463,Wysocki570-2019,Wysocki570-2019,1,1891630,3392927,7396301,7366427,-0.331526,unrelated
S461,S464,Wysocki570-2019,Wysocki570-2019,1,1945972,3586000,7396301,7360662,-0.354140,unrelated
S462,S463,Wysocki570-2019,Wysocki570-2019,1,1952184,3439102,7560523,7366427,-0.330008,unrelated
S462,S464,Wysocki570-2019,Wysocki570-2019,1,2004501,3612865,7560523,7360662,-0.349921,unrelated
S463,S464,Wysocki570-2019,Wysocki570-2019,1,1930674,3499692,7366427,7360662,-0.344176,unrelated
