job_id,iteration,m,total_migration,pop,numClusters,mutation_rate,recombination_rate,pi_loss,fst_loss,ld_loss,ibd_loss,dxy_loss,genrel_loss,fc_loss
0,0,0.0003320359066941084,0.268761171303757,23379.9997596294,1.0,5.8e-07,1.02e-06,0.02022790744796274,0.006807094541195043,0.009535288872362196,0.0043033526038125216,0.00023508039199257626,3.217834895744294e-05,0.002354704827222248
0,1,0.00022751885842304094,0.2750643526791684,19164.366144171716,3.0,5.8e-07,1.02e-06,0.024258828202888688,0.009937181261450339,0.00950376890876191,0.008624306404601883,0.0002753484648443188,5.255993189659299e-05,0.003726264337777785
0,2,0.0002685053787710008,0.028247962459037677,7893.672558022532,3.0,5.8e-07,1.02e-06,0.057088524481271406,0.04506824672447879,0.0037877898588767893,0.02252956979649302,0.0002887433818229436,0.00023882001570079973,0.010572183213888892
0,3,0.0011196046340725845,0.06552762510494997,18959.862637990354,3.0,5.8e-07,1.02e-06,0.04428823692008344,0.033118703985454835,0.005697160397933499,0.014230513876416063,0.0002828259948189781,0.00011410229836079928,0.006132597151666669
0,4,0.0003939245161692929,0.26590666100798777,10691.055584908709,2.0,5.8e-07,1.02e-06,0.025617293979436222,0.014152678356912569,0.008870762146300048,0.012134372126629855,0.00014863432409752204,9.919991481179665e-05,0.002903800912777754
1,0,4.104100494546093e-05,0.10241276642988613,12135.836255515704,3.0,5.8e-07,1.02e-06,0.02705951498247496,0.006007886928981708,0.00852383575467778,0.000507708930839321,0.0001375642292037515,2.8181083022910402e-05,0.006980478558888906
1,1,7.343053529754321e-05,0.19569229396185062,3153.5552918395188,1.0,5.8e-07,1.02e-06,0.025061121110255588,0.005776183735851109,0.007419367130491096,0.0018904941220067833,0.0003923396440133036,3.664816231444198e-05,0.004549287260555562
1,2,8.279039712664691e-05,0.02153762027861725,18950.127735461883,3.0,5.8e-07,1.02e-06,0.0315021233581134,0.016353439278679778,0.006429006727941334,0.004041155103950329,0.00034994834632936156,3.2359391372178006e-05,0.005650134596111106
1,3,0.0004618462797730151,0.1696006697777006,13502.261810320993,1.0,5.8e-07,1.02e-06,0.021079106742645473,0.010460785235383461,0.008454294502535514,0.008223935305731149,0.0002110555855661584,5.265004335495903e-05,0.0021997626249999763
1,4,6.432720600522016e-05,0.10607962507735226,20737.942889069654,1.0,5.8e-07,1.02e-06,0.02113178650860484,0.005844627105386364,0.009412325212119299,0.0005798934931779334,0.00019070053340020476,3.2023971569650905e-05,0.002880029881111121
2,0,0.00029791372857004947,0.24737610369896293,7787.944233671901,1.0,5.8e-07,1.02e-06,0.025992849843517282,0.012749797691576442,0.008589580176660736,0.012265337250678137,0.00028559858696553577,0.0001044921574412349,0.002647400742777778
2,1,8.000000576910353e-05,0.0633250324848886,15306.393510922502,3.0,5.8e-07,1.02e-06,0.021078626492446895,0.007982125810257673,0.008895513097932744,0.0028870999207973366,0.00014400880515033523,3.0692959255898296e-05,0.005992763997777789
2,2,0.00031748487379911736,0.029520985003825294,16851.982780964194,2.0,5.8e-07,1.02e-06,0.026254299687852995,0.017334792699508186,0.007037525224016586,0.007880281120548512,0.00023434791561251106,5.3352770317206236e-05,0.005949132843888885
2,3,3.86449672446667e-05,0.0056666616672453865,12355.490156541784,1.0,5.8e-07,1.02e-06,0.021068233195964403,0.026165428318394995,0.006100892342014543,0.0008967463598437845,0.00017635231062164687,1.960511926623663e-05,0.004861105777222222
2,4,0.0014881049294715979,0.05440037835502359,3946.778924622147,2.0,5.8e-07,1.02e-06,0.14687484364645476,0.12884639176759932,0.011825234663973444,0.06291851131091886,0.00033444338959525056,0.001548382178713812,0.012424096385
3,0,3.1384357089255825e-05,0.09621746226623863,3908.5072451496444,1.0,5.8e-07,1.02e-06,0.021050611017245896,0.00640558986682315,0.007698310221675056,0.0004930684176795656,0.0002424677909799247,2.3919264327840543e-05,0.00508146257388889
3,1,7.17477154424755e-06,0.16836060131333605,9400.172642358513,2.0,5.8e-07,1.02e-06,0.02290535766156715,0.005665260107011436,0.009965426901908965,0.0005145961017137333,0.0003568937615693346,3.0102818208703218e-05,0.003264012295555563
3,2,0.00019822268541738587,0.17880908142568078,8907.991067586485,1.0,5.8e-07,1.02e-06,0.020724187537146412,0.010570644686155836,0.008758099995161419,0.00939410951296201,0.00018038453131676208,7.438692729245738e-05,0.003414533636666661
3,3,0.0002551284115050106,0.2802274704206019,9167.724545094086,3.0,5.8e-07,1.02e-06,0.02911491683280726,0.016429860848200417,0.009159026594327135,0.01714847540118142,0.00018517600573425335,0.0001495639776328708,0.0035177216222222196
3,4,0.00017948088788352005,0.20936694010069476,8614.77296085746,2.0,5.8e-07,1.02e-06,0.02993883248552962,0.012625908404130174,0.007942145654726384,0.011995844601031503,0.0003469491417909134,0.00010299063566978363,0.0032551867238888865
4,0,7.55326691026263e-05,0.09516170592593254,2661.9249018310747,2.0,5.8e-07,1.02e-06,0.03082148479123382,0.019238885770526123,0.0029264711832598916,0.008228845322198886,0.000306397212742791,0.00013970805217739231,0.011105709635000002
4,1,0.0013282880310457306,0.2801335900228537,9126.811180209232,3.0,5.8e-07,1.02e-06,0.07063010246085828,0.05461824250213259,0.004646841825234756,0.028208894817866162,0.00030550529861993127,0.0004375544398778927,0.0028263501855555623
4,2,5.907889740418507e-05,0.25593220191384125,14080.42065493795,1.0,5.8e-07,1.02e-06,0.02474221671786912,0.00620350683182231,0.009664415517754774,0.0005194576475121007,0.00014423751295807748,3.2092068090554744e-05,0.0026886221427777635
4,3,7.615405857801542e-05,0.20955358866045617,16344.850846953941,2.0,5.8e-07,1.02e-06,0.024789672523500703,0.0056553950341621875,0.00937271054675269,0.0008408925740763213,0.00014172502125433495,3.1464794798413094e-05,0.004921979064999998
4,4,4.6602103385117435e-05,0.24709479264310608,4574.877592285511,3.0,5.8e-07,1.02e-06,0.023733155943013312,0.005789566732886618,0.006641637046928509,0.000544493553149386,0.0003593464311883908,2.3122220558490644e-05,0.005938695274444447
5,0,0.00030507534901016785,0.11622557051552129,3050.5072741394347,1.0,5.8e-07,1.02e-06,0.07033533431197564,0.034334566489389845,0.004506927290863332,0.033662997581599234,0.0005993921462503677,0.0004579196965500308,0.007111688201111133
5,1,0.00013402588104719851,0.1714659793206419,10122.01217770265,1.0,5.8e-07,1.02e-06,0.023177702706771715,0.007534305874614113,0.00924088232987872,0.005350854191012622,0.00014368676414362792,4.5109463158893655e-05,0.002469706432777788
5,2,0.00014695212040150525,0.08766719957878219,15813.576813937856,3.0,5.8e-07,1.02e-06,0.021548694376673786,0.011150699818102005,0.007951720296725391,0.008516738561612424,0.00016661490099846988,5.918982698354784e-05,0.005396651802777777
5,3,3.1120564763173226e-05,0.025541057835011483,22336.766028252903,1.0,5.8e-07,1.02e-06,0.02576811056743049,0.005902250313907747,0.009091435659079744,0.0004820046212659474,0.0004120892857523752,3.1120282184840754e-05,0.0037925102100000163
5,4,1.1642911585234574e-06,0.25711468816863375,9816.066199375717,3.0,5.8e-07,1.02e-06,0.021314207445175832,0.005762292490927465,0.009523083642346553,0.0005187774985091885,0.00018361149802710434,3.000065637142336e-05,0.004609186903888882
6,0,0.0001175608570311189,0.22600136319629063,5772.563321763821,2.0,5.8e-07,1.02e-06,0.024620300174361436,0.011282297307840106,0.00814911415413719,0.010040256929186612,0.0002847572022766221,0.000111600611357021,0.005251287446111114
6,1,1.7835807736277276e-05,0.09382124939677944,2989.8361701609006,2.0,5.8e-07,1.02e-06,0.022686402964874484,0.01183946679880385,0.0030970841528395743,0.00020889709972251151,0.00025036654351022036,2.0111502797905966e-05,0.010430832281111108
6,2,4.2349856965749174e-05,0.10668414963715404,7209.328104739786,1.0,5.8e-07,1.02e-06,0.022049202016139163,0.005597497254146252,0.008473544420127583,0.0005344080763716641,0.0003263081413534964,2.9580696511906224e-05,0.004549151682777794
6,3,8.180507531010763e-05,0.2813063634515233,11570.406126808508,1.0,5.8e-07,1.02e-06,0.02094275020107944,0.005961640792556202,0.00974273565012269,0.0006653491498262105,0.00024710366168832423,3.175934220756466e-05,0.003927319914444449
6,4,0.00010957584970906063,0.15236792224557658,2430.48998405779,3.0,5.8e-07,1.02e-06,0.06260641866256961,0.032229633000079805,0.002831142813798816,0.027176593778896405,0.0005215673842319575,0.0004731732533396159,0.016458339836111113
7,0,2.231542225173132e-06,0.1956377524320773,9174.615574051866,2.0,5.8e-07,1.02e-06,0.02179840208062578,0.005731693703113741,0.008770056559337255,0.0005239256596730691,0.0003211295164208365,3.028614413440011e-05,0.004428396590555564
7,1,2.8919634163527954e-05,0.22849084282902293,15531.759299104087,3.0,5.8e-07,1.02e-06,0.021049587808737075,0.005866095158305246,0.010582267711213128,0.0005109173501560458,0.00019070913951706238,3.1322704361674214e-05,0.004517249300000012
7,2,2.640614553506473e-05,0.03334680838690622,22877.126878145107,1.0,5.8e-07,1.02e-06,0.021273087286537373,0.00567790040182146,0.010057753585330528,0.00048744516897221093,0.00027320075696539225,3.15266896435456e-05,0.002676332489444433
7,3,0.0004238221770592743,0.19646108672301685,24938.658213769413,3.0,5.8e-07,1.02e-06,0.021846150936785103,0.009935367759131735,0.009952447371997757,0.007914779538634094,0.00018241087253690342,4.4038755026610766e-05,0.0030349700088889014
7,4,0.00020509850617791875,0.00486340888836656,20921.64045294312,3.0,5.8e-07,1.02e-06,0.05076390560209395,0.052605306352117694,0.004511922906101991,0.005955633311878262,0.00016625692342017611,5.554635343445511e-05,0.004063510837777784
8,0,1.897762993085104e-05,0.11894226462366765,13379.73867583851,3.0,5.8e-07,1.02e-06,0.028131577515469824,0.005768106682441807,0.008679464222434182,0.0005076951361956653,0.00013874963621415736,2.9481013132494208e-05,0.006358126143333351
8,1,0.00010899321106621455,0.10821391679343544,16636.177629142334,1.0,5.8e-07,1.02e-06,0.020823276649401187,0.005764110612196722,0.009394530952834441,0.0024791828560458175,0.0002751089087925285,3.136489899634896e-05,0.006150084329999986
8,2,0.00010494429311172999,0.18551612321541008,11160.2054298203,3.0,5.8e-07,1.02e-06,0.02032643697767213,0.006901324589537493,0.009048310143651846,0.004161967955011841,0.0001702942083523308,4.1793722945604495e-05,0.007317560590000008
8,3,5.049793953204053e-05,0.0049971089189768435,22707.804780613533,1.0,5.8e-07,1.02e-06,0.02884949684215377,0.016763623653863555,0.007484813523382173,0.0009691125538008392,0.000309831105703336,2.5776704647735867e-05,0.0016233203061110923
8,4,2.4572088034499403e-05,0.23006518726165695,7046.0472704594595,1.0,5.8e-07,1.02e-06,0.021126596480858555,0.005986951251031128,0.009753658561120227,0.0005067275537921806,0.0002759206713313375,3.1117727382773114e-05,0.003318401959444453
9,0,0.00021943306678036276,0.029106214266985096,14126.164195407602,2.0,5.8e-07,1.02e-06,0.02412029442883708,0.017787669816162057,0.007733627384397933,0.008682340042417433,0.00020114368249137028,5.993393260469008e-05,0.0074161931716666685
9,1,2.6099464432326898e-05,0.17102287409638625,3075.2920645153367,3.0,5.8e-07,1.02e-06,0.031120425404750587,0.008861302734409604,0.004485840310561737,0.0004888767723655398,0.0004512820919373686,1.797211766057393e-05,0.012618827876111113
9,2,0.00017357907195737903,0.18118895843676888,17743.271892974386,3.0,5.8e-07,1.02e-06,0.028247022262782407,0.010109159463655938,0.01013646814938965,0.008738233456365912,0.0003691837420168541,5.490255866157336e-05,0.0025588480799999813
9,3,0.00018446932941847737,0.10385581663897167,8090.0777106150335,3.0,5.8e-07,1.02e-06,0.033698908207479394,0.02118356061108052,0.0072621014000454195,0.01893946016663522,0.00023753052965226615,0.00017683184838124095,0.007334280281666675
9,4,0.0002984183367548341,0.09758481993761078,10690.495843272987,3.0,5.8e-07,1.02e-06,0.029130374567033226,0.02037790906336151,0.007240014834480768,0.017069137455714995,0.00017213549705987486,0.00013706340564389495,0.005373657686111116
10,0,1.8832503474439855e-05,0.07272068444895075,6053.303335699482,1.0,5.8e-07,1.02e-06,0.02088384209398531,0.00618516571384855,0.00843920922238462,0.0005096270280977683,0.00023146671283496046,2.7160990561590463e-05,0.003979567673888892
10,1,1.6466836927091183e-05,0.11269911605087989,24144.87615405668,1.0,5.8e-07,1.02e-06,0.024784476402944317,0.006120136485665491,0.009625350542922797,0.0005112156840152782,0.00014390612943270244,3.2297763651696355e-05,0.0018337630972222185
10,2,5.796068991933308e-05,0.13431556593032773,23872.667462794965,1.0,5.8e-07,1.02e-06,0.021135144686506905,0.0060919044073070696,0.010176609960981233,0.0005180205473130488,0.00019670791573260906,3.225137351078054e-05,0.0029194686555555627
10,3,0.0005734240749254495,0.27095352994978994,24125.75471546666,1.0,5.8e-07,1.02e-06,0.020604253582825707,0.007378326036839203,0.010001136277304847,0.004942810161106019,0.00024306812601585466,3.256715923882802e-05,0.0011953392055555345
10,4,0.00035978372390856885,0.28086349755849405,6857.854969449168,1.0,5.8e-07,1.02e-06,0.03328083631412625,0.01550805567926194,0.008738347641123441,0.015809190553151234,0.00037791461861818405,0.00014257743633843821,0.0023533842088888784
11,0,0.00012099914089266368,0.24786680966678223,23061.292044270085,1.0,5.8e-07,1.02e-06,0.028536828546746603,0.005887676323403074,0.009509222253693755,0.0015459248776415193,0.00013807848501374493,3.2001503716329885e-05,0.0032332077527777864
11,1,0.00014064586593766617,0.0032944092334326147,9341.806233791704,2.0,5.8e-07,1.02e-06,0.11421537708620828,0.10339638414720083,0.008761803499736409,0.006187142084854943,0.00025102217401416137,0.00016158982180643309,0.005326554988333329
11,2,0.00018215573763066597,0.2307209857143792,19461.92662950762,1.0,5.8e-07,1.02e-06,0.020011938695923825,0.006679011521639092,0.010369332897585978,0.003989726063780754,0.0002017966370322336,3.2288638046829116e-05,0.0027394641272222298
11,3,4.8379674923106714e-05,0.21589870535684139,3808.79585013438,1.0,5.8e-07,1.02e-06,0.02099098010521716,0.0055803156028374585,0.00781943024350891,0.0005873979531525683,0.00024195835784690542,2.7797759833664007e-05,0.004060104623333338
11,4,0.00037065871645451497,0.24741886771396798,24886.370604622694,3.0,5.8e-07,1.02e-06,0.021758625142625988,0.009074894693416586,0.01005448643355117,0.007336483639812631,0.00022240815064696395,4.197652560560594e-05,0.004194417032222231
12,0,0.00010529992847911549,0.18903734395178082,16280.992536053405,2.0,5.8e-07,1.02e-06,0.02211853633619625,0.005853390461596708,0.009066848513444354,0.0028123962244447956,0.00033466358213211396,3.158799339996466e-05,0.0038760149661111326
12,1,0.00034282627568079044,0.04456630315291321,4612.901225801716,3.0,5.8e-07,1.02e-06,0.10005534801023692,0.06666552702492869,0.00556303556565066,0.042382317168194204,0.0005048151621303995,0.0005952596861584708,0.009465935867222247
12,2,7.400558290518016e-05,0.0031782588595554375,10879.448638822845,1.0,5.8e-07,1.02e-06,0.05198486797540861,0.04910473092744002,0.004183759172622637,0.0017155243466938491,0.00020403149146876472,3.826684064390289e-05,0.004003777561666658
12,3,1.2734127721702135e-05,0.27118598458974935,19117.543849240523,2.0,5.8e-07,1.02e-06,0.021205950467868297,0.006226355657828051,0.010647862770068657,0.0005050841281543595,0.00019494306369801924,3.2123380987197815e-05,0.0038617542099999985
12,4,0.00177332661693604,0.1973793557023414,9846.527533923168,1.0,5.8e-07,1.02e-06,0.057843253463677635,0.03259665165097143,0.006408740032141838,0.01169055110723187,0.00046829831929217795,0.00013826485424043767,0.0020784474494444233
13,0,7.446822774516343e-05,0.21485154012794674,22848.2905604904,1.0,5.8e-07,1.02e-06,0.02640629765132692,0.006183853777055174,0.010278089255299801,0.0005589081763510926,0.00013737257900032324,3.2280384229094196e-05,0.001888546682222228
13,1,0.0014410826226197706,0.03655748807012258,21662.05510234942,1.0,5.8e-07,1.02e-06,0.027580796081024334,0.01778109559157131,0.008867640229994622,0.004018125522449892,0.00025385541320481264,3.082465980675796e-05,0.001591979313333311
13,2,1.153000686704052e-06,0.17326766737653213,21538.834321819802,1.0,5.8e-07,1.02e-06,0.02433655988363893,0.006267794840592676,0.009825675732089994,0.0005117749430807481,0.00014847910427345077,3.235386490252405e-05,0.002763782137222226
13,3,0.00011164787150394689,0.1703542695712454,14268.13719483243,3.0,5.8e-07,1.02e-06,0.02111581094879823,0.00719741127425719,0.009557437073077905,0.0046973765099039486,0.00025778939201776956,4.01980446683087e-05,0.00262534866111111
13,4,2.2786055691195838e-05,0.24127474859013542,12447.964216067438,3.0,5.8e-07,1.02e-06,0.025129425025177066,0.005810401726153563,0.010285946963274046,0.0004981475259916284,0.0001391236183361195,3.078560809670976e-05,0.006568858543888861
14,0,0.0003443852579858127,0.027240845011521162,23435.005732185953,1.0,5.8e-07,1.02e-06,0.020625756336601794,0.009372334220225535,0.009524078979245352,0.0041276736477046565,0.00017240006333707185,2.9966954066886123e-05,0.001823032079999995
14,1,0.00026204202359433133,0.12571534166673126,5805.833008454749,3.0,5.8e-07,1.02e-06,0.04112391427621425,0.030058131848733155,0.005302728558483871,0.028777491686162504,0.00023192573275473415,0.00032087314009323595,0.00858657628555555
14,2,4.591980269338183e-05,0.23569708903499048,14514.827084542268,1.0,5.8e-07,1.02e-06,0.021347039444640736,0.006227532656874595,0.009702722174875746,0.0004975997214077913,0.0003002811129943094,3.214829439253507e-05,0.002890821807777777
14,3,2.95864832725576e-05,0.2377461248930778,7219.81951822882,1.0,5.8e-07,1.02e-06,0.021820764029979584,0.0060152037256205855,0.010774196565059964,0.0004962911798297504,0.0003288064039466871,3.12100975725134e-05,0.004245767321111121
14,4,4.479853770410561e-05,0.20694891325915837,14049.614290890213,1.0,5.8e-07,1.02e-06,0.021088021959802156,0.006156371177066382,0.01043552041200038,0.0004975486814440827,0.0002837278351254622,3.206186756171223e-05,0.003343718877222221
15,0,0.000735740281396138,0.1615009774456125,9970.213039090984,3.0,5.8e-07,1.02e-06,0.04302732776027179,0.0328098736452272,0.005496802461698467,0.02344607554679092,0.0002484799926277363,0.00021842571953050629,0.010524840859444454
15,1,4.1523109417283965e-05,0.16990393102135123,19159.489167594777,1.0,5.8e-07,1.02e-06,0.029244061284703873,0.0061815548331641485,0.010474702078043983,0.000489563576155018,0.00013614563555783691,3.2235828118023894e-05,0.0021453545594444373
15,2,1.6259179428381964e-05,0.15381548533530637,10416.809621942593,1.0,5.8e-07,1.02e-06,0.020851999039099272,0.0059156667402328125,0.010020785740597572,0.0005127249725541211,0.00023774355072166822,3.1575779391537876e-05,0.004175895200555557
15,3,2.805386860694147e-05,0.25373630868843483,24020.881347589155,2.0,5.8e-07,1.02e-06,0.024014043181304155,0.006258507772299006,0.009704383604438899,0.0004995877615515538,0.00015024981880308003,3.2256542894111635e-05,0.003018965183333347
15,4,0.00100809256302968,0.22760589306830425,16283.493578474092,3.0,5.8e-07,1.02e-06,0.04119418579514699,0.025324243389108003,0.00726494230140693,0.01532740097732036,0.0003416026725648348,0.00011833575644831552,0.0032504755849999956
16,0,6.754738643306163e-05,0.15285696793718315,10433.938094208861,1.0,5.8e-07,1.02e-06,0.02410743104555038,0.005645636139110575,0.008562343791737837,0.0006702270671912477,0.00014447829984394887,3.120416422502237e-05,0.004885543213888885
16,1,8.265044353007176e-05,0.04275126308256517,10966.01106605739,3.0,5.8e-07,1.02e-06,0.026207457630099684,0.015210314971504768,0.006443706298666478,0.005719385149643683,0.0002686674798954036,5.0677085736880373e-05,0.005752509915555551
16,2,0.001063752583675813,0.012517433437713332,17597.784732095897,2.0,5.8e-07,1.02e-06,0.05910230100129177,0.0392917742980364,0.005269561884210562,0.010606390630202378,0.0003935032468930649,0.00010363693288652517,0.0015126413622222196
16,3,3.509219307949573e-05,0.14731015211110166,13239.168705567068,2.0,5.8e-07,1.02e-06,0.02144356406234768,0.005686842897293504,0.009518002475015101,0.00047807977545476915,0.00017897627099126387,3.089353905879244e-05,0.005360354185555555
16,4,4.631705765637901e-05,0.04161925571409771,13368.618067513386,2.0,5.8e-07,1.02e-06,0.02086351145770181,0.0076720045499035034,0.00789350901570037,0.0007464402910803996,0.0001953464517845529,2.6955223739639363e-05,0.0038034123594444524
17,0,0.0004759325932167733,0.029156346362770334,22086.025896636715,3.0,5.8e-07,1.02e-06,0.032556307299447425,0.02160359375755454,0.0073259670945574175,0.009033057004139243,0.0002854373214841084,5.1103731798002663e-05,0.004112890949444448
17,1,0.00013984515947974754,0.23485178919526584,12620.971688048072,2.0,5.8e-07,1.02e-06,0.0225310375699109,0.008355276902819918,0.009392824567111841,0.006465056168031301,0.0002910803593512803,4.982917631616731e-05,0.0035248075044444355
17,2,0.00010331598818362427,0.131905664039656,6438.99481743332,1.0,5.8e-07,1.02e-06,0.020814293625575023,0.0073354544834747445,0.00904491043086708,0.004765697181947268,0.00016201354268001268,5.1414745025424586e-05,0.00513324148444444
17,3,6.978197279769582e-05,0.1437529261753849,4740.570753013519,2.0,5.8e-07,1.02e-06,0.020855548420562742,0.007274097812078866,0.007312211131843756,0.0024883624327021905,0.00023229733543342237,3.8138674442335056e-05,0.0048683268300000054
17,4,2.3020777582658675e-06,0.18749904053534724,9599.030422468955,3.0,5.8e-07,1.02e-06,0.025922979867565765,0.005682512911990262,0.008079009812670674,0.0005343499509176561,0.0001362747257068696,2.9066836506114413e-05,0.005588312915000004
18,0,0.00015402518242769002,0.04318989715221996,17180.224370114647,2.0,5.8e-07,1.02e-06,0.021947195000009984,0.010634982277443805,0.007942378779908941,0.006045027448042522,0.0001399345003662478,4.1044685383177034e-05,0.0035864579161111326
18,1,7.727961148417512e-05,0.26677268462376114,3020.765463961975,3.0,5.8e-07,1.02e-06,0.02205371416319332,0.007528675510713134,0.005352943213926261,0.003100522862539283,0.0002987301037263902,5.644918461599286e-05,0.0071230501261110996
18,2,9.423063997810451e-05,0.28093276554803287,23369.817914100448,2.0,5.8e-07,1.02e-06,0.020846468698822302,0.005832760727358857,0.009610218416430609,0.0010206721348209283,0.00023656273070408592,3.1951586745159484e-05,0.003821198007222207
18,3,0.000584263655242684,0.0726822532332189,8141.162796380477,3.0,5.8e-07,1.02e-06,0.060145799812176624,0.044000930802075316,0.0043655963925883405,0.026386240054405933,0.0003348366394005911,0.00029995328387600077,0.0040096631999999854
18,4,5.7210726739752225e-06,0.11312383935323345,8790.857496851555,1.0,5.8e-07,1.02e-06,0.02135033610080007,0.005710271541165108,0.009081997720736729,0.0005274939206652507,0.00018550976945119028,3.082392781964847e-05,0.0035082515200000053
19,0,1.7127425339716448e-05,0.12042634133789612,2608.500110928215,1.0,5.8e-07,1.02e-06,0.026086637317176715,0.006805826096555106,0.006405527902241801,0.0004916257557001251,0.0003958599175542808,2.0346988860012213e-05,0.00530648410111112
19,1,0.00022943554932095778,0.23745014604732742,16612.80558138569,3.0,5.8e-07,1.02e-06,0.023746866791305513,0.011063983326724426,0.009751998618235815,0.010119888332967291,0.00016682792659632236,6.512107795128168e-05,0.003592663940555546
19,2,0.0004808615955707076,0.008352476638286276,14489.281677548333,2.0,5.8e-07,1.02e-06,0.05434120932990968,0.045374838792546855,0.004147853398739641,0.009744350774168907,0.0002609631336117273,0.00010606945979237571,0.0028792604366666696
19,3,2.2198084276753155e-05,0.23538309145958772,19884.55762447217,3.0,5.8e-07,1.02e-06,0.03612323259653115,0.006004801817523349,0.009549587021770794,0.0005097217657528385,0.00017364433101337657,3.1799081619828245e-05,0.004377981826111127
19,4,9.957533269343798e-05,0.2049740828630538,10473.533315820338,2.0,5.8e-07,1.02e-06,0.02067828874007123,0.006094405524375238,0.009981158086221098,0.003238096882110783,0.0002741924494993072,3.519842899717309e-05,0.0028305853533333314
20,0,1.4255977148909967e-05,0.28918886899745105,16878.63520214963,1.0,5.8e-07,1.02e-06,0.02105207257498889,0.006387048057665692,0.010276120322609028,0.0005072292141403823,0.0002625443124196433,3.2347630644887285e-05,0.0026466791372222187
20,1,4.343988040854219e-05,0.255693463483645,8385.833231608642,3.0,5.8e-07,1.02e-06,0.02092380181506109,0.005665119888485511,0.009511026377248703,0.0005012914856251342,0.00021269635705621417,2.907303383701882e-05,0.005146941807777777
20,2,5.9359258309035517e-05,0.11946512229055442,13020.626363312253,2.0,5.8e-07,1.02e-06,0.02196393371235587,0.005490481110314278,0.009458418420540791,0.0006701277137766667,0.0003190183293473821,3.0305528398546315e-05,0.004639229313888896
20,3,0.00016848956965463015,0.2506164531661302,18165.898054703328,3.0,5.8e-07,1.02e-06,0.02300535122755126,0.009017874119845136,0.00923011548636401,0.007327911816554449,0.00025917095646641846,4.798625457974066e-05,0.0008795159494444232
20,4,0.0006216274885219119,0.15762665523180927,11770.190563109494,3.0,5.8e-07,1.02e-06,0.029803346064126917,0.024116631061056226,0.005968921464644957,0.01814163320096619,0.00016098156937195384,0.00014654859982461918,0.0034376609300000027
21,0,4.576133001481379e-05,0.12793231050198361,6470.711570752019,2.0,5.8e-07,1.02e-06,0.021122833217502284,0.005990024174342873,0.008009144004079642,0.00062147771359402,0.00025773279541045174,2.605874881371184e-05,0.006407332322222237
21,1,3.141350291724145e-05,0.04605913928213875,16950.54499097471,3.0,5.8e-07,1.02e-06,0.026639256716581766,0.007686960281704851,0.007780007055421846,0.0004925314958174725,0.0003898822133873092,2.73112189878046e-05,0.0042241214700000085
21,2,0.0003866719767744925,0.007921082578737092,22795.839759660324,1.0,5.8e-07,1.02e-06,0.0211204055425461,0.017431086102980844,0.007837383689482016,0.0033410255148198166,0.00014166137728945007,2.719731374863302e-05,0.0021369975644444233
21,3,0.0012978265463347714,0.17654208407347727,7207.490882162346,1.0,5.8e-07,1.02e-06,0.0375861992151289,0.035527386546428306,0.0060935232804042614,0.016599014810138563,0.00018746821476296012,0.0002148621986920711,0.004305462276111116
21,4,6.075581792974104e-05,0.26998948413408325,5940.866071916593,3.0,5.8e-07,1.02e-06,0.021199484406522178,0.005513141331013071,0.008734999837288602,0.0006454274080659829,0.0002639781746923365,2.6398693328817695e-05,0.004976172870555559
22,0,2.6711282838036645e-05,0.18538968843188272,17110.787064183336,3.0,5.8e-07,1.02e-06,0.02238720531949603,0.005791374623049514,0.009195080558447455,0.0004982162408335937,0.00034356095311253277,3.132345228464965e-05,0.0026755240277777786
22,1,0.0011609319858993424,0.1302246187391249,6582.441990118993,1.0,5.8e-07,1.02e-06,0.046997991224783424,0.03888957855491575,0.006499816692685877,0.018855056219166198,0.00025473868097165196,0.0002469222214152679,0.0035388919683333186
22,2,0.001296049251814304,0.1721898677332361,3713.7809106183513,2.0,5.8e-07,1.02e-06,0.14073919418885084,0.08958066733447223,0.008107454241739677,0.05309714845326268,0.0007049061678161455,0.00129432174145158,0.009529735772222228
22,3,5.009605282696423e-05,0.20427817601768578,21186.928042713695,2.0,5.8e-07,1.02e-06,0.022092821848024986,0.00604158651769317,0.010316226267569463,0.0005046614518406466,0.0003449539177129365,3.202342169170278e-05,0.004617309237222228
22,4,0.0002878312747549587,0.09461661981111995,9716.312791602082,1.0,5.8e-07,1.02e-06,0.023810295202016832,0.012098662412483365,0.007979491372643309,0.00981826656714291,0.00026221435461532184,7.111873405432068e-05,0.004458079707222215
23,0,2.5450293902012684e-05,0.1797899580140993,22160.754427576663,2.0,5.8e-07,1.02e-06,0.022045233356534272,0.006056182687866577,0.009797677831342505,0.0005010631985837831,0.0001719648283911486,3.207113613028177e-05,0.003572980814444446
23,1,1.4501417210593863e-05,0.23422500847889932,3442.477228170475,1.0,5.8e-07,1.02e-06,0.021691087958306803,0.005728824264025618,0.009001415277522335,0.0005417764911139503,0.00031408526464694794,2.7728313466450137e-05,0.003167595358888914
23,2,3.916501993231459e-05,0.09280577690891008,5660.263090712622,3.0,5.8e-07,1.02e-06,0.026646825635743266,0.009482586362690316,0.006455618555131419,0.0004652101691330007,0.0003689595498016475,1.840553753726785e-05,0.00860315555055556
23,3,0.001258342762249879,0.08577980158393737,8758.813944688241,1.0,5.8e-07,1.02e-06,0.03329636196988398,0.032836206798941454,0.0061750064632821325,0.012862411913225591,0.0001708512776297898,0.0001419069898549468,0.002558077720555524
23,4,0.0002598348547818132,0.2565101107161708,2403.4111194750976,3.0,5.8e-07,1.02e-06,0.08970415540383608,0.05506652301958146,0.003720606605100816,0.06801373196665544,0.0004896164032224766,0.0011605398658331367,0.01180718965944444
24,0,0.0008023306878421618,0.17166673610888777,19309.6281306795,1.0,5.8e-07,1.02e-06,0.02188974949986285,0.010900059078847073,0.009455484870555265,0.006267288393890641,0.00020221864990726144,3.61275676745454e-05,0.0027495916577777585
24,1,4.340265000407414e-05,0.21095691681595424,14117.810696314851,2.0,5.8e-07,1.02e-06,0.023807669158563315,0.005902292985188445,0.010416965813047392,0.0005005445067333842,0.0003976162888191413,3.151414512611884e-05,0.005016947072222208
24,2,0.005386618038235643,0.05745006182205542,4314.713460556113,1.0,5.8e-07,1.02e-06,0.11803128951112829,0.10781419193326214,0.00760537147589782,0.01754108199785265,0.0002565813841757787,0.0006528602868023622,0.008610859979444427
24,3,0.00036602499173323037,0.05229837513220426,21640.11580744206,3.0,5.8e-07,1.02e-06,0.024755976607611252,0.014555076056636869,0.008182455561729824,0.008432215300422171,0.00022646317504079186,4.851380579124322e-05,0.0029301471133333507
24,4,0.0002245705095349056,0.1155043928920762,3578.0524703380133,2.0,5.8e-07,1.02e-06,0.04837155387005774,0.03397686862961227,0.00354009572594036,0.030783697718766892,0.0003236273138470086,0.00043217991937937226,0.011577988909444462
25,0,6.409696020463961e-05,0.09903938330960937,12150.586997003957,1.0,5.8e-07,1.02e-06,0.02088949066753698,0.005540373082509463,0.009536160410020469,0.0006734486062928529,0.00022362524014920055,3.110516048650559e-05,0.0030801217855555563
25,1,1.6045744199192972e-05,0.022646105932309344,17698.22599181834,1.0,5.8e-07,1.02e-06,0.022528338928274643,0.006534604895775834,0.009817715458903281,0.0005162850805405507,0.00031109199896237554,3.0191653591451576e-05,0.0036144751472222403
25,2,5.6548757582036906e-05,0.17483825649278242,6013.115245225915,3.0,5.8e-07,1.02e-06,0.0216180573473501,0.005976531338685124,0.008220811537279361,0.0007257485595751507,0.00015337234648580666,2.4347320101473064e-05,0.01089775132000001
25,3,6.961349011835438e-06,0.006527796771542482,10759.567168294438,3.0,5.8e-07,1.02e-06,0.05278521620230125,0.07067667992521065,0.0076080242257637945,0.0004650366631421793,0.00018039135565888593,7.249003230824678e-05,0.006356924261111105
25,4,0.0010607439460418484,0.2640244221180619,14456.404506432813,3.0,5.8e-07,1.02e-06,0.040870019936262554,0.02984605869953949,0.0070626062319385586,0.018767107874045435,0.00027003640649390237,0.0001613350160283777,0.004546072257222228
26,0,0.0003655239993446842,0.08040826788324236,15165.117359407852,2.0,5.8e-07,1.02e-06,0.033557252774507225,0.014006874379743905,0.008020398684635355,0.009245230948784069,0.00040430188577888414,6.172824177323993e-05,0.004049787112222217
26,1,1.5268334989012936e-05,0.22542606131136925,4123.448316547243,2.0,5.8e-07,1.02e-06,0.024167672526767884,0.005691566079254657,0.008904623498727391,0.000529234936695225,0.0003836527175861499,2.4853685995508185e-05,0.005762479741111118
26,2,1.1655913160100171e-05,0.156704974876834,15762.683258224293,3.0,5.8e-07,1.02e-06,0.021048121137160165,0.005692946841809244,0.009183017651814987,0.0005205090389187504,0.0002483545826984629,3.089831443333692e-05,0.00422960642555556
26,3,0.00017438105223390468,0.1394221036538032,18679.978576095244,2.0,5.8e-07,1.02e-06,0.027432117419211657,0.007731574170751433,0.00927709848381838,0.005561809020452547,0.00040006279720475975,3.770454012218106e-05,0.0033987958649999983
26,4,9.890278367404285e-05,0.08896016242030917,23130.517151188375,2.0,5.8e-07,1.02e-06,0.020632909603136466,0.005717554125705611,0.009254665897492428,0.002430974320738307,0.0001881917492961977,3.106623443143363e-05,0.0033638014066666583
27,0,0.00032725805675215205,0.13928116387511763,2266.916429440611,1.0,5.8e-07,1.02e-06,0.06828504415542351,0.04204912172956868,0.0039266801870019965,0.042110626284319,0.0004905456656127795,0.0006955210731934529,0.008524761096666666
27,1,7.903273240287184e-05,0.01500589204256264,11406.510672628563,3.0,5.8e-07,1.02e-06,0.03317516374860176,0.034146643112372956,0.003692634344823561,0.00655386850051246,0.00017886995757783195,5.970380198142791e-05,0.008868471556111132
27,2,5.024215084891107e-05,0.13083391287820467,14806.901833458396,2.0,5.8e-07,1.02e-06,0.020924819267185382,0.005587258827273893,0.00929923739367608,0.000539273045751391,0.00019962513727726737,3.0959603403485035e-05,0.003749433125000007
27,3,2.2104227625415194e-05,0.005164253005339247,24759.02062388378,1.0,5.8e-07,1.02e-06,0.023551215445412246,0.014652475564824971,0.0085685123103161,0.0005590027920743152,0.00023140263073348534,2.6978429089035948e-05,0.00486032965111112
27,4,0.00010552853968852196,0.01627717332036259,8487.05406793676,1.0,5.8e-07,1.02e-06,0.025232385136847387,0.020332071584058125,0.007859601762637657,0.007530252349101471,0.00019720017849598386,5.9686339637681326e-05,0.004871596958333321
28,0,9.770573073891301e-05,0.25310143527912404,2113.7078068906367,3.0,5.8e-07,1.02e-06,0.05185650787767426,0.017517666711402993,0.003338228281289894,0.013949853060467303,0.0005984553512729847,0.00026654712536012485,0.012106426451111124
28,1,0.0003368579799045838,0.1044787650085343,3156.146124228745,1.0,5.8e-07,1.02e-06,0.06504848197926574,0.03478630688437794,0.004224889007102353,0.032043783010924067,0.000525910362766237,0.0004393887266230057,0.0051450021833333165
28,2,0.0005386109730187296,0.04986981893073713,8349.723899388871,3.0,5.8e-07,1.02e-06,0.053977723020918376,0.04721361575594465,0.002951826293815376,0.02602725759441039,0.00022984578305259508,0.00029957209569806217,0.010613621322222239
28,3,2.8285607942066363e-05,0.2955406880325697,4300.004783885681,2.0,5.8e-07,1.02e-06,0.023137633701055465,0.00566810383166252,0.00849411444455302,0.0004987006283613983,0.0003674559078819092,2.6400225137878644e-05,0.002493896930000017
28,4,0.00026103406797629624,0.047040181076737596,21517.498079723267,3.0,5.8e-07,1.02e-06,0.023179396769921746,0.013440151287141627,0.00762321679688515,0.008092338951468528,0.00020448314746074401,4.798089005848796e-05,0.005419524552777791
29,0,9.057640981022572e-05,0.14620903407675406,16150.439087659845,2.0,5.8e-07,1.02e-06,0.021721909726232502,0.00552665995942446,0.00958212684128144,0.0019810783231209556,0.0001591631619795951,3.09448497085452e-05,0.004671285474444439
29,1,0.00044778510340946645,0.1604626901835736,17074.586796309406,1.0,5.8e-07,1.02e-06,0.02259527111671301,0.008692498677627327,0.008644681477523689,0.0063606782964245835,0.00028654496735262635,3.957334769912927e-05,0.002828418166666652
29,2,0.0006672085227192559,0.1502283994176329,8718.936109920749,3.0,5.8e-07,1.02e-06,0.04816644786022417,0.03476710599163207,0.00551104643853275,0.025325533883329757,0.000302155588286812,0.00025427230108562415,0.005584241403333343
29,3,0.0004398821083003823,0.23057152655061403,2171.0947990384475,3.0,5.8e-07,1.02e-06,0.12153627112134004,0.08392663022170055,0.005846051394984245,0.0964135616424782,0.00043494015707942784,0.0016770453835367263,0.018196521036666677
29,4,0.00010127837357540308,0.23833540211029514,12417.358576906363,1.0,5.8e-07,1.02e-06,0.020696055874813768,0.005751581577841826,0.009797214105510226,0.0014768657418737976,0.00023022444755997043,3.149301217737191e-05,0.0011696014305555558
30,0,1.8031898292109084e-05,0.2146078538185737,24890.18975325761,3.0,5.8e-07,1.02e-06,0.020932650184930107,0.0060479974147427526,0.00956207692969867,0.0005070130160232194,0.00021107730409388443,3.2034113861441934e-05,0.0034261816794444455
30,1,0.00012512999793595802,0.171796681758929,4009.003365784985,2.0,5.8e-07,1.02e-06,0.03238532006048091,0.018624853153415232,0.00601148556780879,0.017962339349899686,0.0002930410309911052,0.0002397166997329832,0.007579516718888915
30,2,0.00046941861395985326,0.07187634944718654,2115.3909727283344,3.0,5.8e-07,1.02e-06,0.19328068155923125,0.13246332811699038,0.013070978108105707,0.10667036809957958,0.0006280469132104022,0.0021145259378725248,0.016593099021666682
30,3,7.396249365962142e-05,0.12673229467213923,17508.764980930515,2.0,5.8e-07,1.02e-06,0.02239530368590052,0.005454537323913299,0.009279870532906744,0.0010342639370658822,0.0001552814008408247,3.1088514232885296e-05,0.004683183155555562
30,4,1.2492749292748748e-05,0.03961612434345678,23484.266519494075,1.0,5.8e-07,1.02e-06,0.023753438539464915,0.005654992976097946,0.010337087527692648,0.0005130948323707677,0.00014500753855644762,3.1757932916628044e-05,0.0028429313216666724
31,0,0.0002167031885367957,0.10380105722267324,13768.521274282515,3.0,5.8e-07,1.02e-06,0.027426247019688797,0.014316896643565967,0.007872947714778727,0.012448912903507678,0.00024604600704842194,8.721975339932304e-05,0.0033266073088889098
31,1,4.461207150088015e-05,0.23770957846879887,17624.82065896886,1.0,5.8e-07,1.02e-06,0.024748900503988785,0.006296516705608771,0.01011480413672011,0.0004945793784329003,0.000145439934076865,3.228214587197733e-05,0.0027496876166666767
31,2,5.69544789874464e-05,0.024051785246085155,2422.165230219088,3.0,5.8e-07,1.02e-06,0.10243913610543033,0.0901498938231049,0.015832555544200422,0.011138582029718897,0.0002766164779768215,0.0003681514386436161,0.027092228087222253
31,3,0.00015788518353134515,0.11077181187295228,11211.372420652779,1.0,5.8e-07,1.02e-06,0.02223669458418424,0.008522894106765521,0.008957372385477252,0.006507864215577239,0.0002904337455910183,4.8023292618954435e-05,0.0029866762783332945
31,4,1.5010100085450061e-05,0.05233190928099741,2317.422495267651,3.0,5.8e-07,1.02e-06,0.06043367593534984,0.03906715785600653,0.00816447193064278,0.0010614906123983918,0.0004133065888923314,0.00010990624797783206,0.02908174792666668
32,0,1.423144404730323e-05,0.2530540442127033,13442.727389689317,2.0,5.8e-07,1.02e-06,0.021422323684616745,0.0060473102028392,0.010321591708935348,0.0005098089615600317,0.00030155777854409355,3.164531306304769e-05,0.0038402491150000134
32,1,8.323788017998969e-05,0.08616547394327774,16197.079928203484,3.0,5.8e-07,1.02e-06,0.02078533907653761,0.006444826500969586,0.008782036733040257,0.0022619933388122794,0.0002574937406522912,2.9702836051467563e-05,0.005046857126111096
32,2,4.6163153268554395e-05,0.1847893922100995,7212.091122508249,2.0,5.8e-07,1.02e-06,0.02108980005120468,0.005551949661865076,0.009252011505675277,0.0005571655828244439,0.000249624691252111,2.868860682073328e-05,0.004388856526666651
32,3,9.746413197653083e-05,0.1771099908570604,23825.17121885967,3.0,5.8e-07,1.02e-06,0.03164699665076365,0.005522306301959247,0.010014835541226836,0.001765514350384052,0.0001536693382440276,3.130715203066983e-05,0.002837012063888908
32,4,9.33976328738454e-06,0.08546593358535957,3838.1381420066105,2.0,5.8e-07,1.02e-06,0.020548852856320837,0.01025117005057011,0.005505347951970555,0.0005387352503182287,0.00015168385009094033,1.6989071958395452e-05,0.008825701496111116
33,0,0.0001986994705911394,0.14143357649784202,3177.6121029113583,2.0,5.8e-07,1.02e-06,0.05373898999662052,0.03465675604321775,0.003634061933327777,0.034875943522392414,0.0003681992531641937,0.0005116629235200627,0.00973184295333332
33,1,4.048347431444436e-05,0.08303370495188835,13939.17989601225,2.0,5.8e-07,1.02e-06,0.021224145115685693,0.005725272281449625,0.009335787000283154,0.0005279712718818734,0.00018331504046856868,2.992511919001185e-05,0.005480284491111098
33,2,2.8054955128559434e-05,0.11701166584226641,8461.70534035546,1.0,5.8e-07,1.02e-06,0.021432776993278557,0.005678800449841328,0.009440589214660332,0.000501821925394131,0.00030104126535779373,3.0636150373087574e-05,0.003413609708888876
33,3,0.00015485459617288526,0.17411430282828447,6506.417653485739,2.0,5.8e-07,1.02e-06,0.030346046056459918,0.014557270358316991,0.00782789829059146,0.01388616024571941,0.00031351053945668524,0.00013895094559798334,0.00468863818000001
33,4,0.00045270178250582496,0.14678214641665097,4021.476482102319,2.0,5.8e-07,1.02e-06,0.06531883324967458,0.04331600234291986,0.004097785590716811,0.03553289477548821,0.00040906378584548513,0.0005722731840403756,0.0061633429850000004
34,0,7.270618566084483e-05,0.03377649316901449,4145.554246793758,1.0,5.8e-07,1.02e-06,0.026297977101809342,0.01826102130933011,0.005354801245010257,0.00668667487257153,0.0002477110356349083,8.162330862864967e-05,0.006585084269444444
34,1,0.00012335573168172903,0.14774664587011163,16219.83783565908,1.0,5.8e-07,1.02e-06,0.02031732505070406,0.006039881892385276,0.009311264357180521,0.0029947696416664712,0.000213763666190025,3.1669672185939374e-05,0.004274126528333352
34,2,0.0001013066277524265,0.24992673628097659,5124.944697803694,3.0,5.8e-07,1.02e-06,0.02038629569009817,0.008675335241421602,0.00724904011989014,0.0060677168296423304,0.00016320266670348833,8.06136869441192e-05,0.006639442940000018
34,3,0.0008361104910784974,0.19223918194083667,7991.133308272749,1.0,5.8e-07,1.02e-06,0.0446808566138559,0.023522029035954076,0.007917612430538271,0.016195264372810325,0.0004290145403420741,0.0001471417936261114,0.004140292500555559
34,4,0.00021336176108134066,0.04473870586036649,9195.020332528737,1.0,5.8e-07,1.02e-06,0.029763483946837792,0.01420769766429765,0.00777940424895292,0.009614863408736499,0.0003368279970330978,6.926857785438812e-05,0.0018221437788888822
35,0,0.00010488497478247576,0.03507023690095586,24373.31599249801,3.0,5.8e-07,1.02e-06,0.02607855154567727,0.010012457398608673,0.007946286420605622,0.004335132756922607,0.00033684196887291234,3.188636426410374e-05,0.0051313862361111046
35,1,0.0002663890043594575,0.18747920915871555,14644.9520639598,3.0,5.8e-07,1.02e-06,0.025431872808562073,0.012712678271881337,0.00799014406989739,0.011832558373503083,0.00021033816486857974,8.07461482136676e-05,0.003704657079999993
35,2,0.0001452047092767636,0.20045298896844593,12576.885059324346,2.0,5.8e-07,1.02e-06,0.021123672185881515,0.008878047399110568,0.008739794526950895,0.007138091515284359,0.0001662721430938259,5.4225931454720195e-05,0.0015791286566666785
35,3,8.113569555591411e-05,0.04838462396121,18203.438364267015,2.0,5.8e-07,1.02e-06,0.020360294695992456,0.007000411879857212,0.008687236194338243,0.0026311356646341183,0.00019165059934150334,2.989019868888338e-05,0.0032830034483333354
35,4,8.703322990245553e-05,0.17985162566669688,13771.2734070455,2.0,5.8e-07,1.02e-06,0.020680330784625788,0.005481292209859077,0.009208459083582787,0.0017678548051019705,0.0002630308734549084,3.081685186288054e-05,0.0029595685833333357
36,0,5.1162256438882427e-05,0.05327493968297826,12323.591299896512,2.0,5.8e-07,1.02e-06,0.022769533801117698,0.006950606448383221,0.007895421840280177,0.0008093400404747767,0.00031942048432500946,2.736155916198162e-05,0.0024683472216666807
36,1,0.00023768489058546328,0.18466341890297772,23286.2758817885,1.0,5.8e-07,1.02e-06,0.026187243794187215,0.0065762242359103705,0.009936773008065706,0.003927795867883944,0.0004201486758944628,3.186790334921263e-05,0.002466818392777778
36,2,0.00024938991235766916,0.07781345386672199,12166.125379046487,1.0,5.8e-07,1.02e-06,0.02046521421684266,0.009939180913551138,0.008423180332826874,0.0074669650603948375,0.00017649528174728027,5.06131536102576e-05,0.0037548644705555773
36,3,1.652607338440204e-05,0.0916772816749556,11391.319249111728,2.0,5.8e-07,1.02e-06,0.02113743979182914,0.005832495794364254,0.008867035482774068,0.000495262730881263,0.0002473832711971484,2.9328072394385955e-05,0.004095860438333335
36,4,0.0004114884687888388,0.0958512391735006,13669.246952027801,1.0,5.8e-07,1.02e-06,0.021732321994345178,0.01125052522062849,0.009819569131237106,0.008213069401956298,0.00020980799114264602,5.0536152217717515e-05,0.0024864328044444384
37,0,7.224549085071923e-05,0.20380297292336952,6508.30366380615,3.0,5.8e-07,1.02e-06,0.020471058248928663,0.005693781769608397,0.007844439388369559,0.00131756382157911,0.00021396119049396623,2.743488202222557e-05,0.0034831595388888914
37,1,5.8536383015608836e-05,0.07104896699371573,2426.087714305625,1.0,5.8e-07,1.02e-06,0.02635620645746654,0.012780369338969757,0.004597408292444773,0.002824002522108515,0.00031661584020865435,5.698760497634931e-05,0.007553567884444473
37,2,0.004897922692773219,0.19304847801836225,12632.983182188686,2.0,5.8e-07,1.02e-06,0.08336202023840959,0.07070751570093435,0.005429669167219465,0.019284900448883053,0.0003249120775866079,0.0005074526441187985,0.0009750587983333447
37,3,2.01381409034086e-05,0.21267931296771422,19641.640789721572,2.0,5.8e-07,1.02e-06,0.02122657271022893,0.006106893022967235,0.010531610095119106,0.0005067881209616091,0.00029039587448689684,3.2043447834860814e-05,0.005193035082222228
37,4,2.9787931719838182e-05,0.1688744823874961,15521.128110436142,3.0,5.8e-07,1.02e-06,0.020895699244749516,0.0056874781294809496,0.00913898854002087,0.0005059135738705649,0.00022025198128877723,3.0896820635370954e-05,0.004983876390555558
38,0,5.8910082502456605e-05,0.09104501388406663,12322.295687995522,3.0,5.8e-07,1.02e-06,0.021041877182987816,0.006324477939914359,0.008452968017644264,0.0007790972907981401,0.00023787872022972893,2.7635686840691312e-05,0.00569106784055555
38,1,3.3599175627213274e-05,0.1168996782420173,5371.107490989334,2.0,5.8e-07,1.02e-06,0.021024880715445865,0.006652886000292187,0.007854661506023647,0.0006142688083686119,0.00016793038915253664,2.3267512139314914e-05,0.0044885642583333135
38,2,0.0012098123704394725,0.10366192354976556,5638.141645307542,3.0,5.8e-07,1.02e-06,0.10742936337434948,0.09502306480065119,0.007127706420407908,0.044560655828347145,0.00026512735534005657,0.0009504775621961174,0.006786538379999998
38,3,4.969685287184256e-05,0.28101846571203254,5528.881529292142,3.0,5.8e-07,1.02e-06,0.02636863939804743,0.0055862645545309364,0.00857953806791474,0.0005711426263534346,0.00043721207356788825,2.5836601748966538e-05,0.0034318071872222328
38,4,0.0002432748209990742,0.00757951933006512,19430.167006806034,3.0,5.8e-07,1.02e-06,0.03754693549409454,0.042586813837087185,0.0037304821887339593,0.00788368172545655,0.00015204720757361223,6.237918512866677e-05,0.0019012179694444242
39,0,0.0007407165039834391,0.1825443405736918,24571.80328348336,3.0,5.8e-07,1.02e-06,0.02688254540527303,0.013910854096837193,0.00885143327254838,0.009335184164675618,0.00027315876859280254,4.8716406004564555e-05,0.00479225188388889
39,1,6.030191961510986e-05,0.1635945589426358,23666.79808027921,2.0,5.8e-07,1.02e-06,0.020978896277002126,0.005897319931110445,0.01009341821694392,0.000551937575077283,0.000254757143676147,3.19746999439873e-05,0.003647579619444452
39,2,0.00011310709245252678,0.043211795533235606,6120.725243625843,1.0,5.8e-07,1.02e-06,0.022864515656203982,0.015126753275721862,0.0072120155155596345,0.00947457112502481,0.00021218808277327097,8.890989560321764e-05,0.004406713615555544
39,3,0.00014471554764080365,0.09923059649773198,12384.664897437553,1.0,5.8e-07,1.02e-06,0.02911175590888762,0.008095725814296628,0.009328587634758951,0.0059322702987351025,0.0004388845401157,4.275116558230825e-05,0.005500374359444435
39,4,7.642330498294594e-05,0.22055296968794394,5701.311449995768,3.0,5.8e-07,1.02e-06,0.021439045951721192,0.006037996119986327,0.007927555262316961,0.002004415341614119,0.0002848574321795227,3.316465728799839e-05,0.00829845678388888
40,0,0.0005384021366513721,0.05554262301256051,2929.164000986022,2.0,5.8e-07,1.02e-06,0.11797479639308044,0.09439914132358052,0.010252056017692857,0.0578214496020362,0.00037607145498269097,0.0013076369427518124,0.011674903326666666
40,1,0.00022558936595399635,0.005208729448744064,4003.130957207821,2.0,5.8e-07,1.02e-06,0.2073286696675152,0.176704772996816,0.020475726207059407,0.025716078474671843,0.00035779131809704647,0.0007503448594097538,0.01177262488277779
40,2,5.347732738036669e-06,0.23876909260153056,5031.583284397338,1.0,5.8e-07,1.02e-06,0.020999596301173738,0.00588171684175987,0.009316563598269859,0.0005197964413863444,0.00023261809357150282,3.016766971614556e-05,0.002268448430000014
40,3,0.00032745114628500416,0.12147727318890833,5804.25961037116,3.0,5.8e-07,1.02e-06,0.04156261634594951,0.034775362371529756,0.0037011577582888953,0.031628902610048325,0.00020488042010947247,0.0003628825315322559,0.00659000887166665
40,4,0.0002480053417059273,0.08321709516800056,8370.045345056944,1.0,5.8e-07,1.02e-06,0.026418936195094445,0.0133815994757577,0.0081512563259172,0.011058585077507482,0.00028318247223585696,8.50523215052598e-05,0.004840655415555575
41,0,4.131753256295521e-05,0.27843559668993156,23336.874843256424,1.0,5.8e-07,1.02e-06,0.025509250282770846,0.006410882337353467,0.009771386802302946,0.0004986733526296106,0.0001412766656464092,3.24283932002255e-05,0.003920661773333334
41,1,0.00012986907944674485,0.1209670791903056,15200.781646789135,2.0,5.8e-07,1.02e-06,0.0206236408496613,0.0075831427800366795,0.009264961613982667,0.005190815339690614,0.00016054333175272457,3.979356334151199e-05,0.00414132562499997
41,2,7.562924555881298e-05,0.2779234816693071,19355.530248562325,1.0,5.8e-07,1.02e-06,0.021231225772360095,0.006230982211260551,0.010456997463559936,0.0005565427560379991,0.00019340350561174212,3.225583242485075e-05,0.0020099865199999928
41,3,3.668051686735479e-06,0.12901371201600173,6279.2897545875085,3.0,5.8e-07,1.02e-06,0.02718507691588162,0.006763568034736646,0.007605009778975945,0.00046813505790889415,0.00014392147603830026,2.2844926316050764e-05,0.006687029829444441
41,4,2.1606721642584203e-05,0.2725624232480462,21421.808133416343,2.0,5.8e-07,1.02e-06,0.02246633804309602,0.006260097672357751,0.009945582840400079,0.0005055263803464274,0.00016690306234109828,3.2210691752970835e-05,0.003151733091666664
42,0,0.002985584506458898,0.14329238819488824,13542.064966152653,2.0,5.8e-07,1.02e-06,0.07688919467550888,0.05474136993135753,0.006097835221321776,0.01866024911011165,0.00041428861973168515,0.0003283706342733734,0.006196585321111114
42,1,3.6320904128630265e-05,0.16117212023080907,24796.7393895709,1.0,5.8e-07,1.02e-06,0.021782283373613515,0.006258429517252349,0.009899270027381016,0.0004998041373489265,0.0001803019450126406,3.2371338624221076e-05,0.0021408393366666445
42,2,0.00016521665367711156,0.2168431908707116,16382.061309387323,3.0,5.8e-07,1.02e-06,0.022398555363149508,0.009763777782417863,0.008893575309066983,0.008315838633368126,0.0001497002433199783,5.612036170935753e-05,0.004134775769444446
42,3,8.021487237672895e-05,0.022545450342924576,23351.154070832206,2.0,5.8e-07,1.02e-06,0.020735902817950156,0.009421643738626617,0.008519273109192638,0.002648459973430268,0.00023274988759750684,2.8497677067243673e-05,0.0044290336616666925
42,4,0.0004739320663414806,0.27400684683827725,6586.766797373969,2.0,5.8e-07,1.02e-06,0.03542741096740822,0.025060248624732395,0.0058981589036205505,0.022206849439535267,0.0002404859660857008,0.0002662952048303026,0.005000225523888874
43,0,7.776679726231991e-05,0.13385513883128283,5408.9944571979195,2.0,5.8e-07,1.02e-06,0.020485993882649555,0.007723062315642951,0.00700924884306629,0.0034203036041433655,0.0001768625786930059,4.5764589753267974e-05,0.00638190022833332
43,1,5.344741312978333e-05,0.11727103002742663,19993.988313609985,1.0,5.8e-07,1.02e-06,0.022073412997936262,0.0059571565662583,0.010376299525581856,0.0005287406588767152,0.0003410186070962404,3.209443120030381e-05,0.001967152421111132
43,2,1.1281194288726408e-05,0.07001459465629975,22106.267305320667,2.0,5.8e-07,1.02e-06,0.020934667258860184,0.0056382359501722336,0.00832158395042399,0.0005125584162680831,0.00021545491552717777,3.132511389576478e-05,0.0043863670594444515
43,3,0.003956732507489399,0.2095595837014718,22255.3336900321,1.0,5.8e-07,1.02e-06,0.03401068220985712,0.019101646547491847,0.008398516612428573,0.004032294908582004,0.0003382906020065802,3.584567852871233e-05,0.0011394936155555563
43,4,2.3921686778364728e-05,0.23379814968285417,16912.96184701271,1.0,5.8e-07,1.02e-06,0.023647872692514726,0.006308472546369966,0.00958356226579518,0.0005063173817750976,0.00015458589508011064,3.228924303357324e-05,0.00232906957944444
44,0,6.053486101191955e-06,0.20028971957020222,4806.45850707694,2.0,5.8e-07,1.02e-06,0.022351843523588197,0.0057496179775637915,0.007254734818843829,0.0005201083037741976,0.0003342194443062038,2.5748436135684596e-05,0.005317441354999994
44,1,3.6489918639196954e-05,0.05646647945277574,9297.286747551607,3.0,5.8e-07,1.02e-06,0.02114738507425649,0.010431232370840475,0.006553432222490346,0.000471925562574006,0.00018695706354960933,2.0690747468275148e-05,0.01085304196166667
44,2,7.145770681112892e-05,0.12350118366537964,22070.901446996664,2.0,5.8e-07,1.02e-06,0.021935405688502742,0.0055486588088878045,0.009447684813518343,0.0007961934181018718,0.0003309055287686946,3.1589370923793476e-05,0.0030265379605555615
44,3,3.452157008921928e-05,0.16797230388410408,15154.857773378391,2.0,5.8e-07,1.02e-06,0.02268617520880931,0.005816961588173036,0.009616956293003905,0.0004958993586368941,0.00015995160431235482,3.143169031390502e-05,0.0036918857666666943
44,4,2.3592942654123268e-05,0.2789845212659726,9533.373175013949,2.0,5.8e-07,1.02e-06,0.021261429252235203,0.005952027655230008,0.009628727907218271,0.0004912721345606846,0.0001914713767710107,3.0951832852096264e-05,0.00299019476444444
45,0,2.8537353763137844e-05,0.045686346457763725,10321.815473915542,3.0,5.8e-07,1.02e-06,0.027745792866407076,0.011479799739005278,0.005902023767801193,0.0005434659817620815,0.0003578520221898596,1.988670331900444e-05,0.007726242643888881
45,1,1.5212815647489658e-05,0.23703364141251992,20454.0357173976,2.0,5.8e-07,1.02e-06,0.02089015390880795,0.0061784220211554995,0.01097090336249444,0.0005084632068374264,0.00024173532847391425,3.2129298622145915e-05,0.003976553447222225
45,2,0.00021970120340895316,0.22307287986777827,14501.198775580762,1.0,5.8e-07,1.02e-06,0.029305802254216112,0.008092679725801223,0.01011995368272286,0.006092540692788151,0.0004490181923921437,4.1217146334861975e-05,0.0020338131966666645
45,3,7.750129808792418e-06,0.15783187799249443,8276.291705183234,3.0,5.8e-07,1.02e-06,0.0210279473289408,0.005863479667574355,0.0087026277628414,0.00052420560604481,0.00024361733119547316,2.7299839173456724e-05,0.006612087674444447
45,4,0.0008588826290377787,0.24543179831732398,5117.373198190227,1.0,5.8e-07,1.02e-06,0.05012427662087243,0.0353703132640431,0.007036524746666553,0.026375790680518676,0.0003398973607602241,0.0003322217815849811,0.006346863224999971
46,0,5.993946234037154e-05,0.21596337975172555,15209.888755818902,3.0,5.8e-07,1.02e-06,0.021032065040370126,0.005675101525501045,0.009969407316390328,0.0005597148781208716,0.0001968545030050885,3.1014864323662824e-05,0.004648919466111109
46,1,0.0001806329250024786,0.2174157685634013,14243.434191032891,3.0,5.8e-07,1.02e-06,0.02388589124346768,0.011538309927660905,0.00990522905540267,0.010708634323449082,0.0001781120698409193,7.384569961670159e-05,0.0038864612738888915
46,2,0.0003855884965431682,0.004763903356935627,7913.34428332046,2.0,5.8e-07,1.02e-06,0.12458252597162149,0.1086744819676037,0.009506844414699121,0.012382178790797232,0.00031047323323225845,0.0003170414451217239,0.009616278396111108
46,3,0.0008173040216980366,0.17074669443456905,2073.8292046329957,3.0,5.8e-07,1.02e-06,0.22494139592593632,0.15993257590246412,0.014019667671864374,0.12522885010328078,0.0006000171335889124,0.003013323116617741,0.027336790461666663
46,4,3.0259540621050083e-05,0.28830174716549295,13986.63504242935,1.0,5.8e-07,1.02e-06,0.02114870890190998,0.00633771192061278,0.010866227191632577,0.0005027023288085576,0.00020108006961480022,3.222389612916755e-05,0.0019453107205555514
47,0,6.66161131598376e-05,0.1220151438035037,20399.343345786234,2.0,5.8e-07,1.02e-06,0.020793352167345784,0.005561943945165165,0.010036444311785415,0.0006545770135304496,0.00019686007838813968,3.148679849706881e-05,0.004822460775555565
47,1,4.062286433026795e-05,0.13295063891786316,7195.689971159376,3.0,5.8e-07,1.02e-06,0.020972931483021536,0.0065071576401843955,0.00797642635373712,0.0005318827261864778,0.0001855345943900853,2.430412382444267e-05,0.007974196165000003
47,2,1.1364913744732922e-05,0.07392647670777738,15802.593701170737,2.0,5.8e-07,1.02e-06,0.02145171089326114,0.00580005044510531,0.008948257370404404,0.0004997790353599098,0.0002975200562359342,3.0381915113874942e-05,0.005028444650555561
47,3,2.6129461360522106e-05,0.0265987081387525,23955.481169938834,1.0,5.8e-07,1.02e-06,0.02123506278043073,0.005777428747098016,0.009739649919868134,0.0005021699742558948,0.00017214870886431014,3.137219960146223e-05,0.004559963588888896
47,4,8.528756327288633e-05,0.1574312040093654,6326.059603208638,1.0,5.8e-07,1.02e-06,0.021216575165197708,0.005587821646356405,0.008453443777028658,0.001980343396745811,0.0002983463711724661,3.153249602427127e-05,0.0039133147711111205
48,0,4.2764808091980795e-05,0.11237266410684565,16243.882933228966,2.0,5.8e-07,1.02e-06,0.027014249091103865,0.005623447723523016,0.009653072865657203,0.0005010664751922861,0.00013341927489676075,3.1047893658971215e-05,0.003899668741111126
48,1,0.002433860528363468,0.21863525711483053,23561.85198799958,1.0,5.8e-07,1.02e-06,0.03395028221515134,0.016655246332503107,0.008793104689631808,0.004388680906705981,0.0003830264568566876,3.605062907476423e-05,0.002738206446666655
48,2,8.852642751460807e-06,0.12590371179370352,16241.755423466131,2.0,5.8e-07,1.02e-06,0.020945696081014608,0.005724039592452282,0.009598596501892096,0.0005180119539991162,0.00024097723512996722,3.135769827554327e-05,0.004337802949444455
48,3,2.1646505001491422e-05,0.11059753207076245,4995.805348584272,1.0,5.8e-07,1.02e-06,0.025095256585427262,0.0057916874096023115,0.008158361280120053,0.0005114988041855221,0.0004034472696993522,2.755237903277965e-05,0.00161122605222222
48,4,0.002039757014998256,0.011402147868990617,16070.96295899887,1.0,5.8e-07,1.02e-06,0.03255452064304839,0.03170386978664974,0.006501912576611059,0.0034425097575582,0.00017820555611392514,3.9774876453096584e-05,0.0031961866305555142
49,0,2.6346573621323748e-05,0.10900023687447825,20291.36329373069,2.0,5.8e-07,1.02e-06,0.021245330143284235,0.005735885563793256,0.009646331429642885,0.0005021981133151837,0.0002761807622629156,3.162161829072994e-05,0.003982884802777781
49,1,8.653908432291859e-06,0.07557358056430713,5279.339805606585,3.0,5.8e-07,1.02e-06,0.02594579082808458,0.0122813664237765,0.005476498803390872,0.0004716811484441351,0.00031712472148260343,1.686706843539746e-05,0.012709293410000017
49,2,6.315067691452059e-05,0.21071775199273604,18488.33052602976,2.0,5.8e-07,1.02e-06,0.021949083889852682,0.0059012988681363615,0.011019184130005645,0.0005582855011839336,0.00017441403635609263,3.180086768240378e-05,0.002181746033888904
49,3,0.00013635907520551566,0.07298133932664712,19872.09999707364,1.0,5.8e-07,1.02e-06,0.025461991103437897,0.0063648048902375555,0.00947655846697426,0.00359366229288798,0.0001375440334543428,3.153100246232796e-05,0.0025851472238888895
49,4,0.0005371349104005094,0.08492341390802036,13774.442521306684,1.0,5.8e-07,1.02e-06,0.024927443798310106,0.012942824993854865,0.008497757168517887,0.008269688723193775,0.0002748157468366725,5.047668253890293e-05,0.003115948747222208
50,0,7.617804863693504e-05,0.24486252556047355,4348.854834420361,3.0,5.8e-07,1.02e-06,0.024149287397958352,0.006361088569526572,0.007885134814953553,0.0021192240517272213,0.00013689692864141166,3.7423269246874894e-05,0.005359009451111091
50,1,0.0018725679887890718,0.22721980788989832,20799.780298816433,1.0,5.8e-07,1.02e-06,0.024015093576818903,0.01672984592321022,0.009105732911513169,0.005519033367289265,0.00020431504508995038,4.016844093451318e-05,0.0026822868644444248
50,2,0.00020864616049423983,0.21963075711093175,10193.870649604945,1.0,5.8e-07,1.02e-06,0.02194051592661246,0.010017345728153973,0.009022749553483986,0.008703178303594376,0.0001592370152707562,6.495829632047912e-05,0.00215432055444445
50,3,0.0005772432041511966,0.09679409147306346,14296.846745967807,3.0,5.8e-07,1.02e-06,0.030865797546512874,0.022639154865201364,0.006821900163444631,0.015243431033742268,0.00020112274646037168,0.00010770482172342841,0.0048724414572222235
50,4,0.0004207781798049378,0.22855900335043045,23140.463760390874,3.0,5.8e-07,1.02e-06,0.03212604117988027,0.01028600568593342,0.008558725261535845,0.008479565970999761,0.00043224603145091463,4.7130241226100846e-05,0.0024411605355555144
51,0,0.0002713882845261494,0.2650802533947178,14289.948214495153,2.0,5.8e-07,1.02e-06,0.03440940344938902,0.009734590680016267,0.009468918902938673,0.008219578195944972,0.0004893755013504595,5.606456100271057e-05,0.0021323897855555635
51,1,4.7513982754113985e-06,0.26977539741535683,8655.992653879912,3.0,5.8e-07,1.02e-06,0.020865998777568562,0.005730069772223668,0.00944365315590947,0.000512905046584302,0.00019653620509337165,2.9546661946239648e-05,0.00448138420222223
51,2,2.70466238378136e-05,0.07334078920397326,16657.803449583575,1.0,5.8e-07,1.02e-06,0.02105874488108811,0.005725822974289581,0.00940315562564387,0.0005044424438400071,0.0002581601231190532,3.169708279529171e-05,0.0030675145394444686
51,3,0.00043005807464711036,0.23039420252234785,4539.71235752061,1.0,5.8e-07,1.02e-06,0.056687465359444154,0.023688542336547946,0.006002966895665835,0.02422298996014854,0.000584102689201356,0.00027134080917357527,0.006333609001666685
51,4,0.00021204444487090988,0.278380573295353,11555.987044379648,1.0,5.8e-07,1.02e-06,0.024168991876222845,0.00908382189720259,0.010134767332799869,0.007395495872306247,0.0003216657699302297,5.333887241519588e-05,0.0032007468738888684
52,0,0.0016649339036641467,0.18271877954583027,22978.431940040344,3.0,5.8e-07,1.02e-06,0.03745837767821137,0.028923764211039208,0.007888717790304799,0.012534186479556045,0.00024700495768898616,9.356469327976366e-05,0.002936319574444443
52,1,0.0012508650352915822,0.21840382128334804,19520.577674207776,2.0,5.8e-07,1.02e-06,0.02455126894460209,0.01746273325401776,0.00842710394515693,0.010018621099540576,0.0002207796018315892,7.615909564927724e-05,0.003007970714444433
52,2,2.998057463033195e-05,0.008084979020588145,9056.768504515334,1.0,5.8e-07,1.02e-06,0.026412441174098692,0.025328753718119764,0.005756910588691949,0.0004473847592561207,0.0001775010801616043,1.956127281010134e-05,0.0031191559111111156
52,3,0.0009965509300157297,0.2994054887863058,22299.823333311488,3.0,5.8e-07,1.02e-06,0.024993490530035117,0.017651490504036017,0.008316638571307924,0.010760863283798092,0.0001450808947574556,6.391620569109957e-05,0.0017230667777777542
52,4,3.868877534290179e-05,0.14187777161873005,14132.264341389962,3.0,5.8e-07,1.02e-06,0.020910101319736422,0.005639271501098747,0.009791993434241716,0.00046404759500788995,0.00025201431415971506,3.0213983676856062e-05,0.0032898000377777625
53,0,0.0006010251184967946,0.017436966460323,2181.327042097653,3.0,5.8e-07,1.02e-06,0.3494285916842795,0.2787201735820566,0.042818387443162735,0.1272223981574719,0.00041793996473545557,0.003016301929855237,0.0334985536288889
53,1,0.0004880485363584317,0.09956380499928365,20232.985571015328,3.0,5.8e-07,1.02e-06,0.027107384740335527,0.014865918287881053,0.008041789837684365,0.010415350336307062,0.0002505004744041365,5.8804066039067825e-05,0.0055188906516666775
53,2,0.00027750586453863057,0.14613180113556962,6847.72201109585,3.0,5.8e-07,1.02e-06,0.044367157087874365,0.0258038088140629,0.005794933196520667,0.025417031627569947,0.00035758604423075823,0.0002573118738202882,0.009716689504444445
53,3,2.557041324328385e-05,0.1459684608496076,20517.50050331376,1.0,5.8e-07,1.02e-06,0.026599156766769938,0.00617095127301077,0.009522107756412365,0.000504117104487034,0.000137172152392058,3.22674232105066e-05,0.002601726295000009
53,4,3.578802218297841e-05,0.26755838634409024,21925.285406513034,2.0,5.8e-07,1.02e-06,0.0372284406552181,0.006244864211536468,0.009924093725574115,0.00049799369234374,0.0001799442478059843,3.2195773618539054e-05,0.003247406738888889
54,0,6.254824275679097e-05,0.06371257030147374,11676.722981585759,1.0,5.8e-07,1.02e-06,0.02062144458888513,0.005591356557288042,0.009991303136382393,0.000988726847498912,0.00020291982136523331,3.0198653691040884e-05,0.0039290375427777635
54,1,0.00017695666241166505,0.18981691143633586,24544.585818856212,2.0,5.8e-07,1.02e-06,0.021074212795313445,0.006826884447867418,0.010469896836241157,0.004414434061634911,0.0002827914258630775,3.243741625107217e-05,0.003699890703888889
54,2,7.825767927541278e-06,0.04024148050559619,21915.126523998893,3.0,5.8e-07,1.02e-06,0.023872219002039053,0.007211748946231315,0.00807494832702025,0.0005051034970248569,0.00013535886642987224,2.87653577121675e-05,0.006272241097777784
54,3,1.5582327970816667e-05,0.24754244665046987,3628.924643607209,2.0,5.8e-07,1.02e-06,0.024123972381460305,0.005774570851545177,0.007811799628124311,0.0004961766392718806,0.0003864507760770559,2.3635147742549995e-05,0.01034486281944444
54,4,5.522290524781945e-05,0.12670968343887565,19503.714311021347,2.0,5.8e-07,1.02e-06,0.020858976160864923,0.005675606419235897,0.009126628361289538,0.0005492196781089613,0.00022542851953329915,3.154003827051385e-05,0.005692057259444452
55,0,5.1014267948439915e-05,0.07770805467371263,16616.698272757094,1.0,5.8e-07,1.02e-06,0.026329132167438252,0.0056460191481132425,0.009187210486176432,0.0005550167890179774,0.00044767357856956486,3.1629586872577416e-05,0.0035260210761111077
55,1,0.0001293888381056595,0.02639246949182883,24903.89695067378,3.0,5.8e-07,1.02e-06,0.0360007232170897,0.01259426889285265,0.006623951039058179,0.005272582830425014,0.00046514056923144904,3.471898612702933e-05,0.004409244529444453
55,2,0.00046600524416598216,0.19621711112234136,22885.9728991621,3.0,5.8e-07,1.02e-06,0.024078756627573857,0.010973607028176693,0.009341907316357305,0.008793428555793105,0.00025568710070348,4.9094368911791856e-05,0.004476523141666661
55,3,9.3181145138741e-05,0.03419231310790046,17988.72325363994,3.0,5.8e-07,1.02e-06,0.02937728373920609,0.01252049191943354,0.007028242779081847,0.004972690315674594,0.00036392130206294466,3.7659866789988194e-05,0.005274459349444455
55,4,9.207664649455875e-05,0.07902561784247691,4240.573524156377,2.0,5.8e-07,1.02e-06,0.040242598668194386,0.01914718687485815,0.004553899901450882,0.012294719220737072,0.0004240030880007608,0.00015385308782986463,0.010201033560555545
56,0,0.0001011478492276627,0.13935523297779057,14691.558950775529,1.0,5.8e-07,1.02e-06,0.02104114907075168,0.005623763518255092,0.009185485566779365,0.0017841733704442933,0.0002941956996562098,3.138355130415646e-05,0.00231720199499999
56,1,0.005026879835450524,0.032703756606031816,24010.844367606383,2.0,5.8e-07,1.02e-06,0.024667840869951302,0.03792109198059387,0.006786538149616936,0.009264931496688722,0.00020618653657453567,0.00012620818394638888,0.0034697278411111032
56,2,6.014141622138338e-05,0.09783945932212798,4202.574486059995,1.0,5.8e-07,1.02e-06,0.028103282982847644,0.006382432112763914,0.007231199794509816,0.0013766320429981626,0.0004405815416430114,2.814469728244288e-05,0.004187089901111121
56,3,2.1860132412313377e-05,0.19614585589290764,19850.13433640581,2.0,5.8e-07,1.02e-06,0.02931048474983376,0.006059574889108382,0.010840390027840756,0.0005093008028306104,0.00013706969788028307,3.200023473654465e-05,0.0028373690611111224
56,4,4.417965177249056e-05,0.08756164994804265,8171.894496565129,2.0,5.8e-07,1.02e-06,0.02259471791465059,0.006395786177943948,0.008162000869973299,0.0006130063774624778,0.00032255914410683377,2.6323496471001356e-05,0.005700235040555557
57,0,1.2260514469464949e-05,0.26193236693823113,21959.456745935826,1.0,5.8e-07,1.02e-06,0.02762441763103883,0.006404076020805889,0.010942031858920696,0.0005092578109193846,0.00013524200573060757,3.242381755497677e-05,0.001859540933333334
57,1,7.737650672779773e-05,0.05222590374942488,12527.301908390265,2.0,5.8e-07,1.02e-06,0.020570409778096092,0.008244629833712271,0.00829831709428989,0.002940346762469548,0.00019661333367198227,3.129826427973193e-05,0.005169850694444464
57,2,0.00010069675523015291,0.26303594888936455,11743.037417630292,3.0,5.8e-07,1.02e-06,0.020275009543363406,0.005956203228519968,0.00929058698839427,0.0029648343690043383,0.000235058500794173,3.3779382232354366e-05,0.0051523029600000075
57,3,0.0002036600905806779,0.13145976453515357,14809.629290200057,1.0,5.8e-07,1.02e-06,0.02111938559084558,0.0080000889164556,0.009407110705769875,0.005963710243453193,0.0002530889912739755,4.0061197784784916e-05,0.005301978904999977
57,4,0.00040542405716276144,0.21264381978852645,5184.619789692097,2.0,5.8e-07,1.02e-06,0.0523044914559286,0.0283988858139787,0.006405760255358388,0.025383645460733545,0.0004508182437458915,0.00033684410723377155,0.006377425403333303
58,0,5.072055116388192e-05,0.11122063717260923,4073.0849553101493,3.0,5.8e-07,1.02e-06,0.028050457992214072,0.011164944877212299,0.004598964508314866,0.0010519112209759177,0.0003668250763635907,2.4580394133549408e-05,0.00989100106388889
58,1,2.5671346107509967e-05,0.24240625611191824,7904.303248323319,3.0,5.8e-07,1.02e-06,0.021708111886442807,0.00565275909796015,0.008649623564176387,0.0004819124130070541,0.00029529969982876537,2.8608130727907294e-05,0.004643088088333344
58,2,0.00039982290638062445,0.22674857000070373,10058.468694103354,1.0,5.8e-07,1.02e-06,0.024005381253461227,0.011463166881804815,0.00820798914836164,0.010166205388912412,0.0001471933220225715,7.649186113702361e-05,0.00464642384722222
58,3,0.00011618637318555397,0.17263672310669106,11994.777996924717,2.0,5.8e-07,1.02e-06,0.024845088223492854,0.007342952932073606,0.010494729421190495,0.005037389272181043,0.00013768099657578882,4.361276342931806e-05,0.0021253332033333294
58,4,9.322380353307826e-05,0.27475248281782383,2438.656176499157,1.0,5.8e-07,1.02e-06,0.03646748077159392,0.006674197581348563,0.007669785278780671,0.0038224217274071787,0.000565982169251752,6.99276105751904e-05,0.0026787689555555355
59,0,0.00018216527134169524,0.06873247526024844,2780.985859389557,1.0,5.8e-07,1.02e-06,0.047244536133482125,0.03501611475999514,0.004001271814779007,0.03170760122611867,0.0002989677974844172,0.0004442176552692913,0.006533828775555542
59,1,5.2252644549915354e-05,0.04313089440795742,2214.1340008245493,1.0,5.8e-07,1.02e-06,0.04625396994308736,0.021998702376514037,0.002859402487646306,0.003907244941556028,0.0004687418041330741,8.878950350802265e-05,0.012754092092222225
59,2,0.00010534609357526912,0.2335175846968357,17784.052749475173,3.0,5.8e-07,1.02e-06,0.02141106813451033,0.005775095598775475,0.009470756682580357,0.0025838592188407237,0.00016637509522632394,3.140008486988651e-05,0.003990433378888894
59,3,3.980385533373292e-06,0.240300581211351,11258.233605565178,2.0,5.8e-07,1.02e-06,0.023293122821658407,0.005950904258726533,0.009844374277874048,0.0005125257396000701,0.0001530115755609085,3.125014077796437e-05,0.005626378260000009
59,4,5.020864699159927e-05,0.25531946355628565,20771.70285718575,1.0,5.8e-07,1.02e-06,0.021204153187553355,0.006344572450504779,0.010679120649662074,0.000489711372339644,0.00029175277060751264,3.23665793121075e-05,0.0009006001499999861
60,0,6.345753679365672e-05,0.28196457457739404,6167.257278752691,1.0,5.8e-07,1.02e-06,0.022647871764228302,0.005845549377936049,0.009346104783913206,0.0006106906250552748,0.00016269459561021575,3.067457474702722e-05,0.0032056158116666733
60,1,3.761562360875753e-05,0.23778217582565908,4851.77141607203,1.0,5.8e-07,1.02e-06,0.02381762303825835,0.0058042567521276916,0.00950298665864855,0.0005047460556080291,0.00039246544272294944,2.9766463973259307e-05,0.0025025673805555704
60,2,0.0002550715081861216,0.02399891092985543,14581.937124949603,2.0,5.8e-07,1.02e-06,0.021080871773527132,0.020085186159098888,0.006843630946530597,0.008322557993731087,0.00014431073019767745,6.159741924678749e-05,0.0045119617583333355
60,3,8.616878915074159e-05,0.0686261762212518,6231.980309816561,1.0,5.8e-07,1.02e-06,0.01973201066465749,0.008322641228092455,0.007789088646229725,0.004118615463843856,0.0001862161949367945,4.559754244103192e-05,0.0048640138050000115
60,4,0.00014449202141997967,0.0365456333403227,8612.269535558647,1.0,5.8e-07,1.02e-06,0.028343508916712182,0.014256843378070599,0.006920827187671275,0.009032065894735092,0.0003172860574593832,6.852193959798044e-05,0.007756330737777789
61,0,0.0007076618730244017,0.02738340163822236,24624.903945979473,1.0,5.8e-07,1.02e-06,0.021342836022889156,0.01228124221792738,0.008046578062758835,0.00404507807343222,0.00017609684504435019,2.927722067047977e-05,0.0012529050838888806
61,1,4.770170125149382e-05,0.2905475138395287,22866.773951974465,3.0,5.8e-07,1.02e-06,0.02447908670676571,0.006153320724501835,0.010886366298691724,0.0004905980081201732,0.00014576010550624435,3.2034521926618615e-05,0.002976538786666677
61,2,0.00016117113632892142,0.22683823191214825,13646.414421935162,2.0,5.8e-07,1.02e-06,0.02152458705267429,0.008366456381996129,0.010260615560501942,0.006486728837607079,0.0002510929177484255,4.846993786852903e-05,0.002626216838333334
61,3,0.0014374895451458186,0.23490651784825342,14014.091883961237,3.0,5.8e-07,1.02e-06,0.0607259153610236,0.03957437338956632,0.00642389909225451,0.01905100689340142,0.0003953884555458608,0.00022154739799026506,0.006816633307222222
61,4,1.67527078771154e-05,0.2781328011490566,13096.888688952855,3.0,5.8e-07,1.02e-06,0.022735975134865933,0.005924271083412304,0.010352601545368337,0.0005074099700164062,0.00015980551788517559,3.115945562147425e-05,0.004509086407777793
62,0,7.45089827052841e-05,0.12167689872297824,13739.796577898614,3.0,5.8e-07,1.02e-06,0.020706271048413532,0.005652377461397468,0.008603752861101625,0.001478452243338694,0.00021406010577674998,2.931559168735666e-05,0.003932721640555567
62,1,0.0005248003247066579,0.12799563204393702,3958.158761105163,2.0,5.8e-07,1.02e-06,0.06844499038463174,0.04996022421991419,0.003913694510110168,0.039459420530890486,0.00036429940254010845,0.0006661243753199385,0.008312943882777785
62,2,0.0008966670863650652,0.0023392885991166505,24096.66850855575,3.0,5.8e-07,1.02e-06,0.08701024730969505,0.07840287260395301,0.005944915317942946,0.0024424745986322475,0.00025097046258255824,8.025259224212464e-05,0.003929195852777775
62,3,0.000218977279750047,0.23526786353693818,14031.842707742308,3.0,5.8e-07,1.02e-06,0.024299565836617538,0.01211754594777998,0.009556435103984741,0.01147169729661679,0.0002241094106947973,8.004309996529466e-05,0.003184591341111112
62,4,1.8853453360970544e-05,0.001051689886037465,14098.639293405367,2.0,5.8e-07,1.02e-06,0.1083731085776372,0.11511852648862737,0.007277614545952924,0.0027589591150232614,0.0001375927750474777,9.573193036144512e-05,0.00398458118277778
63,0,0.00024974664924113933,0.28681234100306563,20037.243316641827,3.0,5.8e-07,1.02e-06,0.02167601839067924,0.00971060036500447,0.009220377081048963,0.008339274414920442,0.00018547783172480876,5.056933783647935e-05,0.005870846833333346
63,1,0.00013603163427700735,0.03977372001429736,14544.275197204073,3.0,5.8e-07,1.02e-06,0.02788695448489313,0.016417942372420582,0.006545962106843575,0.008826068150229169,0.00026987560852220765,6.326636015177119e-05,0.003252367831666686
63,2,8.883238029180836e-05,0.1467689541326904,10517.581744469417,3.0,5.8e-07,1.02e-06,0.020430201976949294,0.00648728235942578,0.00901869425681139,0.0030999982080554284,0.0002037861718426757,3.568534080835868e-05,0.007112468123333354
63,3,0.0003105329904054825,0.2650114783543612,5894.7333472987875,3.0,5.8e-07,1.02e-06,0.040425154519297436,0.02735041451048267,0.00666268578061109,0.030383884054563815,0.00021057277359300066,0.0003399797158972059,0.005942731002777771
63,4,0.00027935597084099517,0.10707749985998868,9060.842061330753,1.0,5.8e-07,1.02e-06,0.022139469593058753,0.012231633978267561,0.009112689454996591,0.010362830649734575,0.0001850737833629088,7.87974032188179e-05,0.0036555327527778014
64,0,0.00028982748504385197,0.09723415906439688,19140.697958172696,1.0,5.8e-07,1.02e-06,0.020223952651055612,0.007551047930838447,0.009576241825426096,0.005154355575676599,0.00018350110497619658,3.39014375361452e-05,0.00296029036333334
64,1,0.0006206201183587834,0.2174879628826153,6213.67131239077,3.0,5.8e-07,1.02e-06,0.07384374978106145,0.04164730492858118,0.00475586432453523,0.03598875456202607,0.0005279127987825289,0.0004128251137241643,0.007987230362222222
64,2,0.00012238850122974672,0.2743614823885825,7240.933172509862,2.0,5.8e-07,1.02e-06,0.02309505811608556,0.009002291489762533,0.00931304087282296,0.007330358271549092,0.0002876225402240294,7.40002170156253e-05,0.004454909356111106
64,3,1.757055343582663e-05,0.019489871771232323,17078.482517551252,3.0,5.8e-07,1.02e-06,0.025025900815568287,0.015661821183753786,0.006862020962485514,0.0004894284019238457,0.0002615520918941932,2.0553410109385353e-05,0.0044376126166666835
64,4,0.0035049710412500077,0.1945424539050578,7240.119484093926,2.0,5.8e-07,1.02e-06,0.12639366997620735,0.10805298142448923,0.008337051802199747,0.03423762961258645,0.0003626119242758725,0.0011284899806755305,0.006222369781111098
65,0,0.00010586882342380952,0.24371296601205733,6065.905501593748,1.0,5.8e-07,1.02e-06,0.02048247170755389,0.0061902818833901975,0.009247914711793254,0.0033791422164458017,0.00019604207834767154,4.218728968449284e-05,0.003571763930555555
65,1,0.00043413962213647466,0.1190348633406709,15144.866077202729,2.0,5.8e-07,1.02e-06,0.03447064994635416,0.01338978750226003,0.008485828333336795,0.009311836991243579,0.00042089636017109735,6.478307604319916e-05,0.002845685051111102
65,2,1.2694853510163403e-05,0.29273944406238395,10772.687589428746,2.0,5.8e-07,1.02e-06,0.02203119973296981,0.006061918469767095,0.009314396226343087,0.0005033450333116083,0.00033516782509086985,3.1371057338021024e-05,0.0030679503116666645
65,3,0.00044580577765365335,0.1853864685545774,2988.3563884903583,2.0,5.8e-07,1.02e-06,0.08327468971615794,0.05208397736604977,0.003727707786134127,0.04689062269092337,0.0005031736198620457,0.0008515278766492684,0.009899361869444442
65,4,4.112443637787339e-06,0.18869476649401387,19430.197426620467,1.0,5.8e-07,1.02e-06,0.022767516759438458,0.0062702466298481,0.010630033970537472,0.0005079884472780981,0.00016376885254935385,3.232552147254628e-05,0.0030528255633333473
66,0,0.00013257937037906115,0.27816014035952924,23908.59632636814,3.0,5.8e-07,1.02e-06,0.0215850836856437,0.006430646574843195,0.009496910816451237,0.0036417816970254788,0.00015911785625510595,3.2010776803266304e-05,0.0025754995644444445
66,1,0.0002661956258608918,0.0426139994752444,7926.858168071428,3.0,5.8e-07,1.02e-06,0.045520140726922786,0.03525533842060238,0.003723181652973393,0.02151142671423581,0.00027371094554720816,0.00021472094388671285,0.007461011940000012
66,2,4.437204649002556e-05,0.14897308913083576,10137.863193172181,2.0,5.8e-07,1.02e-06,0.021392913150522674,0.005585257843630464,0.008725467130510799,0.0005223409153023602,0.00017169948237167796,2.9867473410005174e-05,0.004030707508888912
66,3,7.309282196892928e-05,0.05019433766308553,6965.272013796165,1.0,5.8e-07,1.02e-06,0.020394351677553737,0.008421286717107939,0.007568182135131159,0.00318630647579464,0.00019998530520111649,3.6741824333874143e-05,0.0061536321527777965
66,4,0.0011414364960225015,0.00948233880926179,19584.84288277303,2.0,5.8e-07,1.02e-06,0.043563153181931845,0.03902791280819976,0.0048061752341548416,0.008834550944474258,0.00022248507235734282,8.632373654592165e-05,0.0006735653366666677
67,0,0.0002054278517795534,0.06130766068855846,21201.790730761146,1.0,5.8e-07,1.02e-06,0.02021490440438511,0.006984470448826781,0.009484864495723147,0.004278844270293913,0.00017380195738929982,3.167212603459617e-05,0.0021849504988888657
67,1,1.8654453274159714e-05,0.030146160888069626,4027.152294542833,1.0,5.8e-07,1.02e-06,0.024779267886862143,0.015293470590244322,0.0047643004310226784,0.000585050172397442,0.00024554527077443527,1.7592612641117338e-05,0.009038129326666686
67,2,9.283650172009576e-06,0.015916978428439265,9594.597354632326,3.0,5.8e-07,1.02e-06,0.038937916553616746,0.032341781464847404,0.0038134651603944753,0.0006280417626509617,0.00024736195199484594,2.4637801589773906e-05,0.009119053143333333
67,3,4.053349596328297e-05,0.1549501963616536,15374.431943259082,2.0,5.8e-07,1.02e-06,0.0264995358219615,0.005755913227285501,0.009154761861035553,0.0004997471108779154,0.00013532831804868232,3.135483833325319e-05,0.0026721500677777676
67,4,5.726801979175178e-05,0.2328208928199862,14804.413548258566,1.0,5.8e-07,1.02e-06,0.02078605553384504,0.006177286625309356,0.00984858888450982,0.0005188499676801204,0.000255889385078921,3.210907543839647e-05,0.0022741015316666696
68,0,3.326763983190554e-05,0.09102463025092815,10323.85533259461,2.0,5.8e-07,1.02e-06,0.02203713782874821,0.0059572810695392745,0.009042043880052553,0.0005009955368115451,0.0003019850819317989,2.857976450065182e-05,0.005635903992777788
68,1,7.58351926500423e-05,0.030494785951320467,21351.723837538186,1.0,5.8e-07,1.02e-06,0.02744670905924935,0.005896761142217637,0.009045761237496034,0.001585520989383475,0.0001410886826406144,3.076827498312505e-05,0.003055043621666656
68,2,0.00026135045151628387,0.2420216238440024,24194.78988387105,1.0,5.8e-07,1.02e-06,0.02009184587971621,0.00668510297144418,0.010625729094455333,0.004051417903265032,0.00020792414228679295,3.197614593106386e-05,0.001210686210000006
68,3,3.131273578614205e-05,0.06274055834494853,21704.74316126495,2.0,5.8e-07,1.02e-06,0.02449415799145413,0.005669606934416846,0.009666435533672373,0.000477965857421047,0.00013893801133061398,3.103890516573981e-05,0.0038362145538888837
68,4,0.0008131779165303877,0.149174644194037,23984.20303041476,3.0,5.8e-07,1.02e-06,0.02650655930333921,0.015998350571345483,0.007864263467914287,0.009331871546540924,0.0002373712052939424,5.0711449379035193e-05,0.001610148700000008
69,0,0.00011440672386056208,0.11558107000184326,8162.429153125742,3.0,5.8e-07,1.02e-06,0.028671420445336767,0.01405908851393906,0.007804258012364993,0.011237645514018596,0.0003046070569419961,0.00010696336739416984,0.0061184464511110925
69,1,1.8127327813772717e-05,0.2582939566178611,4478.033006824126,3.0,5.8e-07,1.02e-06,0.0253643831726858,0.00582399995880008,0.008123254523598586,0.0005237799818981271,0.0004070438020511824,2.3300484353530913e-05,0.004362935590555547
69,2,0.0003214382765986304,0.13264470682975196,16930.235418346412,2.0,5.8e-07,1.02e-06,0.02432442082267766,0.010549158874067219,0.009037102459937017,0.007907752553066959,0.00013975558982355684,5.0303952727474105e-05,0.007761842255000012
69,3,0.00024357499699394583,0.28726295732993057,8219.312740286066,2.0,5.8e-07,1.02e-06,0.025150975075536364,0.014049059655686038,0.007898633079218275,0.013833142372857571,0.0001881453008547601,0.0001240424904591958,0.0030635455000000145
69,4,5.3878530528766556e-05,0.2210601781604055,9595.413422259378,1.0,5.8e-07,1.02e-06,0.022091953382325513,0.005983004825010278,0.009782551612982361,0.0005293861042522786,0.0003401505933880422,3.155551855409282e-05,0.004276683073333343
70,0,7.127857594005157e-05,0.05955995115114538,23125.05579735754,2.0,5.8e-07,1.02e-06,0.020825451001941817,0.005596518445947637,0.00931313263764423,0.0013139241552473924,0.00018474897313495295,3.076730147430707e-05,0.004441716958333314
70,1,3.746828700424754e-05,0.1374587723088687,6172.4525150385325,1.0,5.8e-07,1.02e-06,0.02109081848666657,0.005627096359511163,0.008238555071298158,0.0005051964939523583,0.00018730241477802595,2.9558189364029578e-05,0.004494537965555559
70,2,8.801026407113144e-05,0.29650264578728963,13919.836466702369,1.0,5.8e-07,1.02e-06,0.02099944619705034,0.006023905178829718,0.009517001566216906,0.0006691290100932982,0.00019748615196672856,3.195637595044975e-05,0.004129238784444433
70,3,0.0007473402990846948,0.2576605031837372,16463.628529675712,3.0,5.8e-07,1.02e-06,0.03876788714958792,0.018834113902538027,0.007917714044536766,0.014434469124443997,0.00039583497416653066,9.02685935921466e-05,0.003295584656111142
70,4,1.3288939040742523e-05,0.26830303665332683,9677.14520608318,2.0,5.8e-07,1.02e-06,0.024927384342554804,0.005949709621134828,0.009754693527088928,0.0005105853008806149,0.0004248741392122255,3.103547968086994e-05,0.003535965379444464
71,0,0.0001204363323125781,0.09452701967366924,4493.056474974648,3.0,5.8e-07,1.02e-06,0.04517014199564138,0.030497874622735288,0.003912840653344399,0.025922084667538117,0.0003198657996146754,0.00032873560250772435,0.01176929449555554
71,1,0.00022192238260805255,0.20589141255565618,24477.74529277084,3.0,5.8e-07,1.02e-06,0.02208878866082065,0.008394436080237393,0.009483453910422733,0.006548454081556397,0.0002518364361291197,3.922044117194863e-05,0.0026931430827777936
71,2,0.0001047436999218927,0.06363761179652525,7872.227984788309,3.0,5.8e-07,1.02e-06,0.0283777033997899,0.018937583609696284,0.005689617952081238,0.012155850706435411,0.00023188892387578414,0.00011655977064285341,0.006881292901666641
71,3,0.00038059634016090555,0.27050006457806586,24824.464361364055,1.0,5.8e-07,1.02e-06,0.021622909649518855,0.0067517516008368415,0.009390632547059016,0.004254659247268008,0.0001566969500048689,3.2007399872511283e-05,0.003162720668333313
71,4,0.0011594752874130876,0.20018702085261295,7903.007106404596,1.0,5.8e-07,1.02e-06,0.04292990040188958,0.029214087934847796,0.0068439251744224225,0.01572612608758449,0.000314741358643019,0.00016787889841002272,0.002298650614444439
72,0,5.022551931852348e-06,0.2754886655088518,16935.084500285062,3.0,5.8e-07,1.02e-06,0.02100943197292911,0.006042857711341636,0.00974338923579733,0.0005112978136357528,0.0002080218052119743,3.1691228734799085e-05,0.0031028565549999915
72,1,5.5330958072231976e-06,0.1255688713478141,6274.200914271902,1.0,5.8e-07,1.02e-06,0.023126914091853648,0.005648781204838325,0.008981649201376571,0.0005184253902642289,0.00036499667138241285,2.9709780861920785e-05,0.004607462714444441
72,2,0.00018400660861289748,0.1716581449793331,4621.341061889111,1.0,5.8e-07,1.02e-06,0.028252322619969655,0.016677774178562175,0.007429036418992418,0.017156947201693504,0.0002320267859175748,0.00019090616933121625,0.0035619353877777843
72,3,0.0006206389379489332,0.12898160522470595,13767.097755368239,2.0,5.8e-07,1.02e-06,0.029762411222925198,0.01750545217588864,0.006979519630917661,0.011792646787631247,0.0002856971895291288,9.470581824939823e-05,0.006903027878333343
72,4,1.9732583347235253e-05,0.24019932192741678,5242.138785804187,3.0,5.8e-07,1.02e-06,0.034818415185914386,0.005680419556111236,0.009455816900523913,0.000504790289102275,0.0005710226028941201,2.5006829970284825e-05,0.004976365309444439
73,0,0.00010040822794183402,0.26705432728077383,13122.667340110147,2.0,5.8e-07,1.02e-06,0.02063882745816022,0.005651430978059563,0.009006107412525284,0.0020893150436763143,0.00019388707766930448,3.1293795190275985e-05,0.004035238305000008
73,1,0.00020532947379935874,0.15653128660656238,8343.968629738869,3.0,5.8e-07,1.02e-06,0.029829593768579746,0.018759522844232632,0.007394797542979842,0.018679154816375155,0.00019421316012945778,0.00017251163952484004,0.0073874838577777935
73,2,3.5242527107883294e-05,0.0747806300575921,4575.956541429663,2.0,5.8e-07,1.02e-06,0.024902534498862237,0.010493915035469703,0.005719801279022129,0.0006010935694147315,0.00031167484897946476,1.921207954140175e-05,0.010746145512222235
73,3,2.798136400507872e-05,0.18876738120126116,13256.712472719271,3.0,5.8e-07,1.02e-06,0.024091967282649906,0.0057008642381606535,0.009141701749788044,0.0005052775480174227,0.0001451813628289485,3.0553912387539574e-05,0.005871909462777769
73,4,0.00012501935584029484,0.1463119462955883,15437.130429148918,2.0,5.8e-07,1.02e-06,0.019863083419705586,0.0072701000675656465,0.008852294227159939,0.004926308975799336,0.00018641229702796394,3.835904910194877e-05,0.003303991551666677
74,0,7.196891980500496e-05,0.12252987423057576,13053.02268782876,3.0,5.8e-07,1.02e-06,0.021213627100510165,0.00565882509535928,0.00862495182361322,0.0012531565626318747,0.00016347345595026032,2.9027111493432042e-05,0.00495171027999998
74,1,5.8146246458258196e-05,0.0797595678574514,6134.426242753982,3.0,5.8e-07,1.02e-06,0.020091755999860208,0.011668221279516453,0.006285608580575774,0.0016690796663664969,0.00015937232667219913,2.6441454308646607e-05,0.010474107361666665
74,2,9.445749329207217e-05,0.19539339128949793,15923.840486310068,2.0,5.8e-07,1.02e-06,0.02649461859313161,0.005548736083415555,0.010457793283239617,0.0018712713172662594,0.00013570137678626043,3.114366304763729e-05,0.001793785104999987
74,3,6.0702563957581944e-05,0.20519036638194274,23262.3567098021,2.0,5.8e-07,1.02e-06,0.02093278172851842,0.006022595791806779,0.009782333756735711,0.000545217247730221,0.0002165838863729269,3.2059492590035065e-05,0.0035600546277777673
74,4,8.452020093144748e-05,0.08410641634660004,17523.626783955377,3.0,5.8e-07,1.02e-06,0.022343419891710514,0.006402642531186304,0.009041423115931674,0.002430427306578015,0.0003196937351918048,2.990481658675692e-05,0.004728182668888886
75,0,0.0003514888150643626,0.15330139454304656,3898.716146559174,3.0,5.8e-07,1.02e-06,0.0681610626642478,0.050242121651392725,0.004419270057304074,0.051696573763806875,0.00030861419316994095,0.000695555247605368,0.006855863913333357
75,1,6.3621518848105e-05,0.1264255786315117,22625.056093733514,2.0,5.8e-07,1.02e-06,0.0211567410731896,0.005645367938723483,0.009636726229138977,0.0006164789260184395,0.00027583571249944,3.172858422246035e-05,0.0031071733838888976
75,2,0.00012914293953826374,0.11438461253123795,21165.433774811045,3.0,5.8e-07,1.02e-06,0.02123870569101571,0.00782951504051748,0.00852056174399205,0.005455094251442544,0.0002463411983365017,3.75715410006386e-05,0.005673477554444431
75,3,1.640545358542519e-05,0.07914118322047511,9595.30256052217,2.0,5.8e-07,1.02e-06,0.021531346116822347,0.006362408076681556,0.0075855044978634725,0.0005135164852209884,0.00015929327557712074,2.7499465212735104e-05,0.006071002513888896
75,4,2.586851261848793e-05,0.10704398441805726,22180.504347882208,1.0,5.8e-07,1.02e-06,0.021089771507639743,0.006050446324891698,0.010053462736776058,0.0005093589280258224,0.000258930966047412,3.222401880642716e-05,0.0028306850127777644
76,0,0.00032803383753612886,0.1451523077397911,11877.599596826198,1.0,5.8e-07,1.02e-06,0.02675689097046502,0.01042825010677202,0.008374296533931333,0.008756581949854137,0.0003478123469962318,5.855318087162195e-05,0.00320943939111111
76,1,6.411188747824055e-05,0.2244301276223533,10829.640425766493,1.0,5.8e-07,1.02e-06,0.02241137336513216,0.0059795967977257945,0.009676157960475835,0.0005678968692686324,0.00035618396471403813,3.170817842037764e-05,0.00261561836833335
76,2,0.00011358366322619185,0.07164100666639742,9198.166809787646,3.0,5.8e-07,1.02e-06,0.029109232159339127,0.016625047400720766,0.006692833546836294,0.011679891137669112,0.00027657733361016875,0.00010463020625541964,0.007064091402777764
76,3,0.00035529688866112527,0.24809941509139077,5084.001926296736,3.0,5.8e-07,1.02e-06,0.04907756756755749,0.031799250777820635,0.006126900838797539,0.033476356484261026,0.0003375683596781153,0.0004012034619591028,0.006989825976111114
76,4,1.753970595995238e-05,0.17612454476366915,9452.483949339505,1.0,5.8e-07,1.02e-06,0.020952720902750188,0.005955998984842523,0.00950708355340271,0.0005089107433739759,0.0002173654238067264,3.1508681244969e-05,0.004357284549444451
77,0,1.8471039801301875e-05,0.19658198450961198,23966.03044373966,1.0,5.8e-07,1.02e-06,0.021197761811285857,0.006335152453037532,0.010285799449513272,0.0005073455603695263,0.0002927085185876396,3.241186254571834e-05,0.002438579424444434
77,1,0.00018764738384979813,0.221654015685683,3773.173339230052,3.0,5.8e-07,1.02e-06,0.053864824091818704,0.03646145395606884,0.004410375279491212,0.04269967268949698,0.00029752242624385807,0.0005951930998860044,0.008258905928888893
77,2,0.00020937776921157555,0.04599796173754309,2413.786276722144,1.0,5.8e-07,1.02e-06,0.07624435160726599,0.04896462481817648,0.004903109970876418,0.0384800579302156,0.00046584067922077877,0.0005932751736908911,0.004461944640555576
77,3,0.002901367823485593,0.0797558208777714,24321.241200798013,1.0,5.8e-07,1.02e-06,0.02840151702249986,0.01735232327427023,0.008832830786787635,0.003603248789806758,0.00026425171959646484,3.037665662897127e-05,0.0024842878416666547
77,4,3.6396193592391265e-05,0.133308544894669,12517.09837010435,1.0,5.8e-07,1.02e-06,0.027256950194432777,0.005882664589686358,0.009680730694292412,0.0004870765877575793,0.0004768649295377422,3.169321970970483e-05,0.002922881392222215
78,0,6.137576430047218e-05,0.03530135916967173,24830.58697937059,3.0,5.8e-07,1.02e-06,0.020731005939911697,0.007494359391694281,0.008250945038197509,0.0009834300791994018,0.00020160534511268606,2.8675235652515004e-05,0.004287293109444437
78,1,0.00014529460625947805,0.21987515526672705,19263.62720680526,2.0,5.8e-07,1.02e-06,0.02391586979351862,0.0068567336530506754,0.00891798705825236,0.004412122038293481,0.00014070118319644274,3.394196333455725e-05,0.004211534044444465
78,2,0.001600127029963069,0.26657572511134187,13739.204164369745,1.0,5.8e-07,1.02e-06,0.038570436212787114,0.021681133730069652,0.008463241672389215,0.008730821360962586,0.0003757759439997202,7.2434301822465e-05,0.0012737322077777946
78,3,0.0012531953792845768,0.17821621143603006,5691.966671752001,2.0,5.8e-07,1.02e-06,0.09621731892573974,0.06037859647176777,0.004235306662920407,0.035243772266394635,0.0005663721615722783,0.0006952438851859479,0.006409156900555532
78,4,0.0009263711133020391,0.04775233808508099,23327.581055505372,2.0,5.8e-07,1.02e-06,0.029897043543459803,0.018099471507205058,0.007740676908904942,0.008059506880383177,0.00029649744131118893,4.746782737263979e-05,0.003880058432222236
79,0,6.701895566837563e-06,0.2913032300004083,22658.731898299186,2.0,5.8e-07,1.02e-06,0.022037955076192262,0.00631058056939578,0.010367198363239955,0.0005103703574383611,0.00017570500717522026,3.2272983645928184e-05,0.0034058189688888907
79,1,0.0001250291949638672,0.11742067890746627,17156.167459701755,3.0,5.8e-07,1.02e-06,0.024032116298153054,0.008567783778977121,0.007961775320627647,0.006223567387048102,0.00032269358291393753,4.4395528638983694e-05,0.0061604717022222255
79,2,2.702248960406694e-05,0.2544912795070628,21102.019875885195,1.0,5.8e-07,1.02e-06,0.022450666831047045,0.006384477544788812,0.009708999195193949,0.0005063609166159889,0.0003631327781511286,3.2404841915668905e-05,0.002391376345555543
79,3,0.00011932313270761453,0.13891821765766318,8289.010190649142,1.0,5.8e-07,1.02e-06,0.020894209584408407,0.007628283375412974,0.00933229993221434,0.0053608858235416204,0.00015926999255235622,4.9449592855467505e-05,0.0034030228455555617
79,4,0.0002105750306750331,0.12968667592604688,14567.002213432103,3.0,5.8e-07,1.02e-06,0.023942600498661898,0.012702407937461685,0.008689035033938338,0.011352722758541036,0.00015433610975612664,7.847816870292238e-05,0.003984707057222203
80,0,5.380221077035944e-05,0.2267781341466156,5814.881432359678,2.0,5.8e-07,1.02e-06,0.022354574468263333,0.0054990355563705,0.00942243930054431,0.0006030797881644677,0.0003375377161629822,2.7739188939058043e-05,0.0038155703372222266
80,1,0.0001463286277710061,0.02842717160930236,16302.235692610244,1.0,5.8e-07,1.02e-06,0.02116843739457307,0.009286215065539989,0.008200007609123764,0.005064917242004131,0.0002472533299230619,3.394567893981845e-05,0.003661779442222235
80,2,3.1933082148657445e-05,0.2361201868821401,6682.81936532221,2.0,5.8e-07,1.02e-06,0.02163716689498627,0.005701082755412924,0.008574965768134523,0.0005089784188070401,0.0003066390294252338,2.9030751437449945e-05,0.0032544535538888836
80,3,2.3783513338026633e-05,0.09098193220557026,7623.209906224614,2.0,5.8e-07,1.02e-06,0.024424912438292812,0.006472115703558434,0.007760219046789949,0.00047162445494595994,0.000367282755929827,2.608009446027671e-05,0.006067034168888902
80,4,0.0001210503760237979,0.12585829838078802,14934.145893815199,3.0,5.8e-07,1.02e-06,0.023565742900308023,0.008883322791392588,0.009176899570219462,0.006492143241196048,0.0003050762905669924,4.880655552391375e-05,0.003802435626111114
81,0,0.00017066779832894502,0.2168923736355252,2279.482684921858,1.0,5.8e-07,1.02e-06,0.05129570032200761,0.028279823296128243,0.004487918876128026,0.03254334159945202,0.0004546813001226353,0.0005339926922481437,0.0024312631933333384
81,1,5.811498303341792e-05,0.0846594212371908,16634.837637185323,3.0,5.8e-07,1.02e-06,0.020818278320862586,0.00587076785902417,0.008222130038639858,0.0006394446924646143,0.00020287955516990006,2.9396871570899736e-05,0.004418290982777781
81,2,0.00035134699265227634,0.0840114871803674,20100.07404292352,3.0,5.8e-07,1.02e-06,0.02222106190265975,0.013107266928321154,0.00799531106494748,0.009416099536065621,0.00016163574208237987,5.537859304583769e-05,0.006309875666666673
81,3,0.0006521987170397227,0.2614457650113742,22467.61510474641,3.0,5.8e-07,1.02e-06,0.025161685325297972,0.012540714654444752,0.009473435807378082,0.009656879435823988,0.0002321723293106468,5.301734056127447e-05,0.004326781427222232
81,4,1.284141663508975e-05,0.22368518831858014,12318.532056422433,1.0,5.8e-07,1.02e-06,0.021146212690447416,0.006200899008803507,0.01022435024149151,0.0005087578279915596,0.00019800780859602395,3.205757783558062e-05,0.0027726240722222295
82,0,0.0001692828118422578,0.16732732341464357,15327.787000694323,1.0,5.8e-07,1.02e-06,0.021024775153530892,0.007452371180941437,0.00966228993624661,0.005228841226282367,0.00016299704379192396,3.694143125320215e-05,0.0028975816766666634
82,1,2.810655070781268e-05,0.19906919724885305,3324.489759931669,3.0,5.8e-07,1.02e-06,0.02653999602454947,0.007268234399533236,0.00662546261337783,0.0004763009197423322,0.00039470513625727973,1.7691130213983124e-05,0.010187971838333337
82,2,0.00010807208987253372,0.2796366240108116,3373.551124544306,3.0,5.8e-07,1.02e-06,0.027930883985259874,0.013640908594975007,0.0057731504046348225,0.012215868484198996,0.00028236228173884604,0.0001901147450391933,0.008113798827777768
82,3,9.316816436027866e-05,0.08237488303915255,5414.298465080748,1.0,5.8e-07,1.02e-06,0.022609684820657238,0.009300527526389159,0.00785896502406972,0.005730304987398154,0.0002828892065082611,6.293136777450718e-05,0.00470463375833334
82,4,5.0169718481421934e-05,0.199265676145204,15078.67139337146,1.0,5.8e-07,1.02e-06,0.02164098625019004,0.0061467943680710265,0.010109654800095626,0.00050654909691919,0.00018138729150327226,3.208579635285062e-05,0.00167799987833335
83,0,0.000576285613196269,0.19818429895742973,19773.77348609605,2.0,5.8e-07,1.02e-06,0.02163810948708782,0.011366952856892508,0.009022979140994015,0.007767270449835234,0.00016204327588689802,5.02655083373218e-05,0.0025327086355555473
83,1,6.856028747791492e-06,0.2879398426049116,16748.40445054461,3.0,5.8e-07,1.02e-06,0.02106268027073284,0.006060539367320838,0.009771449650891917,0.0005071699325913081,0.00024501549858143776,3.170907258540781e-05,0.002238695175555555
83,2,1.6590235191147694e-05,0.26776537863206357,22631.454527884733,2.0,5.8e-07,1.02e-06,0.026242381459583946,0.006266392509604907,0.010250896310547488,0.0005072108331357577,0.00013830371796471472,3.22398816658282e-05,0.0039654692244444345
83,3,0.0026562063720753587,0.15927229782457472,5919.497801341557,3.0,5.8e-07,1.02e-06,0.17819723586599623,0.1570835101835081,0.011031829042185052,0.06979787354147461,0.0003216949668228383,0.001460924071182576,0.011360101409444448
83,4,6.693747877912647e-05,0.25466071938714435,3074.1095916502736,2.0,5.8e-07,1.02e-06,0.02523704119889643,0.005858219904612435,0.007192040974906694,0.0016305578653402434,0.0003983329514917309,3.297042367657641e-05,0.006845805226111112
84,0,0.0008064348856008711,0.16337267046038104,18500.83947873089,1.0,5.8e-07,1.02e-06,0.022187399377223634,0.011265545394362156,0.009151117464474487,0.0067007586875707,0.0002198970392244564,3.838669084030659e-05,0.006242566013888867
84,1,7.867061035411391e-05,0.14894204018582916,18910.357244062878,3.0,5.8e-07,1.02e-06,0.021034970674890355,0.005419481388964778,0.009058688463372289,0.0010474964400627917,0.00018115047102128926,3.0833636283418634e-05,0.0023999538561111367
84,2,0.0008632083126982926,0.23532608403071512,24636.858400077104,3.0,5.8e-07,1.02e-06,0.025343797170518125,0.015126547731838335,0.008209914463475129,0.00977324192839814,0.00020603179246860045,5.1411715659885316e-05,0.0034886581938888828
84,3,0.00011091351696259721,0.03447999966104008,23489.077939642433,1.0,5.8e-07,1.02e-06,0.020422763039657985,0.006176812022210967,0.010163897265506124,0.002654799781733426,0.00022328328275750159,3.092647134533347e-05,0.002165854202222192
84,4,7.473248215427574e-05,0.2879823140982839,3104.180362639865,3.0,5.8e-07,1.02e-06,0.02151571466142921,0.006804370028544489,0.006536362182973315,0.0024555212969642488,0.0002693900970035526,4.439616375613237e-05,0.005657431723888884
85,0,2.064546048634597e-05,0.04777901363326439,8371.38487429819,3.0,5.8e-07,1.02e-06,0.02114921683271892,0.012897963608111435,0.005899345128180129,0.0004914469596730668,0.00013468382633578452,1.788322804528416e-05,0.005071888052777779
85,1,0.00012933645817941698,0.22070896503806556,21932.42675805108,2.0,5.8e-07,1.02e-06,0.02038254259598561,0.006194454682943805,0.009867494409368753,0.0033123356233953297,0.0002613312562676211,3.180169384335451e-05,0.0023428669988888873
85,2,1.0063621232490217e-05,0.20657183103937868,22525.926064715695,1.0,5.8e-07,1.02e-06,0.030863953492240543,0.006340470702438289,0.010937494728416411,0.0005098111597182231,0.00014075370038689786,3.2397290727534476e-05,0.0027390772494444576
85,3,0.00010097994681236016,0.21004206282556556,14819.056424147753,2.0,5.8e-07,1.02e-06,0.023437074588522105,0.005693311929777557,0.01017908995667068,0.002369622401837251,0.0003751484493433339,3.133843674869756e-05,0.0033171523633333255
85,4,0.003694840207952177,0.0766088375824285,4581.979103085456,3.0,5.8e-07,1.02e-06,0.30094762429836497,0.243614929426573,0.020909967720890325,0.07916966904803999,0.00042747062966184225,0.002358453208851121,0.011001443837222194
86,0,8.413419742297854e-06,0.0013191953241234002,9921.33739502477,1.0,5.8e-07,1.02e-06,0.09942273374372064,0.08096369108941953,0.005759958747781918,0.0030414646868195338,0.0003524762554874838,4.6407280638192275e-05,0.00684639422333333
86,1,9.202383191981932e-05,0.03336770832910981,9807.419726435892,3.0,5.8e-07,1.02e-06,0.03678547173076036,0.02225655750820225,0.004848539883943199,0.008893280888949777,0.00034131402971758674,7.727938538657201e-05,0.005428618623888895
86,2,0.0005186289888764209,0.2515414396255957,17781.699835472187,1.0,5.8e-07,1.02e-06,0.02121757987434474,0.008623820534269673,0.009304765614882297,0.0064200542487935506,0.0002483946558237906,3.972290319451735e-05,0.00391861280111111
86,3,0.00011881446312065995,0.1291400122159138,12751.438392682525,1.0,5.8e-07,1.02e-06,0.021761329795695214,0.006247050310388774,0.009907636294988907,0.003460996562136677,0.0001536648554618442,3.2863694419533425e-05,0.0022039433733333225
86,4,0.00039058155392779326,0.03888927086383961,4926.2535242230515,1.0,5.8e-07,1.02e-06,0.04566562480502837,0.03536466192227169,0.00452585044557706,0.0202465204040789,0.0002783133834804833,0.00024564559249857723,0.007918744944444445
87,0,7.554323501621454e-05,0.23111814676993225,6154.619098203033,2.0,5.8e-07,1.02e-06,0.020686313939184405,0.005418481588856764,0.009182707219306877,0.0014579556073116417,0.00022047652838813126,2.9414384723583327e-05,0.004821796967222236
87,1,7.908495315853553e-05,0.18565446909357872,20039.556274224105,3.0,5.8e-07,1.02e-06,0.0220502595137685,0.005514854287712233,0.009951920634546564,0.0009243401557075748,0.00016370918118919952,3.128715400204122e-05,0.0064539977683333305
87,2,0.00011685873008980622,0.16955978558000354,4918.541650272527,3.0,5.8e-07,1.02e-06,0.03627920702144752,0.01755658124183827,0.005785282461660685,0.0159006301636001,0.0003705237904470045,0.00019643438487141834,0.008589631474444456
87,3,0.00047623862891189395,0.09709141855914492,17263.1206571664,1.0,5.8e-07,1.02e-06,0.021282995891719985,0.009856316066836257,0.008463034710000919,0.006599288158018145,0.000154984015665781,3.9090300628089595e-05,0.004286092496111116
87,4,0.0012036244358388521,0.21889223058138024,5759.353708676959,1.0,5.8e-07,1.02e-06,0.05304991168176221,0.04132962449242313,0.005768667488746273,0.02236633008790355,0.0002919166476857144,0.0003166606493810094,0.0023299160749999936
88,0,0.00016396576712983784,0.10096472050956189,17861.719030190845,1.0,5.8e-07,1.02e-06,0.020088592593955696,0.006721264336211788,0.009734919108995358,0.004214281851072712,0.0002245281771340414,3.2489909067003525e-05,0.0021207979127777915
88,1,8.938265883009322e-05,0.05882268462297741,2576.7395900839347,1.0,5.8e-07,1.02e-06,0.03963472797251185,0.021266238866087472,0.004897010743079908,0.012072522610108596,0.00039202483077224607,0.00018314369169790442,0.005425578038333337
88,2,5.007666914508305e-05,0.10138474178144759,17134.842059017108,2.0,5.8e-07,1.02e-06,0.021056749369297013,0.005570009176149139,0.009408818691202676,0.0005487143777057208,0.0002760439520209451,3.100891677438775e-05,0.004841556688888887
88,3,2.0976210990224685e-05,0.23812882470831237,14065.364865055313,3.0,5.8e-07,1.02e-06,0.021163752452227652,0.005855111854287162,0.00977872080660181,0.0004995790550050623,0.0002773563740665746,3.11422142868357e-05,0.0026495825727777533
88,4,0.0005224855932073942,0.2691004514990202,12390.089728663947,3.0,5.8e-07,1.02e-06,0.029755834415263967,0.018539329784838566,0.00838132284321001,0.017263123652606755,0.00017209108663993807,0.00012555690588289474,0.0030655933666666607
89,0,9.32569018923828e-05,0.11750869762534506,6839.718278625706,1.0,5.8e-07,1.02e-06,0.026131124528306335,0.006561892715677073,0.008399815265110501,0.003568266861587083,0.0004005508802981521,4.058768415858218e-05,0.0031431539005555564
89,1,8.294023500578598e-06,0.020829888483939296,21555.046994439042,3.0,5.8e-07,1.02e-06,0.024500100255970842,0.012109434098119176,0.006586971704231795,0.0005331214668876903,0.0002853849605982343,2.461148845963796e-05,0.004552806071111096
89,2,0.00019261249197021377,0.0321688469192224,15733.10278965553,1.0,5.8e-07,1.02e-06,0.02105951627070285,0.009742379221056426,0.008741021437751765,0.005330926484067342,0.0001429611438223396,3.542580077175018e-05,0.00347177807111107
89,3,8.546196124557629e-05,0.2519810299522146,22761.037057819893,1.0,5.8e-07,1.02e-06,0.02085121630326871,0.006164495210221469,0.01039852728534098,0.0005960569699982181,0.00023284068727240522,3.227065026784622e-05,0.0020748420250000094
89,4,0.00010742147297567097,0.2991985383239268,14600.429999509046,2.0,5.8e-07,1.02e-06,0.023307759682360374,0.005789740676138089,0.009904590048637493,0.002371347219730903,0.00037756504591859684,3.15486096576755e-05,0.002764514751666669
90,0,7.451257692691521e-05,0.06463854478024592,10893.149687976178,1.0,5.8e-07,1.02e-06,0.021667884761317646,0.005726370147984393,0.008976948923048532,0.0016533906577503935,0.00029878709029413926,2.9987631891864726e-05,0.00396184430666667
90,1,0.00028298244378674236,0.2883323991867724,3780.9810177663803,2.0,5.8e-07,1.02e-06,0.04184361712396409,0.0295935657966462,0.005195785909698887,0.03216919595694577,0.0002483575907133277,0.0004438661245348614,0.005524853699999985
90,2,0.0019477515876610992,0.047586979809718696,14294.357517580846,3.0,5.8e-07,1.02e-06,0.08158208222707464,0.06268663944579098,0.004634335693063566,0.0222529795890771,0.0003602745723440403,0.0002661826891536313,0.004781060474444432
90,3,0.0002226755145676874,0.21593957101228112,19414.743637234536,2.0,5.8e-07,1.02e-06,0.024029164036755802,0.008071652133009697,0.009138690293418269,0.006128460214580717,0.00031748284433279656,3.955619229315965e-05,0.0032988447783333513
90,4,0.00021368619977726763,0.02563752113832126,11896.633210640583,2.0,5.8e-07,1.02e-06,0.03327820104767204,0.021833815934503967,0.005786521536880661,0.00965969406142784,0.00029782901409272834,7.574609763915862e-05,0.006550051362777767
91,0,4.2755154055102516e-05,0.18574031038109476,10065.355407329076,1.0,5.8e-07,1.02e-06,0.021067557741972904,0.005952591239295005,0.009104690089972707,0.0005033288321919842,0.00019835158055009656,3.1561642331968605e-05,0.0035960740238888955
91,1,0.00016205448955481448,0.03638846992333806,24102.189930080796,1.0,5.8e-07,1.02e-06,0.023705207557610176,0.006694635140923205,0.009402402439655372,0.0034272110923281077,0.00034939986386069963,3.089956471792298e-05,0.003283990105555537
91,2,0.0005388220338212998,0.014926367593369683,17835.325576706346,1.0,5.8e-07,1.02e-06,0.021095868424164655,0.018551264131649717,0.007333627501472407,0.005072491527023972,0.00013745476404371126,3.341470784793216e-05,0.004909386145555555
91,3,0.0002832099662454647,0.14297370902707968,12632.246881887915,3.0,5.8e-07,1.02e-06,0.03257914469183792,0.014840631477809924,0.007956999458475078,0.01325532106967583,0.0003632119539542569,9.642297345489148e-05,0.0049820455694444266
91,4,9.180556786765276e-05,0.10064082984780726,22383.729228598506,1.0,5.8e-07,1.02e-06,0.021117397837425462,0.00562394486190725,0.010318755246280275,0.00125350808552636,0.00028207096218358984,3.186195761883666e-05,0.0029636715716666595
92,0,7.55195183508725e-05,0.2798393884590947,21330.114352946537,1.0,5.8e-07,1.02e-06,0.02568060189697836,0.006272254041586826,0.010078766906959158,0.000546864986752047,0.00014009739798816757,3.230622758563703e-05,0.0022016964138888845
92,1,0.00045371538154230165,0.12493259971163763,24301.138771452723,2.0,5.8e-07,1.02e-06,0.024435812198774626,0.009564593851823495,0.0088500715050068,0.00616939976080496,0.00030762071495944905,3.60008348000546e-05,0.005996780282222239
92,2,1.083391513392751e-05,0.27039524584163643,21415.154059526092,1.0,5.8e-07,1.02e-06,0.021966158301077215,0.006408537939659328,0.010308541278951209,0.0005079590382606174,0.00017718608726863144,3.24243018574709e-05,0.002479420151111092
92,3,6.049694799296646e-05,0.0826950261626238,12865.815469563096,2.0,5.8e-07,1.02e-06,0.021579853321051317,0.005738360103045695,0.008598203331144048,0.0009778600593936995,0.00015950044697525276,2.9265730277301587e-05,0.005422769402777791
92,4,0.0009809017529433088,0.04588628607313098,20744.807896831382,1.0,5.8e-07,1.02e-06,0.023886042925684067,0.014898302212276004,0.009319949692213402,0.005318551058458871,0.00022425050816464207,3.319861384471072e-05,0.003855986613888876
93,0,8.35826326283841e-06,0.2627685674510444,10456.685966990402,3.0,5.8e-07,1.02e-06,0.021684726950299656,0.0057927366332353085,0.009047198929679213,0.0005081226290420665,0.0001732491506030279,3.0376452681323475e-05,0.00446512060722222
93,1,3.402637618607619e-05,0.13845004382255013,24520.119090118773,1.0,5.8e-07,1.02e-06,0.022892619658344864,0.0061978265667899145,0.01006894729155799,0.0004992723719559282,0.00016053134804275355,3.2335866587958796e-05,0.003473814327222241
93,2,8.480574187006311e-05,0.06435156624106143,6037.14870854286,2.0,5.8e-07,1.02e-06,0.02266846513146514,0.014192113152297013,0.0057078274540868406,0.006566352579918164,0.00021530291136849739,7.307370426577247e-05,0.006344503198333337
93,3,9.613399573791346e-06,0.043568315160065305,6650.364840153323,1.0,5.8e-07,1.02e-06,0.025227213055531095,0.007581652083373805,0.008190461590306215,0.0005304483436324858,0.0003635989207667098,2.5244069051105956e-05,0.0031864343744444634
93,4,3.46024315413189e-05,0.23141072798516432,11017.938284399397,1.0,5.8e-07,1.02e-06,0.020963249839544795,0.006162169822961905,0.009378862974253008,0.0004963495891395225,0.0002420203929890276,3.1902626054830346e-05,0.0035997644377777777
94,0,0.0005521859130414087,0.029972471147717793,13113.45564957336,1.0,5.8e-07,1.02e-06,0.030238195238018722,0.018771666456494956,0.006566320805071946,0.007782409530734029,0.0002931394039538742,5.2323081287354655e-05,0.0019087855288888872
94,1,0.00012893064368889445,0.25925981956086913,5479.106718970022,2.0,5.8e-07,1.02e-06,0.02384954481737798,0.012028342934046572,0.006541477164837869,0.011291302426564781,0.00015588117230645455,0.0001295726646208756,0.004892533827777781
94,2,9.88937148768544e-06,0.07016754775131347,21165.690150647482,1.0,5.8e-07,1.02e-06,0.022861954413589663,0.005819021690827588,0.01054391187163072,0.0005215515452209224,0.00015807861284126856,3.201473841149639e-05,0.005758463186111118
94,3,2.2260653812624483e-05,0.11849453224260686,20830.3940751007,2.0,5.8e-07,1.02e-06,0.022349633707719575,0.005787857850555279,0.010210826700152532,0.0005004046325086437,0.0001640979439699829,3.1730674714581484e-05,0.00462455887722224
94,4,0.00024043749506996267,0.2503657129135133,15389.853016918134,1.0,5.8e-07,1.02e-06,0.027539087884625307,0.00806202634343412,0.009527577883026214,0.006026756800865093,0.00041803929641581316,4.018697464852188e-05,0.0018458404927777783
95,0,2.4463881095905945e-05,0.26333342559917616,19081.68002115544,1.0,5.8e-07,1.02e-06,0.021074875295257797,0.00637552713207776,0.010174197609021112,0.0005046189026233276,0.00020157382106313974,3.2372001919449376e-05,0.0035525219750000003
95,1,1.4015312672560288e-05,0.03229242776899096,3650.0525690066447,1.0,5.8e-07,1.02e-06,0.024275962996132144,0.015531843678357892,0.005484647919109734,0.0005570630490780903,0.00023016723490989328,1.8156361257674986e-05,0.008213686178888888
95,2,4.294089633647451e-05,0.08300786159086902,4255.324009666096,2.0,5.8e-07,1.02e-06,0.020842257582420132,0.01039155064960996,0.005914963810037832,0.0007829115005882725,0.00015860128012162598,2.2335885687678348e-05,0.006867712171111137
95,3,0.0017186735396093073,0.2423587609934958,21966.326429087876,1.0,5.8e-07,1.02e-06,0.024843902148984534,0.01502577548489424,0.00930147954215141,0.005350606771865468,0.00024112907813855178,3.5872727116290116e-05,0.002396384133333318
95,4,0.002125703188851723,0.16559499752096998,21495.428063184925,1.0,5.8e-07,1.02e-06,0.028333671097955867,0.017372324917228555,0.008137784493704404,0.0048872638496674815,0.00028469225457626845,3.856348689885723e-05,0.0015862683494444335
96,0,1.328368736176134e-05,0.18803937567080278,6165.806270656965,3.0,5.8e-07,1.02e-06,0.023237864209803828,0.005940611179831647,0.008483026752396866,0.0005233885247667285,0.0003486710387538502,2.5304298184259535e-05,0.005008799817777784
96,1,9.637179442597383e-05,0.23378754156108408,22225.39045000366,1.0,5.8e-07,1.02e-06,0.023238774755139417,0.00601043476854847,0.010175810516347793,0.0007271139348708498,0.0001547231031987399,3.217837288904758e-05,0.0038766378538888924
96,2,7.021314586037485e-06,0.1311450484085712,12459.556180740638,3.0,5.8e-07,1.02e-06,0.02315608775525345,0.005674521805042924,0.00851340958496482,0.0005091701727190943,0.00014647403163050072,2.9521551089017052e-05,0.006798462860555549
96,3,2.0349979367563228e-05,0.2453860397444216,24994.25404565985,3.0,5.8e-07,1.02e-06,0.024317432671187772,0.006129691479634964,0.009023701087735729,0.0005113899305395708,0.00014736268635549596,3.2093905009489e-05,0.003244231781666662
96,4,0.00013976929350653752,0.16099813000952476,7682.974818398269,2.0,5.8e-07,1.02e-06,0.0283414565888843,0.012262149932041512,0.0077275759405330295,0.011019953568537988,0.00031051075213965926,0.00010169277808845405,0.00506002532944444
97,0,0.000191086202731294,0.031232768915160622,24046.27979315121,3.0,5.8e-07,1.02e-06,0.02064523087577716,0.013302847794981152,0.00758449639479603,0.006718097741048062,0.00014045764390904596,4.068157933328009e-05,0.005420832924999994
97,1,0.0002460571398354164,0.2896442450733356,12799.950148684171,1.0,5.8e-07,1.02e-06,0.02012257107549202,0.008880078874149688,0.009040723927972031,0.007136182603571149,0.0001870761783940915,5.0057189952016605e-05,0.0012057070472222126
97,2,0.00012819202311913205,0.18227605349993847,16872.046908096076,3.0,5.8e-07,1.02e-06,0.023751943781314403,0.007933879106137695,0.008774653536734163,0.005786358965535358,0.00033007872684924955,4.24249408649459e-05,0.004040875411111117
97,3,0.0005247048891544122,0.11752282499894552,19140.858840545396,1.0,5.8e-07,1.02e-06,0.020489298577430242,0.00918551327072117,0.00882061481981009,0.006072594472616526,0.0001784463307146954,3.625223974146375e-05,0.002596234646111112
97,4,4.4406054678441694e-05,0.22233364552349907,24748.80695268201,1.0,5.8e-07,1.02e-06,0.022840141275094372,0.0063533234260539665,0.009858803670773832,0.0004966575229130516,0.0001635560386910928,3.241201264779345e-05,0.0014821368800000123
98,0,0.00010710908902757526,0.29976341492698294,24235.508863763334,3.0,5.8e-07,1.02e-06,0.020498845232177213,0.005703633743629419,0.009233632886920494,0.0017716637218749183,0.00023550629870592416,3.1636172608472e-05,0.002110784881111119
98,1,1.5384346374499782e-05,0.10359414763883078,13983.384580634589,3.0,5.8e-07,1.02e-06,0.020860344622826252,0.0058367085661078675,0.008906434546235896,0.0005182197948473692,0.00020081844153501551,2.9389764532032e-05,0.0045965915855555595
98,2,0.0008538930650422591,0.06669620978393816,11108.886290247845,1.0,5.8e-07,1.02e-06,0.027919421007634827,0.022624940336658166,0.008099059010129424,0.010944909337673397,0.00019802970555388372,8.414473788609465e-05,0.0033011310561111007
98,3,3.549280325317992e-05,0.08150620662260093,19638.447446623886,3.0,5.8e-07,1.02e-06,0.02143009113402956,0.0057663563580176115,0.009060921955621215,0.00048744524116461685,0.00016408429453494485,3.0302005171158517e-05,0.007544991509444432
98,4,3.400532985589299e-06,0.20026497788517902,4670.044719076401,2.0,5.8e-07,1.02e-06,0.02090879501627491,0.005795182502751846,0.008137351892134822,0.0005567685709828337,0.00020544719504279646,2.5514741347483764e-05,0.005480149985555571
99,0,0.00018883979236531507,0.11970197717006721,2553.730659746633,3.0,5.8e-07,1.02e-06,0.09921817686808436,0.0598177189710842,0.004109953376276191,0.06425064560027123,0.00054921106352151,0.0010401338112059264,0.014571057802777773
99,1,0.0009770451241832908,0.01208366560861912,13093.247830376971,1.0,5.8e-07,1.02e-06,0.05345940060709788,0.03247683345954506,0.00617497761164295,0.005357738245865193,0.00041356706243325664,5.279584630841742e-05,0.006920461141111098
99,2,0.00013999833096893388,0.13635144451451478,21276.541885609917,2.0,5.8e-07,1.02e-06,0.021958205329957344,0.0066681285806327205,0.009881888184915718,0.004170688963348927,0.0003050298954014442,3.251673991897674e-05,0.0030988750033333345
99,3,0.00031039548215623387,0.11835351164961203,15083.323608760817,2.0,5.8e-07,1.02e-06,0.023937200106463774,0.011284092344161079,0.009066704330844824,0.008412848520524789,0.0002731150665229508,5.5852180893079026e-05,0.002779091190555555
99,4,0.001965411927988387,0.29733511866127843,12509.503224133217,1.0,5.8e-07,1.02e-06,0.04692428724514993,0.026836144045721155,0.007613400132595205,0.009900570162363191,0.0004161064645958325,9.986847089230972e-05,0.001937662002777743
100,0,2.331925947056253e-05,0.16902224771737503,17338.39668211116,2.0,5.8e-07,1.02e-06,0.02285655146917155,0.005902449041544175,0.00983477461158532,0.0005076807323807022,0.000159208603419736,3.1733276849273205e-05,0.004122568404999999
100,1,0.0003498677164791083,0.22200346124051956,14457.94030546249,2.0,5.8e-07,1.02e-06,0.0258181916419849,0.010857530966278816,0.009582507139578927,0.008801210811306635,0.000311026250217147,5.9537210596907795e-05,0.006032005633333337
100,2,2.742024144359639e-05,0.16334685242517122,2057.633005346202,2.0,5.8e-07,1.02e-06,0.021460878098220764,0.008963320467180983,0.005746902755899904,0.000559751562099918,0.0002372138873264399,2.3723897170590155e-05,0.012680569012777768
100,3,0.00041956682944433723,0.10471126635328903,7678.4912636873805,1.0,5.8e-07,1.02e-06,0.028560578666874475,0.017412724796196807,0.007696127651149877,0.014090617526399596,0.00026756971377865716,0.00011402767083448457,0.0035595035388888835
100,4,0.0009096020438498846,0.12189153977977925,21853.431647563633,2.0,5.8e-07,1.02e-06,0.023314821840447187,0.014572920060795668,0.007824903321651486,0.008221442474732292,0.00020890128049821642,5.302812560000207e-05,0.0045362634861110945
101,0,0.00014449763335051775,0.28064815486284506,7746.084924654222,2.0,5.8e-07,1.02e-06,0.030833671200879275,0.011617411183450868,0.008314179018763865,0.010880273060449345,0.0003998519349591842,0.00010001401430398116,0.003148663809444452
101,1,0.0001367765163304058,0.1840758262222508,3609.110981784115,3.0,5.8e-07,1.02e-06,0.05354130009323551,0.03108114324833372,0.005192607560638316,0.033224965274689655,0.00041555072073668365,0.0004764048397155104,0.010043647408888898
101,2,0.00013248456768700083,0.06659143826068935,8358.134332829928,1.0,5.8e-07,1.02e-06,0.025224797148134276,0.010839521802424474,0.008820972212340851,0.008155617657402225,0.00030426846650329233,6.568360255823168e-05,0.004060028568333332
101,3,0.00023541075983277146,0.24219923199547913,12262.859402403974,2.0,5.8e-07,1.02e-06,0.02404205498849508,0.011321903807175038,0.009388482645591965,0.01034877960141198,0.00024288108386749565,7.424488107471743e-05,0.002386931331666675
101,4,0.0011427035070795573,0.27386691894617676,22267.33630552682,1.0,5.8e-07,1.02e-06,0.024364605951521307,0.011314447309548307,0.009033585760746221,0.005604029841843408,0.0001384829108596712,3.380902044601796e-05,0.0029001663866666666
102,0,1.5163226777946093e-05,0.2628318143490058,23096.132000337046,3.0,5.8e-07,1.02e-06,0.02208542024898645,0.006134632578801965,0.010031311034074444,0.0005037557160843441,0.00017294677922584216,3.205386130717504e-05,0.003914880497777773
102,1,0.0006700525284137464,0.03687701190204018,3228.0778062869167,2.0,5.8e-07,1.02e-06,0.14072642677384511,0.10498783843054849,0.011352720826937354,0.05399062918832321,0.0005084461452555938,0.0012135824273164723,0.01325918064333334
102,2,0.00012975890566615261,0.15863485357721702,12745.577646713078,3.0,5.8e-07,1.02e-06,0.02641418592947395,0.010286801666682069,0.007977364367302531,0.00865928100705999,0.0001528679695963287,6.711414680471069e-05,0.0035166534022222223
102,3,8.297264893802283e-05,0.2101299093925661,22786.9782714973,3.0,5.8e-07,1.02e-06,0.021848324195234258,0.005620800825675373,0.009755070215322252,0.0008629931391235644,0.0003328300404464282,3.162275919390442e-05,0.002389792931666676
102,4,2.7348438449697074e-05,0.21963580383676612,4231.2082067338215,1.0,5.8e-07,1.02e-06,0.02127941868546705,0.005738561319032686,0.008905995364444112,0.0005006787178478551,0.0002689381443897559,2.8927766192325286e-05,0.0028136924761111293
103,0,0.00014150053416445106,0.03242607673037353,6068.248773109004,1.0,5.8e-07,1.02e-06,0.028432611921824807,0.020001974001544645,0.0049852860948952195,0.012155035836560255,0.00024775318830080905,0.00011083925340105406,0.005797740762222212
103,1,6.073559961517728e-05,0.20130549849470394,8981.033296810549,1.0,5.8e-07,1.02e-06,0.02099983678075897,0.0058344230808552245,0.009814747134331768,0.0005816850569562354,0.000194942905116651,3.128123057639242e-05,0.004270746361666647
103,2,3.3646805883406465e-05,0.2752711471832924,4424.412960707805,2.0,5.8e-07,1.02e-06,0.021680471155038416,0.005643194952726975,0.00900088416353932,0.000498303228642548,0.0002950674383762747,2.6286394265749384e-05,0.007017071301111108
103,3,6.821849763802373e-05,0.21696360174779777,21611.282029736212,1.0,5.8e-07,1.02e-06,0.024126111977897796,0.00621379475881052,0.010761439439662688,0.0005384676040633308,0.00014846639378913694,3.228229669916744e-05,0.0035528195488889053
103,4,2.548914433087418e-05,0.15679856786366145,13979.242209092894,3.0,5.8e-07,1.02e-06,0.021643406507983076,0.0056506996445402045,0.009132962474144586,0.0005084782574890514,0.00031085950667237715,3.0420631543455864e-05,0.0037141766111111196
104,0,0.000936107455393716,0.060052290888970815,2217.2161272982808,2.0,5.8e-07,1.02e-06,0.19551601830551804,0.15487559910814416,0.016332610013193343,0.09067145059638763,0.000504080381951479,0.002568785342647147,0.016609613885000013
104,1,0.00041882024825259093,0.18781952483322661,10789.127898194723,2.0,5.8e-07,1.02e-06,0.02608272197497942,0.016005667157923033,0.008366885601256605,0.01318493491098427,0.00021908727760723706,0.00011063047797941552,0.0027911058877777978
104,2,0.00017419765288834724,0.058427617078185196,9207.43879045184,3.0,5.8e-07,1.02e-06,0.03451186184090307,0.02218302488930095,0.0051911322722577756,0.01598524896804475,0.00027711149447618555,0.00013928712894287955,0.01025242624722221
104,3,0.0028249246759722737,0.07400938891905241,5706.358123421112,2.0,5.8e-07,1.02e-06,0.1701215034956236,0.13315789041492967,0.010283991062138419,0.04514426748884643,0.0005269109524084812,0.0014504222072992412,0.008954344440000012
104,4,6.119320026650662e-05,0.006123598638619498,18349.946340462382,2.0,5.8e-07,1.02e-06,0.0334180828570263,0.03219601539644975,0.005255629664779476,0.002069800810742794,0.00019248659577334156,2.3085356458131702e-05,0.00363457346333336
105,0,9.813163699609023e-06,0.1425777244877787,10284.049785326977,1.0,5.8e-07,1.02e-06,0.020879233201568304,0.005872603689962172,0.00995963895964152,0.0005081782015107482,0.00022716178159906512,3.150516132083226e-05,0.004141777230555574
105,1,0.00022834360452181557,0.09334105281918521,24470.45740297464,1.0,5.8e-07,1.02e-06,0.02153009615791425,0.006406210995868748,0.009549653899602986,0.003727299936897057,0.000304100828992093,3.1505079881835065e-05,0.002037994409444452
105,2,0.00012677221229978817,0.017625034168512355,5477.732985400711,3.0,5.8e-07,1.02e-06,0.07483646727673535,0.06819736632364197,0.008251858240150605,0.022375770022937794,0.00022344297812205183,0.00028977459940872076,0.017853760538888902
105,3,0.00021978540781351891,0.009407837729873691,21700.87415217584,3.0,5.8e-07,1.02e-06,0.03222462098867899,0.03249397890212373,0.004532348265034022,0.0066044234500417754,0.00018060929163783037,4.4723881540954714e-05,0.007195092078888896
105,4,3.403528779670734e-05,0.2684677650859545,17277.420574737735,2.0,5.8e-07,1.02e-06,0.02100017491734668,0.006174598959986603,0.01046092451626015,0.0004988731768977557,0.0002607214034318805,3.200682210944523e-05,0.0023409021705555755
106,0,3.6860476709801736e-05,0.23842604818507246,18610.11254382171,3.0,5.8e-07,1.02e-06,0.027118933162542953,0.005967983509854553,0.0093730375773179,0.0004971063555810304,0.0001354247235716142,3.1665207793892664e-05,0.005349182237222236
106,1,5.077130403841417e-05,0.1467862775997344,22255.498132882734,1.0,5.8e-07,1.02e-06,0.02124878856262152,0.006144091692531778,0.00932509641725437,0.0005006689130128656,0.0002807401951614187,3.2265170903397876e-05,0.002891861606666671
106,2,0.00019320220020008168,0.29146816615141746,3550.5227867190047,1.0,5.8e-07,1.02e-06,0.030492777207118422,0.0203250843973591,0.007163404170097862,0.02272208075799453,0.00020005550452075025,0.0003030277238533949,0.004029134189999992
106,3,6.150199217704895e-05,0.09273115100468052,21618.812867854052,3.0,5.8e-07,1.02e-06,0.020997439265076977,0.005527395560499554,0.009729978744024129,0.0006414200837639897,0.0001923490390576054,3.0678493574361476e-05,0.0032234579522222306
106,4,2.9581167240925823e-05,0.006662195102162149,15164.970688100211,1.0,5.8e-07,1.02e-06,0.02124591268140986,0.018521688445778513,0.007679599320289391,0.0005418808725251265,0.00014138687384482012,2.1971810632525576e-05,0.003395474694444456
107,0,0.00012271744110329904,0.04344847259883754,20739.429657466448,2.0,5.8e-07,1.02e-06,0.02412523235454281,0.00827370258661066,0.009142497254440635,0.004187416781946344,0.00013859975713082615,3.2083382853404366e-05,0.005612044938333352
107,1,0.0004351212730585234,0.2991373564477002,22311.694508762666,1.0,5.8e-07,1.02e-06,0.020160705922030644,0.007312354570108019,0.01056560384530765,0.005073091436801333,0.00022051439175640954,3.3470158207193206e-05,0.0023407057966666617
107,2,0.0003609825980379788,0.06539993984685387,3172.7766993372616,2.0,5.8e-07,1.02e-06,0.06946760891083356,0.06408173644447278,0.00571319677583101,0.043141954042064966,0.0002709026442774788,0.0008404828320912298,0.02270848356444445
107,3,2.0573274732574145e-05,0.162484904825805,7045.670056266322,3.0,5.8e-07,1.02e-06,0.025178870100339618,0.005998040162090733,0.008606123413198311,0.0005146398753481838,0.00039606815728512835,2.5851716089969423e-05,0.006695364167777773
107,4,0.00041532338868444774,0.2923628627761849,23603.487682630297,1.0,5.8e-07,1.02e-06,0.02050020452513603,0.006999383747546179,0.01012416710022231,0.004635589118357166,0.00017971121767361583,3.253207864591021e-05,0.0026147807833333397
108,0,6.8694014296330985e-06,0.05324247585506647,22050.28063330424,1.0,5.8e-07,1.02e-06,0.020984729619220963,0.00571307967090771,0.010087234662718695,0.0005226193891184245,0.00023655719766602028,3.190891022903769e-05,0.003137393057777771
108,1,6.891502727484598e-05,0.10236394706938809,3433.052558249271,2.0,5.8e-07,1.02e-06,0.024681308338642793,0.012454309947131877,0.005358820774325126,0.00396457856469563,0.0002846977784399496,6.202828956880432e-05,0.011448017049999981
108,2,0.00010336764508785168,0.21964817819494462,5984.332448666575,1.0,5.8e-07,1.02e-06,0.02857836900275393,0.006094128903757149,0.009973387879642397,0.003235681633393807,0.0004683635078269966,4.070096052428922e-05,0.0048511287250000285
108,3,0.004894810382544062,0.05435065672793695,11306.101042435119,2.0,5.8e-07,1.02e-06,0.08218938714998733,0.08170855710247878,0.006056418252922465,0.020472114832821627,0.0002599258388983089,0.0005850130570645415,0.004381092515555546
108,4,0.0005062728642999345,0.07680582326817248,10686.888977411836,2.0,5.8e-07,1.02e-06,0.03462945167123243,0.02214603021107937,0.0071693160236545,0.013733340819394814,0.00029642915498259573,0.0001291710287067555,0.007598138787777764
109,0,0.0020808615503023764,0.11661947301848676,23210.320732322005,1.0,5.8e-07,1.02e-06,0.021800665650228108,0.01652255946160826,0.008682175803531743,0.004346779269505362,0.00015001046697169892,3.3955256275480495e-05,0.0019512651950000237
109,1,0.00010056545664422278,0.01838933340845489,17304.038497307716,3.0,5.8e-07,1.02e-06,0.034761603673946824,0.020642739795607736,0.0057166880810569564,0.00542745551687375,0.00033987673283749096,4.0219541099427806e-05,0.005862061407777758
109,2,8.176126324685405e-05,0.027172110969357198,5134.391640052174,1.0,5.8e-07,1.02e-06,0.030884065838889075,0.020065968864699815,0.005335680087041676,0.008003421623737211,0.0002849427908744287,8.535436890668451e-05,0.005340386471111139
109,3,6.838182515257215e-05,0.19469643251550522,7085.144247188375,2.0,5.8e-07,1.02e-06,0.02092374080996366,0.00545097976385029,0.008201675678506647,0.001156967587923327,0.00027611985188912957,2.8705925525228946e-05,0.005281163656111115
109,4,1.8975977417623184e-05,0.11774660138870979,23408.873009240815,3.0,5.8e-07,1.02e-06,0.02357896021972114,0.005693279849657315,0.010014006408607397,0.0005105032994210554,0.0001454780417188365,3.147160532577856e-05,0.003318159603333329
110,0,6.642414854446857e-05,0.1786122117144224,21531.16701285165,1.0,5.8e-07,1.02e-06,0.020878552287742474,0.006140947803365676,0.010061722842060099,0.0005449320500837863,0.00020801647802605257,3.224327121620581e-05,0.0034210495227777887
110,1,0.00019234488141082315,0.12548205488007824,19033.012800862332,1.0,5.8e-07,1.02e-06,0.020252581063928438,0.00702987148635462,0.010608453465247138,0.004670159254824121,0.0002383147447722956,3.3075242837750706e-05,0.0038441788350000033
110,2,2.3497311372436422e-05,0.1266928455747018,21296.14534730031,1.0,5.8e-07,1.02e-06,0.021114480929741306,0.0061184834207913515,0.00939211566387338,0.0005053232418545841,0.0002802685110085941,3.225264492441553e-05,0.0028859445661111177
110,3,4.374698446022021e-05,0.10867661523810636,2902.91165458166,2.0,5.8e-07,1.02e-06,0.027150961412752177,0.01078361975154298,0.005306335120487587,0.0009629759385802652,0.00035685106754659233,2.798021733282657e-05,0.005631790793333341
110,4,1.3792545291913622e-05,0.27550204719588933,4227.724011890211,1.0,5.8e-07,1.02e-06,0.021914579372789216,0.005887669197452331,0.009513200895246007,0.0005089434933735509,0.0003300913018110205,2.962661471616608e-05,0.005312460191111104
111,0,0.004455678770659009,0.05182478243533765,12982.846345997994,3.0,5.8e-07,1.02e-06,0.10554502908133069,0.10078799053300769,0.006869970431483528,0.022750750609897435,0.00023141060431822473,0.0004449382202969026,0.0023340091711110955
111,1,0.00013452177435155612,0.2495692794134855,9202.107793870931,3.0,5.8e-07,1.02e-06,0.026751824841585798,0.01186206449986497,0.009054399973878816,0.011034456318281894,0.0003131125902334415,9.746436782615555e-05,0.005291772116111093
111,2,0.0001626362479590913,0.11504817357350544,20308.695977950807,2.0,5.8e-07,1.02e-06,0.031044139965558198,0.007239419541711897,0.009108378414003462,0.004837276425948454,0.00017148676563667363,3.479326165555066e-05,0.002328005199444455
111,3,0.0003249128377615331,0.014940839112387104,5512.838382249831,3.0,5.8e-07,1.02e-06,0.09459099290263608,0.1012505026285218,0.011574686014806398,0.03276817202904716,0.000201482436544098,0.0005815433074113483,0.014801478122222211
111,4,5.621817945448921e-05,0.0993737250318988,13857.334973811357,1.0,5.8e-07,1.02e-06,0.02082353423403718,0.00564682998571268,0.010436616673654172,0.0005774980052656575,0.00019894067898742056,3.147521977313081e-05,0.0036804209505555407
112,0,0.0005579497561401697,0.11455570087699649,3642.81339669142,2.0,5.8e-07,1.02e-06,0.0846714327022081,0.05797837065044895,0.004735693206157227,0.04227478434467787,0.0004549972447335923,0.0008085350822865004,0.014062586037777797
112,1,9.9342903453511e-05,0.1085482067035541,13669.573605748734,3.0,5.8e-07,1.02e-06,0.02184942634844465,0.00787285821232117,0.007807500494804494,0.004696027782496592,0.00027582151528795146,4.088772378624023e-05,0.005502545857777791
112,2,3.842092064620128e-05,0.14716515500478547,4579.469146345637,2.0,5.8e-07,1.02e-06,0.02054353424610795,0.006401904905857638,0.007325065307645665,0.000544312278402028,0.00020630497464055515,2.2490257667375846e-05,0.007614701757222231
112,3,6.719580714678304e-05,0.02306925517431424,16173.289682369666,3.0,5.8e-07,1.02e-06,0.020518747666857472,0.01626358106510516,0.007109548523256601,0.0029431206701547585,0.00014128539605295587,2.8287928623472916e-05,0.004671731441666674
112,4,0.0005566355318324562,0.1437093854814779,4645.99319222491,2.0,5.8e-07,1.02e-06,0.07165507432220362,0.04541151754484742,0.004608882536271644,0.0358786541139731,0.00046212170213790073,0.000570574436620468,0.00476113452555553
113,0,0.00015021422843099222,0.052851790631007686,8976.520188440463,1.0,5.8e-07,1.02e-06,0.02064352905514541,0.011400235611613444,0.007959108465681932,0.008017633799321062,0.00018126391591616266,6.243864001802066e-05,0.0034956563283333464
113,1,0.00019712173363487824,0.14159899234470177,10177.616146406523,2.0,5.8e-07,1.02e-06,0.026469371092863552,0.012489929641093035,0.007379790887494774,0.011009416385717652,0.00029184411686627667,8.644512023568223e-05,0.0035360102483333322
113,2,0.0007362193200482422,0.11591271585795469,8284.595214953724,2.0,5.8e-07,1.02e-06,0.03383846315217582,0.031907174161404095,0.005962558299525223,0.021251999425004015,0.00019283726329501322,0.00026370141831025327,0.005424521862222212
113,3,0.00010403873335596117,0.17637952758039735,16730.480988768635,1.0,5.8e-07,1.02e-06,0.02359782419839214,0.005727903190843463,0.010108333765158942,0.0015576398456391867,0.0001491205411469394,3.1669345992301044e-05,0.0033470760155555612
113,4,0.0002522649355404586,0.2499871161550502,3314.7678351016343,1.0,5.8e-07,1.02e-06,0.03770987204261983,0.02483646302209037,0.006687146364599381,0.02818627069211164,0.00029797532362991103,0.0003832276036355217,0.0050712847055555815
114,0,0.00011323487671592079,0.272078972254377,21035.24859156537,1.0,5.8e-07,1.02e-06,0.024195257961839176,0.005928155143566298,0.01121455501250264,0.0011477763937590764,0.00014750010620035063,3.205721291574832e-05,0.002709336301111115
114,1,5.4700681346106144e-05,0.14639200151914605,13943.768238622566,2.0,5.8e-07,1.02e-06,0.02361122750550629,0.005603060294657447,0.009880024133773745,0.0005614254763965876,0.00014654837651419903,3.0907762528557373e-05,0.0034510391833333237
114,2,2.2846545625833734e-05,0.08152703902469761,16921.71977985163,2.0,5.8e-07,1.02e-06,0.021600416404011575,0.005658641458938779,0.009385062132795212,0.0005129889225515368,0.00017082052274809104,3.072612183195956e-05,0.00454249013722223
114,3,0.0002025718893461915,0.24876157752336872,11917.635485240167,3.0,5.8e-07,1.02e-06,0.026187793618883428,0.013770466909858767,0.008681876729476201,0.013755916610133895,0.00020825217463099437,0.0001028229896089948,0.005065233604999997
114,4,1.656354337142481e-05,0.08306247919448366,17281.91321865035,1.0,5.8e-07,1.02e-06,0.020860790875132918,0.005810162429801798,0.009610423682190403,0.0005130601592270855,0.0002226691098080089,3.186784364323645e-05,0.0034209354083333393
115,0,0.0003756231326759171,0.11590012947087305,14434.328818074187,1.0,5.8e-07,1.02e-06,0.020739735078333005,0.00956663478438794,0.007877408297716442,0.007127344309767896,0.00016291730398264228,4.544414092460698e-05,0.0025827401933333355
115,1,0.00012860762721758338,0.14094480789746397,2659.660674728286,3.0,5.8e-07,1.02e-06,0.05519005740823549,0.03972297564386523,0.0034900928746892774,0.038196130274042395,0.0003095972774549099,0.0006325025193892681,0.01171716099166667
115,2,4.394654133007591e-05,0.26007001323693013,9597.059559482925,3.0,5.8e-07,1.02e-06,0.02176712057843796,0.005703099340212248,0.008444374822014078,0.000495495050741891,0.0003181653259810104,2.978717792190501e-05,0.005648413226111135
115,3,4.480871018521437e-05,0.13549703247658532,17202.35023757466,3.0,5.8e-07,1.02e-06,0.020815305987219743,0.005590525319900935,0.008784120370137526,0.0005021059223289152,0.00022163304230544078,3.0757276975968166e-05,0.0028300398666666754
115,4,0.002027854385492057,0.2245030776268588,24108.16052776743,1.0,5.8e-07,1.02e-06,0.023706942418130067,0.015261083808046846,0.009348743000842777,0.004665543104459563,0.00022296546878615553,3.3644763944899905e-05,0.00017420858444443243
116,0,0.00042588020105146444,0.10852135766853857,11973.363320573586,3.0,5.8e-07,1.02e-06,0.032296323374391804,0.021245110263712372,0.006649798329047933,0.016638928156155072,0.0002554425866435304,0.00012431845762684757,0.004761192582777796
116,1,0.0008289625161748566,0.01918222879208742,17875.78934986121,1.0,5.8e-07,1.02e-06,0.02564390686471373,0.019667163692735745,0.007855530930700754,0.005021490914513927,0.0002056676572180461,3.4800214086576475e-05,0.0027434926177777735
116,2,4.5871155375929884e-05,0.14953038673871374,21579.570446225833,1.0,5.8e-07,1.02e-06,0.021038127031653208,0.0061658249912796325,0.009465583878272494,0.0004929837451771055,0.0002485874734381023,3.2268178928853494e-05,0.002123557547222224
116,3,1.49210397945502e-05,0.09993758022840389,19469.508406787918,2.0,5.8e-07,1.02e-06,0.020902462243861344,0.0056900562008590505,0.009300982833910067,0.0005126071283319252,0.00022427124040349578,3.1464176565421195e-05,0.0042281916977778
116,4,0.0006190033386321474,0.15199189704116953,4971.027094789819,3.0,5.8e-07,1.02e-06,0.0935964732778376,0.055096610871662864,0.00440968446655868,0.043756261092895765,0.0005870089176646066,0.0005970323302834196,0.005894235137222217
117,0,5.1145693855804395e-05,0.03597317796054663,11378.197083220944,1.0,5.8e-07,1.02e-06,0.02327164404508897,0.006535359230849607,0.008181687010386659,0.0009115588434470417,0.00033835043386219217,2.877044233776929e-05,0.0034648053461111133
117,1,0.001125221573487238,0.18065780259878042,22875.61729540706,2.0,5.8e-07,1.02e-06,0.03753232015595847,0.014516750717665589,0.007416883542697018,0.00795323126192785,0.0004599114070778466,5.2894351827394745e-05,0.001984469577777759
117,2,4.124279781295929e-05,0.18938148880347544,19388.729723560267,1.0,5.8e-07,1.02e-06,0.02129770070960672,0.006234896058165934,0.009858143319652174,0.0004951990440086228,0.0002959135423285751,3.228436502136556e-05,0.00438884459000001
117,3,0.0003474617870897872,0.191325902326571,6103.5302585974805,1.0,5.8e-07,1.02e-06,0.029362970510673585,0.01735425328973358,0.006715656272211872,0.017406587726919786,0.00024271475453739415,0.00016449189753415305,0.002639521824444435
117,4,0.0002010140326298694,0.22672147468534498,6179.873626934626,3.0,5.8e-07,1.02e-06,0.04288449820850937,0.022365696724361575,0.0070826943650749395,0.024396390822836875,0.0003749240656792047,0.0002605600631849925,0.004683349736666675
118,0,0.00011523309205971605,0.26443257404126363,11136.716205188386,2.0,5.8e-07,1.02e-06,0.020681051923836007,0.006686391665076739,0.00958014733120961,0.00418913766588939,0.0001749924189120944,3.9962107675500895e-05,0.0036147106599999923
118,1,5.533937400459681e-05,0.16956456391626654,7032.487479557651,1.0,5.8e-07,1.02e-06,0.02084568891480044,0.005634063108862666,0.009495773709685134,0.0005866802891988132,0.00022485039052699528,3.037747605152566e-05,0.0019619624527777574
118,2,0.00023448363758487705,0.22868044868050258,13817.841357843743,3.0,5.8e-07,1.02e-06,0.03248810310098756,0.012209347901516412,0.008493386065144177,0.011499786819585134,0.0004034528016410434,7.958193678559075e-05,0.004378637715555564
118,3,0.00011146475486074244,0.20118535751794542,19630.718992679245,3.0,5.8e-07,1.02e-06,0.022467572510524694,0.005900630036223657,0.010387533627068448,0.002925300812380679,0.00034454316633694736,3.150844184957922e-05,0.0036627872472222017
118,4,0.00042135092446415765,0.12488546682601202,10897.596990448377,1.0,5.8e-07,1.02e-06,0.020966342315431378,0.01210174766079853,0.008977052770354132,0.009461606827143419,0.0001753787056397453,6.504360586999413e-05,0.002469350422777794
119,0,4.581125234268319e-05,0.08071067035605788,21231.089666109878,2.0,5.8e-07,1.02e-06,0.02536582336847748,0.005577420346763983,0.009641632442547577,0.0005256474932965102,0.00013683506345331639,3.127051454988647e-05,0.004545142523888893
119,1,0.00028571659873619554,0.0052908094755111145,2222.777114276578,3.0,5.8e-07,1.02e-06,0.4747038205966619,0.3610006421516922,0.06324029951139946,0.07800850619757342,0.00044655156223454695,0.002249092098477972,0.0349196877183333
119,2,2.412023172927956e-05,0.2218181890563721,15535.085797726133,3.0,5.8e-07,1.02e-06,0.021199952508644426,0.005867326121532579,0.008904165192420523,0.0005037713422425983,0.00019268746543892314,3.129992072729148e-05,0.003176854217222219
119,3,6.016695488583235e-05,0.2232122145704041,2113.257889542948,3.0,5.8e-07,1.02e-06,0.023151467677905605,0.009504224246177332,0.004731604541463856,0.0019743016708881835,0.00029118839571395374,4.957256832004148e-05,0.012692245794444432
119,4,0.000139878493376462,0.08156835568434662,4864.165297266355,3.0,5.8e-07,1.02e-06,0.040184710191357574,0.03108151641660223,0.003318905421412121,0.02463768536732645,0.0002456681224122734,0.0003051133909573864,0.013477931289444425
120,0,0.0004328935073582529,0.020469796188175838,12331.906007713163,2.0,5.8e-07,1.02e-06,0.03431283127303444,0.03183871919889719,0.003439885050851786,0.011542102439049165,0.00019234381370829485,0.00011705941316952922,0.004960682978888881
120,1,0.0005647402975765184,0.23669971973408593,20336.374630328773,1.0,5.8e-07,1.02e-06,0.020485417433168496,0.008092520794462345,0.009614670531285953,0.005629428117224333,0.00020237751397016946,3.5011992579020794e-05,0.0016643708011111064
120,2,1.851786597653562e-05,0.02797459104415807,11006.542038632017,1.0,5.8e-07,1.02e-06,0.02330114435270063,0.007384102419761369,0.007862263501840829,0.0005201570571446663,0.00031116859869642025,2.7877309737381066e-05,0.0044684802600000045
120,3,6.344185971777491e-05,0.2897730497265981,23156.346900702883,1.0,5.8e-07,1.02e-06,0.021285965218241942,0.006367715862806004,0.009608610756807788,0.0005089212384656993,0.0001939090337940891,3.239570288932591e-05,0.002605672918888899
120,4,7.469095912955404e-05,0.18658224964332445,18781.637173990028,2.0,5.8e-07,1.02e-06,0.027064313266420458,0.005679037475617553,0.009936339518380152,0.0007298530556338728,0.00013386396613066146,3.162745028447765e-05,0.004544649041111126
121,0,0.0010294216924992352,0.11417150670155478,16598.680450750835,1.0,5.8e-07,1.02e-06,0.031721846596277144,0.01573710298530609,0.008475920285402122,0.0075351754737061835,0.0003570240900965899,4.615199392218058e-05,0.001704224920000011
121,1,0.0005021119576827365,0.14164939531381043,2411.4794602819857,2.0,5.8e-07,1.02e-06,0.12956126534269827,0.0782150561610493,0.006329926339262128,0.06313115325467751,0.0007054385707861459,0.0013998652456695439,0.013662780155000012
121,2,0.0004953869066567075,0.17886282048640953,22400.609159403175,2.0,5.8e-07,1.02e-06,0.02547667315599375,0.010008007763852094,0.00878972052949261,0.006865273290311631,0.0003228679690585179,4.037793661988632e-05,0.0027016766461110814
121,3,4.3267350295397274e-05,0.25109506280868726,7957.16289882889,2.0,5.8e-07,1.02e-06,0.022167350437593214,0.005748978841171692,0.008515039120953081,0.0005045707169249496,0.0003395413720265188,3.006159737054081e-05,0.002745185621111118
121,4,1.7084877016603926e-05,0.263738919289258,15481.241306487616,2.0,5.8e-07,1.02e-06,0.02519025311781356,0.00613276572544135,0.009691725739913585,0.000509106954270884,0.00043675901995730756,3.189804352497398e-05,0.0051620763950000065
122,0,0.0002646681703045392,0.025411599916700632,20217.189481086214,1.0,5.8e-07,1.02e-06,0.02106234358166717,0.00984083871210927,0.009396479809051027,0.0046919640515760775,0.00019783100202547374,3.078171971608471e-05,0.0023754432827777644
122,1,5.984204694538602e-06,0.2629105261489624,7795.879549118545,2.0,5.8e-07,1.02e-06,0.021030167483386736,0.005835719494116404,0.009838706282531308,0.0004997204381520914,0.00021566601980604796,3.0224624370120747e-05,0.0030939378377777688
122,2,6.632691063858337e-06,0.10429461346584663,7365.963530118995,3.0,5.8e-07,1.02e-06,0.02513869073879298,0.00730072295069038,0.0064137840272457045,0.0005120558825853545,0.0003745724326652256,2.3156623934004326e-05,0.006703766451111121
122,3,0.00011461503359404427,0.1222781542574876,2690.415182153884,1.0,5.8e-07,1.02e-06,0.05349456893712575,0.017438180442952877,0.005643894994083305,0.015387942152556325,0.0006228588840531756,0.00022755729024517447,0.00761714259333332
122,4,5.1995199231403245e-05,0.2429481803980444,6078.457882582945,1.0,5.8e-07,1.02e-06,0.023729236494562277,0.005834701357007958,0.00967330131672064,0.0005495508503784102,0.00038899723245295557,3.057357937264444e-05,0.002868621026111115
123,0,1.6301941527272053e-05,0.17460952196076612,14893.314734253283,2.0,5.8e-07,1.02e-06,0.021127198619608892,0.005848701593562923,0.00954383406413341,0.0005100816682712615,0.0002656874467682713,3.149939159810433e-05,0.0046316084811111186
123,1,0.00013077274972143096,0.21459531834146353,4514.086882480102,2.0,5.8e-07,1.02e-06,0.03413434796757563,0.015784692789723314,0.007251414987109927,0.015573042201793362,0.0003682510210122321,0.00019362594273378557,0.00440482722888888
123,2,7.315962512671754e-05,0.2576230696209721,10739.053958990406,1.0,5.8e-07,1.02e-06,0.021345225426802738,0.005985114026782712,0.009833217366844681,0.0006129300249208809,0.0002968031000475636,3.171071791581928e-05,0.002530568239999989
123,3,0.0001252920825379451,0.29365624231637166,4382.125156710767,3.0,5.8e-07,1.02e-06,0.034249674400616964,0.016602423891796277,0.007467871665103768,0.01708663528401071,0.0003518298697051615,0.00022618914575660962,0.005875383386111113
123,4,7.7690753903075e-05,0.29961192735365294,22043.55884727423,3.0,5.8e-07,1.02e-06,0.021063912695095405,0.005944482864454971,0.009551574260840948,0.0006184313110846738,0.00024641131913212566,3.187139212754315e-05,0.004297215765000001
124,0,4.0976418650028424e-05,0.0754112829462576,18626.2355049063,3.0,5.8e-07,1.02e-06,0.02091458424151955,0.005951071533017715,0.008711297360767091,0.0005011085202959561,0.00023307220173954488,2.979926350709935e-05,0.005097228367777776
124,1,3.5773235642298546e-05,0.18702534494987386,18848.9601039747,3.0,5.8e-07,1.02e-06,0.020830493541257097,0.005817002385798736,0.009685342661155501,0.00048675559609582397,0.0002193179835913163,3.149353392618965e-05,0.0042952341361111035
124,2,1.2049416520169412e-05,0.23609963109054988,15700.664809058391,2.0,5.8e-07,1.02e-06,0.021371430970227524,0.006077425890978483,0.009910356799465654,0.0005138209922682245,0.00019295212110395624,3.184926383008403e-05,0.003031060812222222
124,3,5.228395590402687e-05,0.24849782474771726,17374.742588721412,1.0,5.8e-07,1.02e-06,0.021379737321181536,0.006285702340103317,0.01002429600593333,0.000502454632080483,0.00030563346930817834,3.226647802506945e-05,0.002588370515555549
124,4,1.7049010307320866e-05,0.04332687552011028,16156.839638901954,3.0,5.8e-07,1.02e-06,0.0223303162969145,0.008197114157861084,0.0076333617618889555,0.0005604655570121962,0.00027091235603964953,2.64558179080538e-05,0.009599168924444457
125,0,1.5203903891287573e-05,0.1412910012471104,19512.4081618185,2.0,5.8e-07,1.02e-06,0.02136251429615717,0.005863966229945166,0.010109571390640752,0.0005039749155921091,0.00017965894786382128,3.177454516943823e-05,0.0037186452638889034
125,1,2.7135934971376674e-05,0.12081975580642183,11684.28238244053,1.0,5.8e-07,1.02e-06,0.021211133006369065,0.005821344100860947,0.009026632157948569,0.0004943316416178482,0.0002920088616672626,3.151924816200245e-05,0.002942495999444461
125,2,0.0007965831571678188,0.08447152105251614,8246.192084288552,3.0,5.8e-07,1.02e-06,0.07307105207411475,0.05200349800050369,0.0036747874218850504,0.028677987901358042,0.0003757856616398397,0.0003720809949296455,0.006003936095555565
125,3,0.001034737446123187,0.07070512774343019,8037.282051693613,1.0,5.8e-07,1.02e-06,0.052533597376251275,0.033563524867293124,0.0062902218378578555,0.014055529183296805,0.0003809102202955439,0.00015391849913012356,0.004631617551666675
125,4,0.0006124838139953025,0.19908180164655356,3955.2280935066365,1.0,5.8e-07,1.02e-06,0.05056222332332346,0.03501053928106288,0.005708885919761626,0.03047977429276005,0.0003530504569944222,0.0004088367594810667,0.0016432407644444147
126,0,4.6049678201611264e-05,0.1632632431165639,23651.927558320996,1.0,5.8e-07,1.02e-06,0.021796883485880075,0.006226259474370513,0.010582936159476667,0.000489769915738698,0.0001795599280165007,3.2334639008602284e-05,0.004493761301111107
126,1,9.445922186514496e-05,0.08479273720322657,21050.0594502819,3.0,5.8e-07,1.02e-06,0.022053220022118288,0.006532864750855058,0.009767243703577504,0.0030918690296202187,0.0003065338062939892,3.0867834015011425e-05,0.004987543322222246
126,2,3.834739894844331e-05,0.07954876337428544,4693.184783452752,1.0,5.8e-07,1.02e-06,0.0222638590795278,0.006484759718195704,0.008431230059444414,0.0006284235956287108,0.00029692093338780845,2.506432741713591e-05,0.003563314915000032
126,3,0.00018595429625803582,0.14744837001215189,18835.79226718829,3.0,5.8e-07,1.02e-06,0.021525115247218656,0.009587585178864858,0.00905109258441955,0.007853181168766519,0.0001757398845162062,5.0497327578392866e-05,0.0023710896077777655
126,4,0.0006644030073356159,0.19519612429257474,11932.100215337632,1.0,5.8e-07,1.02e-06,0.022636909584274865,0.014246284079519557,0.009183636796371158,0.010401904426814912,0.00015805010082237556,6.959310522450532e-05,0.001917040774444434
127,0,1.0457484142581578e-05,0.010142193328014103,8198.523347680433,1.0,5.8e-07,1.02e-06,0.0223904530451379,0.022039261187470544,0.006090706578302953,0.0006201530838330108,0.0001398991756752493,1.663744585841454e-05,0.0051043310950000115
127,1,0.00021779783549320935,0.1268945835617747,16664.923625443625,2.0,5.8e-07,1.02e-06,0.0245908452348772,0.009122415405715215,0.008955644904384703,0.007017438026636451,0.00031900343010489207,4.602303264086182e-05,0.004428106928333342
127,2,0.0001436560939849936,0.1641837740921654,14568.08621059964,2.0,5.8e-07,1.02e-06,0.02336799880854851,0.008033937895295003,0.009575802550745945,0.0059876193093141745,0.00014119002566605852,4.4616285909431344e-05,0.004195447461666668
127,3,1.5273942923646865e-05,0.26124733645209636,19275.40247483759,2.0,5.8e-07,1.02e-06,0.027847574466076944,0.006207540088832861,0.009237845484670342,0.0005040503372988385,0.000492308376145335,3.21320942014102e-05,0.00163487921222219
127,4,0.0006972507862135583,0.15398988889757367,24293.009213361485,2.0,5.8e-07,1.02e-06,0.021733072210005366,0.011351408304306254,0.0095043008875182,0.007326494701539103,0.00017602927156339145,4.2796071788930704e-05,0.003953709143888887
128,0,6.433425982992397e-05,0.06055100139583269,10129.092466577982,2.0,5.8e-07,1.02e-06,0.033883944113593134,0.007907807199517546,0.007562459753450418,0.001920642423495101,0.00021471277688076871,2.8072976675979432e-05,0.005271678860000004
128,1,0.00014605626165854703,0.13269679190302355,7898.62407264518,2.0,5.8e-07,1.02e-06,0.023737226988786515,0.013343586880931934,0.007935178818746896,0.011918272749748464,0.00020165002920199924,0.00010909502800743114,0.004435668653888905
128,2,6.198837141637319e-05,0.17233160479395046,14779.40442340033,1.0,5.8e-07,1.02e-06,0.0210020190111755,0.005976494347310827,0.010291274489366333,0.0005544372055098623,0.00025049213548123626,3.1939656176521824e-05,0.0030178007722222316
128,3,9.336013829189821e-05,0.17009607730428553,13935.38258176208,2.0,5.8e-07,1.02e-06,0.02520384596910047,0.005667980438848019,0.008757965455397225,0.002409641201735091,0.0004088334267427188,3.119496121291878e-05,0.004761704360555549
128,4,0.0006823998510142207,0.11793992970450945,2697.169768716285,3.0,5.8e-07,1.02e-06,0.15289265912263525,0.1175839874500954,0.009742552859519846,0.08876396854185357,0.0003964696499408565,0.001812240931843994,0.021600529246111097
129,0,0.00023642344542304573,0.26329254961133786,23159.06683993814,2.0,5.8e-07,1.02e-06,0.021084065193657246,0.007340860834489695,0.008981600586590597,0.005140515552265811,0.00026609940198788016,3.415032042605412e-05,0.002570212769444455
129,1,3.483094367707455e-05,0.1410402310290024,17116.64505662457,2.0,5.8e-07,1.02e-06,0.020963870666350182,0.005765592553087899,0.009404736153281724,0.0004991092796937847,0.00021117993583422753,3.1490509324135186e-05,0.005197577973888881
129,2,0.00019223986710699854,0.2694654454360187,11767.19180632318,2.0,5.8e-07,1.02e-06,0.022141397019279113,0.010314859223242875,0.008858536669006217,0.009116220614283086,0.00018106012093584343,6.84661663505257e-05,0.002446583143888889
129,3,9.678851356422454e-06,0.22946453270375955,9508.120820304859,3.0,5.8e-07,1.02e-06,0.02082956923132496,0.005676658708242615,0.009401598750661986,0.000513176349234913,0.00021128538181196355,2.9596917716719636e-05,0.0034493677333333334
129,4,3.337230950716794e-05,0.052691922190856486,15062.954536443041,1.0,5.8e-07,1.02e-06,0.022838565781256412,0.005643811914084754,0.009595117845517899,0.0004837511871869332,0.0003511455592518857,3.108497554982438e-05,0.004718624378888897
130,0,0.0001726906627155724,0.2531315087078644,8336.27858820324,2.0,5.8e-07,1.02e-06,0.023405456930292445,0.012233771411661112,0.008848900534306014,0.011624652893450849,0.00018724468126359484,0.00010345658953670309,0.0023702176088888915
130,1,1.3121539772794619e-05,0.10374563031907384,22867.94266228064,2.0,5.8e-07,1.02e-06,0.022059804839730704,0.005759532634135288,0.009838302210163605,0.0005026166990593861,0.0003311879689236607,3.178974609283879e-05,0.004427905293888881
130,2,0.0013111017697152087,0.04918703227684823,9079.413612079037,1.0,5.8e-07,1.02e-06,0.04502287529103737,0.036171878186831534,0.006875120603050185,0.01081699268864153,0.00025450833262653875,0.0001327861932170371,0.005813604207777795
130,3,0.00013058594704046226,0.27995323612625206,8012.404312842658,2.0,5.8e-07,1.02e-06,0.023545269919354784,0.009879989264748444,0.00824983543421216,0.008549504970926443,0.00027177827672718595,7.968266112677148e-05,0.00284024587222223
130,4,4.930514194540766e-05,0.08240004229633592,22997.251134452104,1.0,5.8e-07,1.02e-06,0.024194375805431267,0.005840283769498751,0.01037096854095196,0.0005206517522200964,0.0001459291466877767,3.206410198846488e-05,0.003606273424444445
131,0,0.00011553969581869915,0.052227657689395676,16731.88893255221,1.0,5.8e-07,1.02e-06,0.022153468699976853,0.006751532979104527,0.008616777140058348,0.0037646170186225636,0.00031269126085750143,3.162280889848842e-05,0.005080292684444432
131,1,0.0002713467228810371,0.18641283677053225,15342.216012607345,3.0,5.8e-07,1.02e-06,0.026780046944494984,0.01195340987978494,0.008602893608195486,0.010848791595980707,0.0002957694734383994,7.22797547941612e-05,0.004860008492222234
131,2,1.476734088325227e-05,0.14888820715597845,3339.431121789366,2.0,5.8e-07,1.02e-06,0.023716078221138265,0.007321063493487022,0.0062898989028602505,0.0005269705872506148,0.00032992995899905586,1.889875332124902e-05,0.010454805233888878
131,3,6.108008950654655e-06,0.22051381558208702,22637.35746564662,3.0,5.8e-07,1.02e-06,0.026512191279924085,0.006021709237613414,0.009386292850303598,0.0005113524352062671,0.0001365360137139218,3.1946955286895176e-05,0.003019553100555572
131,4,0.00015412362345627184,0.04067447908308729,17625.034175801637,3.0,5.8e-07,1.02e-06,0.02465414391092326,0.014255634258619606,0.007525874242199006,0.008094931598311454,0.00024402105948640482,5.395581680186931e-05,0.007701546663333322
132,0,0.00018073520418927008,0.21463410618219175,20730.073073337135,1.0,5.8e-07,1.02e-06,0.026585945859245036,0.006586037672181595,0.009442414459513432,0.0038508370482400376,0.0001392314037648623,3.205990129389514e-05,0.0034340408372222214
132,1,0.0013019219027141761,0.05288582163071787,3812.245703652883,2.0,5.8e-07,1.02e-06,0.1535077259834627,0.12484128229817111,0.011524423734414563,0.05850734413204397,0.0004005329604411284,0.0014778626772332076,0.010194497253888893
132,2,5.51299780352432e-05,0.04832697198688687,15834.556139625125,2.0,5.8e-07,1.02e-06,0.020682514939312353,0.006472390044744848,0.008418909821886646,0.000906497863644073,0.00020587197011194251,2.88152492090184e-05,0.005012389079444429
132,3,9.063370537703525e-06,0.042728008948536796,3376.741152705931,3.0,5.8e-07,1.02e-06,0.0486283168290532,0.033430690714890306,0.004115652617305054,0.0005688725072526838,0.0003443298344013008,6.449476344632677e-05,0.022188879294444436
132,4,8.767245928935618e-05,0.20280469976443413,22548.846909761578,2.0,5.8e-07,1.02e-06,0.021978497385504215,0.005710842049587127,0.009734090416092642,0.000972036326438848,0.0003354570254008353,3.183852418003649e-05,0.002193766767222202
133,0,4.833036029324333e-05,0.009873752383883837,13604.020873685151,1.0,5.8e-07,1.02e-06,0.023220622947742114,0.015354173312938967,0.007110526840361938,0.001311998259160059,0.00021390036125907308,2.4097941204148954e-05,0.002926957760555543
133,1,0.00017846245907301772,0.014395096582741494,6673.0645166543745,3.0,5.8e-07,1.02e-06,0.07271028967209021,0.07120768121196301,0.008432650371510367,0.0202620537042103,0.0001919599536196138,0.00028880804391124166,0.00973315423111111
133,2,4.140403161596549e-05,0.23721958584556538,10078.748375639694,2.0,5.8e-07,1.02e-06,0.02160227494186656,0.005827528121011258,0.009387056862675108,0.000501148897309163,0.00017562995023582284,3.0796292385072975e-05,0.0047838475277777875
133,3,3.3191755848302726e-06,0.04155818520028932,7516.154924587749,2.0,5.8e-07,1.02e-06,0.020898005861796864,0.011189949576692412,0.006769348295318892,0.0005022259488144866,0.00017003870025963092,1.9552651602952685e-05,0.008232066571111113
133,4,2.5178786349121067e-05,0.0794742835034879,13121.42118479444,1.0,5.8e-07,1.02e-06,0.02408959226629247,0.005682411869042131,0.009650060771243576,0.0004935183411242941,0.00014427897794647092,3.130168627645941e-05,0.0027635839094444226
134,0,0.00011935520097725961,0.01971112323375248,12434.020487433883,1.0,5.8e-07,1.02e-06,0.029427738580328294,0.012712838426311995,0.007857578741757234,0.005287934158501824,0.0003681735824844535,3.772122669253962e-05,0.004625965889444444
134,1,0.001407285707070161,0.13637752834988895,4699.726045197947,2.0,5.8e-07,1.02e-06,0.1210655098575794,0.0847465080989827,0.006126325182964312,0.046293202296358665,0.0005346072443135896,0.001016306020667791,0.005001001693888896
134,2,8.28827216144933e-06,0.19000904526798587,8284.80735819261,2.0,5.8e-07,1.02e-06,0.02126038235347877,0.005687420066902048,0.010097865808421494,0.0005134276043739639,0.00018710247840595152,2.979269530809589e-05,0.005948686497777772
134,3,0.0008698315499982935,0.13732802208181413,4956.356033533017,3.0,5.8e-07,1.02e-06,0.10717846118977185,0.08144126620921825,0.006437692946945757,0.05469215265793215,0.00038913119915349884,0.0008886369444245564,0.010330871289444474
134,4,7.719367856605105e-05,0.2513463477285979,4173.125348381027,2.0,5.8e-07,1.02e-06,0.02064202457392318,0.005745635118081817,0.008534574840828653,0.0021611897469753934,0.0002368999004600277,3.726665955007001e-05,0.006875258628888881
135,0,0.00022648024342341146,0.05871079613493558,21026.767824463914,3.0,5.8e-07,1.02e-06,0.027213188026922065,0.012209337594182147,0.0077439432749851584,0.008372199397175041,0.00031076829144749933,5.001115330849117e-05,0.002947955526111129
135,1,0.00011719639814421085,0.1272624729964451,14493.710133358205,1.0,5.8e-07,1.02e-06,0.02016643555041629,0.006156993331511637,0.009588597880974978,0.003303074880652811,0.00022398914856736236,3.2037184626222336e-05,0.00323961628833333
135,2,1.0272874260995132e-05,0.17808733032462012,3699.4629687630913,1.0,5.8e-07,1.02e-06,0.02280743184756216,0.005657464523313736,0.00836931194276465,0.0005237456245882578,0.0003521391755709114,2.73232514777796e-05,0.0037252877511110977
135,3,6.838738548248301e-06,0.1291419902165554,8210.758848156385,1.0,5.8e-07,1.02e-06,0.02162391823627956,0.005740603034985202,0.009498205057611767,0.0005243132344583851,0.00017364084378336604,3.079049825768247e-05,0.004554874928888897
135,4,6.697296201768518e-05,0.23669240802483976,18384.72317907242,1.0,5.8e-07,1.02e-06,0.029801299892576367,0.006209213983085832,0.009579360758898162,0.0005340074253160723,0.0001378598140499924,3.221944286659862e-05,0.004121437279444459
136,0,7.502678682430077e-06,0.18806861778343162,14602.248410552036,3.0,5.8e-07,1.02e-06,0.021170568606556833,0.0057403603392117905,0.009865420459596921,0.0005100483381700351,0.0001890901490609795,3.09390766024824e-05,0.0048385108855555775
136,1,4.170660549024085e-06,0.1862787162226555,16095.57976733429,2.0,5.8e-07,1.02e-06,0.023885723481457965,0.005937651851778926,0.009986017468562603,0.0005103439770527688,0.00039750806536332123,3.1748614452075214e-05,0.007344766374444464
136,2,0.0004486008397713004,0.19544078333734338,22062.778257560036,1.0,5.8e-07,1.02e-06,0.020619353000848127,0.0072313856740934546,0.009662960475339046,0.00484870053501723,0.00023583351552816125,3.274161109260296e-05,0.0021549101988889013
136,3,0.00014694048269965393,0.05673091016010101,12984.646667796542,1.0,5.8e-07,1.02e-06,0.02186781498920252,0.008606711417379105,0.008485117035575985,0.00581458900382031,0.00014216490633866136,4.125872187733432e-05,0.0031086868666666684
136,4,5.0068469417327284e-05,0.005458442586479627,17142.63889677415,3.0,5.8e-07,1.02e-06,0.047025251399725965,0.05233443042894798,0.003983661823538873,0.001171709437061414,0.0001493100764895424,3.8156602650206064e-05,0.005602674488333306
137,0,0.0005434488549798767,0.0020682853859905416,18457.661967327458,3.0,5.8e-07,1.02e-06,0.11353618582476138,0.10486327263715754,0.007827490952694903,0.0026922454089739895,0.00024776089448222795,0.00013001084260634444,0.005155884134444413
137,1,0.0003183228786921478,0.1464826831019846,9806.508226459559,1.0,5.8e-07,1.02e-06,0.025974334410913107,0.011451155758645382,0.008588530122094887,0.009877349990747526,0.0003004088958020094,7.248740861311554e-05,0.002125278689999996
137,2,8.778439902885026e-06,0.07360679686435051,8845.256389832171,3.0,5.8e-07,1.02e-06,0.02076477241284685,0.008323630044902988,0.0069845795196138705,0.0005544122262566137,0.0001749998340584314,2.3047373046376675e-05,0.00953472004555557
137,3,0.0001041129189375521,0.2842141771665516,5210.525838758716,1.0,5.8e-07,1.02e-06,0.02047510114770967,0.0061094840322004585,0.008476555111602625,0.0032038424636080995,0.0002556126101426899,4.390243683458055e-05,0.004023593440555556
137,4,0.0001918698043166052,0.269219914947593,11525.179318441345,3.0,5.8e-07,1.02e-06,0.026852734114225497,0.01310476251477651,0.008049785450318389,0.012933972454305477,0.0002562142360896049,9.828596675794453e-05,0.0038299581811111205
138,0,4.4630057555337054e-05,0.0019159699477916173,12601.78842627586,3.0,5.8e-07,1.02e-06,0.14774184339565608,0.14222301814427982,0.010603581528377778,0.0005760567854357307,0.00016451034438589313,0.00017529490763627703,0.006787221470000021
138,1,6.915426546743434e-05,0.24822206170171626,12221.57520572585,2.0,5.8e-07,1.02e-06,0.022806660387902623,0.005709004377936484,0.010888950540304946,0.0006690572228454155,0.0003643738229625716,3.1139935149422784e-05,0.004763575731666664
138,2,0.0006674529988429155,0.006120037215773998,6460.355749968798,1.0,5.8e-07,1.02e-06,0.10725494267470725,0.07382313362360604,0.005523835005623781,0.008956990007597533,0.0005255314250895821,0.00020055660251590895,0.007106742908333338
138,3,6.038813880433312e-05,0.17825030034184255,13230.676084020588,1.0,5.8e-07,1.02e-06,0.02104096401463823,0.00595401963522878,0.010230728913075573,0.0005531531417365638,0.00025509253360030343,3.1839317683611294e-05,0.004754708314444453
138,4,0.00011565393210499201,0.2007203101562215,11317.781404715728,1.0,5.8e-07,1.02e-06,0.023993270403655648,0.006051930649069355,0.009179253697822415,0.002994002559472287,0.00038415635122494136,3.2530192304875923e-05,0.005161941644444459
139,0,4.234822023083227e-05,0.034587796804796685,5567.604594374136,3.0,5.8e-07,1.02e-06,0.030093646424231516,0.02757194672120927,0.0029866518259000097,0.001091007919249135,0.00020026951971747513,4.530885740498963e-05,0.015137436789444458
139,1,0.00011905921222992738,0.2682586745447768,13604.866376617996,1.0,5.8e-07,1.02e-06,0.021250547792537818,0.005883289474015095,0.010437956499913975,0.002191693523879002,0.00030893842525045684,3.160919830155714e-05,0.002911263124444466
139,2,0.0006688011223837012,0.16611505201102772,20225.270582862613,2.0,5.8e-07,1.02e-06,0.021657576373733792,0.01276123284595309,0.008751636429685036,0.008464282129934131,0.00017267126854454037,5.536380600134131e-05,0.004529695943888898
139,3,6.691806325844915e-06,0.19318315567287878,20512.957464368417,1.0,5.8e-07,1.02e-06,0.02348304135134585,0.006295025960771215,0.010399682571861288,0.0005092301509241869,0.00015603181367470343,3.235203709292897e-05,0.0018110196833333314
139,4,2.239133095784418e-05,0.038986469490890054,12305.028845989045,2.0,5.8e-07,1.02e-06,0.022523695710873093,0.008233364356081506,0.007794293718422651,0.0005262926240542338,0.00028452284766986106,2.5888175578651638e-05,0.00809553368166667
140,0,0.0001864227702232288,0.20716551374329667,3224.641671326083,2.0,5.8e-07,1.02e-06,0.06133313849055846,0.029673503363625484,0.003958850507602674,0.032079883313467,0.0005469077506093222,0.0004677127614117011,0.003925939355555547
140,1,0.0006763942739648459,0.26165306107341213,22829.73673575061,1.0,5.8e-07,1.02e-06,0.020965828479437214,0.008287505539124782,0.00873909973896018,0.0055214755862607184,0.0001633396915898159,3.355920555688841e-05,0.005073988404444438
140,2,4.2353564588108794e-05,0.15213458675009014,14337.129722417212,3.0,5.8e-07,1.02e-06,0.020894505980937714,0.00561272233712146,0.008048909033700641,0.0004882525247861639,0.00020725530808707025,3.0330916265318273e-05,0.005090353818888879
140,3,0.00041571560083180427,0.12970825942441253,23508.46434885509,2.0,5.8e-07,1.02e-06,0.027433434239969856,0.009061339765505575,0.00887145178840209,0.005923725947955653,0.0001538678114935071,3.6124592716845184e-05,0.0031407012594444617
140,4,0.002353292991285924,0.04274426467759673,24086.222525373632,2.0,5.8e-07,1.02e-06,0.031478356520510405,0.0308195150688694,0.007329615702316771,0.009449543287962653,0.00019110895238891564,9.199912113233237e-05,0.002946738403888871
141,0,1.7406721823230855e-05,0.23938637717189243,23379.81046308536,1.0,5.8e-07,1.02e-06,0.020933258423465922,0.006390717869035858,0.009546476242338132,0.0005066530969421718,0.0002345059477706714,3.2431225760589756e-05,0.002263952163888888
141,1,3.3609792287100424e-05,0.02239804799324837,20795.734827066415,3.0,5.8e-07,1.02e-06,0.021352860646972772,0.01144843741814123,0.00740785427822632,0.000448239953630873,0.0001878097751334362,2.4714429467351504e-05,0.005235565881666668
141,2,3.2214609190535975e-06,0.21656939695806368,16861.98181798464,3.0,5.8e-07,1.02e-06,0.021467640346935084,0.0058972902479131435,0.009959111960104164,0.0005130451176713531,0.00018329319078750055,3.1509265065685695e-05,0.003807565913888894
141,3,4.4150977595508426e-05,0.09387557438621259,23970.500613168668,3.0,5.8e-07,1.02e-06,0.021140163702590736,0.005622991201066415,0.009429344456518203,0.0004705715623338879,0.0002540763203927597,3.117574420641008e-05,0.0037029372177777714
141,4,0.004594160217647568,0.20389838933902693,15738.475982082009,1.0,5.8e-07,1.02e-06,0.03129887319040268,0.026775286823489494,0.007390022433252934,0.005584616991026171,0.00019488007894909068,6.032824906458905e-05,0.0019413601738888786
142,0,0.00028726416024320555,0.07246512299281992,3135.8916908564634,3.0,5.8e-07,1.02e-06,0.0909249813296789,0.06928871521998507,0.006434791802248738,0.05609015981433824,0.0003508791292149309,0.0008848986831199272,0.014349919513888865
142,1,9.670651699420973e-06,0.0341041118615042,21878.795139412858,1.0,5.8e-07,1.02e-06,0.02098569579176661,0.005693903236530684,0.008753188081089087,0.0005225317259644794,0.0002366256966761307,3.1507589140844353e-05,0.002670462724999975
142,2,0.00016304600575702083,0.02708898508780967,21138.852321661583,3.0,5.8e-07,1.02e-06,0.020436916970315966,0.015168067078416012,0.007435180029176221,0.006949360521497634,0.00015077476033893323,4.438718206266945e-05,0.0014844667705555536
142,3,3.355831089973508e-05,0.16954814274476346,12689.000187053412,3.0,5.8e-07,1.02e-06,0.020809666211082375,0.005622016482260977,0.009031200261421131,0.0004884686991188529,0.0002161679540682775,3.0094132794274678e-05,0.005739771322777795
142,4,0.00015971901551530064,0.2426668136885043,12431.768941279402,1.0,5.8e-07,1.02e-06,0.022995671715881048,0.00756470418498732,0.009197299484005795,0.005319608006032852,0.00014470547994400272,4.11869193380952e-05,0.002917842691666672
143,0,2.9888664627146366e-06,0.0053957529409719195,10872.481783132294,2.0,5.8e-07,1.02e-06,0.052566718026362196,0.058363129968407895,0.005635225519014731,0.0006044383271801909,0.00013841201018079913,4.315860746139378e-05,0.005932734195555581
143,1,0.00013714209857244793,0.18363274424023168,6489.817605726532,1.0,5.8e-07,1.02e-06,0.020750126484492922,0.010048964440309833,0.008606399713172938,0.008653728516196139,0.0001704773437933171,8.334783813911513e-05,0.0025611940627777857
143,2,3.381584221556998e-05,0.16315181450296098,12953.977837249702,2.0,5.8e-07,1.02e-06,0.03270213754499663,0.005738775762716308,0.010330303741747033,0.0004876914912077468,0.00015530767824845182,3.099019054655401e-05,0.005123741858888892
143,3,2.241907919574862e-05,0.10556675305839089,2890.5375992432873,2.0,5.8e-07,1.02e-06,0.039545579065303725,0.01091903386500027,0.004825447214523266,0.00042870863584193805,0.0005346461481476449,1.9947683074002005e-05,0.015546902188888906
143,4,0.0009078507420727408,0.1703747554433925,13907.705326157486,2.0,5.8e-07,1.02e-06,0.02788197554733626,0.02071112433900085,0.007695498023071481,0.013485143052147494,0.00022164186388911935,0.00012010699319872039,0.003734275743888904
144,0,0.00022727622068408052,0.026069625821111265,18467.33293024962,3.0,5.8e-07,1.02e-06,0.02962799835208947,0.019737449947506435,0.006526005335180209,0.008475997464608543,0.0002665622639458668,5.292204775616469e-05,0.004728100608333313
144,1,0.0009388622408812638,0.02357243255428445,12014.339051261399,1.0,5.8e-07,1.02e-06,0.045676138822979585,0.028734488343966313,0.007385657090324471,0.00740473633379038,0.0003657468085629516,6.68728175810936e-05,0.004372021823333308
144,2,4.2380802380668504e-05,0.1963236317441183,24531.493643552385,2.0,5.8e-07,1.02e-06,0.02123069422727493,0.00610586558034928,0.009507735440774157,0.0004905723747942503,0.00019409970815366593,3.215561813323981e-05,0.0021292871299999766
144,3,3.3282797527297116e-05,0.008326492776208937,5265.843949718226,3.0,5.8e-07,1.02e-06,0.1529134565874789,0.12195670125518149,0.016042226885827036,0.0016640747056359806,0.0004853569533731144,0.00024477097101371746,0.016459845720000005
144,4,6.619033979924076e-05,0.2764245909708506,19617.542094867382,1.0,5.8e-07,1.02e-06,0.02117512351538364,0.006297423436599378,0.010283469288930118,0.0005234511441890482,0.0002927182647220029,3.230258333471171e-05,0.0023797272183333495
145,0,8.229359196023302e-05,0.26533801156342907,24598.5595054446,2.0,5.8e-07,1.02e-06,0.021895249848209248,0.005992343415207689,0.010222251484941365,0.0006463623552062758,0.0003361885671916979,3.2093932394138425e-05,0.003399301023888898
145,1,1.8014102369736607e-05,0.018074937496092933,12210.740304296365,1.0,5.8e-07,1.02e-06,0.02067915094241432,0.009237451872002677,0.008927566187371665,0.0005837512390506431,0.00018639823140351514,2.658091120384741e-05,0.004726533744444442
145,2,0.00022242503951317794,0.025796725786757034,4515.233788931947,1.0,5.8e-07,1.02e-06,0.03742850010106397,0.03643247465394723,0.0038614540734798115,0.020072492348446536,0.0001869969668363703,0.0002454150394759648,0.005903096611111117
145,3,0.0008045764114808019,0.2282214661059078,2777.3077237756956,2.0,5.8e-07,1.02e-06,0.12276589248299323,0.07881825700587754,0.006552045296535742,0.06329004911502502,0.000615812469029721,0.0014654674717714418,0.00878393858222222
145,4,5.519729306165652e-05,0.1838874938078427,12176.940666029113,2.0,5.8e-07,1.02e-06,0.021044300494317856,0.005638186752131218,0.00996283500510839,0.0005742765726414554,0.0002864729527886989,3.090240661691355e-05,0.005594511610000005
146,0,9.583809917507585e-05,0.15625668675366947,11932.243765039071,2.0,5.8e-07,1.02e-06,0.024772864029721245,0.006179272663395435,0.008963927581159133,0.0033095411441426497,0.0003849766349480783,3.405634101583593e-05,0.003070336344444466
146,1,2.991686985317513e-05,0.1729649385170033,9465.56707867678,1.0,5.8e-07,1.02e-06,0.0237757730117459,0.0059296171295539525,0.009624613123869611,0.0004999611408412895,0.0003946420803607107,3.1464757193706e-05,0.002776313843888878
146,2,1.7202703628209214e-05,0.18349452584156037,20486.203614599355,2.0,5.8e-07,1.02e-06,0.021466240344487224,0.006038156025643854,0.010026804650948016,0.000502381547293667,0.00018588949106613132,3.201140653201763e-05,0.002953886982222209
146,3,1.150130773215678e-05,0.21398482399019417,7707.880156616263,3.0,5.8e-07,1.02e-06,0.02075804628677713,0.005680167060755137,0.008300125426744217,0.0004860436023584749,0.00020428323895958322,2.7987153138258603e-05,0.0034369893822222414
146,4,8.33975406751126e-05,0.12985335395767786,12707.710398979954,2.0,5.8e-07,1.02e-06,0.021609732848411483,0.005629805688673072,0.009233540649674535,0.0021057126601164264,0.0003178537244151621,3.0506991876869557e-05,0.005393835331666708
147,0,3.148077992804049e-05,0.0365732446566146,6003.432210509414,1.0,5.8e-07,1.02e-06,0.02057207198020961,0.009156140858517493,0.0074865373597129805,0.0005032439124247378,0.00017001988943027,2.237795739306062e-05,0.004522072470555555
147,1,0.00014333467879005125,0.11280891155824838,21590.37141943334,2.0,5.8e-07,1.02e-06,0.031196936501569867,0.00699881667782003,0.009579016326608002,0.004550419206011,0.00048643025257712777,3.3021350893851696e-05,0.002884490567222217
147,2,8.066127322962627e-05,0.13991269395787076,15786.096845254217,1.0,5.8e-07,1.02e-06,0.02627596578327618,0.005702439018442143,0.010439881029509872,0.0008565900734653778,0.0004516689342443164,3.175600155433123e-05,0.00461501029111111
147,3,6.82157295408234e-05,0.019199353947633356,14105.457496880694,2.0,5.8e-07,1.02e-06,0.021066789537881863,0.015972832667531495,0.006814026032279063,0.0030399306613189923,0.00018022590695636266,2.836196226728341e-05,0.007702752851666661
147,4,0.0014529904462648197,0.029117760855381945,4211.0858704127895,1.0,5.8e-07,1.02e-06,0.09690130407573982,0.09019998840376052,0.006375365987884487,0.021747552034462294,0.00022840009703769732,0.0005477440754057184,0.004380014181111114
148,0,0.000226930711268466,0.28188592329609496,21692.549627628676,3.0,5.8e-07,1.02e-06,0.02517216601157744,0.009191092145979872,0.009395742322977218,0.007597101880766278,0.0003251860568182529,4.50253639534029e-05,0.0027975540811111116
148,1,0.0001313616223313697,0.07707118540428638,19232.901953220815,1.0,5.8e-07,1.02e-06,0.02030799884565894,0.006331980886436231,0.009164444077980963,0.0035534372385343897,0.00018929092740514625,3.155652402113084e-05,0.004094960180555565
148,2,1.4860673464666206e-05,0.1851392802169737,14502.132692307672,1.0,5.8e-07,1.02e-06,0.021224393537579055,0.0061707104226528505,0.00975378366802973,0.0005078219338281099,0.00029738111615267964,3.21267119041314e-05,0.002216566667222225
148,3,5.8611751901503454e-05,0.1518025947577259,15393.156056489877,2.0,5.8e-07,1.02e-06,0.021509261494770792,0.005617764832359623,0.009811540925026242,0.0005855446530683536,0.00017681148056735967,3.12032649925726e-05,0.004154351697777781
148,4,7.290014616105243e-05,0.2409389541125657,19318.10452150206,3.0,5.8e-07,1.02e-06,0.02089243571156245,0.005788985019908917,0.009566776208329908,0.0006119439210224595,0.0001989824516618005,3.156854092293418e-05,0.003001045005000022
149,0,0.00025953685029922604,0.21078102204144028,7135.888592801884,2.0,5.8e-07,1.02e-06,0.03417212455617572,0.016981440649076862,0.007165865368967134,0.016584008638022677,0.00034020379532319236,0.00015698340140528602,0.0032866210150000047
149,1,0.000579267568693776,0.22335343438406105,4346.112686178329,3.0,5.8e-07,1.02e-06,0.08823805734095158,0.05493782113081566,0.0038047217993001734,0.050867323171560515,0.0005157570143492146,0.0006999129836629778,0.004928618818333341
149,2,0.0003217679321706309,0.19425348015933394,3326.3917614455495,1.0,5.8e-07,1.02e-06,0.059273291559758655,0.028557351894673937,0.005021200741381231,0.031071928540094235,0.0005457253417140642,0.00041253358804142055,0.0036442000672221864
149,3,7.77458278006729e-05,0.09645016279694527,15855.785649149802,1.0,5.8e-07,1.02e-06,0.021058684379838617,0.00554604122285552,0.009651489878762706,0.001050055137072833,0.00018958358059608911,3.1464476246408204e-05,0.0030803267816666563
149,4,2.2194910342522557e-05,0.24838131767899047,7350.275444827383,1.0,5.8e-07,1.02e-06,0.021293217989797362,0.006051660179637648,0.010405123460573968,0.0005087631429084948,0.00018757635526486552,3.129736506390272e-05,0.0030650448511110873
150,0,3.407961544993018e-05,0.16720441138007794,10178.083676651579,1.0,5.8e-07,1.02e-06,0.021020555847920747,0.0059257291195976254,0.009625833560762766,0.00048764694850608926,0.00019510572912083567,3.152521026164482e-05,0.003603898375555567
150,1,0.0012056379332100802,0.1932166220581211,19191.705210591597,3.0,5.8e-07,1.02e-06,0.035486371640659015,0.026814026857226208,0.007279814846729366,0.013247987861434935,0.00023905432859269382,0.00010910946060905516,0.005703145131666684
150,2,0.00018637139268472822,0.019593272494263726,19166.77994915624,1.0,5.8e-07,1.02e-06,0.021359734601014573,0.010391361563379059,0.009447807962060475,0.0044342531728927565,0.00023496211628786312,3.039571117683285e-05,0.002484902547222237
150,3,7.457584812978562e-05,0.1704051734610166,8722.788895569596,3.0,5.8e-07,1.02e-06,0.020794428167187483,0.005707258010787149,0.008516614270209775,0.001432457459649556,0.00023185154022791182,2.828440609460384e-05,0.005219477448888898
150,4,0.0008218561588542357,0.285873594192473,22207.514341865455,2.0,5.8e-07,1.02e-06,0.021752895337465255,0.012087950544537372,0.00922852942967391,0.00832797312602848,0.00015884847686696715,5.362979980953325e-05,0.003795279117777786
151,0,0.0002206816474788764,0.08639907657992131,19132.7703270661,2.0,5.8e-07,1.02e-06,0.020966675856968774,0.00885639906346418,0.009542958205327731,0.00606838880084148,0.00016206343432122378,3.948984567780364e-05,0.002527065735555542
151,1,6.980814430745538e-05,0.12680972290142564,6623.897394938162,1.0,5.8e-07,1.02e-06,0.022460223659024055,0.005492537357170591,0.008824687882306878,0.00128578225106538,0.00034241369998058664,2.9489880772054738e-05,0.005508689778333339
151,2,7.119600459280041e-05,0.07677759554732898,20173.5359041094,1.0,5.8e-07,1.02e-06,0.02500102740537565,0.0055800135125260815,0.010422446056107851,0.0007402540435263192,0.0001399387010054153,3.1747594635420594e-05,0.001821618254444407
151,3,1.6109596894715323e-05,0.2512297728950948,13005.073349533444,3.0,5.8e-07,1.02e-06,0.021013399930923785,0.005859024062056541,0.010407674574462032,0.0005108370540682932,0.00020733042390033092,3.099700577447719e-05,0.004954033693888901
151,4,1.4973773694802197e-05,0.22547050461879467,24143.3102488548,2.0,5.8e-07,1.02e-06,0.02156837262712927,0.0062098743118143744,0.009754414671717586,0.0005070595613482621,0.00032041007325282907,3.22388144824785e-05,0.003565387005555573
152,0,0.00015584427887885312,0.14003675273608404,17812.51028816861,2.0,5.8e-07,1.02e-06,0.024953387295049867,0.0077648472211655495,0.00878540605745264,0.005613623858284643,0.00013825041766259182,3.934995801300463e-05,0.0037142554799999977
152,1,1.6363931088198067e-05,0.2143028277746741,5716.966296871953,2.0,5.8e-07,1.02e-06,0.020903776404660318,0.005645872579039399,0.009185177506942178,0.000507677007145711,0.00020850904532750567,2.760093576255732e-05,0.0031024106411111085
152,2,1.6613524712979004e-06,0.238809995142127,12172.384800549586,2.0,5.8e-07,1.02e-06,0.020906988320241435,0.005978219583396717,0.00961322433995549,0.0005114374279423089,0.0002560015379356642,3.1433331534738216e-05,0.004568277386111111
152,3,0.0006137973224094427,0.13615406638759983,23514.264103838606,1.0,5.8e-07,1.02e-06,0.028432707066223094,0.008481178577227421,0.009538050544468421,0.0051444635355522815,0.00015943585752035557,3.228658967930433e-05,0.004306341095555569
152,4,3.4532785648968585e-05,0.17861553598371394,13366.106286003549,2.0,5.8e-07,1.02e-06,0.021173667801760294,0.005796841777168501,0.010709096045939932,0.0005021526928172932,0.00020430293321484935,3.122296356662708e-05,0.00375006260333334
153,0,0.0002604306087785349,0.1617733338589499,17070.856717022227,3.0,5.8e-07,1.02e-06,0.024201138494134074,0.011218300736788677,0.009025493452419688,0.009751334254854168,0.00014531188917791038,6.327609028812738e-05,0.0024573221783333182
153,1,0.0006719804767112621,0.20452176835340075,2521.19481926333,3.0,5.8e-07,1.02e-06,0.14161486841754498,0.10111769098474503,0.007382427153796677,0.09402518795951585,0.0004741946457689573,0.0017374516538976933,0.01638115756166668
153,2,0.000199956333227782,0.09730516522873531,9157.056641740237,2.0,5.8e-07,1.02e-06,0.024045799822936392,0.01498875261243055,0.007868937611708218,0.012411086253664086,0.0001538102137288936,0.00010385000883414329,0.0048813976938889
153,3,2.3625772664271823e-05,0.1232454346289878,9362.318101085431,3.0,5.8e-07,1.02e-06,0.02173242485894621,0.00611323168969296,0.008416131144907977,0.0004896567348763762,0.0002897663124638772,2.7095899879931866e-05,0.006228744196111122
153,4,0.00018694729966977234,0.3001633741133787,22694.060637703053,2.0,5.8e-07,1.02e-06,0.023033541819026962,0.007306319935682403,0.010832100783834767,0.004986377276772878,0.00014506511137091455,3.404062283117131e-05,0.002602560767222206
154,0,0.00043907534500587373,0.22256136217706637,18262.476879905294,1.0,5.8e-07,1.02e-06,0.020525773386347167,0.00794915318834788,0.010116930400554112,0.005791552607951085,0.00019263150706422326,3.7226590785426445e-05,0.0014433502011110821
154,1,0.00015544904082219227,0.2626919538856923,7071.694727701734,2.0,5.8e-07,1.02e-06,0.02403274047379506,0.013145399884424544,0.009789726622589284,0.012914531865903335,0.00021917081084087773,0.00012524982464990145,0.0059657524261111095
154,2,0.004047341005364937,0.035213521971571946,5898.411286220369,1.0,5.8e-07,1.02e-06,0.10652351195612615,0.07912325918141133,0.005377710398949472,0.012851153597373594,0.00044310804585058705,0.00034747464696174043,0.004615194896111119
154,3,6.996641491531876e-05,0.001977839922911894,13873.141088890745,2.0,5.8e-07,1.02e-06,0.111087594287969,0.09543133466605747,0.007812635013280599,0.0007066401370978533,0.0003171713303996802,7.817510377623213e-05,0.0015461665444444217
154,4,0.00015316600093076004,0.04031203168444335,21010.990302098817,3.0,5.8e-07,1.02e-06,0.024968293204180283,0.012120604816413796,0.008130596271190014,0.006678264841045948,0.0002770515120709886,4.31872681799012e-05,0.0028611839616666662
155,0,0.000664148414879101,0.2726582347002159,12816.54731040422,2.0,5.8e-07,1.02e-06,0.03277137685476276,0.01761669657558854,0.008049473811299964,0.013491301974782545,0.00031769842200229004,0.00011745448075302347,0.0017286141438888625
155,1,0.00015237032192892162,0.23372071730320776,7971.0586347681,3.0,5.8e-07,1.02e-06,0.03043351733699824,0.014863057174228941,0.00815453999527841,0.015016722975364638,0.00028856965521355965,0.00014152648659723568,0.005730274950555558
155,2,2.860961037751373e-05,0.1394189198622478,20415.157428909697,1.0,5.8e-07,1.02e-06,0.022282273793056927,0.00614436462258796,0.009246455004127963,0.0005047336544884872,0.00016867987250526617,3.22507769322304e-05,0.0025692540266666897
155,3,0.0001852743503276817,0.061082900656854816,24303.56409724144,2.0,5.8e-07,1.02e-06,0.023749682900625346,0.0074749946562405025,0.00898493065152145,0.0042822689572498155,0.0003318586293370657,3.1512949066111845e-05,0.0029122528705555623
155,4,0.0007104154956053188,0.07208009553885752,4830.619550913429,2.0,5.8e-07,1.02e-06,0.07080919119884743,0.05930161297075348,0.0038508027662365516,0.03448640188887114,0.0002867883205999381,0.0006546285926250351,0.009382601656111086
156,0,3.1436586978475843e-05,0.07431704010612734,23641.04059451714,1.0,5.8e-07,1.02e-06,0.021444451509668654,0.005867487120408038,0.009774855959404397,0.000498771147857546,0.0001878942114929203,3.211337375930614e-05,0.002085897521111102
156,1,0.0003780740195180278,0.07342072931443606,8481.61142332209,1.0,5.8e-07,1.02e-06,0.026411927070631547,0.0170907746571482,0.007455136237143645,0.012617040255004618,0.00023081026774288027,9.76339514635797e-05,0.003858262635000012
156,2,0.0007632047468601777,0.1586434816296315,17792.52579685988,2.0,5.8e-07,1.02e-06,0.03091040894831267,0.015203818073971956,0.00795575307644616,0.009951557485351668,0.00034551775217211256,7.013912117264627e-05,0.0027942386488888776
156,3,8.08362011565191e-06,0.14263503241126266,9996.933587184014,3.0,5.8e-07,1.02e-06,0.023480098225670546,0.0057952275841484735,0.00874097836117523,0.0005052747369066495,0.0003642007613548039,2.8462703253946735e-05,0.007255272504444452
156,4,2.175902088687594e-05,0.037185816891980306,7595.544287247458,1.0,5.8e-07,1.02e-06,0.028881557641169214,0.007703191000276649,0.007852139322852532,0.0005239531619294931,0.0004342708756129225,2.585762914111713e-05,0.0048239254983333535
157,0,7.080000248043152e-05,0.08380697510961134,21974.54549046973,3.0,5.8e-07,1.02e-06,0.02098986486878633,0.005539410012236905,0.009218551512244405,0.000997914800378805,0.0002573492026309621,3.0461465063607235e-05,0.0033823789655555575
157,1,0.0001896346554336349,0.004344355633987683,18707.506978762067,1.0,5.8e-07,1.02e-06,0.034891380408937384,0.024955195179551134,0.00660612612824802,0.0025540226331657225,0.00028572869460528113,2.4912289714325943e-05,0.0026432177488888847
157,2,0.0008551276996839713,0.28927814969895066,2094.6235714337977,2.0,5.8e-07,1.02e-06,0.17712979270220566,0.10704035324055772,0.010100499853237068,0.09472116966842166,0.0008541671982128571,0.002470966547641786,0.014031464882777789
157,3,0.0004014206217421896,0.02787068143034219,8765.477268369781,2.0,5.8e-07,1.02e-06,0.06695728981275421,0.03720361738332918,0.004144356489548401,0.01688485981196797,0.0005179440008443773,0.00019681817582605424,0.006610498547222218
157,4,2.4017854693465166e-05,0.24772034322999176,21034.38630097063,2.0,5.8e-07,1.02e-06,0.02102455214842174,0.006201405120699566,0.010715992201994665,0.0005079565654537938,0.00021095251773033452,3.2153854059948796e-05,0.002808200112777784
158,0,3.935747665706605e-05,0.05095276281319162,13962.83321471017,1.0,5.8e-07,1.02e-06,0.024853903090563772,0.005626100927751944,0.009132782588520733,0.0005233338262329353,0.0001379955076095476,3.075857417787427e-05,0.003519029785555572
158,1,0.00012706045827671946,0.24731443030558706,10682.666366985328,3.0,5.8e-07,1.02e-06,0.0213452456235991,0.009060810554095184,0.00906453883542913,0.007324160652099486,0.00016309903014101356,6.408623372730723e-05,0.005204847932222215
158,2,5.027661263562394e-05,0.16062263464335577,5979.416438966286,2.0,5.8e-07,1.02e-06,0.02456500456269578,0.005699790409091877,0.007695301103296456,0.0006207769681175185,0.0003885155442684974,2.6633752203130198e-05,0.006387007386666671
158,3,0.0006074692926375196,0.22217542142631694,11470.874040639203,2.0,5.8e-07,1.02e-06,0.046421562097296,0.01830804921950976,0.008249732358011058,0.013692509895720495,0.000523860656711093,0.00012391936815881255,0.003974026933333319
158,4,2.151373417993211e-05,0.16023431479825703,4033.4790852791402,1.0,5.8e-07,1.02e-06,0.02089216739352931,0.005667849829161502,0.007696958502024821,0.0005146114493140766,0.0002430967035394286,2.7472393221856915e-05,0.004917354036111127
159,0,2.6495619252696128e-05,0.1062904423688638,7088.956627953463,1.0,5.8e-07,1.02e-06,0.02550443649863758,0.005644547664989946,0.008356348181708863,0.000494764391881385,0.00013660033955693765,2.9588178718614755e-05,0.004895885817222223
159,1,0.0002549154683494768,0.2494654328264727,8112.164219359944,1.0,5.8e-07,1.02e-06,0.026015948977361123,0.012238115676483764,0.008412316886787412,0.011680760980436569,0.00028462386535407774,9.677057510254322e-05,0.00321114513222219
159,2,1.4820956305529802e-05,0.29628782594964875,23169.526186978248,2.0,5.8e-07,1.02e-06,0.02503256287257305,0.006317464731393007,0.00979284428039933,0.0005052338707429362,0.00043567155649972374,3.2289534628453015e-05,0.003827925609444449
159,3,0.00019144496612725887,0.07059596373176835,6233.985978854626,1.0,5.8e-07,1.02e-06,0.02504579069828658,0.01584130567012264,0.0075941253888385475,0.013110495558631302,0.00019932360360237463,0.00011992802635700993,0.0034810632738888903
159,4,5.199029851600573e-06,0.2924339987014825,9274.386578905884,1.0,5.8e-07,1.02e-06,0.02101137790600426,0.006244526445065307,0.009239155309455979,0.000509108437498776,0.00027482143758027075,3.189984909200572e-05,0.004612727390555585
160,0,5.755698632734692e-06,0.00201538702972902,5483.554018552037,2.0,5.8e-07,1.02e-06,0.24552804605296294,0.21353103660052733,0.020399384019026332,0.006582793443654531,0.00029785867837529747,0.0003859446949326353,0.008009461058888875
160,1,0.0001363452542299859,0.23409160128498743,20313.318894427623,2.0,5.8e-07,1.02e-06,0.02202626305774061,0.006476034955478088,0.00985137081151826,0.003796282090427665,0.0001532026399758911,3.242177164838888e-05,0.0022434637383333123
160,2,0.006065212348046306,0.11808382029257891,10452.93040529261,2.0,5.8e-07,1.02e-06,0.10823894014681244,0.08993144516406121,0.006936173133239795,0.022507905453533733,0.00037716364739589933,0.0007248769943356508,0.004940511218333318
160,3,0.00021206938618245066,0.02753360864574853,2922.962769965816,2.0,5.8e-07,1.02e-06,0.11539152290687198,0.0822845559973915,0.00926627359634784,0.04258622584807559,0.0004979025147417775,0.0008039959513378358,0.017520081950555558
160,4,4.197385387985954e-06,0.07598833890461353,11935.315891297409,1.0,5.8e-07,1.02e-06,0.020901393401140028,0.0056706853749869295,0.009756101927325291,0.0005272038871679741,0.00022756083580451782,3.108917554138566e-05,0.0032597419716666326
161,0,4.981645585842227e-05,0.28467137266951376,11905.176565164169,1.0,5.8e-07,1.02e-06,0.02185315206491888,0.006243321456294068,0.009582369189668677,0.0004994203590536675,0.00017646894254368553,3.202337243790629e-05,0.0031485290805555594
161,1,6.744415681178774e-05,0.09198677019090623,11880.132967292962,1.0,5.8e-07,1.02e-06,0.021320003542575294,0.005497089963190799,0.00944298442043892,0.0008341496748690167,0.00029044662275445676,3.090009343002122e-05,0.004646906212222204
161,2,0.00048455985388231145,0.03521102586352193,17214.388780770823,3.0,5.8e-07,1.02e-06,0.03367276537927882,0.025927342162976236,0.006062485065550398,0.01224666295681689,0.0002256540767853268,8.318840136015273e-05,0.0046892140177777625
161,3,0.0017923789487961298,0.27915858483741524,8954.795042521428,2.0,5.8e-07,1.02e-06,0.06569314845768705,0.04913199835575135,0.004355815945177312,0.02635423255232955,0.00034990653533526465,0.0004016951799805211,0.0024357756705555705
161,4,0.0003196455426025421,0.18043107982664291,23085.213644168947,2.0,5.8e-07,1.02e-06,0.022065530097906846,0.00789991964777294,0.009511206340079905,0.005499049659198633,0.00027846234124397746,3.504681403289984e-05,0.0027834063822222282
162,0,0.00021280257096402768,0.203753461346817,11675.198154682852,1.0,5.8e-07,1.02e-06,0.020762242781494297,0.008835718608922299,0.009072967238651398,0.007109585706331862,0.00019160564156621725,5.1421296169768e-05,0.0023377946872222277
162,1,4.766316350417052e-05,0.18504989040093198,4836.248886942134,1.0,5.8e-07,1.02e-06,0.022320631469186378,0.0055970869149139955,0.008776665783908915,0.0005603434152887493,0.0003434380006514923,2.8972474133624706e-05,0.0034453900655555814
162,2,0.0047299286021506995,0.12670129954010587,17609.50387733545,1.0,5.8e-07,1.02e-06,0.026572497789739708,0.02520460131278079,0.008012835493388085,0.004181744710148817,0.00015489475272021137,4.3835080041222697e-05,0.0029731335755555505
162,3,6.766835160450695e-05,0.22079034715444892,10793.794737053428,3.0,5.8e-07,1.02e-06,0.02513180175585646,0.005461805569331,0.008617669315145788,0.0007081092562316797,0.00042014444416133657,2.9734916870873275e-05,0.004035167965000003
162,4,3.397503831291128e-05,0.19660308900535978,18659.23366840692,3.0,5.8e-07,1.02e-06,0.029672916618559326,0.005850916670449364,0.009517172511639449,0.0005019970205124646,0.0001389182635207999,3.15021139785105e-05,0.0031869654011111304
163,0,0.0003287268764046798,0.08220825708510554,11300.915959472391,3.0,5.8e-07,1.02e-06,0.02793545046445788,0.020681357352207847,0.007537449574591029,0.015826559900095245,0.00017137414086668395,0.0001229752502390983,0.005565707265555553
163,1,0.0017534444156391356,0.0802080231059657,14635.546526824473,3.0,5.8e-07,1.02e-06,0.06738134635278975,0.05279455126137059,0.004677498540739954,0.020656275195236398,0.00031312430387586953,0.00024027871647922045,0.0029318144916666428
163,2,7.541250345493962e-05,0.18404356232590743,13849.08721536276,1.0,5.8e-07,1.02e-06,0.020986279861126503,0.005858670659070524,0.009801066410444,0.0006480295671428305,0.00020602564545052967,3.179840463477651e-05,0.002854970078333352
163,3,4.033910334632083e-05,0.0565974165660968,16952.40030460446,1.0,5.8e-07,1.02e-06,0.024007387016447546,0.005621784644304386,0.009433389888647448,0.0005110181713194986,0.00014511409873143783,3.140028450837046e-05,0.0022981893716666757
163,4,0.00011367997148466688,0.10163726027144539,7934.62203610161,1.0,5.8e-07,1.02e-06,0.021171619046825577,0.00836028917570464,0.009917698426292062,0.005961957366243567,0.00023641073816224885,5.3809611792624197e-05,0.003386469992777766
164,0,8.12191145007501e-05,0.19262208137321332,3856.2972196360256,3.0,5.8e-07,1.02e-06,0.02002045202517763,0.00909398215419977,0.006544997730079699,0.004115880657894564,0.00019593827720451457,6.479351099018665e-05,0.011358443080555558
164,1,1.7718804989076095e-05,0.22767207083306978,14823.651185028762,1.0,5.8e-07,1.02e-06,0.02096358594953419,0.006265995113634647,0.010223076296127476,0.0005075421853181824,0.000213668015686649,3.22116112312261e-05,0.0016705024616666536
164,2,5.8652385241579184e-05,0.05660713078473346,14176.341357961706,1.0,5.8e-07,1.02e-06,0.02085193582852087,0.00554954687848539,0.009071684154322185,0.000728445471203155,0.00022693168621778603,3.076612090997682e-05,0.005753940738333338
164,3,0.00020583779644241834,0.15206941268633567,13040.946247085809,2.0,5.8e-07,1.02e-06,0.021921751382630344,0.010234934366245403,0.009234346482704565,0.00853272092948231,0.00017353062707594298,6.133228171329694e-05,0.0015395696377777796
164,4,0.00012958149977092804,0.08888705134077639,2196.709320047047,1.0,5.8e-07,1.02e-06,0.060386888069232904,0.03216508788632105,0.0034515241351183667,0.030311670111975535,0.0004993524393379108,0.0004859017562364918,0.008405611573333333
165,0,0.00023049861487435915,0.1459489663604667,8774.21193458439,2.0,5.8e-07,1.02e-06,0.03161737834656344,0.015055692109929643,0.007411686885685037,0.013673143445057533,0.0003508539385923214,0.00011572922429697913,0.005154748588888883
165,1,0.000391856367333067,0.07910480339112844,9292.792198289519,1.0,5.8e-07,1.02e-06,0.024116246807125336,0.015250985241461276,0.008294095257532849,0.011140028286568647,0.0002103047394736223,8.140880522148921e-05,0.0019152128205555258
165,2,0.00015270919644033064,0.28210043363083337,20247.521725771356,1.0,5.8e-07,1.02e-06,0.020237675145546252,0.006208093950283382,0.009599649535906628,0.0030137720684595853,0.00024688485997498603,3.180944020407858e-05,0.003441881552222234
165,3,2.043214363173996e-06,0.26847624623780897,17989.877138147007,1.0,5.8e-07,1.02e-06,0.021113168598745524,0.006375914757460955,0.010910204852356088,0.0005096732816891944,0.0002867927009755288,3.237055233246608e-05,0.002627154711111121
165,4,5.7827070632585955e-05,0.2919043626616703,16877.36015618025,2.0,5.8e-07,1.02e-06,0.020986031300786644,0.006101995140030529,0.010580105566848448,0.0005286519700559598,0.00025643388597263415,3.190919731360877e-05,0.0022270473411111075
166,0,0.0025783161250139343,0.013202288420604467,17437.02497527699,2.0,5.8e-07,1.02e-06,0.0488387022805922,0.04839193773531183,0.005177512681444973,0.010788102593524076,0.00019646710062053892,0.00015657560759073147,0.003963898682222203
166,1,5.5528801644799886e-05,0.274689230544342,10225.297838966922,2.0,5.8e-07,1.02e-06,0.02092619941935191,0.005844438044855829,0.00982471957533776,0.0005527823537743454,0.0002507081543925934,3.094073275982174e-05,0.0035083362205555607
166,2,0.00010467851809912539,0.16599309651696972,10747.817633978275,1.0,5.8e-07,1.02e-06,0.02856961402387137,0.005846771157134453,0.00960141804226135,0.0026549166949934324,0.00014218291841896566,3.204322233192706e-05,0.0025841002005555502
166,3,4.00593965818216e-05,0.23919467380026807,15240.386846550595,1.0,5.8e-07,1.02e-06,0.023866889586162444,0.006265524066930337,0.010220253534832491,0.0004931261125498072,0.00015212129190250503,3.220017921731436e-05,0.0020296508966666793
166,4,1.1421071545552385e-05,0.10964091113450976,12162.646513229682,1.0,5.8e-07,1.02e-06,0.020931347361071283,0.005814145248078287,0.008807369682050538,0.0005141730194332018,0.0002381548452280708,3.15612795093728e-05,0.0022280124072222296
167,0,8.971650479943216e-05,0.1325023870439059,5666.482594613584,1.0,5.8e-07,1.02e-06,0.020518404364388825,0.006291615502231407,0.008260947495408297,0.0031093796848323204,0.0002334839996801694,4.0362827284914155e-05,0.005074159137777784
167,1,1.2201423845709676e-05,0.045447055193028225,23961.2353216877,1.0,5.8e-07,1.02e-06,0.02115334027431698,0.005688339560479298,0.00973581695336352,0.0005186324498167403,0.00019527809342846766,3.190781935970928e-05,0.003260917594999982
167,2,0.00010840320075941336,0.18512608456549662,11049.496150878565,1.0,5.8e-07,1.02e-06,0.02026913708361811,0.005853680770735819,0.009754862911763064,0.0025810440509861205,0.00021710371851755685,3.181958517474003e-05,0.003204109995555565
167,3,2.7633067382117096e-05,0.17312752294189881,14843.811351966355,2.0,5.8e-07,1.02e-06,0.023795560113867822,0.00584875201996705,0.00939037524663853,0.000496223171405304,0.0003899093018800187,3.147288272543039e-05,0.005160108003333344
167,4,5.1242991787948224e-05,0.21347806964903712,2059.4148984690555,1.0,5.8e-07,1.02e-06,0.020669637942694614,0.005848923950094685,0.006855061644699355,0.000846239832096603,0.00019298156116577645,2.591414327667534e-05,0.005524374428888881
168,0,0.00021787638497054612,0.10855828192346544,7294.528464638177,1.0,5.8e-07,1.02e-06,0.02701373202292613,0.01350721729521657,0.008109409309853004,0.012243039966608254,0.00029174897645901785,0.00010346029482306925,0.003007961875555562
168,1,0.00044811902510622875,0.1867786445152622,9984.86893620775,3.0,5.8e-07,1.02e-06,0.032339228402689144,0.02241172890653366,0.007047641916324866,0.020557939801903045,0.00017515249992020284,0.00016954501835519413,0.006613093744444437
168,2,0.00047375206949325997,0.1755118211376743,21927.563095032332,2.0,5.8e-07,1.02e-06,0.022025645288739747,0.010133734584913604,0.009023659843779994,0.007012210316138197,0.00015208090907789949,4.2324477946862524e-05,0.0026958133444444504
168,3,0.0001870338741212577,0.07886071811622071,23880.506898488555,2.0,5.8e-07,1.02e-06,0.0202211235801027,0.0073316264128425205,0.009678917772119114,0.004572617284431257,0.000211384022785761,3.2345217153510176e-05,0.0027456832161110722
168,4,6.744321407028319e-05,0.20219432341006935,15648.853650132985,2.0,5.8e-07,1.02e-06,0.028558154114606635,0.005748731950452747,0.009853051102680525,0.0006136049654642606,0.0001366335529952347,3.1471931323807114e-05,0.0028483549777777867
169,0,0.00042700746160336775,0.2657601517039534,10076.113767853902,2.0,5.8e-07,1.02e-06,0.034937880665240215,0.015764093398733015,0.009135663951812317,0.013655157522801295,0.00039442258084063363,0.00011453106105988032,0.0022174918327777793
169,1,0.00010336949048494082,0.13548521789157753,17934.118506672,3.0,5.8e-07,1.02e-06,0.021198897095531365,0.006286959403948231,0.008445652935632132,0.003364469906043471,0.0002933404154872152,3.2115749523908115e-05,0.005055890125000004
169,2,0.0013631395433672479,0.1530120827371824,2290.5369761048614,1.0,5.8e-07,1.02e-06,0.14530419061260522,0.1143659835069255,0.009606816643247666,0.05316269145481761,0.00044581625232009134,0.0015049990530318265,0.0023569080844444285
169,3,0.0005926559838069313,0.1873762947129871,21799.995600835544,2.0,5.8e-07,1.02e-06,0.02346759354489376,0.011023914563495968,0.008782524857589492,0.007363450119094933,0.0002696457405608021,4.585621255328518e-05,0.0033340440961111134
169,4,0.00019205372684300175,0.2777080428730606,14993.702346322505,2.0,5.8e-07,1.02e-06,0.023371555450591528,0.008842077544661967,0.009372426346847531,0.007155784976919093,0.00030167028280990096,4.92461735638729e-05,0.0034723087138888997
170,0,1.2916274337433434e-05,0.2643922560761008,20821.53875204738,3.0,5.8e-07,1.02e-06,0.022722704045512677,0.006111053090345465,0.009732606654958157,0.0005074190114596165,0.00016264737635298426,3.196077712611659e-05,0.0027303640233333343
170,1,0.00042733133200585963,0.2800628867098489,22553.763546977327,1.0,5.8e-07,1.02e-06,0.020602032689846866,0.007231193476434237,0.010260695934224262,0.00496512199257028,0.00024849009153417046,3.3170870085820534e-05,0.0018635364083333383
170,2,0.0008974339241102507,0.10043990926009508,11513.832048171182,3.0,5.8e-07,1.02e-06,0.04951737531867265,0.03921160067124444,0.0052479885277995795,0.020618098248959608,0.00026695142852510025,0.00022491100460555777,0.0064458844138888804
170,3,0.00011940548387604814,0.2395850954898222,23072.096765242284,2.0,5.8e-07,1.02e-06,0.02098348434275214,0.00586885067167895,0.010312099216237674,0.0024997920315575736,0.0001782443014191948,3.1613217498491484e-05,0.0018303750072222041
170,4,5.242925354069166e-05,0.25561818737375525,10894.58619327748,1.0,5.8e-07,1.02e-06,0.021297860883360175,0.006142765236574089,0.010541450133117481,0.0005057070333443274,0.00029982633771081396,3.186398394748287e-05,0.0022601232627777884
171,0,5.783438118125101e-05,0.20438966569324526,6495.613572159737,3.0,5.8e-07,1.02e-06,0.021342970642220672,0.00562928680464085,0.008176402328363667,0.000641590590347919,0.00016400980491125647,2.600324159926345e-05,0.0034389726338888843
171,1,0.00015375894728967301,0.2913437302266568,24732.65505155362,2.0,5.8e-07,1.02e-06,0.020183827444692597,0.006305188676522425,0.009695727695463025,0.003370214185261195,0.00022403801588076177,3.1795726825569426e-05,0.0034683539111110967
171,2,8.832697798186592e-05,0.2509987828707474,11185.673845219635,2.0,5.8e-07,1.02e-06,0.0207745955143709,0.005546320977475191,0.009234173646541978,0.0016932431565711203,0.00019162996704706506,3.083686564889812e-05,0.004580093695555565
171,3,0.00027965122862254603,0.13077910647280716,2291.1581669075804,2.0,5.8e-07,1.02e-06,0.08664360797575309,0.0575321257824612,0.003844106934464913,0.05585538708400661,0.00045156388274662074,0.0010045644930892167,0.014246985016111116
171,4,1.606526268595934e-05,0.18007903724012184,24939.132204043828,2.0,5.8e-07,1.02e-06,0.02170920904740531,0.006111742319950827,0.00996982103827916,0.0005045971728991692,0.0001815020353397587,3.2180088631526015e-05,0.004679757767222237
172,0,0.00010480844535424261,0.2159682392147612,11759.382343742605,3.0,5.8e-07,1.02e-06,0.02207360661037665,0.006653480725492882,0.009105974282394997,0.004034813769173321,0.00014782347071542925,4.008948948135773e-05,0.007224986678333337
172,1,3.796702760658907e-05,0.15466050966517791,6482.242640749354,1.0,5.8e-07,1.02e-06,0.023527778174396174,0.005680581495150057,0.008887262160243103,0.0004873977786591622,0.0001487395843675968,3.0029818570232613e-05,0.0035050667766666765
172,2,0.00010465691488681834,0.13855092559073764,16378.432703802693,2.0,5.8e-07,1.02e-06,0.02131418151107778,0.006016409584405648,0.008813917961870739,0.0030658338928046917,0.0003070369754654483,3.164879867853339e-05,0.00317787024444445
172,3,2.803242960083684e-05,0.27319038483973346,5293.164767509147,2.0,5.8e-07,1.02e-06,0.021019125584747916,0.005688071604901236,0.00927315205748856,0.00048195629985996104,0.00021911223223727448,2.79169058027663e-05,0.0020319493872222316
172,4,4.674287007904613e-06,0.24154372947503272,20515.178654114443,3.0,5.8e-07,1.02e-06,0.022360180328446774,0.006044940592407809,0.009308386862604967,0.0005114601653308887,0.00035288353938075085,3.190538303273707e-05,0.003286177977222221
173,0,3.118617876231973e-05,0.10945314298147536,5695.6757946123835,3.0,5.8e-07,1.02e-06,0.021279129610321693,0.008138659998817835,0.007494493967118707,0.0004339030390982509,0.00022563622560732384,1.9979204311078435e-05,0.006187731015000003
173,1,4.172740838573932e-05,0.27734220507232965,18723.76767587651,2.0,5.8e-07,1.02e-06,0.022006154497722998,0.00619895740307089,0.009969152678993516,0.0004888011204107031,0.0003377671505552054,3.20792622739973e-05,0.001966421163333343
173,2,0.00012971186428749272,0.1806187309634728,17612.434849836332,2.0,5.8e-07,1.02e-06,0.026508951597978184,0.006810672959356814,0.010048958977715716,0.0043749924347478795,0.00041450425445024153,3.419207921040537e-05,0.002887337176666671
173,3,3.697763283241017e-05,0.059526459086055555,2532.1938748507823,3.0,5.8e-07,1.02e-06,0.04363862897098927,0.03113635155148185,0.0061599430977081066,0.0006419393906905818,0.0003147880628717767,9.271581560503643e-05,0.027745293371111118
173,4,0.0008255187902422725,0.2009365135962204,14725.360942198084,3.0,5.8e-07,1.02e-06,0.030290263733090714,0.0235375824563897,0.006661754258526495,0.0160178911463351,0.00017235924769046142,0.00011588748052323937,0.007708553672777785
174,0,0.00011899662057884001,0.1630701413162943,4391.135459710551,2.0,5.8e-07,1.02e-06,0.030383623088709316,0.015949641333653154,0.006139759007514493,0.01453680265177481,0.00030245861379420293,0.0001828724030654245,0.008945427896111094
174,1,2.445169509361773e-05,0.15577319300857848,7003.426015659013,1.0,5.8e-07,1.02e-06,0.021927254886484244,0.005753124418385232,0.009057506381226488,0.0005036448273702977,0.0003304696531155491,3.0502999100327776e-05,0.0035361524649999976
174,2,0.0003494879549323807,0.0666417850367224,9071.623673089698,3.0,5.8e-07,1.02e-06,0.031382789867046436,0.028952806760131202,0.004718061515001386,0.020376476170220318,0.00016199078641635647,0.00018559005576206168,0.008216388688333326
174,3,0.0001905283536464835,0.20676008950232017,15453.774159525494,1.0,5.8e-07,1.02e-06,0.02727783814360947,0.007537305118082299,0.008747652907006657,0.00532066775778306,0.0004240208473271982,3.703924050419916e-05,0.0028460031066666475
174,4,0.00020264718071021814,0.28049982262213274,12140.68502020347,3.0,5.8e-07,1.02e-06,0.024914641597220913,0.013185276021186234,0.009915413016744085,0.013048941773717038,0.0001774248891722801,9.695114149413772e-05,0.003278845577222231
175,0,8.100088462655767e-05,0.20195951102398776,22067.638100501397,2.0,5.8e-07,1.02e-06,0.020819716489604057,0.005762331173263074,0.009687735268121465,0.000781634988241383,0.0002103215361134198,3.1852548084060896e-05,0.004333773169444444
175,1,4.538591321896434e-05,0.1065954106351505,19662.45194765968,3.0,5.8e-07,1.02e-06,0.021282032187906492,0.00561008261559389,0.009090027619694624,0.0005010826460285403,0.00018313773372210138,3.077005832206227e-05,0.005657250028333338
175,2,5.232874376167882e-06,0.09353990551327872,23112.28529028734,1.0,5.8e-07,1.02e-06,0.021257818214526256,0.006008410707779022,0.009787114347751235,0.0005105553944277141,0.0001917995976312256,3.222974453145828e-05,0.00291031441166667
175,3,0.00020490015536167783,0.12764423108131567,11601.267196081608,3.0,5.8e-07,1.02e-06,0.025842406780501283,0.015370774143967746,0.008118873793273307,0.014232250810677444,0.00016025801790947515,0.00011059903382221055,0.008295712150000023
175,4,0.0004565538496922821,0.08514694813500663,17029.73697946632,1.0,5.8e-07,1.02e-06,0.020611893204501838,0.010090532120363836,0.00899980713141621,0.006630713160825109,0.00018630190350590168,3.919423164008474e-05,0.004027167612222229
176,0,0.00013139825392854664,0.11008916258594634,4435.0077416599,1.0,5.8e-07,1.02e-06,0.03626323857019848,0.014715185418433203,0.006671598054928206,0.0132243325316159,0.0004315767163410883,0.00014731884551258574,0.003255338278333339
176,1,6.131840693875349e-05,0.2404608920411382,17591.708938070115,1.0,5.8e-07,1.02e-06,0.02368066270616949,0.006228963942155822,0.010512474566444949,0.0005228007439684062,0.00015428582456973068,3.2218235813857484e-05,0.0023755084477777855
176,2,0.00015672522788509206,0.11494946640340473,14509.508520308473,3.0,5.8e-07,1.02e-06,0.02275933955936955,0.01108911029890076,0.00961909975001698,0.009193888759264373,0.00015304546823224108,6.594835375832191e-05,0.003587336043888889
176,3,4.082112008004243e-05,0.28980131144388577,11033.938507186202,2.0,5.8e-07,1.02e-06,0.021604681970179684,0.006029701919004431,0.009602077683802173,0.0004948011672525604,0.00018466339023284948,3.1312692078814716e-05,0.0038371400383333254
176,4,0.0001819596439838003,0.2844549631169423,5197.115305379173,1.0,5.8e-07,1.02e-06,0.027731767630881404,0.014159815422840163,0.008433844116114078,0.014374725109489853,0.00028495039932344954,0.0001528567758316664,0.005318005207222212
177,0,0.0005631494686054176,0.09347023207530421,21670.19075545111,1.0,5.8e-07,1.02e-06,0.02110799846804506,0.008981526752349103,0.008654096983531338,0.0051567192053249625,0.00018031262654907244,3.2103863712841876e-05,0.0028604632511110978
177,1,0.00013994984980933827,0.120976718296188,3365.8821537138447,3.0,5.8e-07,1.02e-06,0.05285873841866448,0.03681001563606232,0.0027135971316589315,0.035404233524283214,0.000310601168601831,0.0005218981936126265,0.010566661957222223
177,2,2.5911889888943373e-05,0.23069228251385773,8102.193793482448,2.0,5.8e-07,1.02e-06,0.0212190646531706,0.005749288705095158,0.00878869903725007,0.0005040181603840816,0.00026509838160469404,3.0061432840983296e-05,0.0031912201383333533
177,3,0.00023787900268226923,0.19306134826219798,6429.28343707571,3.0,5.8e-07,1.02e-06,0.03948998065828913,0.0250415398081277,0.006848891483340177,0.026828823422318803,0.00024151099551992364,0.0002811460347018431,0.005403640487777792
177,4,2.5020605782472715e-05,0.1503748473199303,17750.781593174695,2.0,5.8e-07,1.02e-06,0.03434767895885845,0.005839138062675405,0.010097863590676583,0.0005021132617300498,0.00016389398614592962,3.164665345959971e-05,0.002533598788888883
178,0,0.00028422291535959654,0.10922559330281771,13642.902011628035,1.0,5.8e-07,1.02e-06,0.023677236299471643,0.009226583052149163,0.009904438775912185,0.007167424178520984,0.00030220358114968466,4.667434343872993e-05,0.004798808363333337
178,1,1.3329543580871972e-05,0.1934855366572522,15741.02359006515,1.0,5.8e-07,1.02e-06,0.023953016372243122,0.006213787469934857,0.008762618385247728,0.0005058442745135399,0.00040685904609864717,3.220757578506307e-05,0.004842749487777784
178,2,0.0004663131019731194,0.18871459385576164,19115.549602881812,3.0,5.8e-07,1.02e-06,0.02232042841799925,0.012564557319363576,0.008367323336562961,0.01024537644825937,0.00015971269588392655,6.0857931153239573e-05,0.0022502521822222316
178,3,0.0014890650409724129,0.1343067593619048,11705.769964022547,3.0,5.8e-07,1.02e-06,0.07084460737688326,0.05350413293846431,0.005336946761643295,0.025110480508039695,0.00033867761607530086,0.0003116950895515197,0.007078306395555553
178,4,5.679698121239736e-05,0.20278679972594635,3211.657748962339,1.0,5.8e-07,1.02e-06,0.02312794548070059,0.005542158397220425,0.008361040246281278,0.0007784820355815928,0.00035428038633085083,2.6522205179603415e-05,0.0010992090561110918
179,0,0.0005321579079574502,0.23195439125674255,14345.075756621954,3.0,5.8e-07,1.02e-06,0.0272034977088334,0.01654940516464287,0.008172066607733605,0.014342243300821818,0.00018987231956611226,9.719860651366548e-05,0.003648932531111121
179,1,0.002599629355927273,0.02579656571214617,3277.8447861457416,1.0,5.8e-07,1.02e-06,0.15733236785714225,0.13026281465009423,0.009245822612648185,0.02337624569677994,0.0003680867987846598,0.0008390008870933157,0.00960996998166666
179,2,0.0003383128922772271,0.14509053817992337,18077.823470141222,3.0,5.8e-07,1.02e-06,0.02593332165736829,0.01187859627387496,0.009255545642406276,0.009785605605672923,0.00026599018857754645,6.0468050656904694e-05,0.0045960195722222486
179,3,0.0001963327902485671,0.07709391331087435,15589.316549447643,2.0,5.8e-07,1.02e-06,0.022237306559523672,0.009989527115120921,0.008362995152197038,0.006870732887231852,0.00024371211495158006,4.667524302101113e-05,0.004320075305000018
179,4,0.00016995167215459714,0.047108888454990346,22983.941945071416,1.0,5.8e-07,1.02e-06,0.021341265002041254,0.006620520230561994,0.009771794508467371,0.003667968760015779,0.0002904940873368277,3.1148046165140945e-05,0.00385384627333335
180,0,0.00015747147386907274,0.18235501658938397,24335.599149222777,1.0,5.8e-07,1.02e-06,0.022180916115952496,0.006115419231949008,0.010010469722641514,0.002927522612394601,0.0001552091230882891,3.17527821695021e-05,0.0029075188855555434
180,1,4.5550668351766986e-05,0.17294634389347377,10536.780074658862,3.0,5.8e-07,1.02e-06,0.0214444732110355,0.0055986628136873206,0.009209611522931675,0.0005072308426107232,0.0001709803291102935,2.91482999973102e-05,0.004874944911666679
180,2,2.6306142169912146e-05,0.032465361256367384,13083.035139624464,2.0,5.8e-07,1.02e-06,0.02147802509417605,0.009145766184661537,0.007306457097908142,0.000477701383878198,0.00014328934258709734,2.5156334071353837e-05,0.0071401226827777775
180,3,0.0002821681941503632,0.2771995991584276,21117.44626962175,1.0,5.8e-07,1.02e-06,0.023881067394662045,0.007123551058010358,0.009810641589136724,0.004727981787960855,0.0001416863769506441,3.316027985692308e-05,0.0018671347827777657
180,4,0.00034891199621643306,0.12897588436532018,2406.952838783045,1.0,5.8e-07,1.02e-06,0.06664747164585999,0.04241057151981048,0.004161918996372463,0.042170035394338556,0.0004403069325607798,0.0006686307709474071,0.008016025617222228
181,0,1.8518141638794678e-05,0.05900977660393662,12386.80116927706,3.0,5.8e-07,1.02e-06,0.02253562304880591,0.00782060758532732,0.007678242047752919,0.0006165146725848005,0.00028683609007242256,2.5489281284017884e-05,0.005059121251111118
181,1,2.8086226406282413e-05,0.14887851837960767,24107.385040303736,2.0,5.8e-07,1.02e-06,0.02465670954038245,0.005973003280700283,0.009810586335208052,0.0004976699558173723,0.000143955250647987,3.204779282650916e-05,0.002435011724444436
181,2,4.2389448407787874e-05,0.1269128394054766,7982.77321862544,1.0,5.8e-07,1.02e-06,0.021303598945997166,0.0056476855964422805,0.009722296466346942,0.0005315720659250444,0.0002769900229651551,3.044462614973027e-05,0.00425970005500001
181,3,8.25924936684379e-05,0.06490662247089342,5786.399108614443,1.0,5.8e-07,1.02e-06,0.023306671722602302,0.0087872630222107,0.0073268147441562315,0.004225451927575271,0.0003057913105415511,4.7786497411581724e-05,0.0034384492538888922
181,4,0.0006046198371400305,0.19010817887839213,6599.40526502729,2.0,5.8e-07,1.02e-06,0.038909540750511805,0.02997989239697819,0.005473027522987947,0.02221944891714837,0.000241618983354347,0.0003093298871841524,0.005687784434999996
182,0,2.6404143842016308e-05,0.28538845913909505,13738.638897853038,1.0,5.8e-07,1.02e-06,0.021280570299229876,0.006331655605237987,0.01061149243919277,0.0005032238599242213,0.00019717801821874889,3.221493215085213e-05,0.002665267096111132
182,1,9.263510330642531e-05,0.19888837741742815,16902.77066366285,2.0,5.8e-07,1.02e-06,0.020645500022425312,0.005557421744848522,0.009247773116497824,0.0016413068595440186,0.00024381270468171317,3.126451791304075e-05,0.003255798958888889
182,2,3.1140218658762426e-05,0.03538679884724764,2044.8300820197403,3.0,5.8e-07,1.02e-06,0.08575167248962338,0.06599004554364953,0.015352968242344894,0.000733742767154055,0.00037907569782802387,0.00022707492644901255,0.02968075372833333
182,3,4.4029238736043814e-05,0.23400700196710128,18325.005233003794,3.0,5.8e-07,1.02e-06,0.022275989766174342,0.005940104439123292,0.01048149782161398,0.0004903938199273813,0.00016703829649848386,3.160951264914217e-05,0.0041614217872222165
182,4,0.0014939884811608648,0.1586483767392097,9591.987941436533,2.0,5.8e-07,1.02e-06,0.0571385591734637,0.043487007021270487,0.005893540621442281,0.0225456862148945,0.0003165939593851827,0.00032006670199605946,0.004808848627777765
183,0,0.0007713179080647251,0.18114139036931579,4416.0412248485845,2.0,5.8e-07,1.02e-06,0.0798850868685922,0.053818221464395764,0.005061412067092614,0.03968695763342226,0.00044765151537816406,0.000726760780534914,0.007057128026666665
183,1,0.0001794296899245405,0.2101873788388176,7666.558658894517,2.0,5.8e-07,1.02e-06,0.028386717178115858,0.013742394840353176,0.008308213309409793,0.013334941547375129,0.00030290322537617154,0.00012270386038905982,0.0054618679822222155
183,2,0.00017431613093257407,0.12278288652059835,22392.87847265841,1.0,5.8e-07,1.02e-06,0.020044448144534942,0.006480847223124926,0.00984473975976776,0.0038177317078997197,0.00020101832201409436,3.177566107797102e-05,0.0027076438949999726
183,3,9.964280019367492e-05,0.05479419840113435,11181.976175656195,1.0,5.8e-07,1.02e-06,0.020081045242582442,0.007572008747913771,0.009159266343181392,0.004337929580330709,0.00021731914467308102,3.67586874333309e-05,0.002879994893888918
183,4,1.5238051420140354e-05,0.14581543417111345,8236.646010478758,1.0,5.8e-07,1.02e-06,0.02409314161934825,0.005776172166335925,0.009670827509568278,0.0005125008366672683,0.00014426435183435233,3.094145727523259e-05,0.005447715103333334
184,0,9.00809445963128e-05,0.12399474466107607,16715.295827136393,2.0,5.8e-07,1.02e-06,0.020570240187019057,0.005618592389658492,0.009428061591279705,0.002269861362573388,0.00023321668199492487,3.092579514325778e-05,0.004762866227222218
184,1,0.00010417023470645646,0.25145846292651863,18952.54015178711,2.0,5.8e-07,1.02e-06,0.024278346417348776,0.005704313964097655,0.010228399586932923,0.0018238411718019525,0.00014210156376692315,3.1505959659082456e-05,0.002013648266111112
184,2,2.702205555552447e-05,0.2371912962009654,23325.119410659292,1.0,5.8e-07,1.02e-06,0.02111911310378504,0.006382750493389012,0.009669565246980363,0.000506374380949594,0.00026820286478344103,3.242303640954056e-05,0.0028724841761111203
184,3,0.00034244170339399146,0.04631744764392761,9286.252199919621,3.0,5.8e-07,1.02e-06,0.031246535078696052,0.0335804110324975,0.0038896548181210256,0.020465617312702845,0.00017227421466386528,0.00019366701095832375,0.011597951020555539
184,4,0.00039077860488213965,0.08901009929343658,5509.930439840251,1.0,5.8e-07,1.02e-06,0.04113469292954662,0.02464238362391986,0.0064221313064184125,0.020552803800737863,0.000367911333856629,0.00020341542543605618,0.0033375481605555507
185,0,7.586674209421469e-05,0.023157878640847417,10185.663429631266,3.0,5.8e-07,1.02e-06,0.024289976263708782,0.026280201323792125,0.0038468124876918403,0.006995931393407804,0.00014151864153414588,6.050310352340955e-05,0.011183199284444445
185,1,0.001099839453442709,0.04625001151227202,19849.068493216357,2.0,5.8e-07,1.02e-06,0.03046036772048392,0.023745457545872345,0.006767374619796815,0.009994446153025967,0.0002277863632472022,7.033543804064863e-05,0.0048212662527777755
185,2,9.612531343278437e-05,0.19616034303322596,5191.917763031623,2.0,5.8e-07,1.02e-06,0.03068676461052916,0.008171706285716274,0.007045379978022115,0.005449992728206998,0.0004486527044692162,6.763123956185316e-05,0.006951881320000006
185,3,1.8249653743799987e-05,0.2787496407374523,20893.05330024332,2.0,5.8e-07,1.02e-06,0.021382735059133736,0.00626850109598404,0.01021191721394414,0.000503766363198442,0.00019464842552539485,3.2206312393572175e-05,0.0021266345005555437
185,4,2.9854671705872746e-05,0.19542086891589508,10984.082210135382,1.0,5.8e-07,1.02e-06,0.021074256920914327,0.006071131852484123,0.009756855934186065,0.0005031968166073696,0.0002779502319282643,3.180683328050247e-05,0.002288679422777773
186,0,0.0003725454543087154,0.2813131581144682,23886.370647768577,3.0,5.8e-07,1.02e-06,0.0220631214208455,0.009287571046812956,0.008643134290345878,0.00765673799956549,0.00024254519981010934,4.4057935490618254e-05,0.0037234334549999942
186,1,0.00013451303686649746,0.17717066646431717,13639.042296985052,1.0,5.8e-07,1.02e-06,0.020140567663342494,0.006701006029670845,0.00997711142084205,0.004147031133929876,0.0002226760280485467,3.443532413733173e-05,0.0026954113883333325
186,2,5.7702072434963156e-05,0.1347756728215447,9187.305238282155,1.0,5.8e-07,1.02e-06,0.024514214101544463,0.005609903437395904,0.009223044735890343,0.00059099747255674,0.00014158667413567317,3.08586535475434e-05,0.0035436707388888794
186,3,7.485236608813284e-05,0.00658248085098576,5673.389118680934,2.0,5.8e-07,1.02e-06,0.11145135109135595,0.10127567869983156,0.011500042747791421,0.009586999326637433,0.00026332952838613094,0.00022506276470878506,0.010054543423333354
186,4,0.0001237820217672934,0.12146015866427014,4893.998488980898,3.0,5.8e-07,1.02e-06,0.035729202389758026,0.02339018489402182,0.005143881269033955,0.02083935566255289,0.0002720783148725107,0.000259252402701042,0.01147032990666666
187,0,0.00039565256239084697,0.23797971718915092,19591.58006517843,1.0,5.8e-07,1.02e-06,0.027695546673325046,0.007559788406852525,0.010017919897508627,0.0054047736999819325,0.00014753473864534603,3.5453148671959246e-05,0.0037116668133333475
187,1,7.033155391922904e-05,0.12325155200452136,23211.99029009123,2.0,5.8e-07,1.02e-06,0.0220412709146889,0.005583843348355866,0.009986521407962821,0.000724625466694605,0.00016469080922295603,3.16632128783563e-05,0.0033120053466666605
187,2,0.0010488482558243177,0.1164857505201424,17412.307750810985,2.0,5.8e-07,1.02e-06,0.022477140950591085,0.019509909074166058,0.008266997723295571,0.010625744826179034,0.0001496387201630895,8.501563655951182e-05,0.0047294378299999745
187,3,1.8961943373882006e-05,0.2634671325698837,11362.039913526281,1.0,5.8e-07,1.02e-06,0.02170822179419664,0.006247610188783052,0.009958031184893011,0.0005024081830058775,0.00018310056222885048,3.203487243297926e-05,0.0036218014300000018
187,4,0.00027973503577980623,0.023747595822502143,17391.897066298377,1.0,5.8e-07,1.02e-06,0.02232493412125476,0.011697320920530259,0.00833767709623564,0.0052497266627645756,0.00023210524859740094,3.326557816901655e-05,0.0021922897905555655
188,0,0.00011491925599127005,0.015711177770647355,11791.293344205324,3.0,5.8e-07,1.02e-06,0.040817245152646564,0.03578212203460596,0.0036238627383353775,0.00985075435730418,0.00022868335931532977,8.569039193307049e-05,0.0038476366266666645
188,1,0.0004803489714075117,0.15954253094044354,22197.000599175393,2.0,5.8e-07,1.02e-06,0.021334584685805697,0.009817412095700187,0.009316421252445112,0.006598472563247138,0.0002006555895669419,3.972671707038446e-05,0.0035208147727777694
188,2,0.0007408294464489286,0.20990551495863008,21876.74972453561,2.0,5.8e-07,1.02e-06,0.026325401514528307,0.012130744692402872,0.009242946763892925,0.00811059744327908,0.00031068630477428986,5.0985327154121746e-05,0.004018519381666655
188,3,8.834204495838497e-05,0.026683313891358328,17860.461901011746,1.0,5.8e-07,1.02e-06,0.020033653237850675,0.007339106901811543,0.009624780216769411,0.0029039095471995835,0.00018792495636644387,3.003142201106468e-05,0.0026789942033333403
188,4,0.00017276726412888125,0.18376756343643375,17578.64833558988,3.0,5.8e-07,1.02e-06,0.022189461634413193,0.009776224770823233,0.008716324499188488,0.008281566547034722,0.0001817879664627716,5.373046025518807e-05,0.0026553882766666703
189,0,0.00015519853480335782,0.07005590376238519,19013.337901515653,2.0,5.8e-07,1.02e-06,0.02031509270304779,0.00837661022940481,0.008636718460285681,0.005433860689299329,0.00021207165293883013,3.7064858414909714e-05,0.005622777132222229
189,1,0.00010089361761446829,0.18441750200864146,6944.040037810601,1.0,5.8e-07,1.02e-06,0.026783137199373742,0.0061922283774058845,0.008763854529420516,0.003352342029933239,0.00042978712075071303,3.9163159601551184e-05,0.004242884928888885
189,2,2.4083863828251754e-05,0.010588511631999063,5537.960791533174,2.0,5.8e-07,1.02e-06,0.06673473022924901,0.0610745736276449,0.007525940221534439,0.0005501252026067922,0.00021537813376753005,9.045463636954901e-05,0.0044672340922222165
189,3,0.00010625712631091942,0.1984858756935304,15511.538835998383,1.0,5.8e-07,1.02e-06,0.02067440604065592,0.0057437005764960315,0.010134664400491211,0.0016635877288882436,0.00022508952567786825,3.163293376988892e-05,0.0035313446100000007
189,4,0.00046291245069913774,0.16252382881479577,23181.574708345604,3.0,5.8e-07,1.02e-06,0.02462963252961706,0.010912580961854457,0.008879267151623989,0.008264998088726853,0.0002382115420166427,4.635421740094202e-05,0.004115953793888877
190,0,0.0004216737477307229,0.2692924318200098,17435.199721308745,3.0,5.8e-07,1.02e-06,0.02554296839773566,0.012560759231061145,0.008309586813254508,0.011301234636845738,0.00024398683789388496,6.940521986643833e-05,0.0026885011750000104
190,1,3.994070520740114e-05,0.08061243950216607,7362.63396512572,2.0,5.8e-07,1.02e-06,0.020694626025673558,0.007014092166734928,0.0074502491096242,0.000531032842625429,0.0002282310480384988,2.4552974420229243e-05,0.005352529430555544
190,2,0.00016922099821585894,0.10026096365445229,6040.725141020214,1.0,5.8e-07,1.02e-06,0.02958206956079189,0.014921304830359777,0.008480248122500117,0.013814576371477288,0.0003225533143476434,0.00012870072590298454,0.00227591072833333
190,3,4.59609032984938e-05,0.2541972760695327,5980.230234601028,3.0,5.8e-07,1.02e-06,0.021131660712977812,0.005555600932310543,0.008842683023843096,0.0005348540190038747,0.00023246752453758037,2.613871415568093e-05,0.0026388058811111087
190,4,3.539834279046344e-05,0.04189659250064824,12638.167796534322,1.0,5.8e-07,1.02e-06,0.027878489105036625,0.005942394625996678,0.008957621307261064,0.0005065198297750534,0.0001390259999542242,2.996372011678076e-05,0.002882589475555558
191,0,0.000241184175931844,0.18502994729350572,10158.388477341363,3.0,5.8e-07,1.02e-06,0.027389863415363914,0.016094670970541222,0.008763764339911885,0.015933378009606605,0.00018977291866050587,0.00013168266864539628,0.004884312249444425
191,1,0.0004632911181260028,0.19323087068851239,6707.047271250625,3.0,5.8e-07,1.02e-06,0.048924806186073644,0.032644174423188066,0.00506592794585738,0.03053389317607913,0.00032248185125331833,0.0003241011821127854,0.005908550104444452
191,2,5.2308571600610554e-05,0.12592202821303397,15253.590475734161,2.0,5.8e-07,1.02e-06,0.021142676548743865,0.0055795485339282655,0.009535958835493368,0.0005607556033139844,0.00018890674591525713,3.100524237846436e-05,0.002594410878333342
191,3,0.0015972067539974336,0.19854008665705175,13831.77610142835,2.0,5.8e-07,1.02e-06,0.04440707538033892,0.03115709335300765,0.006432715112650704,0.016647879353331913,0.00031941511549751165,0.00017095945043555318,0.0026755157938888885
191,4,2.196268080208416e-05,0.03720947209021069,8938.870814720263,1.0,5.8e-07,1.02e-06,0.020892602896846888,0.007046695785773024,0.008207049002031274,0.0004926150296927592,0.00018949849721646176,2.7296287610420744e-05,0.003890177138888909
192,0,3.142508418325063e-05,0.04388546848202771,9762.508726358079,1.0,5.8e-07,1.02e-06,0.021225343912960964,0.006345903820906241,0.008556531485777253,0.00047108061853402865,0.0002481080552140413,2.8682200066038857e-05,0.0045508961161111194
192,1,0.0008815807172812455,0.20262675181471815,22465.059225023877,2.0,5.8e-07,1.02e-06,0.032570885152111366,0.012907670415758098,0.008773622909941098,0.008058210602514432,0.00041167538866886756,5.184316205294917e-05,0.0033508931144444615
192,2,6.405985503388754e-05,0.22596220488913676,24430.85596862285,2.0,5.8e-07,1.02e-06,0.020787554031277744,0.006073646627443263,0.010501158753219534,0.0005418094814459467,0.00022769875613715202,3.2126864065408495e-05,0.0021384738755555466
192,3,7.284895396285191e-05,0.2537015824769913,11859.138232452164,2.0,5.8e-07,1.02e-06,0.021913244279987712,0.005676102450370753,0.009149223686989552,0.000752124686673249,0.0003315947609544119,3.107128012033666e-05,0.00245829630277776
192,4,0.00014820488477377752,0.10837536367879368,17134.111970993683,3.0,5.8e-07,1.02e-06,0.024058104565112332,0.010160211953734925,0.007693504513792321,0.008112454832873267,0.0002716677276650088,5.385316103058099e-05,0.003181631831111087
193,0,0.00018858977209691577,0.08236009639804125,14009.555776389867,1.0,5.8e-07,1.02e-06,0.03274070039701072,0.008260695082457062,0.00907326961003996,0.005963988214576684,0.0001937761711039307,4.12097366882122e-05,0.0036168530122222403
193,1,0.00019499982782608715,0.15774573321554355,2013.506272376191,2.0,5.8e-07,1.02e-06,0.08389269513359704,0.050987437922864205,0.0038354276208543664,0.055591847592365747,0.000501935744432527,0.0009881861155596587,0.013301343127222212
193,2,0.00016581877854979788,0.08975348422215358,6196.7822226946955,1.0,5.8e-07,1.02e-06,0.030558525087309593,0.014289021269952127,0.008191802256771344,0.012591908692096738,0.00034119781778795634,0.00011511178709637322,0.006925389538333354
193,3,6.701241219812555e-06,0.14000959237477215,19668.15671775615,3.0,5.8e-07,1.02e-06,0.020994622981443944,0.005704375025472659,0.009198165581337332,0.0005141660084406184,0.00021228205211043418,3.1313481616754476e-05,0.003939869322222234
193,4,0.0010403549636185418,0.22847984151265563,22158.330666660393,2.0,5.8e-07,1.02e-06,0.021419715599489894,0.013707849033266764,0.008983197327957493,0.00835599263754125,0.00016467770529452621,5.6017609118777806e-05,0.003948704081666657
194,0,4.186867725987245e-05,0.02405230132260867,14683.989097945627,1.0,5.8e-07,1.02e-06,0.021679070742644538,0.006984274725470318,0.00821315602068024,0.0005709055850165569,0.0001478469174284018,2.9089976537042516e-05,0.002728097181111125
194,1,0.00013231114247515356,0.042456423749540194,9072.281714969587,3.0,5.8e-07,1.02e-06,0.03706953067786225,0.024111493072431742,0.0046980432798396235,0.013768720869735412,0.00030432822013026507,0.00012194674985671389,0.009565004037222213
194,2,8.6294334349706e-05,0.21483580300305435,8278.758663008244,2.0,5.8e-07,1.02e-06,0.02072126164290511,0.0056158218412184135,0.009163243640708217,0.0022321289875845023,0.0002663264143239087,3.2075947650232835e-05,0.0037819759283333615
194,3,3.4302291273223705e-05,0.09964174301234785,12346.322287478974,2.0,5.8e-07,1.02e-06,0.021760623799183434,0.005692701591486958,0.008717058812309523,0.000484552174752233,0.00016406741644292013,2.982948963202143e-05,0.0024023012550000167
194,4,7.739865719439461e-05,0.19557014542232645,23305.351986484555,1.0,5.8e-07,1.02e-06,0.024707217042160362,0.006125986062256683,0.010504291842345784,0.0005797477194974572,0.00014443796429758032,3.2258062166518124e-05,0.0020618389722222297
195,0,0.0002579771363835318,0.10630408376177364,3668.095359782579,3.0,5.8e-07,1.02e-06,0.06317486854236848,0.04999873824494932,0.0036931721974662796,0.04806552853710341,0.0002837593368252387,0.0006778014602224977,0.01849522988055556
195,1,1.005528619170434e-05,0.08781459641367403,23414.438498388296,3.0,5.8e-07,1.02e-06,0.020959803950298155,0.005657840405335335,0.00852217500810933,0.0005294084592880355,0.00021062714711926495,3.1100468083791634e-05,0.0038476340272221993
195,2,0.00012600411863620425,0.20454625069449076,5656.105980888272,2.0,5.8e-07,1.02e-06,0.032092540326058676,0.012293239866158058,0.007652508580229193,0.011200644564668094,0.0004098045349049883,0.00012336145885198936,0.004048201566666659
195,3,0.0003388438838177923,0.0766166652088227,2117.1723639664997,3.0,5.8e-07,1.02e-06,0.15705425678995766,0.1082808432853098,0.011808706785162831,0.09412339439582629,0.0005432193800293423,0.0017180195870808261,0.022618690397222238
195,4,3.6372207117189654e-05,0.2702206601988698,11301.728768848732,1.0,5.8e-07,1.02e-06,0.02328444618564891,0.006244696611616062,0.010120695663693625,0.0004932658762450329,0.0003879712459298184,3.201502677858776e-05,0.00280555954277778
196,0,0.0002761546169290746,0.11522737875148047,16573.947830156598,2.0,5.8e-07,1.02e-06,0.02139393522902379,0.01003875248503461,0.008888654668188964,0.0074038834424672365,0.00019590336826933745,4.790172346489434e-05,0.003311097313888914
196,1,8.88725051024006e-06,0.2607039989879206,21752.155002405907,3.0,5.8e-07,1.02e-06,0.022859682492076427,0.006104991378808021,0.010100825807986163,0.0005172170378600266,0.00016050945957710912,3.1983115539970815e-05,0.0035008283000000084
196,2,0.00015954336324390024,0.1832467494520494,2031.6856263788502,1.0,5.8e-07,1.02e-06,0.060361755833316266,0.02999235051958744,0.003668981593282825,0.033258028501792686,0.0005320395485990336,0.00057479962190368,0.009123058842777795
196,3,6.353210898857973e-05,0.09065291544047349,6564.46928961637,2.0,5.8e-07,1.02e-06,0.02215085174518966,0.007871158408703937,0.0072167975464283,0.002150480115372152,0.0002812051157235591,3.1017807430935715e-05,0.00818262691555556
196,4,1.0667237672673823e-06,0.22961863869110774,3919.1353365207315,3.0,5.8e-07,1.02e-06,0.02198510773198498,0.0061337492018690406,0.006466262344640636,0.0005543377829888051,0.00028555690468306925,2.0596211625598397e-05,0.008947438987777778
197,0,5.7050182583708946e-05,0.1987234607653273,3894.1749187535133,2.0,5.8e-07,1.02e-06,0.031703931769050585,0.005949743108982305,0.007406871222406346,0.0010616357953132768,0.0005110897859233414,2.52105066558732e-05,0.006054470875000009
197,1,0.00010221543492241034,0.1973416116787814,6328.153230982873,1.0,5.8e-07,1.02e-06,0.025434045707203007,0.006364722685213976,0.008967852853292602,0.0036453228040776654,0.00040269243186845746,4.296101535840641e-05,0.002837000409444443
197,2,0.00014547875958289576,0.023988162673447267,20123.651344053356,3.0,5.8e-07,1.02e-06,0.03445366656666807,0.017028148404637816,0.0063472988894052096,0.007291106216688654,0.0003816732749664932,4.618333379769063e-05,0.00562170498166667
197,3,2.640422178936051e-05,0.22472786862728425,11458.97261604872,3.0,5.8e-07,1.02e-06,0.02241158036982289,0.005734320575245164,0.009358050637501893,0.0005086588527820077,0.00016155286080850035,3.036034215131412e-05,0.002936777297777776
197,4,4.738048967863757e-05,0.15539808034092542,14458.538813214165,2.0,5.8e-07,1.02e-06,0.03134418154557667,0.005699762172879171,0.00930074637956292,0.0005135013352136664,0.0005391483199680952,3.120554017162466e-05,0.006863186102222238
198,0,4.038437905473123e-05,0.18576829672166553,24483.931365290384,1.0,5.8e-07,1.02e-06,0.021658170735572062,0.006303317296081045,0.01018735600726338,0.0004975555295838704,0.00018382824514067819,3.238703689937023e-05,0.0021913512894444487
198,1,0.0002303845021091273,0.2699577762987197,4071.367177283096,3.0,5.8e-07,1.02e-06,0.049365180259340315,0.03291759316970193,0.0068741941163355915,0.03860005842690346,0.00028342581262945447,0.0005155242107375669,0.010266845174444442
198,2,0.0006852866137504501,0.030413468783709496,23194.290327469273,2.0,5.8e-07,1.02e-06,0.02666034100842557,0.01783122297198914,0.00781586324092995,0.007086691245637367,0.00024327601765354427,4.349342987869522e-05,0.004662890819444446
198,3,6.395057055633904e-05,0.08526958374360276,24100.610772712575,1.0,5.8e-07,1.02e-06,0.020919132417890753,0.00578901984659897,0.009313731795312245,0.0005879458122623739,0.0002491288572116668,3.206711892072911e-05,0.005121373723888906
198,4,3.230676779063303e-06,0.17074172611818386,13770.950439729939,2.0,5.8e-07,1.02e-06,0.02156715099606706,0.005802441766494867,0.010846961668626788,0.0004986356316874478,0.0003032846323867342,3.1339873941654666e-05,0.005276500641666668
199,0,0.00011221522732263166,0.11548306914718175,24932.842807920715,3.0,5.8e-07,1.02e-06,0.02295870283443598,0.006416816915472409,0.010135316704665954,0.003653649778309256,0.0003420185343318673,3.159140899898694e-05,0.003089986109999998
199,1,0.0002646337021669362,0.2606608091003468,19101.679613139007,1.0,5.8e-07,1.02e-06,0.020057782159924525,0.007318065197768446,0.009818346594097041,0.005014049548237182,0.00018310510923148944,3.432523825015312e-05,0.00233361275777777
199,2,0.00012674466037876147,0.25836152568795634,24719.89620465703,2.0,5.8e-07,1.02e-06,0.021954999625590315,0.005974093271639016,0.010576487343595084,0.0026767094007815084,0.00016117118922934272,3.168026624678307e-05,0.0041441712155555616
199,3,1.2434186364122104e-05,0.12066254416608341,7328.262836905649,3.0,5.8e-07,1.02e-06,0.021860867537641753,0.00665999684169459,0.007328754835323546,0.0005286384100078281,0.00028168994017480255,2.4435049521154046e-05,0.005456335320000005
199,4,0.0001982993240265163,0.26080505625993744,21333.725972089953,1.0,5.8e-07,1.02e-06,0.02175928645739103,0.0067601138249956646,0.00963884057597774,0.004089509515039326,0.0001573892014211644,3.2226598371250816e-05,0.004578118133888892
200,0,8.983413906743764e-05,0.12608038317165413,24492.611362551015,2.0,5.8e-07,1.02e-06,0.027498035850414645,0.005499229677557278,0.009609744836785172,0.0014457721656910398,0.000468510569733515,3.1597974959937926e-05,0.0034983925211111017
200,1,8.760096041727696e-05,0.28008958373335774,16302.660294987463,3.0,5.8e-07,1.02e-06,0.02428870680543944,0.005613678616281817,0.009745214038790244,0.0010635716424208994,0.00014302940617841125,3.115598600367568e-05,0.0031056415155555628
200,2,0.0001426389220455627,0.13576406381044273,2566.01875143287,1.0,5.8e-07,1.02e-06,0.04937700554338705,0.024493509910560738,0.004865925335132539,0.0253448308492308,0.00046595825142549597,0.0003854934789362704,0.008021616576111112
200,3,9.94730915808421e-05,0.20736204762367944,18790.980780411624,1.0,5.8e-07,1.02e-06,0.02103074730678772,0.0058582664904889,0.010924324365435284,0.001017008108771894,0.00027744641537467236,3.198091776684185e-05,0.001553433071111096
200,4,0.00047098031859948313,0.1270795253527671,11730.81503829548,2.0,5.8e-07,1.02e-06,0.028788533205979946,0.01755183201327504,0.0075023231347878016,0.012503160421672101,0.0002464657029810649,0.0001046602405430594,0.0034890196199999918
201,0,0.00017785159443470039,0.2023575403873751,17697.7479105988,1.0,5.8e-07,1.02e-06,0.02233703374793199,0.006868408151179172,0.009239064297146831,0.004348042725441477,0.00032709510841534567,3.306794814380672e-05,0.0022877952994444367
201,1,3.96118656408613e-05,0.0721042028476141,9747.470287077698,3.0,5.8e-07,1.02e-06,0.021347024740523374,0.008206095259834307,0.007652795187653209,0.0005022367781146483,0.0002211242783753316,2.3616189708639547e-05,0.007078101486666655
201,2,2.739457497717236e-05,0.24142031146608142,22990.006027354033,1.0,5.8e-07,1.02e-06,0.021662335778246705,0.006383516418816469,0.00980621466134893,0.0005040375699367164,0.00018467983606222727,3.2420138962230704e-05,0.0023154476705555677
201,3,1.1493121738245547e-05,0.07280760055332926,22574.83019375667,3.0,5.8e-07,1.02e-06,0.021318986359153216,0.005766121322727382,0.009562848656836697,0.0005156731634157952,0.00028085171003099313,3.0679304836893665e-05,0.004429449047222214
201,4,3.81524722939685e-05,0.045827578340057684,13187.197547313395,3.0,5.8e-07,1.02e-06,0.030947854867785576,0.009078357769015513,0.006929959294887493,0.0004792665721397151,0.0004463887712296299,2.4359665234357392e-05,0.0049296451283333265
202,0,4.006337574509675e-05,0.20581384225452834,10685.086191813125,3.0,5.8e-07,1.02e-06,0.021328404493518194,0.005624129531138787,0.009575172294306133,0.000501562457353527,0.0001785313056909826,2.97526474118369e-05,0.005644584722222221
202,1,0.00022175242888084062,0.006932260292290014,15646.920335424693,1.0,5.8e-07,1.02e-06,0.04185538104975764,0.022705064474123553,0.007164872263584158,0.004390400043218795,0.00040291358992396766,3.1108680957900156e-05,0.0018587414672222302
202,2,0.00014667982613683503,0.15747484610234827,10966.836388634063,2.0,5.8e-07,1.02e-06,0.020535968676326576,0.009890621202359104,0.008764417798777574,0.008280604334957215,0.00017721611150941821,6.582741867334128e-05,0.0040227915555555716
202,3,0.0010222775948879163,0.19056717100959866,16507.37378118553,3.0,5.8e-07,1.02e-06,0.03786115203975481,0.02687247920325918,0.007355995512020559,0.015024742568321125,0.0002643573036972215,0.00012334997316362548,0.004560200481111096
202,4,6.462489393057888e-05,0.19776013541021228,2462.9398127944346,1.0,5.8e-07,1.02e-06,0.025219322538191858,0.005857552268691613,0.006853085013035699,0.0015294961269184868,0.00039872957804791147,3.422504824428297e-05,0.006222988844444416
203,0,9.966516135148262e-05,0.023145323942928075,11331.771762361659,1.0,5.8e-07,1.02e-06,0.02289069559564234,0.012020390072555232,0.00875896305024334,0.005187453709175545,0.0002576002162829353,3.898671683797222e-05,0.003550192719999984
203,1,0.00032013661146985023,0.002072545879841025,9802.529642613885,2.0,5.8e-07,1.02e-06,0.1320186705177652,0.1311737270222473,0.010385780858798089,0.007080117643665739,0.00016024452389734424,0.00022916072490426903,0.008303434936111118
203,2,0.0001418891450680595,0.22030774895270921,11280.990669175811,1.0,5.8e-07,1.02e-06,0.020254416565758642,0.007397192137983667,0.009154535191664126,0.00512360747680042,0.00017896098422980167,4.180479875980651e-05,0.002511284442777789
203,3,0.00029115858574590167,0.09923277389943462,24140.781563683217,2.0,5.8e-07,1.02e-06,0.021935541438677906,0.008107366756684822,0.008441801662744088,0.005259886888600414,0.00027243863940198645,3.350398672853853e-05,0.0032724682416666734
203,4,1.2296180821979915e-05,0.17123526750114645,22617.611274775543,1.0,5.8e-07,1.02e-06,0.028729520038943957,0.00627626953473717,0.010338532732284031,0.00050907444001375,0.00013567098392191202,3.2367540886073876e-05,0.0019085728955555298
204,0,0.0001319965360336352,0.20300037014942354,16902.364984100393,2.0,5.8e-07,1.02e-06,0.022610824083851035,0.006931032445144504,0.009723323839667054,0.00454233201717178,0.0003267307164506405,3.531740464765843e-05,0.0034802571505555546
204,1,7.30706498595819e-05,0.1601362914495672,19316.927367327797,1.0,5.8e-07,1.02e-06,0.02117039662644077,0.0059637720785270035,0.009464908709487357,0.0006062734021460587,0.00028751123195240054,3.209261068421039e-05,0.001816015096111137
204,2,0.00024708108160143575,0.2727499044435008,21209.39976763324,3.0,5.8e-07,1.02e-06,0.02380447118663437,0.00940793850199898,0.009176619141085857,0.007927447385106015,0.00028460730071500144,4.718552724424852e-05,0.005361630150555546
204,3,0.00011522706918900637,0.14697495371855906,5686.599927072897,2.0,5.8e-07,1.02e-06,0.02653448301598667,0.013822432622992648,0.007694922593616395,0.01209795363837741,0.0002497823698941732,0.000133052087207134,0.005118754010555532
204,4,0.00022212465214811335,0.03959944533223033,17176.28969811982,3.0,5.8e-07,1.02e-06,0.02420273764040821,0.017136154877543563,0.006906689483253385,0.010105987958397534,0.00017944866224400813,6.49115083011271e-05,0.004249860007222217
205,0,3.1633342706782915e-05,0.16392366636767686,2166.6577870946007,1.0,5.8e-07,1.02e-06,0.023358716245461156,0.006325114136384199,0.0058668230626028476,0.0004921909016146808,0.00034189526629234396,2.068395578623119e-05,0.008591285579999997
205,1,0.000826896188895581,0.2773015779985207,9333.808403695075,1.0,5.8e-07,1.02e-06,0.026072285309376043,0.018627927764215537,0.007307840778348319,0.013436313242338052,0.00019035745281530898,0.00011007420831605969,0.002711679863888858
205,2,4.091781056335788e-05,0.11142320025566463,16955.98262453914,3.0,5.8e-07,1.02e-06,0.021107357409131156,0.005637265646606176,0.010083205445602641,0.0004905963151904971,0.00018254989128153735,3.032045923510437e-05,0.004329238089999993
205,3,4.279867075363744e-05,0.006540391734510186,17352.11322354232,3.0,5.8e-07,1.02e-06,0.06251265367730584,0.045710111494828516,0.00512010099210919,0.0017372136100600028,0.00035511747092141244,3.0375965273044296e-05,0.003253506187777769
205,4,6.980313586589365e-06,0.24242462509065174,20468.19925493849,3.0,5.8e-07,1.02e-06,0.02777232556155568,0.006033128865052754,0.009443998095840692,0.000500830821261331,0.00013526363375135572,3.187581868162118e-05,0.0038775143011111207
206,0,2.0034373030928224e-05,0.26377630201241753,22058.53965042849,3.0,5.8e-07,1.02e-06,0.02108554171494878,0.006130025217065023,0.009859835499714704,0.0005044421150656391,0.00020135193946163411,3.201573387953819e-05,0.004241849235555567
206,1,8.561692153013653e-05,0.12577651274554225,5945.552429353553,3.0,5.8e-07,1.02e-06,0.023053615595054405,0.010187304303473201,0.006866853980138411,0.0048687859713834715,0.00028077784666463316,6.097596420141092e-05,0.011288358987777775
206,2,0.022545192205377717,0.09426273309703165,20607.824839388093,2.0,5.8e-07,1.02e-06,0.06277265889223181,0.04863329195680569,0.005421460375080188,0.01059699180424518,0.000331063099066474,0.0002337054033219332,0.0036303873383333185
206,3,1.538822258628162e-05,0.2700193240806275,17353.641286659004,2.0,5.8e-07,1.02e-06,0.02398472418880238,0.006189116552513145,0.010539668900087049,0.0005082558401723892,0.0004054705996061342,3.204064687786173e-05,0.0033891167927777854
206,4,0.00011445459139077355,0.21993525585103604,19847.070810366495,3.0,5.8e-07,1.02e-06,0.02244430753982166,0.0061103491961473355,0.00964721810205353,0.0032212137261677562,0.0001492352707806661,3.192294434613833e-05,0.0020189092522222285
207,0,3.874510399633271e-05,0.22046819143542418,23182.30141077922,2.0,5.8e-07,1.02e-06,0.021113371244652263,0.006160204322216706,0.009654355781104502,0.0004942289636077297,0.0001989726606990901,3.2172497429488885e-05,0.0027815404833333446
207,1,0.0012731780329579517,0.012348699935961958,2998.3466225803422,3.0,5.8e-07,1.02e-06,0.36606477174619495,0.2954413167839763,0.039606769481743236,0.08653335742988166,0.0003601079603647943,0.002613806559635445,0.015558493165555576
207,2,7.744489934847067e-06,0.08195198544986883,2570.419197996326,3.0,5.8e-07,1.02e-06,0.04604884246995796,0.023347736824726215,0.003677338266663331,0.0008802513447745819,0.00044912734122632726,5.3707520084298286e-05,0.019606041272777777
207,3,0.00013628702820370735,0.15345826288086845,2816.4667905352544,2.0,5.8e-07,1.02e-06,0.03808704193121783,0.0285384319155214,0.0042348054494408234,0.028150773661973796,0.00023662385791394425,0.00044191407765450767,0.009272770572777783
207,4,7.136003850735687e-05,0.10404226684345382,19354.387853208053,1.0,5.8e-07,1.02e-06,0.021293530293457947,0.005714330440077322,0.010759279205288621,0.0006561329364317665,0.0002947349579770579,3.189799545689648e-05,0.0018486657938889123
208,0,0.00010125085398136445,0.2736457549397068,21254.683835423868,1.0,5.8e-07,1.02e-06,0.02839034269057666,0.006020225328897878,0.010146049740742959,0.0007967156174698743,0.0001372564595650607,3.215637961825798e-05,0.0027247499138888936
208,1,0.0002579076742096176,0.12224279855825097,11476.605190266491,3.0,5.8e-07,1.02e-06,0.03142739258951308,0.016730160139048895,0.008190743119305661,0.015018222236597663,0.0002993417034485671,0.00011501456635517113,0.004855298163333341
208,2,2.0761335624572235e-05,0.04464142882239832,16848.444217190656,3.0,5.8e-07,1.02e-06,0.023877547296019597,0.007808672248453913,0.007536651964128641,0.0005733435581500478,0.00013387862195786141,2.6963793200911186e-05,0.004291589774444465
208,3,8.130980089334595e-05,0.03893304846417551,7256.774948458218,3.0,5.8e-07,1.02e-06,0.04047243414245539,0.023462339526554365,0.003549490295571344,0.008345257063822463,0.00037444036706681073,8.135952716214108e-05,0.01369640443555556
208,4,5.974689731332877e-05,0.13174734880274755,6123.347816483168,2.0,5.8e-07,1.02e-06,0.02073140264518491,0.0060823127763990625,0.007186788832289452,0.0011735072553502358,0.00024245164241181922,2.6674951351079656e-05,0.007472941207222236
209,0,9.129194310568024e-06,0.2941631505526502,7976.61672038862,3.0,5.8e-07,1.02e-06,0.02130456602115058,0.0057512045912132895,0.00900704650612825,0.0005147065895654405,0.0002844861206815707,2.9279907294032956e-05,0.005417396641666669
209,1,6.468681328696343e-05,0.17870825608167112,3982.949690364213,2.0,5.8e-07,1.02e-06,0.02309399925477018,0.006254705709193613,0.00817188808226474,0.0015851977896054502,0.00033080145962783225,3.039682277614315e-05,0.005271557736666668
209,2,0.0001714147371504518,0.10094326326115081,4807.231227645692,1.0,5.8e-07,1.02e-06,0.02759796280311085,0.01845645858385081,0.006570467344983541,0.01794771899569477,0.0002273706035896096,0.00019042862069176014,0.006524172293888894
209,3,1.3570445481464645e-05,0.1935215248897464,2167.228469298869,3.0,5.8e-07,1.02e-06,0.026828831651989644,0.00950467584148137,0.00488580832635506,0.0004849287904311153,0.00037500534439010815,2.461369271762847e-05,0.019822924518888882
209,4,2.4442747426963292e-05,0.008953879286872888,13285.634738812369,1.0,5.8e-07,1.02e-06,0.021636778385587807,0.016209573739110403,0.006894151741773466,0.0005398774772341675,0.00016104943976629407,2.238159705559878e-05,0.003123360049999996
210,0,5.076367301596083e-05,0.2801707555459662,8689.272026624216,3.0,5.8e-07,1.02e-06,0.02111844904853101,0.005678634994073904,0.00894595303600785,0.0005392158934160329,0.00019362708236171934,2.9447989267802124e-05,0.0047514357811111185
210,1,0.0007404360957616552,0.06987937853201028,24729.92443798992,1.0,5.8e-07,1.02e-06,0.024508401335025753,0.010117302535831435,0.00892105937794936,0.004775952343603046,0.00030734805222319103,3.0560017315103844e-05,0.0034867366900000057
210,2,3.130072866533432e-05,0.2295219297579636,16817.343001736343,3.0,5.8e-07,1.02e-06,0.026802247466173396,0.005898257357772965,0.009771309143255151,0.0005029873367105104,0.0001353931599344095,3.1462250898046274e-05,0.004383800742777777
210,3,0.0006842862983894087,0.013962175377140895,22435.165820738253,3.0,5.8e-07,1.02e-06,0.03187471786351427,0.03604361228709696,0.004808722012254564,0.00970423092431344,0.0001492883724043857,7.001370849116813e-05,0.003649428663333329
210,4,5.8169668102847796e-05,0.23775577248231855,6911.608229761812,2.0,5.8e-07,1.02e-06,0.022904638032423735,0.005524787431386653,0.00855520669754907,0.000650164465450925,0.0003605318487175249,2.889888116658855e-05,0.0050084751588889
211,0,0.00042686183067665794,0.22708712735512898,17217.535036948284,3.0,5.8e-07,1.02e-06,0.02399946951628404,0.01263389533175747,0.008873804873464447,0.010912306235512051,0.00014973352616752493,6.877295145401701e-05,0.003707994381666649
211,1,9.891533869474442e-05,0.21328061899138112,17631.70358960743,1.0,5.8e-07,1.02e-06,0.0220712113138348,0.005843746394178349,0.010498282490722564,0.0010648458322325912,0.0001706499601277789,3.1923421729379736e-05,0.002236648703333316
211,2,6.188985407402341e-05,0.09557709629420713,21341.74513010291,3.0,5.8e-07,1.02e-06,0.02144947258419264,0.005522650340397311,0.009688864499146094,0.0006292602085074406,0.00028522657670111495,3.07016416384333e-05,0.007159691381111125
211,3,7.062455148247533e-05,0.02367753935018616,16956.221849497822,1.0,5.8e-07,1.02e-06,0.020613814720047113,0.007113555077625085,0.009451465566343508,0.0018412606375597048,0.00016007804664148266,2.9479747143781465e-05,0.0033733350777777754
211,4,0.0010408902639366699,0.176485877951802,17175.16190723703,1.0,5.8e-07,1.02e-06,0.02234167631151086,0.014123401747678873,0.008683495465081062,0.007109375640758733,0.0001578227263273291,4.36252379272302e-05,0.0023674656705555547
212,0,0.00014058332947219752,0.0248814138499687,22604.142525181116,2.0,5.8e-07,1.02e-06,0.020093532694998334,0.011051156894291765,0.00757753703198014,0.004416415523676224,0.00015320630685605106,3.100551306173935e-05,0.004833103083888887
212,1,4.0520827939442135e-05,0.292877037155593,11451.145597211465,1.0,5.8e-07,1.02e-06,0.021039761811999225,0.006274354687221706,0.010023551342107542,0.0004949347145307405,0.0002151145709861146,3.203793542720909e-05,0.0031745516283333414
212,2,0.00013956112646307343,0.22714621434898868,23466.163900988624,1.0,5.8e-07,1.02e-06,0.022475499104217315,0.005962834190131581,0.010222097518925914,0.002318807723702287,0.00015637157821976082,3.184310881506058e-05,0.002675057930000002
212,3,0.0001198512772702567,0.10846236676246147,17150.027273548985,2.0,5.8e-07,1.02e-06,0.020252657402705296,0.006950155186198528,0.010329122354416161,0.004391157964060904,0.00023326619649150656,3.465896260421133e-05,0.003514097193333343
212,4,2.1740703196190806e-05,0.11480737691336795,6067.317083733315,1.0,5.8e-07,1.02e-06,0.02481776269893662,0.005646641553817402,0.008521416317893457,0.0005052051236657784,0.0004027746936077119,2.9085259373944614e-05,0.0030015526099999995
213,0,0.002114495099924611,0.0010236282735359473,5348.913377459514,3.0,5.8e-07,1.02e-06,0.48636554439800533,0.3862405605570089,0.0457051454213204,0.007311323543975161,0.0002109289643568676,0.0012306471798284918,0.011347717427222195
213,1,3.464858067675709e-05,0.09842526675722393,22848.20156272478,2.0,5.8e-07,1.02e-06,0.021971901328709572,0.005716643486977281,0.009678207060833896,0.00048770101266349324,0.0003389339837585018,3.169756676277724e-05,0.0058688086861111155
213,2,1.066991400553595e-05,0.03604138487808112,19939.929773542968,3.0,5.8e-07,1.02e-06,0.020565162122596136,0.008080002566220107,0.008047651747357236,0.0005254120316080477,0.00017740429020119886,2.760217993467049e-05,0.005960437800555551
213,3,6.849489641541148e-05,0.020110582063875327,4844.885148040101,1.0,5.8e-07,1.02e-06,0.039214420990864876,0.023907154918918188,0.004813162430646416,0.0063963289238781924,0.00035209270766622204,7.329777138286715e-05,0.005819309401666681
213,4,4.793784832115531e-05,0.020574417870969728,6471.831866679133,2.0,5.8e-07,1.02e-06,0.030907444789250765,0.02892114449206611,0.003272231802968368,0.0033964829922951104,0.0001986151858344366,4.607623137220632e-05,0.012039195127777777
214,0,7.097507697765143e-05,0.16581804732919858,6830.242768885139,1.0,5.8e-07,1.02e-06,0.020823175343747138,0.005499207789178316,0.009395001135734367,0.000986476875276915,0.00023158839948036406,3.0014176943692863e-05,0.005426796447222257
214,1,0.0009309867033188905,0.1596247308843751,12010.093023275847,1.0,5.8e-07,1.02e-06,0.034759483053241315,0.018204043372460083,0.008518996449513108,0.010401182715964206,0.00036357412553431534,7.337989656093249e-05,0.00284734134833331
214,2,0.00011534629006354197,0.01685069965253083,19705.857414850638,1.0,5.8e-07,1.02e-06,0.023897883785813714,0.009389093282360421,0.008777237846636218,0.0034201131550762117,0.0003169162585113317,2.95005099752765e-05,0.003031710862222217
214,3,0.0003548683557581862,0.18905057109839243,14705.608818775429,1.0,5.8e-07,1.02e-06,0.020111255072878902,0.009068934573855643,0.008474650037989584,0.007305676405073444,0.0002056335306793503,4.710021520345465e-05,0.0025956137944444235
214,4,2.2388380058926574e-05,0.07654662838767744,2706.135114942359,2.0,5.8e-07,1.02e-06,0.04497067474365846,0.01602324193429565,0.0033223611844003637,0.0005232485993324469,0.000532479971221345,2.930854908874899e-05,0.0130403029388889
215,0,0.00027879243397093583,0.15940446366818026,8980.382614493801,2.0,5.8e-07,1.02e-06,0.027550366106053797,0.015188662419326468,0.006886044963167752,0.013314887053156728,0.0002605071819012431,0.00011292074471532041,0.006921633309999994
215,1,0.0004439955735703574,0.2818871879822238,2963.668065320818,3.0,5.8e-07,1.02e-06,0.09411587715705562,0.0646014236789721,0.004394816311819699,0.07463838372131909,0.00039183938156214966,0.0011582478631068842,0.006344721578333309
215,2,0.00013113719931297262,0.2857731868685571,16410.074230451566,1.0,5.8e-07,1.02e-06,0.02276858288582516,0.006000511234675828,0.01039399624618128,0.0025000773953589373,0.0001526947512924213,3.1739272572959756e-05,0.0025479050316666724
215,3,0.0002577844969095457,0.20958603608094653,13618.884105657316,1.0,5.8e-07,1.02e-06,0.021644743108221485,0.008640639326739842,0.00876777654046706,0.006857764515406213,0.0002682438779669846,4.6608606993583385e-05,0.0032605056033333385
215,4,6.616316743893454e-05,0.2806845870433873,17067.73344736347,2.0,5.8e-07,1.02e-06,0.027384470838559858,0.006023237269310034,0.011217243047386286,0.0005728452064613123,0.00048247797925482207,3.186862493991763e-05,0.003057295211666672
216,0,8.332261089642967e-05,0.2864922755779455,11106.096469586166,1.0,5.8e-07,1.02e-06,0.02099228873451134,0.005944521406739043,0.01028188598658218,0.0006964934281104263,0.00019717100373282105,3.170297781136179e-05,0.004067946332222211
216,1,8.212652919360489e-05,0.271087482966546,15824.15826771185,2.0,5.8e-07,1.02e-06,0.02085615247193597,0.005747438986672344,0.009210309878623783,0.0008783314175251597,0.00022191978729204983,3.156855651555799e-05,0.0033047698355555682
216,2,0.0007858605816440295,0.15626310963972043,18892.877510730294,2.0,5.8e-07,1.02e-06,0.02223355102051368,0.014466640004475556,0.009016481256983592,0.009112221064833037,0.0001673228587910088,6.412758863843978e-05,0.0033491581133333476
216,3,3.988460017637281e-05,0.1053629606726292,5028.188601842974,2.0,5.8e-07,1.02e-06,0.024859896414524994,0.007257252413543178,0.006489964360641033,0.0005215573106869944,0.00036160332461756444,2.177506060786976e-05,0.00739278011722222
216,4,6.553191515848067e-05,0.29927826765706395,12284.027767812528,2.0,5.8e-07,1.02e-06,0.02486691119009395,0.005912023222826728,0.009170948263474305,0.0005889754474349583,0.0004266040474462031,3.141758563177973e-05,0.0026615077572222368
217,0,6.456306109875739e-05,0.11183275444304323,9250.587262546182,2.0,5.8e-07,1.02e-06,0.021074653438240953,0.005745055520175832,0.008966773114608927,0.0012263610614954268,0.0002543637316740172,2.8316090219853376e-05,0.007722793697222216
217,1,2.180938318093019e-05,0.21904905676537628,4071.8890218110178,3.0,5.8e-07,1.02e-06,0.025566448768804585,0.006307246753850297,0.00806387882612742,0.0005350978496227284,0.0003929151823833629,2.029703999815155e-05,0.009694171872777796
217,2,3.846277543775159e-05,0.04035076040701225,13532.259473424496,1.0,5.8e-07,1.02e-06,0.021380100516976874,0.005941847926218032,0.009762459349102257,0.000504509631433724,0.00024335929860675536,3.0168615297653584e-05,0.004428550855555574
217,3,1.8470339515482866e-06,0.10617823732158921,11489.622583137127,2.0,5.8e-07,1.02e-06,0.022213988725765077,0.0057049237827817,0.009208564513047442,0.0005047361682059084,0.0003268030955234494,2.9921056539434823e-05,0.004502891006111107
217,4,0.0004224180042385118,0.12826150468887162,5266.9034266159815,2.0,5.8e-07,1.02e-06,0.05561285962907218,0.03448472219182453,0.005022143669485834,0.02738635407642072,0.00040419425944802044,0.0003815889175208739,0.00752309948722224
218,0,3.174395646740149e-05,0.18069286050665426,24303.200058767194,1.0,5.8e-07,1.02e-06,0.021232468315293195,0.006303237047325629,0.010482556049444975,0.0005043734876341472,0.00029597632093732623,3.239099413570747e-05,0.00231941774833333
218,1,0.00018243631522646858,0.08455638767737723,16366.43200984776,1.0,5.8e-07,1.02e-06,0.021185724192946242,0.007374615600850271,0.009404418100095971,0.004988977919437113,0.0002718090281938156,3.474076694900982e-05,0.0032557032288888926
218,2,0.00010400318835923175,0.27146518748716325,21728.883731058217,3.0,5.8e-07,1.02e-06,0.021639648584206878,0.005651123032455521,0.00949731891844306,0.001691957634879485,0.00016919896001165043,3.1468391058175036e-05,0.0027207770549999982
218,3,3.776709699744589e-05,0.1708113796992152,2057.9036671738168,3.0,5.8e-07,1.02e-06,0.027443245744991237,0.012312419059950896,0.0023615426172064664,0.000604372479707152,0.0003360949249445881,4.035475133067514e-05,0.01742526815722223
218,4,7.628193473257792e-06,0.1568184834745744,19623.620583755222,1.0,5.8e-07,1.02e-06,0.0239630975192368,0.006195971843645555,0.010200579953870343,0.0005095020516467119,0.00015064615757278042,3.22785448114934e-05,0.0029534863611111184
219,0,1.8513144831749524e-06,0.14060706868552256,19650.183096475786,2.0,5.8e-07,1.02e-06,0.020982802322790133,0.005853415660989301,0.009461901226090383,0.0005093355880410301,0.00022672458727235768,3.180817016046089e-05,0.0037287153461111056
219,1,1.4352074001711674e-05,0.24130409643442305,9707.438540441333,3.0,5.8e-07,1.02e-06,0.0272370325187979,0.005708164469979133,0.008948773937711981,0.0004910017356760903,0.00046802372804043184,2.9900143292404616e-05,0.002898293848888886
219,2,7.200549613487019e-05,0.15444694821199367,14800.192698350416,1.0,5.8e-07,1.02e-06,0.025133448582338944,0.005811569231080136,0.009958457526657786,0.0006323174034665021,0.00013942243637108203,3.178807591436501e-05,0.004568543784444434
219,3,1.583619430287339e-05,0.09347212419870357,14831.897384604606,2.0,5.8e-07,1.02e-06,0.020880127165797038,0.005678265721015727,0.00988851080905067,0.0005217634388549021,0.00020710230360571915,3.0571642755060686e-05,0.0018153467355555286
219,4,5.257335772923454e-05,0.06455250024240385,23456.124660484864,3.0,5.8e-07,1.02e-06,0.021129742697300048,0.0058140693755991445,0.008634038452293444,0.0005538522257463597,0.00017320848867694692,3.0327119303297706e-05,0.004810109936666668
220,0,0.002996852771862171,0.20934420346861604,21522.522112848852,2.0,5.8e-07,1.02e-06,0.047162477165010715,0.03400277123424156,0.0068490427774331565,0.011960124277634121,0.00032849808739189476,0.0001368221946923937,0.001914263211111114
220,1,0.0001284127625253056,0.0556741508524917,21116.526096447113,3.0,5.8e-07,1.02e-06,0.022975800205551858,0.009656535994493155,0.008790906834996297,0.005823966060215262,0.0002766670085410001,3.93079091678989e-05,0.0028543153849999864
220,2,0.00012470613067990747,0.06417535990853537,21227.504935619287,3.0,5.8e-07,1.02e-06,0.021101974767359172,0.009088771281905642,0.008213290997438548,0.005651841429195513,0.0002042453409538575,3.855647679847259e-05,0.004509383021111105
220,3,3.9146533713904066e-05,0.26553754083630804,2244.58439045635,2.0,5.8e-07,1.02e-06,0.03281595971381753,0.006143912775122859,0.006795089293337545,0.0006043515234344094,0.0005249232570452327,2.0277455705790593e-05,0.0053242986638888795
220,4,2.232682601033876e-05,0.1725481829500987,2957.261320138983,1.0,5.8e-07,1.02e-06,0.02094615953165668,0.005761281613944778,0.008290002315954802,0.00048606008618271024,0.00020360996614484752,2.454158359374696e-05,0.0055440093672222135
221,0,0.00027298537171587065,0.18142984522244834,8919.216638194863,1.0,5.8e-07,1.02e-06,0.03633188669511125,0.011643732460008072,0.009032642524582994,0.010647960037966137,0.0004890650617983177,8.17986290130593e-05,0.0018878190461111138
221,1,1.0300973164907843e-05,0.07403041734757432,9576.59395049276,2.0,5.8e-07,1.02e-06,0.024468755562537397,0.006503604565498173,0.00844118398213837,0.0005097488545570257,0.0003797297622804567,2.7209578199870147e-05,0.006460604090555544
221,2,0.000369698816414828,0.14387071351948236,15065.039695878897,1.0,5.8e-07,1.02e-06,0.024456447419589248,0.009273716469458205,0.009201839238480593,0.0072213101837574345,0.0003254636126023156,4.508706303464646e-05,0.0025883665683333473
221,3,6.845993889214875e-05,0.12685831104052422,12917.540602816061,1.0,5.8e-07,1.02e-06,0.021110394171904138,0.005662816416634102,0.009178782000576346,0.0006506979271025459,0.00027641432332186646,3.1489610769577705e-05,0.002979972726666655
221,4,1.9170514394341376e-05,0.19950399381231199,14418.803280838974,3.0,5.8e-07,1.02e-06,0.02146099859093935,0.005759229051750413,0.00885654172887567,0.0004993764574449648,0.0003032083357065168,3.0989968795894464e-05,0.004981540940000001
222,0,5.145041246543759e-05,0.17341654977328536,24880.5055161555,3.0,5.8e-07,1.02e-06,0.021042018760348474,0.005852058695802696,0.01066008995679414,0.0005014032957038778,0.0002522046200777661,3.1833003102275745e-05,0.002702941702777753
222,1,1.2358901857391697e-05,0.07661964165796172,10750.999613367505,1.0,5.8e-07,1.02e-06,0.021889386453843206,0.005659825436881525,0.009407310830847117,0.0005145710455051511,0.00016811174863519388,3.077859776693919e-05,0.004278482566666672
222,2,2.1317742305509794e-05,0.18526011280438356,7149.846638418822,3.0,5.8e-07,1.02e-06,0.022088522801172305,0.005815697217894491,0.008488920285697718,0.0005007096943684499,0.0003094398289670891,2.6573695472029258e-05,0.006056636601111123
222,3,0.0006208933025666622,0.13269554777609363,3982.5751516885825,3.0,5.8e-07,1.02e-06,0.10126538034996092,0.06920679426098086,0.004837367606109548,0.050964476911475425,0.0004832778617725396,0.0008511266138980458,0.007837051089444436
222,4,0.00012304747146925512,0.2592096587134083,23142.595085198052,3.0,5.8e-07,1.02e-06,0.025982098573371,0.006144799672058829,0.009275326278662078,0.0032091695782384064,0.00013528964543342873,3.1752267106510186e-05,0.0025340043238888943
223,0,6.143461634174587e-06,0.15097828315729667,21408.380522215866,3.0,5.8e-07,1.02e-06,0.02959623366195721,0.0057646006795518505,0.009760090796176608,0.00051604157188405,0.000511303152812411,3.1597081792012436e-05,0.003312467991666679
223,1,0.00021829342982141765,0.14499747939174143,9603.49527551039,3.0,5.8e-07,1.02e-06,0.030160174845998356,0.017297484315624004,0.006328624610407566,0.016652854944689825,0.0002468086201667107,0.0001408471221268567,0.007618605953888899
223,2,0.0024281929203980464,0.09433501099471604,11529.088235103216,3.0,5.8e-07,1.02e-06,0.0826630396755412,0.0813511425412926,0.006496908374288492,0.030792351622430558,0.00022279374056877478,0.00044391540377297086,0.004571855076666659
223,3,0.00015221530843121672,0.22434479132429933,10046.375155210899,1.0,5.8e-07,1.02e-06,0.021552669845112806,0.008102259290511588,0.009645832814467396,0.0060944162694445,0.00015392527673477657,4.980933993239796e-05,0.00240519626833334
223,4,0.00010182272560278238,0.01780185928660839,6934.531966364276,3.0,5.8e-07,1.02e-06,0.042912642601820566,0.0514761200308495,0.005448145790955897,0.01613769989824203,0.0001617759724447281,0.00018505159096029672,0.009792316335555579
224,0,1.957211709300765e-05,0.12179435363132676,18584.205153802533,2.0,5.8e-07,1.02e-06,0.022038372832437713,0.005750570998333946,0.008834389122744528,0.0005020241217132724,0.00016767706420916292,3.1560737478796126e-05,0.0026552488494444304
224,1,8.979975482912231e-05,0.023126716623422205,3297.766606826164,1.0,5.8e-07,1.02e-06,0.05028386616447849,0.03673476602968112,0.003952066806698515,0.01569898919975846,0.00032255285632595544,0.00021178264969103536,0.009484630275555572
224,2,0.0001290120657194187,0.22454839360599757,22043.402396789123,2.0,5.8e-07,1.02e-06,0.022948288009094837,0.006168537973903492,0.010200587969437248,0.003233858497148375,0.00014660497894724604,3.1790720757564396e-05,0.0023067655188888925
224,3,1.009364012128044e-05,0.14843611800012035,17201.570639763042,1.0,5.8e-07,1.02e-06,0.023322073438646007,0.006127900926536707,0.009780249233696693,0.0005119969281464624,0.00015629521877147848,3.217755430394363e-05,0.0028717429922222176
224,4,0.00010554819847380956,0.2908678719475605,22513.320938503304,3.0,5.8e-07,1.02e-06,0.0233860211877738,0.005683016147567654,0.010305337260718292,0.0017480426128633376,0.0001488773593187046,3.152204360307552e-05,0.003251901161111112
225,0,0.0005510985636788126,0.14363665522951163,9440.092593448542,1.0,5.8e-07,1.02e-06,0.04155321888072061,0.015542526840655506,0.008533040865008426,0.011866929622452572,0.0005004685053028777,8.630334077782091e-05,0.001635663612222199
225,1,0.0002497509102752656,0.12610600158577354,20299.220342007433,2.0,5.8e-07,1.02e-06,0.020996116004140083,0.008243928578661365,0.009588319540480622,0.005894446891553034,0.00023618454980285,3.791149045472673e-05,0.004256025516111123
225,2,2.7688633527685105e-05,0.25617852041219896,21341.784317910253,3.0,5.8e-07,1.02e-06,0.020882769335403922,0.006078541696860041,0.009925162999467494,0.0005036381654942854,0.00021031660206493122,3.194728042890227e-05,0.0015692092105555472
225,3,0.00011610756878258239,0.0034569292898335205,11209.026271459177,3.0,5.8e-07,1.02e-06,0.11345836265792693,0.1202922788578314,0.010947904717256901,0.0068275887742984135,0.00014874040553109196,0.0001832432981679864,0.008122214439444442
225,4,5.918477701415363e-05,0.058663493851906834,15777.803519342531,2.0,5.8e-07,1.02e-06,0.022939941335451085,0.00601955728548526,0.0086748684928196,0.0009416885149785406,0.00033523355392524676,2.938403727328209e-05,0.0027287084438888526
226,0,9.871314819038054e-05,0.031045978091148594,18197.337183262258,3.0,5.8e-07,1.02e-06,0.02088489697755137,0.013776771131266274,0.007650305592575739,0.005598972272373822,0.00017167244180552247,4.077475891090278e-05,0.004917783958333352
226,1,0.0016768240765317156,0.27287202774035313,22921.77054057539,1.0,5.8e-07,1.02e-06,0.02886735516052569,0.014295590391409367,0.008579685729146741,0.0053284738941709485,0.00032745123317860997,3.555875886348498e-05,0.003384859593333331
226,2,7.025023319228956e-05,0.08297406110974233,20419.015797255583,1.0,5.8e-07,1.02e-06,0.030508758100199016,0.005628917177147197,0.009556988778353473,0.0006613679032252913,0.00014435835087072996,3.181719093160285e-05,0.003121345314444454
226,3,0.0019842665960434305,0.044352115008977074,13256.513327759965,3.0,5.8e-07,1.02e-06,0.07990483635859513,0.06958601093766538,0.0052769221882937485,0.02383785483719937,0.000270880953543842,0.0003136421954923714,0.003185364231666654
226,4,0.00011466779584604308,0.16631468181008183,23128.682716859792,2.0,5.8e-07,1.02e-06,0.020561961021739756,0.005803001496657373,0.009349338288379817,0.002602917617312135,0.00018684281926679503,3.148356182503432e-05,0.002678330457777753
227,0,0.00010174000459289963,0.05510049339725805,10438.934092031166,2.0,5.8e-07,1.02e-06,0.021004290182718224,0.011763258406189636,0.007873226948343885,0.006868031658142172,0.00014558589360272022,5.7527403880163315e-05,0.0045577477322222
227,1,1.887127371752022e-05,0.0731609456210117,12208.994375817842,2.0,5.8e-07,1.02e-06,0.021370631935599894,0.006082961912025509,0.009118817739103051,0.0005229455353235557,0.00016170812937226682,2.8959739695535687e-05,0.005483587387777794
227,2,0.00044019218447663926,0.0015389404129986341,14013.807949310094,1.0,5.8e-07,1.02e-06,0.055813213233423566,0.05600882465681859,0.004248880322550987,0.000612661690059807,0.00017221438570170526,3.5959721501288855e-05,0.002542166898333309
227,3,3.066240686250198e-05,0.29160223841560867,16556.957776449635,3.0,5.8e-07,1.02e-06,0.022700968351041444,0.006066997206961783,0.009595209711868209,0.0005008195527005092,0.00016408169599046267,3.166314912316198e-05,0.0032631103577777792
227,4,1.0184116049773997e-05,0.08661116775758003,20607.10803575437,3.0,5.8e-07,1.02e-06,0.020959839295163124,0.005708012761685252,0.008513132209530419,0.0005428661583056176,0.0001957550574755901,3.068775380857279e-05,0.0013842067500000055
228,0,0.00013063128868560637,0.27872695920674717,16639.513230744975,3.0,5.8e-07,1.02e-06,0.02276843455473602,0.007372548912275495,0.009839136296080691,0.005106336691968339,0.0003169284495734981,3.924750520802305e-05,0.0033049176777777828
228,1,0.001537828031562586,0.043894170366605055,16111.992553924767,3.0,5.8e-07,1.02e-06,0.05567599649976809,0.050915228072174024,0.0037024263866866167,0.01974392279210924,0.00021185619928625155,0.00019268425248965788,0.0027325987188888956
228,2,0.00015520802957255143,0.23267077560726176,9612.437448866134,2.0,5.8e-07,1.02e-06,0.022674298815820813,0.01076551853204497,0.009108995171932234,0.009683358999486318,0.00021399818556983152,8.026117009333209e-05,0.0035133934861111132
228,3,3.0890771232500955e-05,0.07803871787928918,10114.320394260467,2.0,5.8e-07,1.02e-06,0.021813542522788224,0.006187780679417893,0.009083037228477699,0.0004726098230544886,0.00028724084924177306,2.7910199772137247e-05,0.00461577035333334
228,4,0.0005652989235498125,0.2082078659741414,19959.534664302235,3.0,5.8e-07,1.02e-06,0.024784369204443078,0.013507539307766048,0.009106581906577649,0.01076817121151691,0.0001875123728588991,6.169263656382417e-05,0.0035984580905555758
229,0,0.0017968489632373343,0.0796281910341577,10328.005534801188,1.0,5.8e-07,1.02e-06,0.034362847431722736,0.03374435425621184,0.007212927701789086,0.009839321415078116,0.00017665887106260727,0.00011914642085109952,0.004701584952222226
229,1,0.000363793628694886,0.2035047853798768,20585.06852010015,2.0,5.8e-07,1.02e-06,0.022141179174721273,0.008660286063233923,0.009107802253758594,0.006210088528704309,0.0002716655041956701,3.903248013134608e-05,0.0023028598472222134
229,2,5.5859866690000265e-06,0.09082583382028549,7242.826536761884,3.0,5.8e-07,1.02e-06,0.020668102198990762,0.008077736517707707,0.006352591042197393,0.0005757263962866309,0.0001798603709085724,2.152825839680162e-05,0.009850163726111125
229,3,6.263762332545067e-05,0.0972503047796547,10823.184293286837,1.0,5.8e-07,1.02e-06,0.021056394323345305,0.005512320540227874,0.00951914583136884,0.000735015418983041,0.000246083534418251,3.077207712009613e-05,0.0031640651422222416
229,4,0.00022024076324903428,0.2940476527008182,10393.502248347884,3.0,5.8e-07,1.02e-06,0.03204786772159541,0.015086897126448886,0.008709139968304651,0.015621325723978183,0.0003340392037196786,0.00012474449974582378,0.00399071218944444
230,0,0.0033588221191247387,0.09613091586595998,7642.904756548155,2.0,5.8e-07,1.02e-06,0.1239038745126866,0.10357680753165861,0.008110059634439915,0.034002343923639974,0.0003768303147105171,0.0009637364497942443,0.006109345472777791
230,1,4.1986772567473185e-05,0.013753840552666652,6232.129127303528,1.0,5.8e-07,1.02e-06,0.02788318713912033,0.02345451556931621,0.005278363895884154,0.0016190205232390334,0.0002199875252068308,2.933628851606277e-05,0.006874110207777784
230,2,9.623519539850567e-07,0.10027845928689462,9272.967127920798,3.0,5.8e-07,1.02e-06,0.02353362827684105,0.0066194845866481946,0.007888349610534043,0.0005337378037001483,0.0003497832925053344,2.6048462714637146e-05,0.009860170056666687
230,3,3.251568390648319e-05,0.08678650385394927,6717.255565419872,2.0,5.8e-07,1.02e-06,0.02212695018670044,0.006954966590316293,0.007034532024342301,0.0005216841767505955,0.00028398885804305565,2.402282274641144e-05,0.00630940824111112
230,4,2.6362160075877944e-05,0.209935676964547,7943.846215059165,1.0,5.8e-07,1.02e-06,0.02099392614610568,0.0059700155523410925,0.009462205545933694,0.0005002312434426701,0.0002633220326287952,3.128538008826666e-05,0.0023898485911110906
231,0,5.3915490800312516e-05,0.10575696511524528,24644.065792082074,2.0,5.8e-07,1.02e-06,0.0223323502636969,0.0056852351950696265,0.00956952314312922,0.0005370569084623041,0.0003440618163195566,3.177930462809368e-05,0.003790960964444451
231,1,5.476407660922352e-05,0.1536057370410853,22718.064730701575,2.0,5.8e-07,1.02e-06,0.020994097576633883,0.0058683060085079055,0.010329763921430988,0.0005324713871850599,0.0002808428403020716,3.192101495774838e-05,0.0017090803305555707
231,2,3.389256480317198e-05,0.2907510069411831,22756.807296650604,3.0,5.8e-07,1.02e-06,0.024569140725584953,0.006181132232033054,0.01007705526622729,0.0005056080276723656,0.00014520433339067676,3.2066942726725955e-05,0.003936331911666674
231,3,0.00013632373921282573,0.15691250115265362,5586.261956284579,1.0,5.8e-07,1.02e-06,0.02671169486455306,0.01142995775664449,0.007820115295684655,0.01023964373163512,0.00032489604706919514,0.00010389703810901116,0.0034767101738888972
231,4,8.181834106960842e-05,0.08758150793599992,9468.380854632549,2.0,5.8e-07,1.02e-06,0.02036814985596522,0.007531801974225208,0.008812244400373497,0.00338846758179611,0.0001641619474881559,3.722646678480106e-05,0.004120281054444466
232,0,0.00012003603489532997,0.10978390002191549,17646.02424384352,2.0,5.8e-07,1.02e-06,0.024527430263713883,0.006967170338077741,0.0099529863286847,0.004387341090385407,0.00036601998676171594,3.425736881649858e-05,0.002606538493333324
232,1,1.1484014443487927e-05,0.23170236951091244,24653.297683714725,1.0,5.8e-07,1.02e-06,0.021951035740345334,0.006392132483107678,0.009642107434230324,0.0005070874606509687,0.0003432323933318349,3.244512671141212e-05,0.0027503737605555634
232,2,0.0004799485224388703,0.011915326311593609,17837.74852543606,3.0,5.8e-07,1.02e-06,0.03225879086891149,0.04306032428953844,0.004582022083147018,0.011542486669524956,0.00015862781943159823,9.92151447235324e-05,0.005642772144444461
232,3,0.002526957109446277,0.039397201081001795,7464.256388165724,2.0,5.8e-07,1.02e-06,0.12541511368512934,0.10114913376429319,0.007272513052251031,0.031045748602520528,0.00041529452440512157,0.0008372280165664777,0.008865559671666662
232,4,8.672687329103937e-05,0.2616939938101041,23506.062257672478,1.0,5.8e-07,1.02e-06,0.02736867869664904,0.0061843523379128676,0.009719207989084995,0.0005915619796812971,0.00013571516155402418,3.228559714724614e-05,0.0029263114694444564
233,0,7.66125330595201e-05,0.23593320182168837,8371.8343286822,3.0,5.8e-07,1.02e-06,0.020709957707106836,0.005372428003469861,0.008331565197488044,0.0011948924108056158,0.00022161952867614043,2.8744252137170122e-05,0.004056691792777761
233,1,0.0004073633828995249,0.130261216158058,10116.301549298563,3.0,5.8e-07,1.02e-06,0.03540858807569907,0.022810875459560048,0.006998486071843561,0.019540271120421605,0.000268725535287437,0.00016045610142853206,0.0059171107183333405
233,2,5.756672513974537e-05,0.27940352743776353,8403.891688914391,1.0,5.8e-07,1.02e-06,0.02597530989428125,0.006055766253667223,0.009379658277014905,0.000545447678449444,0.0001390205815024693,3.148163104379521e-05,0.004030540448333342
233,3,0.00012426004087881707,0.061661057746711496,19998.610672942297,2.0,5.8e-07,1.02e-06,0.026112586183095005,0.007429843529665213,0.009285273820906978,0.004286673890567766,0.0001389294833829074,3.289429666837176e-05,0.002775179758333357
233,4,3.230874782029727e-05,0.05038150197303733,11915.280218353371,2.0,5.8e-07,1.02e-06,0.021126235305544912,0.007228605729947306,0.008617906598819404,0.0004900941323140064,0.00023680951361320233,2.6920880678882674e-05,0.006204919612222234
234,0,0.00014610257464322567,0.2944354691180442,21111.787036852962,1.0,5.8e-07,1.02e-06,0.020725363015407977,0.006072832386682501,0.010579392147980468,0.0026318320310605714,0.00028175415642480535,3.1803459582727594e-05,0.0025410409683333385
234,1,0.004854936082922974,0.25049645074238863,9179.686251609935,1.0,5.8e-07,1.02e-06,0.04215840603358902,0.04488989157133863,0.005901429066640422,0.009557652583512757,0.000179450106761691,0.00018185196993871446,0.0026273617666666416
234,2,5.869021091637115e-05,0.058375523280892225,6508.230789990336,2.0,5.8e-07,1.02e-06,0.025436495588211067,0.011128591660076436,0.0065573700689975966,0.0022032566881257016,0.0003204587176509578,3.0438947025324607e-05,0.007325246338333341
234,3,9.964191568398016e-05,0.2570220481679406,20613.93240991723,1.0,5.8e-07,1.02e-06,0.022630041948087876,0.005979389428313805,0.009403399019992452,0.0008594466541491625,0.00016331916905256534,3.211754457391061e-05,0.0020300198699999827
234,4,0.0001983726929454129,0.1556453230634898,8448.538885970338,2.0,5.8e-07,1.02e-06,0.02596725494421727,0.014108524015348128,0.007884172878364888,0.013127805268378118,0.00018211846442834666,0.00011453604295366149,0.004841055736111113
235,0,3.918140070189389e-05,0.05119867841848491,9669.233657595963,3.0,5.8e-07,1.02e-06,0.020945358614675034,0.010753295914736477,0.006373964604256581,0.000334446219373966,0.00013381969581555556,2.0371053773067117e-05,0.010354104173888906
235,1,3.549757277812646e-05,0.15040387626408766,10803.05791360534,1.0,5.8e-07,1.02e-06,0.02625653437940738,0.005884292663179868,0.008829414877901324,0.0004882944343010956,0.0001370396149095372,3.152410049749791e-05,0.006150074820555559
235,2,6.542450058391484e-05,0.0804108229609143,4246.413529009376,3.0,5.8e-07,1.02e-06,0.0256006508505976,0.017031265610961025,0.004305269161554552,0.004229204653883783,0.0002449933126290283,6.218171181754285e-05,0.021744001941666646
235,3,0.0006645282704706922,0.21126000656217925,17775.402525734993,1.0,5.8e-07,1.02e-06,0.03885246533706047,0.009905148935662572,0.009509564573286573,0.006773062393687856,0.0005529368179773513,3.9759117575136045e-05,0.002681803978888883
235,4,0.00030814198361081633,0.07263145481836432,14027.666136580146,2.0,5.8e-07,1.02e-06,0.023164372937960195,0.01405879272722481,0.007648255515658353,0.009301417793565152,0.0001910031022777746,6.568697169354101e-05,0.005026957803333343
236,0,6.231885990907641e-05,0.14720365955884565,14752.852468935327,2.0,5.8e-07,1.02e-06,0.021042300612431498,0.0055399443198456055,0.008913202402794031,0.000638815917331014,0.0002777098526200077,3.100615130486218e-05,0.0035705394438888816
236,1,7.080579872211516e-05,0.10618687640969969,3661.6387650154866,2.0,5.8e-07,1.02e-06,0.025691205468058708,0.011959079533622777,0.006574754624431985,0.004608497356442056,0.00031536193561660015,6.76827382542134e-05,0.007721340398888915
236,2,3.6045628569650287e-05,0.02933875115135215,23543.576527316247,2.0,5.8e-07,1.02e-06,0.022293935214683442,0.0068076712770347575,0.00948413375442129,0.0005157088470028605,0.0003011739628403308,2.9680154819110833e-05,0.0033622494766666483
236,3,0.00011005258839546901,0.11128752488104798,3492.0347104877474,1.0,5.8e-07,1.02e-06,0.02994165343649274,0.014420211804682032,0.006328262586921221,0.01221541114762271,0.0003386790752166864,0.00015950796096836652,0.0038759219227777753
236,4,0.0003529548907421017,0.06983019191399631,23267.647964095955,1.0,5.8e-07,1.02e-06,0.020378200532205983,0.007366156228455265,0.00951535325846412,0.00431462036081797,0.00020527694148640037,3.127244330279207e-05,0.0031189816644444507
237,0,0.0004800562982342478,0.0076866772916456706,21432.533578139817,3.0,5.8e-07,1.02e-06,0.06149816410083984,0.045283659940226574,0.003185533876695574,0.008338110653077007,0.0003428015241534079,7.209320689969095e-05,0.004986277566666669
237,1,1.6489436578835042e-05,0.1259113990638641,20022.20420260791,1.0,5.8e-07,1.02e-06,0.02146263980077708,0.006094564786692343,0.010260749054513948,0.0005109489161597753,0.0003101293429046465,3.2223724426521916e-05,0.0030959454538889014
237,2,5.8489404854689705e-05,0.27100476752243835,14200.629738839696,3.0,5.8e-07,1.02e-06,0.021497769217302797,0.005824668423414646,0.010125722743077005,0.0005479608919577514,0.0003047055816296179,3.11650653069778e-05,0.003303008766666657
237,3,0.00040003727118238813,0.21414394980264156,11576.973750566367,3.0,5.8e-07,1.02e-06,0.040715985825356384,0.017066474122606094,0.008877144739006434,0.01594669474470813,0.0004552171874824,0.00011871269041485522,0.004040680253888887
237,4,3.323506696965926e-05,0.0351670649727849,4490.370530665354,3.0,5.8e-07,1.02e-06,0.033044389924277676,0.030790559111347832,0.004115720623832329,0.0004246994246702238,0.00019867517309936583,5.220040175252399e-05,0.01400732306722223
238,0,2.6745699595814787e-05,0.04395331353404645,13405.656327925128,2.0,5.8e-07,1.02e-06,0.027031466414468505,0.007280874895384186,0.008457840757923505,0.0005171930363329925,0.0004099817089885896,2.7447905479393827e-05,0.005734968715000011
238,1,3.2214089699663896e-05,0.22434408139559944,11673.007903504515,3.0,5.8e-07,1.02e-06,0.020845813930913365,0.00572738923189265,0.009531692397310393,0.0005026517777865519,0.000225962021108107,3.036297105313596e-05,0.005999043021666678
238,2,0.002504320066726037,0.005584936309948495,17175.305872798283,1.0,5.8e-07,1.02e-06,0.043679668775412926,0.03461639199124828,0.005566535359769944,0.002091809428958455,0.00026477926792670944,3.217897429032143e-05,0.0026558394383333073
238,3,0.00023368708116155255,0.25787362794522506,4432.637573700652,3.0,5.8e-07,1.02e-06,0.05334052718144091,0.03118639048259743,0.00687580427787188,0.03573620655421352,0.00038817025735148747,0.00045850682079326264,0.005282437000000001
238,4,4.084836018993826e-05,0.06369167068765717,14514.54461579412,2.0,5.8e-07,1.02e-06,0.027128841957089696,0.005983291602937285,0.009453140752536558,0.0005130216201696816,0.0004380894570036567,2.9476785323076382e-05,0.0058182088383333525
239,0,0.0003199409602751553,0.2483824533350593,20403.870751745337,3.0,5.8e-07,1.02e-06,0.025369882788159756,0.010138306873970911,0.010211038276648677,0.008775329792975553,0.00014076470074073788,5.271090848019147e-05,0.003601254248333338
239,1,0.0002724707544343646,0.07489398003535068,18841.532141918444,1.0,5.8e-07,1.02e-06,0.021452912252497954,0.007727463719087763,0.00995910050727012,0.005104997034069955,0.00014883889725309454,3.372455382323555e-05,0.002356422034444444
239,2,0.00045417988178802696,0.26009340817295673,12345.852101892126,1.0,5.8e-07,1.02e-06,0.024072985028482752,0.010762739624729909,0.010036316120661594,0.009341864342174495,0.00028866484637520137,6.237741158762233e-05,0.004383962485555559
239,3,0.0006584042801190791,0.14262781292635507,12724.412715548426,2.0,5.8e-07,1.02e-06,0.025394845521473693,0.018998823643820082,0.008054817778725453,0.013141052519705832,0.00015666782268602833,0.00011490436515753103,0.0057015340972222245
239,4,0.00044751706734282373,0.0040721188815727605,3342.286851133944,2.0,5.8e-07,1.02e-06,0.2961954226405432,0.2505874365533936,0.03048488040893854,0.03067604035211684,0.00032024618961414003,0.001316289965580833,0.00885747973333334
240,0,0.0010354945001350838,0.17863732287915737,21056.91427022186,3.0,5.8e-07,1.02e-06,0.027041103403684996,0.021774276783517187,0.006890606758026027,0.012061090810161294,0.00017228459046738677,8.052738848806188e-05,0.0023658067516666437
240,1,0.00011167394932279946,0.24423147874560314,2849.801610348806,1.0,5.8e-07,1.02e-06,0.027748863143704765,0.010665405361083036,0.0070404171084388345,0.009225212059528724,0.0003629968861108554,0.00014258929114360265,0.004065485869999982
240,2,0.00016329755139757502,0.300668549169293,8696.702738294138,1.0,5.8e-07,1.02e-06,0.022831814867812484,0.009109882618213298,0.009167681143508091,0.007402201414345693,0.00029374878936166754,6.210061894001841e-05,0.0029781664566666394
240,3,0.0005180708681657578,0.2802447557851104,7084.686505596031,1.0,5.8e-07,1.02e-06,0.029331373512676232,0.017088302499815303,0.008639445751186992,0.016283482217162457,0.0002817000528318733,0.00014394210422719918,0.002455041548333328
240,4,4.406037284445986e-05,0.00910830277173151,13364.790277279182,2.0,5.8e-07,1.02e-06,0.0405569793758104,0.030386780779511475,0.004043892482511312,0.001566225715166637,0.0002897475920485942,2.232606530511978e-05,0.005175144710000024
241,0,6.581160822801339e-05,0.026297528545560243,11863.9736580276,1.0,5.8e-07,1.02e-06,0.021019119323195546,0.008321209283671365,0.00834533363098386,0.0020091396046851154,0.0002387689999041625,2.808323211065387e-05,0.0047693916688889
241,1,0.0008722033217825976,0.22259930488087365,9126.371272501818,2.0,5.8e-07,1.02e-06,0.03288812909052521,0.02815837001836642,0.00729581737386614,0.020281031737826083,0.0001896621994670237,0.00024319818602306658,0.0010472450283333379
241,2,3.227115359716985e-05,0.013160230703733275,10630.014600051998,1.0,5.8e-07,1.02e-06,0.02284275321080312,0.013881869066793631,0.007262202235071009,0.000529997113468189,0.0002180711131635688,2.267103141547572e-05,0.004618380555555551
241,3,9.71346685962056e-06,0.1888843395082577,20862.969476070815,2.0,5.8e-07,1.02e-06,0.02097424965071933,0.006062993480881652,0.010388024737140589,0.0005033111258140506,0.0002482649609249884,3.20543151629342e-05,0.002334387493333326
241,4,0.00016785201530346175,0.2222104212390052,4354.379202365763,2.0,5.8e-07,1.02e-06,0.049623070423049497,0.021144597362042435,0.007063410213745419,0.022641705283705876,0.0005177089085331587,0.00028144338222891246,0.004434686077222236
242,0,4.481651802988292e-05,0.019002397371910704,23477.896479657575,1.0,5.8e-07,1.02e-06,0.021053788741172558,0.006336731068754188,0.009958410159051705,0.0005764455407686482,0.00015971995291500047,3.0691114013065503e-05,0.0038839094044443995
242,1,7.77856264513233e-05,0.04224489511454027,8127.068724420127,2.0,5.8e-07,1.02e-06,0.02933928643997492,0.014457741478975583,0.006768463980562881,0.005245966989210076,0.0003378822705166519,5.190454017474054e-05,0.007408559044444429
242,2,0.0001047571900847744,0.13167306656116382,14909.543416641573,1.0,5.8e-07,1.02e-06,0.020574190089858523,0.005702141276671138,0.009543855911096763,0.002244585766626866,0.000245516467527851,3.1373078880139094e-05,0.004079174069444455
242,3,7.10579297159778e-05,0.16507434023902257,18028.751301689543,3.0,5.8e-07,1.02e-06,0.02093916260080883,0.005501583942145554,0.00956708042469394,0.0006871101106257285,0.0001896827358138373,3.0990355323485634e-05,0.004417566094444464
242,4,0.0010739846863297747,0.007606234616810991,17392.82258395377,2.0,5.8e-07,1.02e-06,0.04970073701943773,0.04791736385768334,0.0044527200426150325,0.009674085458535408,0.00019885199555468017,0.00010676656227399273,0.004958667031666669
243,0,1.499006596570867e-05,0.20495010834219116,4779.416590430221,1.0,5.8e-07,1.02e-06,0.020897471932766105,0.005760941132257516,0.00873699219816315,0.0005092417656698323,0.00024294720486077255,2.9522145417751482e-05,0.003744245258888876
243,1,8.472511906541305e-05,0.23861059892723854,19619.35590230204,3.0,5.8e-07,1.02e-06,0.020845211830306642,0.005638459391895671,0.010048585848673623,0.000908227318686711,0.00024495827736968596,3.146078440566452e-05,0.00218020450166663
243,2,0.000929525087703479,0.21154457376519473,16067.335988131714,3.0,5.8e-07,1.02e-06,0.03284900503687163,0.024208134040832118,0.007049171091565296,0.015426305349343796,0.00021247677238309527,0.00011387027054018466,0.004909457653333338
243,3,9.215194268591498e-05,0.13400768865671894,15528.089881431077,3.0,5.8e-07,1.02e-06,0.0204452808184188,0.005927158892265454,0.010073237199058055,0.0026031518726259144,0.00019780948340619676,3.094884881231591e-05,0.005206702808888894
243,4,0.00017786419245138975,0.11334015975010998,17278.78665030284,2.0,5.8e-07,1.02e-06,0.02044282281735667,0.008264628712602537,0.009346071334674314,0.005995841532177577,0.00020049140055417987,4.102945352179864e-05,0.0038921855105555764
244,0,0.00012796727889167122,0.10016047066859857,5579.952903280286,3.0,5.8e-07,1.02e-06,0.04139127230644918,0.023635121408348964,0.00583259685583092,0.01979604755265368,0.000357358121991341,0.000225583268150464,0.01211037885000002
244,1,3.089427362443873e-05,0.0017523680974938496,14047.704233976503,2.0,5.8e-07,1.02e-06,0.08923074397741453,0.0959498597029705,0.007688365271776944,0.00047336206220849,0.00013577808136042475,7.363782355353011e-05,0.006559541433333357
244,2,0.0028700489897292665,0.118171127007555,15971.278194823431,2.0,5.8e-07,1.02e-06,0.0442165665904429,0.04623374462298513,0.005434790412877034,0.015198094226972915,0.00019740223967533996,0.000239596585535883,0.004314548503333335
244,3,0.00044309746062578593,0.287120435457073,9553.70661970789,1.0,5.8e-07,1.02e-06,0.022137446274921768,0.012664248668672282,0.00816587070619648,0.011744422655652143,0.00019319398321918988,9.019547515376215e-05,0.0032324521761110947
244,4,4.6073608918044775e-05,0.030354334581289763,6904.717841569123,3.0,5.8e-07,1.02e-06,0.04375520424637206,0.02558542402278686,0.004122960511512674,0.0007925711360154277,0.00038912046275686333,3.3564930055433356e-05,0.008679395521111119
245,0,0.00019323342827823271,0.1745664151196384,16696.99685966094,1.0,5.8e-07,1.02e-06,0.021531784849034823,0.007267832344736675,0.010024136178037527,0.0049870087606492105,0.0002925866486296925,3.504299821018006e-05,0.0036571036227777964
245,1,0.0005586400536998087,0.18440563057089468,8471.101059219625,2.0,5.8e-07,1.02e-06,0.03321571001404345,0.024284049696860304,0.00692837667144642,0.01884061832890491,0.00021470333332037063,0.0002038547443326454,0.003902527135
245,2,0.00023114753098608693,0.03230021546577883,10034.469133652476,1.0,5.8e-07,1.02e-06,0.024626478948416197,0.01533789063963624,0.0077020163151132305,0.008875771689810132,0.00023587740409524252,6.199776452215965e-05,0.002317456028333331
245,3,4.314032572379171e-05,0.20343303684255978,6180.683666886923,2.0,5.8e-07,1.02e-06,0.020870657470652976,0.005559705718505103,0.008813648945051704,0.0005549356721281734,0.00022932428588033692,2.7896790661726963e-05,0.005096853916111102
245,4,0.0016359583621120247,0.21973207472264483,18223.88463907627,1.0,5.8e-07,1.02e-06,0.024819113888775775,0.017051722266510163,0.009135537726925382,0.006351749900261249,0.0002185532479351953,4.48173993607155e-05,0.002370870219444446
246,0,0.00033936535049432584,0.29361689514595984,15722.024386696416,1.0,5.8e-07,1.02e-06,0.020741872145695468,0.00831996248178224,0.009028808402205836,0.00641775956431936,0.00023189081938854928,4.2543504114291336e-05,0.0036931333988889092
246,1,0.0019891792398692115,0.011129550561421897,17401.87309586942,1.0,5.8e-07,1.02e-06,0.03374677067770699,0.02868926831757278,0.006365837321360234,0.0031374791138662254,0.0002129370823571739,3.359022192871044e-05,0.0027008517883333333
246,2,5.772312612757881e-05,0.2240942935606041,23174.26571858529,1.0,5.8e-07,1.02e-06,0.020872196178340723,0.00630358371029369,0.010860636488309025,0.0005034888333876627,0.0002327862608364393,3.2366334124325736e-05,0.00217307773888889
246,3,1.1865131648787763e-05,0.15466531807662762,13079.076085834391,3.0,5.8e-07,1.02e-06,0.021604849484297473,0.005661195836563917,0.009400253537963059,0.0005274664038597309,0.00030330708287826664,3.008385321867199e-05,0.004752369803888892
246,4,0.002266161339912719,0.0014270205030120877,10692.58069036367,2.0,5.8e-07,1.02e-06,0.15002216396441906,0.14581967360455575,0.010413654233319768,0.0029206466058778087,0.0001967714430570907,0.0002632929115535466,0.0049498792049999935
247,0,4.9884666918289405e-06,0.010164348272393542,12699.577533531861,1.0,5.8e-07,1.02e-06,0.025682372282677734,0.014561976749417649,0.007628910195919721,0.00062758776262333,0.0002815769064703052,2.3218157965400197e-05,0.0047677779505555795
247,1,0.0003215994379542894,0.14192895448338722,19417.000381489717,3.0,5.8e-07,1.02e-06,0.023995069118000815,0.010918072597687789,0.008902723498448348,0.008839301355639985,0.00014218305002756363,5.425425265911918e-05,0.004420386375000002
247,2,2.356017432074337e-05,0.03874693726633133,15681.468824294952,2.0,5.8e-07,1.02e-06,0.02213010374553458,0.007109829720028753,0.008839246831708837,0.00046799796253362724,0.00028773345013023894,2.8253217447307114e-05,0.005661120381666662
247,3,6.0792931417322146e-05,0.24306968050863365,3740.083164300799,1.0,5.8e-07,1.02e-06,0.02082898906126365,0.005518793576478875,0.009600047838762187,0.0007373456484468997,0.00023383389523003,2.8035225759420258e-05,0.004273432483333339
247,4,2.41700261074144e-05,0.27354049613327,13490.438848008838,1.0,5.8e-07,1.02e-06,0.022314656943084484,0.0063149565625059126,0.010205748155040226,0.0005041183001842766,0.00035355193928830205,3.220000749537545e-05,0.0027217440077777905
248,0,1.3956016508553683e-05,0.05549554908074123,10108.960418479906,3.0,5.8e-07,1.02e-06,0.024411716675014475,0.009379986909725191,0.006607373158308898,0.0004968332097764909,0.00014160698065341444,2.2267443065736157e-05,0.007298724974444448
248,1,5.001032348230998e-05,0.2688134328816457,20276.752757372575,3.0,5.8e-07,1.02e-06,0.030424583210879607,0.0060433135805821785,0.009742946718060827,0.000490839301320562,0.0001410852029571074,3.182332688549083e-05,0.0031271893544444623
248,2,4.3252018181671235e-05,0.2927439436989289,10177.418851612107,3.0,5.8e-07,1.02e-06,0.02174124256295565,0.005801240222532249,0.008477909217247753,0.0004929502939099387,0.00017469387039428674,3.0276502089829487e-05,0.0031727404138889026
248,3,8.5580925048331e-05,0.22627773529735873,2845.226074434017,1.0,5.8e-07,1.02e-06,0.029777339649822935,0.0064290360531514415,0.00844226481634546,0.0034046538923962586,0.00046851416588659413,5.86584731270542e-05,0.004639208148888865
248,4,9.999030001098846e-05,0.24941881624917991,7199.11322373054,3.0,5.8e-07,1.02e-06,0.021231096188368912,0.007710707517455134,0.00853820224004055,0.0052521664192995985,0.00025393309123340524,6.011650477984585e-05,0.005645469380000004
249,0,0.0004984545665129593,0.16135842101046094,2278.3254965976507,2.0,5.8e-07,1.02e-06,0.09190168424648097,0.07566736755850378,0.0066323747370324,0.06326499444184602,0.00038337242949952377,0.0014729150952001863,0.009025237246666679
249,1,0.00011325081542933469,0.08080379474793532,6797.199660650084,1.0,5.8e-07,1.02e-06,0.021298732884124566,0.009928855481847718,0.0072667308474211765,0.0070738594204245,0.00014545133416159377,6.746696583427633e-05,0.0035377672688889084
249,2,0.0004900193160034043,0.27299611187476663,6377.131499859685,1.0,5.8e-07,1.02e-06,0.02970838044181397,0.01804430729140799,0.008382550690069105,0.01766194170412206,0.00025619611746234474,0.0001664856633396229,0.002705867517777752
249,3,0.00025067528564248873,0.18558025127379238,15161.6268604765,2.0,5.8e-07,1.02e-06,0.020550570108815263,0.009847647682874805,0.008619174572147793,0.008189845114670972,0.0001890138583800617,5.463154349468082e-05,0.003200401548888898
249,4,0.0003670682387208415,0.2604263763788165,3726.4616588845747,1.0,5.8e-07,1.02e-06,0.044195419153629255,0.026327683814245065,0.007346497077280541,0.029074028707600317,0.0003792994886930952,0.0003748873808514144,0.0021919300761110982
250,0,3.8633370852216457e-05,0.1467939645220316,18681.043552777028,1.0,5.8e-07,1.02e-06,0.0215379627076915,0.0061160885056415586,0.009398744928336747,0.0004963632005436351,0.0001836398699349579,3.218931940258139e-05,0.0033052065438888834
250,1,0.0001387409385925266,0.1681716433329548,17657.598739984664,2.0,5.8e-07,1.02e-06,0.021527844967672353,0.006988301985756184,0.009459216056205401,0.004625676516015621,0.00015651418985932657,3.540958648875199e-05,0.003853186718333332
250,2,0.00015180744085055626,0.18578454010588355,5493.964191913155,3.0,5.8e-07,1.02e-06,0.0365033748176276,0.02327689822055776,0.0061245420112082324,0.024734875992550708,0.0002586962971874028,0.0002870763373878942,0.0080727606538889
250,3,5.203620889572149e-06,0.14737723522022386,3555.4831264396253,3.0,5.8e-07,1.02e-06,0.022789696562435475,0.008827152281320241,0.005672103485312117,0.0004928614907757816,0.0002736445710847393,1.6761103661377097e-05,0.00923376752277777
250,4,3.367654409066238e-05,0.01809576206929212,24461.9440442016,3.0,5.8e-07,1.02e-06,0.02230268014651096,0.012344311656376275,0.007967637171754747,0.0004418984526505581,0.0002244287296171408,2.497628161659292e-05,0.005758947134999998
251,0,0.0011117083974944806,0.15527236970880762,9643.38909117642,1.0,5.8e-07,1.02e-06,0.02839591051645873,0.025155452465900504,0.0073914146899166965,0.013005191532357475,0.00016812721067624737,0.0001218955738718732,0.0006452605133333567
251,1,0.00010402632925726437,0.12287734919818798,21416.165220145576,3.0,5.8e-07,1.02e-06,0.021181732915145395,0.0060218150977443775,0.009859244943832337,0.0029782168373449877,0.00016254185119457385,3.1187440567158525e-05,0.0028172107972222332
251,2,9.64029104570049e-05,0.11750766224810888,14941.005112869403,2.0,5.8e-07,1.02e-06,0.021027693932384368,0.006109844216567988,0.008688384320036805,0.0030873840828174767,0.00016841565331126044,3.190029704214264e-05,0.006939382225555554
251,3,6.302032230739283e-05,0.007066130870995845,4536.102303731501,2.0,5.8e-07,1.02e-06,0.1289333289187624,0.11428619339870923,0.01296155288914866,0.005559010159912908,0.00028209504760142785,0.00028830926379950665,0.011485827186111089
251,4,0.00020319374424461895,0.16160455118180908,15191.421399211182,2.0,5.8e-07,1.02e-06,0.022383467263592676,0.009024448620489983,0.009300738783515708,0.007193256509266902,0.0001481003839182331,4.976795570748049e-05,0.0019527738744444245
252,0,0.0002596977556919949,0.24601888719734472,8914.58492606035,1.0,5.8e-07,1.02e-06,0.02426441743021297,0.011244832831002366,0.008873690255238062,0.010338158368916781,0.00025784583855578,8.227031038484983e-05,0.00399637997777777
252,1,0.00010007016666776795,0.12572831282741354,5386.879019178692,2.0,5.8e-07,1.02e-06,0.02215703103707556,0.012097289269752091,0.006791640504441501,0.008894079658751849,0.00014816068542813544,0.00010420046494624727,0.0067250415377777956
252,2,8.796488891037253e-06,0.2148966971045403,16989.080799186664,1.0,5.8e-07,1.02e-06,0.02120352307865403,0.006282506415306604,0.010149173727654398,0.0005097801736482508,0.000199191047108821,3.228642736536349e-05,0.003092949196111125
252,3,7.487411916022043e-05,0.06863520453353872,10833.831669731006,2.0,5.8e-07,1.02e-06,0.020781881901438332,0.007291692025942611,0.00841073685253211,0.0025390738938771596,0.00020049599887821007,3.0461672376592292e-05,0.006149007499444428
252,4,0.0014419628678192145,0.21110063588463404,20731.916526130513,2.0,5.8e-07,1.02e-06,0.024547947936677476,0.019119836364172804,0.008228286568821385,0.010208709442861827,0.0001980987786319554,7.640577247676446e-05,0.0025520086838888845
253,0,3.947345026316588e-05,0.03313305800635053,18279.913195399928,2.0,5.8e-07,1.02e-06,0.02179992936456568,0.007285610775256859,0.008868107699529136,0.0005530460396961403,0.0002849779036292453,2.85149805947789e-05,0.00454742271666668
253,1,9.020943836715574e-05,0.09655711046441573,13117.232897224192,2.0,5.8e-07,1.02e-06,0.020792721987383977,0.006508163026780846,0.00898513888453678,0.003295675443065189,0.00021490475729545985,3.288597227086382e-05,0.004756575381111114
253,2,0.00036190922453812057,0.20700989195410605,17475.097060574797,3.0,5.8e-07,1.02e-06,0.024956401094566285,0.011978123173856573,0.008180835957695613,0.010522295177333269,0.00023093090530673245,6.52859136046393e-05,0.003679921849444462
253,3,0.00013086702949357434,0.10799435848787682,19330.086568352177,3.0,5.8e-07,1.02e-06,0.024142824530195936,0.008462393156201318,0.009350188049361765,0.006080958230118716,0.00014000451249903737,4.208123242406423e-05,0.00498788906
253,4,0.0006216946335207393,0.28872982912478085,4633.15188237212,3.0,5.8e-07,1.02e-06,0.06365774032539742,0.047006210746743604,0.004032628487610569,0.04348264567532059,0.0002975753680698274,0.000597583765109847,0.010254907186666648
254,0,0.0001264265519468166,0.12010921450088308,11559.396368297934,3.0,5.8e-07,1.02e-06,0.024356853986224624,0.011630826047455337,0.007705781505459172,0.00955895253244018,0.00025448577450289865,7.623422632117457e-05,0.0057805895361111165
254,1,0.00031373023510156915,0.21941760491323167,2988.761145374664,1.0,5.8e-07,1.02e-06,0.04662189434402236,0.03017878609859341,0.005564718875300768,0.03377260032389267,0.0003339874023531154,0.00048481860609992175,0.0035405293194444576
254,2,9.696154942129256e-05,0.22517266340031944,13951.113021014102,1.0,5.8e-07,1.02e-06,0.020830705902119794,0.005783287532481303,0.0100834985125927,0.0011648364125315827,0.0002496482027132315,3.169306507789561e-05,0.0021944664516666823
254,3,0.0004167561103277105,0.13474761363912077,18403.71346201669,2.0,5.8e-07,1.02e-06,0.025325801363671897,0.011102955324802218,0.008960788412925377,0.007825078063728062,0.0001515885821699453,4.996826127367395e-05,0.002074295588333344
254,4,0.00017898502180907524,0.1052620375754494,11669.561458620721,2.0,5.8e-07,1.02e-06,0.023521270873761685,0.01164626092163775,0.008864619511226343,0.009560162220470582,0.00022513255262130477,7.096386228565132e-05,0.004139053858333339
255,0,2.625496566257094e-05,0.16708590432513903,9105.470318500926,2.0,5.8e-07,1.02e-06,0.02223507412661248,0.0056497852295373996,0.009209294083344397,0.0005064528277305203,0.0003272063059489711,2.9823386218240473e-05,0.007524764437777776
255,1,0.0007411196322451641,0.13425024122679735,5101.063387027985,1.0,5.8e-07,1.02e-06,0.05191106960764347,0.0350949050652338,0.004944678403145199,0.023516364451937544,0.0003564697151413858,0.00029783096650194094,0.0018662202955555401
255,2,2.8429900755322925e-05,0.037864114979846875,24931.57411860519,3.0,5.8e-07,1.02e-06,0.02645829432892353,0.0069071982416015225,0.007559436571355882,0.0004985230261479841,0.00014041896305852533,2.92882654757861e-05,0.005235949943333346
255,3,0.0004086986802551634,0.2001626756015774,14041.309886369658,3.0,5.8e-07,1.02e-06,0.02577597932808427,0.014945100175765927,0.007698429848968937,0.013248644246482394,0.0001956373946172252,9.097755489747524e-05,0.003028102182222228
255,4,0.00023443338596711348,0.25282429509453985,4442.825546762407,3.0,5.8e-07,1.02e-06,0.05776327014544499,0.03350478394596235,0.0062983959583849175,0.03914177946839528,0.00042672253462577744,0.0004926415086172415,0.0041828487583333435
256,0,0.00021059691946620184,0.24702156009380358,21250.69980804915,3.0,5.8e-07,1.02e-06,0.02231139187257911,0.008615376887473818,0.009450253488111154,0.006822906212186952,0.0002639784425658267,4.255267954377253e-05,0.005609268555555547
256,1,5.888723706573838e-05,0.18271302328134736,20106.784196081764,3.0,5.8e-07,1.02e-06,0.03578106818693253,0.005724664035762543,0.00996546651013009,0.000535097022497625,0.00017532699467548906,3.145173286095202e-05,0.003144787240555544
256,2,3.4389718806166565e-05,0.13819526757410558,16108.889863149956,2.0,5.8e-07,1.02e-06,0.0213225625713792,0.005746354164514249,0.01096743828830334,0.0004967624970650971,0.00018744411426197774,3.1354891106189026e-05,0.002824642393888882
256,3,0.00017464978990529574,0.2362434601187483,14949.514785706226,2.0,5.8e-07,1.02e-06,0.020932890871240676,0.008464085620426722,0.010036651404554451,0.006638148581222157,0.0001912365923730195,4.707677796580266e-05,0.002719108069444462
256,4,0.0004674323340389933,0.24827305193308075,21021.56230133686,3.0,5.8e-07,1.02e-06,0.023618221083164446,0.011349957266379274,0.00895881467445229,0.009550154001982001,0.0001674017807515955,5.520595248521435e-05,0.004229644497777768
257,0,9.833040931432632e-05,0.16220812807176513,21359.170348002375,1.0,5.8e-07,1.02e-06,0.021502584622896215,0.00580059335524285,0.01012931628481263,0.0010925413867104992,0.0003205366517680088,3.199516529651576e-05,0.002948569129444467
257,1,0.004240287675122569,0.058931866538952514,16235.62456414729,3.0,5.8e-07,1.02e-06,0.076846917847533,0.07918692060384282,0.00531695219650273,0.018352380216747826,0.00019426526249984705,0.00029760281490022185,0.0025399450772222304
257,2,0.00010275771823709216,0.11627027079977399,19125.185152901347,3.0,5.8e-07,1.02e-06,0.020334977813323617,0.006413407935878673,0.010229281886405735,0.0034569439533218738,0.00017956244627021083,3.20291981931483e-05,0.0038598082316666643
257,3,7.21409766505827e-05,0.136969166026406,15774.721927904207,2.0,5.8e-07,1.02e-06,0.028444696092979962,0.005469034921760142,0.009406322833450605,0.0009206371744481635,0.00013896561905642687,3.094566128720503e-05,0.0027243939922222266
257,4,6.263168554649115e-06,0.2694790384987856,12753.107357529605,2.0,5.8e-07,1.02e-06,0.021943681633085643,0.006074301112059019,0.009928138059491469,0.0005135411292771932,0.00017495550184322525,3.161705017867707e-05,0.004128728145555552
258,0,0.0001243286367907751,0.2170304883105732,6036.864804409737,1.0,5.8e-07,1.02e-06,0.023297245505095276,0.00832144800754126,0.008121940373719971,0.00638385703559569,0.00032340168266386214,6.72088920884222e-05,0.001975604097777764
258,1,0.0001027613813690333,0.015075184928706895,8272.720713807057,3.0,5.8e-07,1.02e-06,0.050411408221329036,0.05030313495251885,0.005350036396181322,0.012037721156463113,0.00018557309341831328,0.00013900247687596907,0.015326557093888901
258,2,0.0004943042916138073,0.04889216130467112,4220.813063202694,1.0,5.8e-07,1.02e-06,0.057705187868407816,0.04257297676846424,0.0044327737618062345,0.025600647093071558,0.0003342090471095201,0.0003477052725393299,0.005703507012222234
258,3,4.544351817720027e-05,0.2615648169874447,14179.08632095544,3.0,5.8e-07,1.02e-06,0.033940858258753315,0.005881898678142151,0.010298528514468091,0.0004781144069260341,0.0001604872951990925,3.116133143872903e-05,0.0037396027216666794
258,4,5.7836938128835384e-05,0.25872680046376845,7452.202926909882,2.0,5.8e-07,1.02e-06,0.025192622471680207,0.00559810120457969,0.009465720918136872,0.0006321716144808061,0.00013892830640546686,2.9559274092654216e-05,0.003749844615555553
259,0,4.1515188069415853e-05,0.12091613555348689,11926.991705879924,1.0,5.8e-07,1.02e-06,0.023210774393719314,0.005770435871798332,0.010328081424640798,0.0005163967955145403,0.00015337453006256053,3.14702888400672e-05,0.003263814287222236
259,1,0.0008720750205187452,0.0016129402194016477,13574.24814056558,2.0,5.8e-07,1.02e-06,0.12911519135754126,0.10884334221704199,0.008884264149469854,0.0031200935921093984,0.00035293191970320743,0.00014894918676117816,0.0045266617588888836
259,2,0.00019575041900914985,0.20283996207012658,10855.810354403437,2.0,5.8e-07,1.02e-06,0.02311817444780991,0.01111884653687812,0.00886998853228378,0.00996684115677651,0.0001973446833149164,7.724146953439388e-05,0.0033324046883333597
259,3,0.0002611366229418522,0.08565305322488272,14198.70294862242,2.0,5.8e-07,1.02e-06,0.022654968805757486,0.012356783652107886,0.008107397580524504,0.008939343328235013,0.00021765849378263787,5.981271091163166e-05,0.003330692928333351
259,4,0.0001974334653299224,0.14485722863132006,24331.430151453005,2.0,5.8e-07,1.02e-06,0.02229777673005742,0.00688622454024021,0.009897879784085213,0.0045037850023683405,0.0001465352478487961,3.251438712861656e-05,0.0018198303349999667
260,0,4.656098017233189e-06,0.23524029025248303,9663.917400986447,3.0,5.8e-07,1.02e-06,0.02213303017399228,0.005717751736227826,0.009094933650094044,0.0005190778262573254,0.00016438418837374957,2.9785292458532967e-05,0.005661534483333341
260,1,0.0008635220189712153,0.00154033893074118,3816.9181310987483,3.0,5.8e-07,1.02e-06,0.5626977769843674,0.4378263602178529,0.060209883954414074,0.02010802109402899,0.0002464106787640903,0.0018151559939972185,0.01793436687444444
260,2,1.9611869727297887e-05,0.19636317643194673,24042.75357135567,3.0,5.8e-07,1.02e-06,0.021182964872669238,0.005977101561303278,0.010947567742643584,0.000511055289015352,0.00019750570742166777,3.1945429273219286e-05,0.0017930942005555672
260,3,3.793793569235938e-05,0.2055173203844541,24614.914875303937,3.0,5.8e-07,1.02e-06,0.022597726217514307,0.006001159363551201,0.010171684789981835,0.0004981790278742132,0.0003557975956150019,3.1982639991012605e-05,0.004462611209444439
260,4,6.001382426072578e-06,0.010103617004338372,12525.734271961304,3.0,5.8e-07,1.02e-06,0.03963245553224634,0.04086374332026973,0.00509094219537566,0.0008848959801990508,0.00017265310877710347,2.7758547870797277e-05,0.007073964037777783
261,0,1.11659659894197e-05,0.08050476338985306,13313.21542456854,3.0,5.8e-07,1.02e-06,0.021934002304345446,0.006377381072413602,0.008534717289798958,0.00047212903626254457,0.00029567071532155665,2.8110321337867526e-05,0.00628879316833332
261,1,0.0010982451816357265,0.039575876553914535,10028.774622217648,3.0,5.8e-07,1.02e-06,0.09027151642051635,0.06746699201221391,0.004574157337728375,0.02824360147418148,0.0003937483223836755,0.0003572962021561275,0.006216822935000005
261,2,0.0003453566887053253,0.07277723262058079,24114.49492296211,2.0,5.8e-07,1.02e-06,0.02849100014812705,0.009368175091246659,0.009075823868572001,0.005585749813978705,0.00039033204911750066,3.385894896494908e-05,0.004499186333333349
261,3,0.0002280722856787808,0.21976719333152994,15274.853764449177,1.0,5.8e-07,1.02e-06,0.021754767367315322,0.008024035938661326,0.009423495666932803,0.005994662457853864,0.00015324289516638337,4.062695132760954e-05,0.002960478198888894
261,4,6.0390566868925474e-05,0.1803389127929543,16947.48056741195,1.0,5.8e-07,1.02e-06,0.02660259871209081,0.006086952838891005,0.010285535676245577,0.0005251505722856291,0.0001364801682330591,3.2098984852730763e-05,0.004603111793888892
262,0,0.006804240324004176,0.003825021090254498,19451.80846621577,1.0,5.8e-07,1.02e-06,0.0466621637451492,0.034372078151590726,0.006568843523374317,0.0009091235955213232,0.0003060715488531187,2.568110580775098e-05,0.000805851491666662
262,1,0.0030605608988686643,0.054815447667801366,21638.546275324254,1.0,5.8e-07,1.02e-06,0.028244492408217043,0.020131947985258025,0.008910787273920867,0.0038568490057596144,0.00023359787985492155,3.168683016040316e-05,0.0036549989172222352
262,2,0.0017004337861478782,0.20536317059741302,14145.232248787162,2.0,5.8e-07,1.02e-06,0.03002860669343241,0.03193888030932594,0.006060288802784977,0.01583127243727161,0.00017471187283996594,0.000178855497024482,0.002393501559999997
262,3,0.00012659451971098158,0.08117466345240483,9552.982237518368,3.0,5.8e-07,1.02e-06,0.027473579038245082,0.0162919603930608,0.007147863209662829,0.01245017950519727,0.00021723348681462596,0.0001076604038843374,0.006209328181111126
262,4,4.8255854930374004e-05,0.13827493700169294,18122.10743991853,3.0,5.8e-07,1.02e-06,0.020820321597185932,0.005618308956246587,0.009840508061400305,0.0004977633171356677,0.00019488543165497771,3.0956970950754917e-05,0.004205651249999998
263,0,0.00016331744813734834,0.0881327307492739,20828.52455902497,1.0,5.8e-07,1.02e-06,0.020107733503807193,0.0065295760327354875,0.009800056660150309,0.003927235358819924,0.00020019351883223205,3.1732971321909434e-05,0.004434342018888898
263,1,1.4931364239496366e-05,0.08365877212508512,4459.051449678824,3.0,5.8e-07,1.02e-06,0.03639591789856238,0.012681426767418508,0.005282296729967706,0.0007514419488024128,0.0004684643246406431,1.7871082834847396e-05,0.015710420287777777
263,2,5.458348004104953e-05,0.028617458240015537,19292.295241568077,2.0,5.8e-07,1.02e-06,0.020933945752652238,0.00799386813025918,0.008700997757852314,0.001162859340139688,0.00016446701853732135,2.8087742924173993e-05,0.004035226173888878
263,3,3.5175078709703565e-05,0.1789572734994208,2453.2886816261203,1.0,5.8e-07,1.02e-06,0.025066601164142607,0.005866257479364372,0.007122967925999972,0.0005558920307179601,0.00039405657768151704,2.294952570641603e-05,0.006476942364444446
263,4,2.9998861830598792e-05,0.14402529684846255,22340.524108153233,1.0,5.8e-07,1.02e-06,0.02365665735599089,0.006192618398439033,0.009674177798198761,0.0005066937281453645,0.000154109899998066,3.230710389577417e-05,0.002812121923888883
264,0,0.0012306747683699956,0.21418776060319125,16890.695748368846,1.0,5.8e-07,1.02e-06,0.03225482161535224,0.01594436206958974,0.008504289087632323,0.007742910165768877,0.00036180191231447736,4.7448279167269126e-05,0.0031172833277777617
264,1,2.972930162383574e-05,0.15451836594701568,12672.523187061217,1.0,5.8e-07,1.02e-06,0.022481081262026276,0.006001901822846952,0.010133156727416598,0.0004972949141743061,0.0003558455146198236,3.1855179990330304e-05,0.0023019391577777937
264,2,9.411694556246656e-05,0.001651228123323766,8125.492507451254,1.0,5.8e-07,1.02e-06,0.10054492669835857,0.08953331714840553,0.006620808965491231,0.0007161126809268258,0.0002623722685767119,8.311788223117441e-05,0.003711635625000001
264,3,0.0002561429627472205,0.1741680306990696,11632.659693960893,2.0,5.8e-07,1.02e-06,0.022780857888196684,0.011953863903945101,0.009877161557197896,0.010400841385876311,0.0001513617574687626,7.774564831842299e-05,0.0037158231027777794
264,4,2.4535015316857234e-05,0.18799527313606998,22016.83990467014,1.0,5.8e-07,1.02e-06,0.020914674994448112,0.0062933724420075705,0.010066387133265508,0.0005065869392601352,0.00023749546953948789,3.236637375412206e-05,0.0034345743549999974
265,0,4.9741813032978456e-05,0.1570873842886005,11072.309111782299,2.0,5.8e-07,1.02e-06,0.020985838595500503,0.0055782048324209575,0.00971608233225667,0.0005661958033946777,0.00022376010122003757,3.0343410914417578e-05,0.005622050213888896
265,1,1.588193162268486e-05,0.2481281467962729,16113.663671329003,3.0,5.8e-07,1.02e-06,0.022523472744955905,0.0059609331079765,0.009742422519189988,0.0005106492232509776,0.00016522965499816465,3.1520999249270727e-05,0.0028070397938888825
265,2,0.00010761449432678265,0.08445527646806324,21957.23948624387,1.0,5.8e-07,1.02e-06,0.021753875411147094,0.00565486885573567,0.009626036620033272,0.002102022049228973,0.00016179503013535139,3.156431471061752e-05,0.0033169044872222303
265,3,0.00022659448991472025,0.04528276773931739,21609.72792823439,3.0,5.8e-07,1.02e-06,0.03114179712731906,0.013078678253711522,0.008714188048321957,0.007978846297640778,0.0003765990390991868,4.736207576537701e-05,0.0026468830366666585
265,4,0.00045813674510701,0.2524774003975705,7498.51350898964,1.0,5.8e-07,1.02e-06,0.027765627178785765,0.015538368156734364,0.008121438953417224,0.014958130200162402,0.00026625826786455157,0.00012821747571542823,0.003427977996111109
266,0,0.0003184605629904778,0.07794125282648647,3172.154493635596,1.0,5.8e-07,1.02e-06,0.04514301639591431,0.03790068846434381,0.0039132818098807495,0.032183088200021664,0.000276093676110811,0.00045152679553722496,0.00521279077722224
266,1,0.00021502921799586067,0.2004772612274702,11392.217487734433,1.0,5.8e-07,1.02e-06,0.024681174168124886,0.009419985248877471,0.009697172108118622,0.007888589514057508,0.00014420748797382295,5.6682125291114876e-05,0.003812527422777781
266,2,1.343072249831733e-05,0.13309910582521928,12738.711734236571,3.0,5.8e-07,1.02e-06,0.0224351241627502,0.005707045448524783,0.008764982636460182,0.0005096204476947091,0.00032506613272462653,2.964541357336116e-05,0.006275334998888882
266,3,4.629044388604486e-05,0.20080852686067321,15096.669139649572,1.0,5.8e-07,1.02e-06,0.023149996460814542,0.006169845173670541,0.009287456269064723,0.0004971493450064728,0.0003816998313624282,3.212046953625687e-05,0.003792002490555557
266,4,0.00011387055778884886,0.17140014908942755,2214.633757647622,1.0,5.8e-07,1.02e-06,0.060687859177474796,0.01692499339823417,0.005412446079814302,0.01602788119523677,0.0007232119564945617,0.00026614021005077815,0.005243881145555573
267,0,3.763994584945852e-05,0.19861638080550434,20833.724103601126,1.0,5.8e-07,1.02e-06,0.02280159646855624,0.006289635127901815,0.009782215833443188,0.0004977711008060165,0.00037281206481400137,3.234301325475384e-05,0.0024473352155555544
267,1,0.0002721932745777551,0.2981530366253821,11299.300255360913,1.0,5.8e-07,1.02e-06,0.022632937917494905,0.00992977242159118,0.008337477405968081,0.008596310630877268,0.00022902426073792572,6.161042895000185e-05,0.002833866128888904
267,2,7.607128663145036e-05,0.07839984713282638,22846.36765642781,1.0,5.8e-07,1.02e-06,0.021544577660413112,0.005608088142738102,0.00998243212962092,0.0008354468995136503,0.00032051217465000194,3.188559426480357e-05,0.003486257401111123
267,3,5.104066313074092e-05,0.004475906105203985,4249.878611123642,3.0,5.8e-07,1.02e-06,0.24719138904014257,0.22559174772478974,0.029705973690159135,0.006320730133762315,0.0001803936326428827,0.0006169015771914889,0.01525363641333334
267,4,5.833071503856115e-05,0.20993607895306574,24647.48592157754,1.0,5.8e-07,1.02e-06,0.024700903287937448,0.006295941383195631,0.009639254400735138,0.0005016405311764246,0.0001451481467345238,3.237356537218673e-05,0.0029832214222222236
268,0,5.258963722013396e-05,0.09167909439270368,17545.374212165287,3.0,5.8e-07,1.02e-06,0.02107938612259533,0.005676727133693306,0.009025004436884684,0.0005413263710403089,0.00017676054335826635,2.9925371436418e-05,0.004728354341111116
268,1,1.7926994993070416e-05,0.15053289400442588,10326.14367856232,3.0,5.8e-07,1.02e-06,0.021395135733917745,0.005741413472213608,0.00922118051617648,0.0005337438240188693,0.00027179934936619063,2.8748197409109892e-05,0.005392587250555553
268,2,2.8289807057033663e-05,0.19491896862107516,5840.8719135619995,2.0,5.8e-07,1.02e-06,0.022614704061590874,0.005656308761052192,0.009647707323292143,0.0004941749445940025,0.0003417854984054166,2.727701922652441e-05,0.007743678920000011
268,3,3.5492635519073285e-05,0.2562404669964278,22466.01350750657,2.0,5.8e-07,1.02e-06,0.022585667084121644,0.006232272632792587,0.00940716664560016,0.0004982544502181314,0.00036887907606260865,3.2212127735942486e-05,0.002203672805000015
268,4,1.1679405982769205e-05,0.09834684635326268,24443.45397776548,2.0,5.8e-07,1.02e-06,0.021117658160289987,0.005763127490324943,0.009143665226853058,0.0005137536109408483,0.00025304752638018066,3.18465663979232e-05,0.003216121183333337
269,0,5.2848741341434813e-05,0.2768715563743074,23715.422623822626,2.0,5.8e-07,1.02e-06,0.021776980910134063,0.006236296489436136,0.011014056030968394,0.0004993430266424198,0.00017940953284923102,3.2219149500893366e-05,0.0024248255905555682
269,1,0.00010833478105820644,0.22615535167444467,24242.089912427386,2.0,5.8e-07,1.02e-06,0.023190985617606116,0.005737354548009675,0.009450014918468044,0.0019847930427867085,0.00014937508475026384,3.1691959331862916e-05,0.0019563714127777826
269,2,0.00017176481162408823,0.1091131806994086,9375.720097935013,3.0,5.8e-07,1.02e-06,0.02991942120315867,0.01750357332338529,0.007050223966380095,0.015849288854104637,0.0002330224220497302,0.0001364255099595103,0.008462466173888891
269,3,5.746338518658927e-05,0.22402176800325252,3303.434521968301,3.0,5.8e-07,1.02e-06,0.020660842078497763,0.006823166765225837,0.0061067653241616985,0.0010698204962491075,0.00022729695228080425,2.531312899924113e-05,0.01033368429500002
269,4,5.7312524349033536e-05,0.12821128082556746,13006.624814736204,2.0,5.8e-07,1.02e-06,0.021273354647101315,0.005517925180805058,0.00949553787871746,0.0006077242233907075,0.0002875589860697828,3.045823121113367e-05,0.0017102092438888994
270,0,3.170427554328979e-05,0.006632700827338987,18056.415468975603,1.0,5.8e-07,1.02e-06,0.027839218207920208,0.01563161606882151,0.008335979269588704,0.0004625330023566131,0.00030225623347830075,2.4849556822919877e-05,0.0022220728455555477
270,1,0.0001730379594462107,0.03455913856237034,13465.58135272299,2.0,5.8e-07,1.02e-06,0.02209624775228895,0.015284111722316298,0.007145747874686595,0.007955202165694444,0.00017412985299526944,5.615610263641292e-05,0.005134412647222225
270,2,0.0003702657256936338,0.14509140536278892,8074.953271993143,3.0,5.8e-07,1.02e-06,0.03623779111231811,0.02493635131196736,0.005610340608376046,0.022750428269680576,0.00023741525252912052,0.00021066899278003983,0.005600933135
270,3,4.01308302282677e-05,0.05153410413641948,12057.415799198188,2.0,5.8e-07,1.02e-06,0.02102550475641456,0.006992653448732465,0.008534985780385258,0.0005901026534033669,0.0002280227826454336,2.7196492300733286e-05,0.005819071698333331
270,4,4.1880095112765576e-05,0.16454357624040553,6735.656297229713,2.0,5.8e-07,1.02e-06,0.021044747696244186,0.005649825528178091,0.008666710548965869,0.0005516037691807243,0.0002582846720228923,2.7699504231064017e-05,0.004359709239999995
271,0,0.00022473373533963797,0.262897217050163,21893.687222059347,2.0,5.8e-07,1.02e-06,0.02001607468779613,0.007280710842722446,0.009203766465165894,0.0050645959650689925,0.00021075062924286753,3.448162119479812e-05,0.0027060955499999956
271,1,0.00039852818537706324,0.1369727125246697,22679.37000259175,1.0,5.8e-07,1.02e-06,0.023607518508575495,0.007303792472378633,0.009522990684413615,0.004865133844369006,0.00014265006354762728,3.247862642339141e-05,0.0016313545122222245
271,2,6.220295311331104e-06,0.07169119152151456,15640.911103071803,3.0,5.8e-07,1.02e-06,0.020835403780883267,0.0064032075512867265,0.007969165481123098,0.0005483749892905865,0.00018794732521133057,2.876019630548019e-05,0.004662448525000001
271,3,4.274053174486308e-05,0.1341289695604297,18002.255432644208,1.0,5.8e-07,1.02e-06,0.030221677818070492,0.006034072126054261,0.0101018959668618,0.0004919251988575689,0.00013929288064637584,3.209412395220002e-05,0.0024569272922222163
271,4,0.000247085736987833,0.16144559828679578,11140.131376950942,1.0,5.8e-07,1.02e-06,0.02132030624027255,0.009820613180466262,0.009170422533770138,0.008320805299488655,0.00016384685523191766,5.931301931849206e-05,0.0018218107111111076
272,0,0.00012930074522258278,0.0913548351473303,11385.857788472525,3.0,5.8e-07,1.02e-06,0.02702314509258698,0.012213112132714499,0.007449560426037058,0.008840843368522585,0.00031095250634471185,7.23986599979375e-05,0.007632127926111107
272,1,3.258057276785998e-05,0.18037591090954222,14950.143815678628,3.0,5.8e-07,1.02e-06,0.02103221517558923,0.005704158323200135,0.009651194799315239,0.0004969629664091387,0.00021485711732602988,3.087571453936091e-05,0.003376220410555575
272,2,0.00013011395951683703,0.2975524100481083,5376.634153481964,1.0,5.8e-07,1.02e-06,0.022349193855180235,0.008662169074741355,0.009353476425441353,0.006862474045465114,0.00029151832418677383,7.729568446580508e-05,0.00374634261944444
272,3,0.00015805301753119913,0.009783906208921788,12337.954332053245,2.0,5.8e-07,1.02e-06,0.05611141572410846,0.03618313363468221,0.004048643979285913,0.007432397624620981,0.00039764829701263374,7.030507516847931e-05,0.005732335173333339
272,4,7.428035583055541e-05,0.19094463348182886,15182.024985402544,1.0,5.8e-07,1.02e-06,0.02089876702942489,0.005938940997327761,0.009866485363593474,0.0006239831532623555,0.00021744168175909283,3.1939885949776e-05,0.002576894436111102
273,0,0.0001949375663338031,0.2960205931069898,11087.732178694956,1.0,5.8e-07,1.02e-06,0.02435876220195696,0.008758717598099415,0.009166428529155142,0.006928835076918154,0.0003422607445819585,5.184533446055551e-05,0.0033741888355555416
273,1,5.729373022175494e-05,0.21231655678551087,21257.719676377623,2.0,5.8e-07,1.02e-06,0.021117152584370108,0.00601942897510994,0.01019358106773024,0.0005316788804172427,0.00026489272779676537,3.200742092842829e-05,0.0028781902516666485
273,2,1.8173842674301652e-05,0.21895178656198983,13104.409183654127,2.0,5.8e-07,1.02e-06,0.024689029392321912,0.005939161846023882,0.009038600735733928,0.0005081826675325179,0.00014256163391344025,3.145951989435973e-05,0.0020499896611110985
273,3,0.0004480788855173506,0.24889961004197939,23152.88775805046,3.0,5.8e-07,1.02e-06,0.021773167988030223,0.010154919061998379,0.008086562243893886,0.008305285892801412,0.00019950328670582801,4.715003241798857e-05,0.0019449701533333086
273,4,9.499123348819815e-05,0.143119262992941,2728.0544351994286,3.0,5.8e-07,1.02e-06,0.03576052065526126,0.024096069946670944,0.0033641207594229602,0.017643623909068186,0.00028400563516924504,0.00029331444928618885,0.01871586392666666
274,0,5.66783677984981e-05,0.1531135034851317,14914.595290120644,3.0,5.8e-07,1.02e-06,0.021013343720722683,0.005565714835747995,0.009830107115301972,0.0005444054016881542,0.00022525265994023866,3.041044458079999e-05,0.006960591412222231
274,1,0.00016907787083907656,0.11586912285673948,20693.237251192786,2.0,5.8e-07,1.02e-06,0.02353979901873936,0.007389542352841029,0.009345732803745378,0.0050606824657691805,0.0003333491942112126,3.483631862390027e-05,0.004645981840555563
274,2,4.567866691751271e-05,0.2731433604425861,15960.022545022315,2.0,5.8e-07,1.02e-06,0.0211240002579224,0.006123381111305198,0.009262772716676434,0.0004897110769941836,0.00026194319382619673,3.187723388272311e-05,0.0023786294416666826
274,3,0.00022295294686534308,0.04042663761054662,10442.94581521443,2.0,5.8e-07,1.02e-06,0.028010656716809412,0.020406190907333248,0.006697878286196402,0.011616718536127965,0.00022616951991996027,9.57252589083577e-05,0.0051767792494444576
274,4,0.0005911082866558206,0.2674350174022104,21047.591579249827,3.0,5.8e-07,1.02e-06,0.02595843489566138,0.012682065905962082,0.009417775560568746,0.010440963293514757,0.0002730380567495826,5.8034697418797924e-05,0.0024924491033333357
275,0,0.000582057731942628,0.22549438267988753,13103.225086378956,1.0,5.8e-07,1.02e-06,0.022437626347035156,0.01140317355181989,0.008532217546570617,0.00900820429241332,0.000220022374969391,5.761364464419006e-05,0.0028098276366666647
275,1,0.00020809348922104997,0.06395796078604293,24613.078142169885,2.0,5.8e-07,1.02e-06,0.022196926370432576,0.007785887787145974,0.009860561499966683,0.004668460147654699,0.00028707738587165977,3.20345936586857e-05,0.002989427836666683
275,2,7.071151540045222e-05,0.05825972046770897,22583.32162688476,1.0,5.8e-07,1.02e-06,0.021389501792165633,0.005524275131013966,0.009277333573205633,0.0008374541327310702,0.00017641765695729296,3.1719853145542215e-05,0.002733099741111092
275,3,1.709827118454909e-05,0.02033294411968518,23379.210968764863,2.0,5.8e-07,1.02e-06,0.022268464469637973,0.008289997309471385,0.008786877926894377,0.00047084504267572185,0.00025150909739504013,2.857494572080644e-05,0.0028835560788889048
275,4,0.00018401666350356885,0.2725129626115199,2361.4394239515304,1.0,5.8e-07,1.02e-06,0.062385306638209105,0.029171557948725706,0.007225928259147797,0.034626989222754825,0.0005702788095207971,0.0005494725357202687,0.006263925048888883
276,0,0.0002610207837789789,0.18681244629849544,8260.00043055715,2.0,5.8e-07,1.02e-06,0.029634464629400743,0.0158828013261568,0.008681000706660166,0.015023865819202495,0.00028559787760591726,0.0001318887408898698,0.005777756255555558
276,1,1.4226087491480017e-05,0.13500766512643503,24036.025526486603,3.0,5.8e-07,1.02e-06,0.022573242989443795,0.005745061219942664,0.009930623132326857,0.0005111462080198713,0.0003536034647172411,3.167457678934605e-05,0.001873377613888852
276,2,0.00010188147140033205,0.22661131929938316,4736.107451962236,3.0,5.8e-07,1.02e-06,0.023080930542639017,0.010773848889234086,0.006930351835977369,0.008294173226902521,0.00014622995295875615,0.00011209653129688105,0.005643772318888893
276,3,1.0827611263018156e-05,0.07368689978520873,22324.68033107773,1.0,5.8e-07,1.02e-06,0.021223770766549962,0.005867177803607578,0.009926578315473035,0.0005171981127009275,0.0002868131026080455,3.210367928529389e-05,0.0040958670761111066
276,4,0.00018070102299985212,0.15137787213053647,19348.041171486515,1.0,5.8e-07,1.02e-06,0.02007413549580025,0.006675037680296589,0.010011172747701117,0.004129402853714826,0.00021130465857437496,3.232316950763416e-05,0.0014987456366666319
277,0,1.0616826968320628e-05,0.12238505368671296,22184.970703663697,2.0,5.8e-07,1.02e-06,0.03082618124339276,0.005841277804732131,0.009841570209438238,0.0005158928840020357,0.00014364285994622277,3.1850333966628435e-05,0.001450648526111084
277,1,0.00021063425108450355,0.15613337777475939,11049.26510930201,3.0,5.8e-07,1.02e-06,0.0335777057055676,0.015116140552041872,0.008382516389787218,0.014568443122116565,0.00035630906644996426,0.00011280469447253823,0.004845715446666662
277,2,8.6283089855927e-05,0.020820688677015198,16762.96564728857,1.0,5.8e-07,1.02e-06,0.023205138907353446,0.008634936603385164,0.008627550523637756,0.0031541730072115752,0.00013567493770424828,2.9795106608897998e-05,0.004235967367222232
277,3,2.8444039091837034e-05,0.05478863683799027,7775.372331247701,3.0,5.8e-07,1.02e-06,0.021083285927917323,0.012045911868256895,0.005745941537865881,0.0004609759237988124,0.0001366499259351665,1.7323139951685084e-05,0.013509392638333326
277,4,0.00474851849925534,0.09021233064756111,14400.80121701189,3.0,5.8e-07,1.02e-06,0.11855685485752195,0.0907860135087013,0.005635564030791847,0.018607575542343057,0.0004735759940174259,0.00037407832601702996,0.005988411894444462
278,0,0.00010366121152090211,0.0899698468602272,16059.413338159566,2.0,5.8e-07,1.02e-06,0.020226871990545587,0.006780618363972278,0.008347626412355648,0.003789391219169383,0.00022284623282232765,3.3154623238553235e-05,0.003139405162777789
278,1,2.4010195796234788e-05,0.20188565908228273,15916.460536020877,1.0,5.8e-07,1.02e-06,0.020913248374246702,0.0062268762921178465,0.009783378415569819,0.000506631903252796,0.00023549765367740332,3.220932408358005e-05,0.0038160161072222226
278,2,0.00017901288637501496,0.175487076342087,14046.889384879074,3.0,5.8e-07,1.02e-06,0.024939573438906223,0.011888088114054512,0.008995919333329468,0.01095994510518121,0.00022745073256705162,7.606688130204626e-05,0.0049150313038888865
278,3,0.00011838384581447036,0.23873423665634427,17095.398513482454,3.0,5.8e-07,1.02e-06,0.020256928559068434,0.006541978290236581,0.009352253924657541,0.00397053297082025,0.0002451452259997218,3.431032230887995e-05,0.004855424444444437
278,4,0.00015879327841267476,0.12827195852702106,24841.652552212,3.0,5.8e-07,1.02e-06,0.02034766665987069,0.007685937709081038,0.009403504402192793,0.0054339317973941285,0.00018410823516475583,3.539968661760493e-05,0.003475045199444457
279,0,9.797693257127316e-05,0.17475280064711077,2436.1586470198927,1.0,5.8e-07,1.02e-06,0.024230227041790665,0.009574064396095991,0.006131629443629982,0.006505195101453994,0.0003155148150123506,0.00011003889335700708,0.006378506175555562
279,1,1.2804246483418236e-05,0.041049187335063506,5171.307937404061,2.0,5.8e-07,1.02e-06,0.021926661987704113,0.016441238303750317,0.0044424907907543104,0.0004976712431875329,0.0001825240914750406,1.76468590263674e-05,0.011181900876666664
279,2,2.3225081203921356e-05,0.06322190290468196,10017.517172420812,2.0,5.8e-07,1.02e-06,0.020770200373121144,0.006821338412141577,0.008076615925017723,0.0005116029823961037,0.0002085100932993808,2.6571413892005792e-05,0.0054599373816666685
279,3,0.0001784265001640884,0.1266431621567202,11560.51901839195,2.0,5.8e-07,1.02e-06,0.024381005210213306,0.011071778571326263,0.0073239120411445245,0.00930671279753389,0.00026957449153077096,6.988330958129371e-05,0.002897250347777769
279,4,2.9603549044105012e-05,0.11997941845261627,21834.578311326593,3.0,5.8e-07,1.02e-06,0.021154558038136984,0.0056622778908332625,0.009409420833028934,0.0005092857372640258,0.0001898418297791186,3.1294321940118385e-05,0.004464325306666669
280,0,0.00010596491344440107,0.034570396441653974,2037.0709271422108,1.0,5.8e-07,1.02e-06,0.06640257241195265,0.04597889184931736,0.005242805484279754,0.026106016261951453,0.0003963354717896792,0.00044743025667711675,0.011843671424999994
280,1,5.80092007433949e-05,0.11331261041762998,22898.33315390244,2.0,5.8e-07,1.02e-06,0.021003556898219505,0.005650985588560971,0.009071326546673307,0.0005746223410981918,0.000266226782376251,3.1694196303177955e-05,0.0039393765050000085
280,2,6.364731955042296e-05,0.0036752486200621096,19081.299431624277,2.0,5.8e-07,1.02e-06,0.03149969673228467,0.04612813562643555,0.004035331061122036,0.0015890604665963687,0.00015414673736509698,2.738420170543327e-05,0.002879315057777762
280,3,6.650315909842238e-05,0.20813147618496652,19191.23750452755,1.0,5.8e-07,1.02e-06,0.02128871917559977,0.006158914940301355,0.010216392112358058,0.0005394474325868711,0.00019268359619464945,3.2210969296696237e-05,0.003065559430555559
280,4,1.3103439385030894e-05,0.12316031753153146,12094.93583452828,3.0,5.8e-07,1.02e-06,0.02077145198692697,0.005782928208583212,0.009226363876387209,0.0005161120283794716,0.00019160300432021483,2.906859545739049e-05,0.007125901743333343
281,0,2.1944346215193425e-05,0.17449909564399085,5013.740716826387,1.0,5.8e-07,1.02e-06,0.020985926188688078,0.005679884794532939,0.008569091944098401,0.0005096780659984429,0.00020802374059823898,2.9217847015834846e-05,0.003419609066666676
281,1,1.080657014601532e-05,0.10044692506496487,21950.310322043886,1.0,5.8e-07,1.02e-06,0.021741517657913576,0.006026567957287396,0.009832307204171156,0.0005121919435285521,0.0001802375520580028,3.2211662921586386e-05,0.002678384463333322
281,2,0.00017858218547609148,0.025528731030632478,18542.60687436929,3.0,5.8e-07,1.02e-06,0.02428933396927958,0.019166125650988394,0.006695246294160774,0.008824496574504912,0.00017231442184035845,5.632557660670816e-05,0.005232365867777755
281,3,5.89492844457703e-05,0.022529263137584542,3194.16000055773,1.0,5.8e-07,1.02e-06,0.044463947898336555,0.03005654422931817,0.0032085998422285607,0.00641245312005686,0.0003382787551076927,0.000104798629198076,0.007717298525000013
281,4,0.00022916200984740402,0.2601853117113295,18825.241934568432,2.0,5.8e-07,1.02e-06,0.020423663404295116,0.008029000868295508,0.010045639386394302,0.006069461681493833,0.00019131316187637472,4.031666242868239e-05,0.003791662818333319
282,0,4.9827310169443795e-05,0.23335743238237155,11839.728436913998,1.0,5.8e-07,1.02e-06,0.023715495570346513,0.006133194464041294,0.010140202010158096,0.0005074627265468371,0.0001528098079043423,3.190555674972059e-05,0.0060658268944444454
282,1,0.00012564958770537105,0.11022010360368147,18536.477389057614,1.0,5.8e-07,1.02e-06,0.027767980771671242,0.006012170017316313,0.010040437327803587,0.003013678239573042,0.00014093365170350956,3.153868571732612e-05,0.0039084104083333265
282,2,0.0002802272196796955,0.22121832559938773,8055.820721021184,1.0,5.8e-07,1.02e-06,0.030399360708221107,0.012251034274003677,0.008256556879655586,0.011578986793750579,0.00038844354771128744,9.558360902050542e-05,0.003538706515555559
282,3,1.3837138269562422e-05,0.2792135482620701,12092.096751011435,3.0,5.8e-07,1.02e-06,0.020996695255236984,0.005892638947454661,0.009911525471813594,0.0005056600973975766,0.00020555852863199584,3.094883201593486e-05,0.002630845393333331
282,4,1.484657443193331e-05,0.22117553985916025,8025.328345031557,2.0,5.8e-07,1.02e-06,0.021056302528714096,0.005728090827808512,0.009020306961102181,0.0004952347841525817,0.00025337070269453754,2.9944449075061832e-05,0.0043049133850000115
283,0,1.9590418961033947e-05,0.22507477486318062,16379.956575066431,3.0,5.8e-07,1.02e-06,0.020852103408887563,0.005887168908810088,0.0092368446725557,0.0004928552361435994,0.00024816775511685797,3.144967698009042e-05,0.00357277374166666
283,1,0.0006212781618648102,0.05216640566037482,16630.48059653707,1.0,5.8e-07,1.02e-06,0.03010814637213197,0.013724856340896858,0.00860801704818385,0.00696341457522937,0.0003546193734750953,4.012355294789882e-05,0.003164655492777793
283,2,4.112293632001043e-05,0.19847617696095482,12163.230440636955,1.0,5.8e-07,1.02e-06,0.022374355452759436,0.006100663111795323,0.010483375000641018,0.0004916205079221297,0.00035352477559275265,3.191859163221983e-05,0.0037321416055555584
283,3,0.00029026076888532615,0.00660212402469381,8521.15423066876,3.0,5.8e-07,1.02e-06,0.11451946262891727,0.10751298314061991,0.01044235394278875,0.017923760749330744,0.00021385258876052574,0.0003252105087181504,0.00578426058000002
283,4,6.032338719077202e-06,0.17805200396061896,9828.687441427162,1.0,5.8e-07,1.02e-06,0.022198309275930455,0.005982676827801681,0.009342493783891398,0.0005158083023407805,0.0003429239309967578,3.164078279917086e-05,0.005965196668333353
284,0,3.802488340493266e-05,0.19671294145462945,10913.961991409411,2.0,5.8e-07,1.02e-06,0.022562028617507685,0.005752578872655252,0.01091600914001857,0.0004887007261742413,0.0003563484498679149,3.0807761284341507e-05,0.004862594575000004
284,1,0.00024318102468748182,0.12806832664886206,11223.178406233697,2.0,5.8e-07,1.02e-06,0.027750476277336216,0.012609928700721034,0.008979359280407799,0.010427076531687165,0.0003182836555761511,7.756909759669909e-05,0.0035806334288889102
284,2,1.0515762905146636e-06,0.23227466159302718,17708.367522885757,3.0,5.8e-07,1.02e-06,0.02395206741916128,0.00594153175695968,0.009992645681498318,0.0005083784092602456,0.00014870062602955462,3.161869993317121e-05,0.004035600126111122
284,3,1.578230259468449e-05,0.14707628468119935,22771.868539293326,3.0,5.8e-07,1.02e-06,0.020980497573293327,0.005788629851016709,0.009123362719692414,0.0005012050855828716,0.00022624913083516105,3.16563137533528e-05,0.005291529930000011
284,4,1.704712717285738e-05,0.22654425876821271,15980.137027815119,1.0,5.8e-07,1.02e-06,0.021506007689433348,0.006287440598040403,0.010484132731788642,0.0005069210219946387,0.00018766522158281465,3.225613772451626e-05,0.002933782667222218
285,0,0.00012550368006432368,0.06344462468632178,16004.43525568479,2.0,5.8e-07,1.02e-06,0.022029605100228014,0.008786699913691708,0.00811856525966159,0.005490696783636087,0.000259501681473108,3.9957856613212455e-05,0.0042192838172222386
285,1,6.238827940852899e-05,0.17599154492059274,19182.997532113648,3.0,5.8e-07,1.02e-06,0.020917522963793633,0.005652210726423465,0.009402005234969132,0.00057158694121429,0.00024413350522895852,3.1337192375403485e-05,0.002848039255000004
285,2,6.900363379754845e-05,0.28254170863109346,11597.181436063996,3.0,5.8e-07,1.02e-06,0.020966929021237965,0.005638556713126127,0.009236503184075859,0.0006282745351651742,0.0002514498387537994,3.049001391680713e-05,0.0022966392033333394
285,3,5.0867099323659824e-05,0.23087963155273222,15107.557437928248,2.0,5.8e-07,1.02e-06,0.022919819436808403,0.005962563120898802,0.010290372121483466,0.0005209121131088356,0.00037198909162825916,3.1671657396575614e-05,0.0031829309655555804
285,4,0.00016998511298579305,0.18639348004231088,2051.405232011112,2.0,5.8e-07,1.02e-06,0.06636498697165157,0.042804726650753,0.0031231032903690265,0.04801759795843394,0.0004014526057542999,0.0008656309772308754,0.00908393539666666
286,0,0.00021965523117461265,0.006382822153655709,19284.031760864098,1.0,5.8e-07,1.02e-06,0.021237632391305314,0.019420567096878057,0.007599896102136396,0.0031321941966543283,0.00015841154487823746,2.6742988856913006e-05,0.00395477701166666
286,1,0.0017239291620323705,0.29992938853557766,11460.396254336925,2.0,5.8e-07,1.02e-06,0.06368016930923164,0.03630862917724644,0.00611687078586412,0.018989024599620583,0.0004940266295281824,0.00025567242805664604,0.0026935641122221993
286,2,4.9719645411332685e-05,0.23869388677714154,24290.717738166437,2.0,5.8e-07,1.02e-06,0.028261710925010588,0.00618393867793279,0.010643621377119104,0.0004983849612079525,0.0001357424925235518,3.219596288408911e-05,0.001964598542222251
286,3,0.0009467750202879762,0.17631799715570642,11353.973639575814,1.0,5.8e-07,1.02e-06,0.03190447429011958,0.018869295145900526,0.008208380518314603,0.010884460697080026,0.00030895697829944226,8.300450744553097e-05,0.002409073015555513
286,4,0.00010801653654814516,0.06033341121842539,7164.743169510939,3.0,5.8e-07,1.02e-06,0.03160263745952129,0.021739258548795857,0.005393400115114487,0.013569402634582015,0.00025679759477646697,0.00013723339848793943,0.012567056054999998
287,0,0.00012142116872309312,0.16775031138725174,19112.50457069274,2.0,5.8e-07,1.02e-06,0.02031206635936829,0.00631385958433825,0.010270236000221391,0.0036174716929955903,0.00021956324448267495,3.2228630287409284e-05,0.0025353594455555795
287,1,1.937998978163218e-05,0.1937958527556244,12727.012353539205,2.0,5.8e-07,1.02e-06,0.021100417279794878,0.0058616009312336,0.009066863294476315,0.0005022482769334848,0.00026704379240262795,3.126975410495641e-05,0.0029758360172222192
287,2,3.893728385882075e-05,0.1550108914459868,15733.882290399833,2.0,5.8e-07,1.02e-06,0.020897716420780265,0.0057569086459502115,0.009482083660739873,0.000495674525580777,0.0002281356256552166,3.140075959300424e-05,0.0028710380388888845
287,3,2.690957699322225e-05,0.19911421380000222,3315.876666716491,3.0,5.8e-07,1.02e-06,0.02455229080124872,0.007295701534677616,0.006299860152722109,0.00047697394142903645,0.00034918679329347505,1.7540912709752054e-05,0.009121067594444449
287,4,1.1239040965070802e-05,0.30095691062228763,7885.58972569821,2.0,5.8e-07,1.02e-06,0.021547124144683214,0.00595048675606252,0.009621967773004197,0.0005093135036292985,0.00030579630178018325,3.054133525646422e-05,0.005227832281111136
288,0,1.5107816241439386e-05,0.24691888868980544,13440.556161467877,2.0,5.8e-07,1.02e-06,0.020997403532502276,0.006027453475641666,0.008725105656512503,0.0005065616755761834,0.0002377941624739565,3.16239982230881e-05,0.00376584716277778
288,1,3.9279908357852594e-05,0.15127269528885667,4086.1404862199965,3.0,5.8e-07,1.02e-06,0.02770337610776057,0.00785224697742947,0.004621536043015598,0.0004939517901978774,0.00041124474324897453,1.868534243766873e-05,0.008485614305555556
288,2,0.0006711724433010243,0.19170896389382125,2902.023457541528,1.0,5.8e-07,1.02e-06,0.0660629169482486,0.05040444074426507,0.004617306071995261,0.04342151599734736,0.00037653089637257743,0.0007191277799230661,0.006707984802777775
288,3,2.5986870399106998e-05,0.019186225263842782,7952.339701646303,2.0,5.8e-07,1.02e-06,0.049334860046762,0.022274057578437673,0.004011626961466424,0.00040805650090671363,0.0005014352955426455,1.8544431442139658e-05,0.008199074421111119
288,4,2.9611368416075056e-06,0.03292587944370964,4764.966524696656,1.0,5.8e-07,1.02e-06,0.025377872385208017,0.012033372100608612,0.006249658672229739,0.0005497770701117102,0.00029412332971210975,1.82655012712778e-05,0.0043741384344444245
289,0,0.0008212734575551652,0.23726515277029703,21102.85174958602,2.0,5.8e-07,1.02e-06,0.025483797147782608,0.012886108660054624,0.008458713036407495,0.008718494505919305,0.00028308712049131154,5.6419820612367714e-05,0.004081070749444457
289,1,2.5785596173359582e-05,0.18176237571388262,19702.584987765924,1.0,5.8e-07,1.02e-06,0.020864940761706793,0.006250737020250073,0.010193105998031122,0.0005088734417214236,0.00024626629196885483,3.2308715143753985e-05,0.0022398970811111085
289,2,0.00010885133213480465,0.2650647992538724,11409.046859101223,2.0,5.8e-07,1.02e-06,0.025536700482336888,0.006142192270433752,0.010137468181850759,0.003288600990525308,0.0004081537244994699,3.456132912568364e-05,0.002305403912222212
289,3,2.3083376629771115e-05,0.12751711802864402,19409.13276347659,1.0,5.8e-07,1.02e-06,0.02117648448476886,0.0060871506729732435,0.009428142910019003,0.0005074254182273028,0.00028804292639286896,3.219540827441436e-05,0.0031769681572222236
289,4,0.00014306921625150377,0.28515303998878516,16400.636048250257,2.0,5.8e-07,1.02e-06,0.021185508760906677,0.007160066452378696,0.009285205039210844,0.004798540873064641,0.0002696501113577594,3.686415668335334e-05,0.002785936247777787
290,0,4.301033288558513e-05,0.13685316154505447,23795.838874830446,3.0,5.8e-07,1.02e-06,0.021339838726323473,0.005721716153959576,0.008860328458744522,0.00048456501591918937,0.000287878190533823,3.1596273576459935e-05,0.006058980552222218
290,1,0.00045347730402027974,0.09993196879989232,7202.744105441457,3.0,5.8e-07,1.02e-06,0.04399636670501714,0.03590260892698922,0.004029471612052194,0.027329871486922386,0.00022014040754431778,0.00028925815699859373,0.006478940448888845
290,2,0.0008338471441264113,0.20559498432983994,24423.747283801447,2.0,5.8e-07,1.02e-06,0.02244942251460444,0.011882221716891296,0.009190080870754158,0.007650384158062551,0.00020562015213371125,4.649456566326738e-05,0.0015219596555555437
290,3,0.000310303304837778,0.16702511781518886,10228.485286697636,1.0,5.8e-07,1.02e-06,0.022613438512998643,0.011044020028519548,0.00898211763296883,0.009663958628799667,0.00022337982402483993,7.061968553257203e-05,0.0028720896766666615
290,4,0.00045726077479167404,0.2664588053892028,5878.691893654608,2.0,5.8e-07,1.02e-06,0.04409676815384809,0.026695209497876304,0.0058536834968029375,0.023936448887568223,0.0003461447297454595,0.0003020965085769938,0.006529204397222238
291,0,0.00015020997523368097,0.2142239983442145,12916.97075179752,2.0,5.8e-07,1.02e-06,0.02795237663624736,0.008890989027343687,0.009240615283667805,0.0071738129125245775,0.00039847052927985237,5.272484458438328e-05,0.0057225003083333364
291,1,0.0010462989361491278,0.13949108746071445,4893.601022501452,3.0,5.8e-07,1.02e-06,0.11400916369155928,0.0926547186837884,0.007375509846743715,0.05195756839988495,0.0003284022048791451,0.0010543375502612567,0.010794181543888906
291,2,0.0003212166880120809,0.07348720325838325,11070.471592288137,3.0,5.8e-07,1.02e-06,0.033588075214480526,0.022439735638418567,0.005577604496588535,0.016959166212907845,0.00025098607047088886,0.00013288514180523228,0.005935820498888883
291,3,3.267562741669839e-05,0.2590605144086802,24761.20104462331,2.0,5.8e-07,1.02e-06,0.021140430234275375,0.006271351227370117,0.011340320474870151,0.0004998291139960299,0.00027506790621103274,3.227832908498086e-05,0.003251441828888882
291,4,8.477510364455316e-06,0.06683391897120246,24011.802194076878,1.0,5.8e-07,1.02e-06,0.0208950788295998,0.005856678450449865,0.009413376243513072,0.0005176792033377704,0.00020857751400705135,3.2127749661662756e-05,0.0026418097555555575
292,0,0.00040368698038564934,0.2575368991925408,16176.957469846455,3.0,5.8e-07,1.02e-06,0.02672953759633166,0.012848480890622368,0.008328464815758817,0.011693517940944536,0.00014884571142365237,7.590584590700795e-05,0.003900945591666649
292,1,0.0002035450984135037,0.029816742002878302,17513.20521177014,3.0,5.8e-07,1.02e-06,0.02814681469499483,0.018767704395897714,0.006785440264059976,0.009150560560497125,0.00024139307943359133,5.9091148603228735e-05,0.007961071465555539
292,2,0.00016507477667488695,0.09644650941672385,14302.431615744434,2.0,5.8e-07,1.02e-06,0.027225007614259545,0.009710233954645625,0.008360193702010148,0.007336159940754619,0.0001553865553040563,5.214165067815507e-05,0.003876174859999984
292,3,0.0010428233250703019,0.2561011090116732,20025.328417394518,1.0,5.8e-07,1.02e-06,0.034958127829046726,0.011721154231922245,0.009128504093220621,0.006265168250595309,0.000468788409895773,3.604465667780884e-05,0.003243637796111115
292,4,0.0003222210880943285,0.09913399858622537,15426.10607248722,2.0,5.8e-07,1.02e-06,0.0245396358275253,0.012305531988373619,0.008133674582510393,0.008977534973745475,0.00025537085121142366,5.8034083227679794e-05,0.0031994696322222016
293,0,1.910040469719349e-05,0.07104471796859671,5987.904966053525,1.0,5.8e-07,1.02e-06,0.02082363869669397,0.006224824112810228,0.008503273169405341,0.00046186769748511684,0.00017360492180211297,2.7049893646764093e-05,0.005944413891666667
293,1,2.0957966763081162e-05,0.1061245299803155,22331.93392918584,1.0,5.8e-07,1.02e-06,0.02528237968856546,0.006053480292783686,0.010127962108580078,0.000507671122852368,0.00014102229599192192,3.2228060516227063e-05,0.0036518278422222328
293,2,1.2744563822330883e-05,0.041290047845519706,6200.406606252519,1.0,5.8e-07,1.02e-06,0.021063694222800865,0.008044341801327017,0.008175813855550539,0.0005613387641596818,0.0002222820052095426,2.4176258346675955e-05,0.00390939610499999
293,3,8.926804445319357e-05,0.20687051224172323,5946.872019383877,2.0,5.8e-07,1.02e-06,0.022350651962088106,0.006364911420066707,0.008529085729374922,0.003266163404044141,0.00014592094542899983,4.373823882165539e-05,0.008525621060555558
293,4,0.0002669272001217823,0.17155963716658404,8628.067969350574,1.0,5.8e-07,1.02e-06,0.02196715016694896,0.011869718151321361,0.008804198182536792,0.010834321708025034,0.00018415584842271641,8.615972460315919e-05,0.002570282162222229
294,0,0.00033795763375426717,0.28808557047241007,9353.158196493372,3.0,5.8e-07,1.02e-06,0.04592741312437714,0.018269263178407293,0.008237469605592596,0.019017955076619134,0.0005138997589845125,0.00015998972522800198,0.005453006717777764
294,1,0.0002834300790521301,0.005413088085165995,3942.8277731559574,1.0,5.8e-07,1.02e-06,0.1294060959314204,0.10689205936135197,0.009982273048455344,0.014501794821742494,0.00037737777492831355,0.0003977484858005462,0.006146716233888891
294,2,0.00027688721686203237,0.13381148381838773,7754.362984972028,1.0,5.8e-07,1.02e-06,0.034607994535475944,0.013576194637658431,0.008967810923799321,0.012470785443375411,0.0004297424645974485,0.0001010269641939017,0.0025509453983333374
294,3,0.00020449122136698134,0.05759732467560594,12051.073491768295,3.0,5.8e-07,1.02e-06,0.0315448207440123,0.018438987940357424,0.006616281042669898,0.01268145191103053,0.0002894379811502336,9.567764281584641e-05,0.005728338024999988
294,4,4.870313957515581e-05,0.297880398574089,20616.457224422153,3.0,5.8e-07,1.02e-06,0.021752194681819808,0.006137989369252216,0.010172500284068332,0.0004907476030565202,0.00017846752498092234,3.19437673409518e-05,0.0024788743344444225
295,0,0.00016505282507411708,0.17785261829139193,3703.1617293909453,1.0,5.8e-07,1.02e-06,0.035132215220426234,0.019385607326344204,0.007314799660098709,0.020552977010406138,0.0003254126377254984,0.0002555687450189312,0.0037084998172222244
295,1,7.521891156876153e-05,0.08298404596641792,9722.34348265065,2.0,5.8e-07,1.02e-06,0.023146593263743062,0.0069770218331602395,0.008023471668234602,0.0024530657678333767,0.00013895952312408864,3.102286676072118e-05,0.004949806649999999
295,2,0.00043978112283022633,0.09423725331741854,13326.723100133535,3.0,5.8e-07,1.02e-06,0.0375017516230137,0.020341797633952757,0.007098465312365922,0.014944979952833932,0.0003510953819763475,0.00010559945142963653,0.005450112480000005
295,3,0.0002570036358914281,0.2861756958162518,23281.561277144105,3.0,5.8e-07,1.02e-06,0.025785773560290524,0.008790072167218535,0.009568785165018743,0.007083669685948666,0.00014113686931382222,4.2497202948956865e-05,0.003278042442222226
295,4,2.9774409448469717e-05,0.005322372400015961,14035.512325206962,1.0,5.8e-07,1.02e-06,0.021455813842206493,0.02521346274734557,0.005976146951533554,0.0005699377335366563,0.00014987979206899005,1.8810346199539788e-05,0.005349100452777797
296,0,0.0001245811932284196,0.009961993326114714,19866.055393548704,1.0,5.8e-07,1.02e-06,0.02076848139287635,0.013321849483150003,0.007897654245788253,0.00340922663185063,0.00018662116823515358,2.8054313586356832e-05,0.005614574167222219
296,1,7.437079146348429e-06,0.2968784237610424,23225.971579299483,3.0,5.8e-07,1.02e-06,0.04254399921006608,0.006206860402449638,0.009804351853784473,0.000504613252974251,0.00023147819483696231,3.2105080518143624e-05,0.0022722455805555403
296,2,3.593486686249045e-05,0.12494272742633358,18761.88455100507,2.0,5.8e-07,1.02e-06,0.020796834349484636,0.0057508042459128396,0.009718915780574273,0.0004901468550832237,0.00023923572996425446,3.156694042955385e-05,0.0034732704477777737
296,3,0.00010795786830425853,0.187922213891313,14163.550930938463,3.0,5.8e-07,1.02e-06,0.020343184352065224,0.006879367592312166,0.008877447167384337,0.004389112281632565,0.00023780846249445476,3.865894481103937e-05,0.0023871378861111126
296,4,6.596255086102839e-05,0.19263269500296257,5592.724558252611,2.0,5.8e-07,1.02e-06,0.020714496777633797,0.0056148666239628706,0.008336386919215616,0.001266011746075971,0.0001963046939473675,2.8035447713345776e-05,0.006090450803888883
297,0,0.0009745729282998293,0.2911725394227221,24810.94320980713,1.0,5.8e-07,1.02e-06,0.025656442242150978,0.009387439171622563,0.009893310799623198,0.005207815235792197,0.0003469133411490226,3.195634247690786e-05,0.0014030006288888869
297,1,0.00042604111228297507,0.001667354032762546,2160.9552201175375,1.0,5.8e-07,1.02e-06,0.3828353536380648,0.3147806631460255,0.035979916308421046,0.008045337935058228,0.00027895562302377125,0.0012140769150216252,0.013835965550555551
297,2,0.0002289069446164994,0.28465309925419646,5721.554745719129,1.0,5.8e-07,1.02e-06,0.031654554964392435,0.01496373999947922,0.008223878590256894,0.01546306444355401,0.0003478964917717181,0.00015431684933839426,0.0018872647305555462
297,3,0.00018554912069532986,0.26086477744472897,16866.08837913951,2.0,5.8e-07,1.02e-06,0.020660348056202524,0.00813476751939556,0.010542991354354802,0.006179220455082142,0.0002295844486060717,4.2427926314021004e-05,0.0037909711233333476
297,4,1.7861889835142437e-05,0.08722306916306483,22805.7469603053,1.0,5.8e-07,1.02e-06,0.034421177824690535,0.005962976140413294,0.009979932365675856,0.0005125052073117679,0.00016258753151402011,3.217097533415852e-05,0.003050659828888913
298,0,0.000254867004624216,0.20607960153225502,22875.808403668463,1.0,5.8e-07,1.02e-06,0.019998820626242895,0.006711767979532608,0.009499824012090862,0.004144926246005684,0.00021421775358564546,3.203782429676543e-05,0.0035092796827777967
298,1,3.453803444755605e-05,0.15179536513203,22377.46023836473,1.0,5.8e-07,1.02e-06,0.0221061507227644,0.006210197752740842,0.008987826648139593,0.0005015843775118983,0.00034532527285965745,3.2321225126547346e-05,0.0029803541827778113
298,2,5.100616249542432e-05,0.04045291385630073,6773.52506127619,1.0,5.8e-07,1.02e-06,0.023372929945934113,0.0082066703660573,0.008057360148987893,0.0011196845928086532,0.00031567038472968744,2.5399095990050918e-05,0.006879452398888888
298,3,3.8372620150053405e-05,0.27629496695592126,23697.153165955166,1.0,5.8e-07,1.02e-06,0.024477065986781732,0.006415660212014437,0.009932212087620353,0.0005002933589391677,0.0001478427473757487,3.243589376446709e-05,0.0024191782961111297
298,4,2.4037243623281973e-05,0.2792208466489353,3582.271203226173,2.0,5.8e-07,1.02e-06,0.023554703957067394,0.005690998786568899,0.007801538794598603,0.0004886469860697647,0.00036975677842225493,2.410765985153656e-05,0.009156370065000016
299,0,8.48295031131108e-05,0.17691863149395698,19886.404619351277,2.0,5.8e-07,1.02e-06,0.027069864082476525,0.005579718842737019,0.008856713517882581,0.001095287584979394,0.00013581053156949937,3.1555280017823475e-05,0.002540888853888909
299,1,0.0002451416402316942,0.29550736828777496,12666.64772565583,2.0,5.8e-07,1.02e-06,0.022414233669672757,0.010205421327840625,0.00863450228536978,0.008951681154499777,0.00015935470969911047,6.554516366586122e-05,0.0012276201288888566
299,2,0.00027430317366445054,0.2647992629253285,14641.88209132057,2.0,5.8e-07,1.02e-06,0.02209234939069502,0.009658010302674871,0.009882198043329044,0.008092719019926217,0.00023431488659696675,5.560993168587236e-05,0.002086205380555553
299,3,0.003215420423029697,0.2885960908043792,8543.904371476667,1.0,5.8e-07,1.02e-06,0.057003252271131254,0.04513762650804242,0.0065352358715874935,0.012114253781391153,0.00031025255547543145,0.00022351179045323208,0.0020618418811110956
299,4,0.0001543207491015437,0.17547256322157787,8173.683335881575,3.0,5.8e-07,1.02e-06,0.036408476225100565,0.015318505746965347,0.008571999197415692,0.014894566735398346,0.0004146939302460493,0.00013739148719491709,0.007342525135
300,0,0.00015205306427921997,0.05355398079807209,10660.342372374058,3.0,5.8e-07,1.02e-06,0.02623778197179003,0.01923537064337361,0.0062843876657466225,0.012838199786131023,0.00017147274608078148,0.00010545476321817934,0.009631412699999994
300,1,1.1809709295727734e-05,0.28497095968937625,14668.482806859398,1.0,5.8e-07,1.02e-06,0.021367207420607267,0.006355270071629259,0.010133189592917174,0.0005094889357039939,0.00030823729992585433,3.227833649564315e-05,0.003014790465000014
300,2,3.621387762070116e-05,0.15750255290525317,3004.2617123468813,3.0,5.8e-07,1.02e-06,0.021366735272139697,0.010005564330522236,0.004225322615641863,0.0006343593230488284,0.00020523240678607538,2.108402249346312e-05,0.015671948176666672
300,3,8.684987461265056e-06,0.24217417436927108,18614.00642824077,2.0,5.8e-07,1.02e-06,0.020930398760962778,0.0061629119741517845,0.01009058110621878,0.0005099067665111017,0.00021710624224716255,3.206131328930842e-05,0.0039047595583333317
300,4,1.4710634522881884e-05,0.2816580950526492,16594.42050342494,1.0,5.8e-07,1.02e-06,0.02132663063938961,0.006374265641282104,0.010322926913502053,0.0005059245467404721,0.00019487479174688828,3.23339170182416e-05,0.0015384465738888936
301,0,0.0001233602559676685,0.1130173112802652,9947.004119438472,1.0,5.8e-07,1.02e-06,0.02035799828173884,0.007504286718857572,0.00929433783992957,0.005142385983471622,0.00023699624171024934,4.384490445403271e-05,0.003726076098888864
301,1,4.6294527222223636e-05,0.2741631649130464,13295.829631132397,1.0,5.8e-07,1.02e-06,0.02156114924477498,0.006269272967130687,0.01022979268931106,0.0004938420420112763,0.00018596886706473108,3.212417867250141e-05,0.0026105630455555695
301,2,6.859693396023464e-05,0.07050542319674262,11323.720425809219,2.0,5.8e-07,1.02e-06,0.02116168256906291,0.006646350527385138,0.007708675818949078,0.0019429601807655836,0.0002658553173030792,2.886413439329086e-05,0.008227311946666663
301,3,8.603071914339325e-05,0.20360836456359066,24847.86317254307,3.0,5.8e-07,1.02e-06,0.0314957802176108,0.005626163424618929,0.009921718766620747,0.0009294523360417057,0.00014838614996416234,3.1663002387347886e-05,0.002895819010555578
301,4,0.0006328492827617101,0.13901669244675113,18641.45044794417,2.0,5.8e-07,1.02e-06,0.027110467436353213,0.013579463469584066,0.008449120874594976,0.008862624447757227,0.00029682361235327533,5.911635778525475e-05,0.004123652284444418
302,0,3.514868034159733e-05,0.12738949354101156,6418.51758977786,1.0,5.8e-07,1.02e-06,0.021247926731216716,0.005627868994480453,0.009040957269612421,0.000489671770734429,0.0002818726479428747,2.9576715987976792e-05,0.0031513286172222127
302,1,9.312423311021071e-05,0.0022872590998329603,12385.295132421097,3.0,5.8e-07,1.02e-06,0.14158462669990166,0.1373647298562886,0.01130765552132664,0.002541591214824316,0.0001935509822363362,0.00018544039455916338,0.007615555613333352
302,2,0.00012370273391487956,0.1618823648983994,5516.443297140468,2.0,5.8e-07,1.02e-06,0.023694446253118614,0.014300393007894199,0.007057557158754187,0.013220207544448364,0.000164395868917568,0.00014900068997187124,0.00609769416888889
302,3,0.0016764819018528652,0.21079875232480635,13024.621530875587,1.0,5.8e-07,1.02e-06,0.03874042126543473,0.023933794446003437,0.007623780195831358,0.008982189543192331,0.00033979665048636606,7.827784369022113e-05,0.0014769003872222158
302,4,0.00027587811440878346,0.1315446382399599,10858.492618995138,1.0,5.8e-07,1.02e-06,0.021827775266368917,0.010319274234667856,0.009158991384746304,0.008649937045990893,0.00021563511556792818,6.143774599410769e-05,0.0034211800505555556
303,0,8.165314106877657e-05,0.24086384170372366,20581.973625038838,3.0,5.8e-07,1.02e-06,0.022133473333472414,0.005687970787457814,0.009893802115852375,0.0007704804190351036,0.00016650510706048968,3.156370131497666e-05,0.005216315323888901
303,1,0.00016982415957936985,0.2503679863312145,18158.52509309742,3.0,5.8e-07,1.02e-06,0.026848080203061193,0.00892391688226965,0.009888576408525212,0.0072180053277883585,0.0003663808529830364,4.7039474761677876e-05,0.0018468179899999715
303,2,4.5287943969954235e-05,0.1844933357513134,3609.280136081904,2.0,5.8e-07,1.02e-06,0.020962650115602836,0.006137150253546359,0.007143512070403889,0.0006275356774022492,0.0002311571422986487,2.200703426201728e-05,0.010286686033888895
303,3,3.970004386222773e-05,0.07811126854053475,21781.533723418586,3.0,5.8e-07,1.02e-06,0.022540693424234027,0.005721935442906241,0.008991334592884108,0.0004924858657269726,0.00015237782856924263,3.0579393453032294e-05,0.002821791477222224
303,4,0.00018394504223910534,0.13396938718816603,14729.264349598305,1.0,5.8e-07,1.02e-06,0.020985171843027377,0.00773875887709976,0.009059712352930085,0.005625919514983722,0.0001571640736219102,3.9097466998386524e-05,0.001970381874444413
304,0,1.6463476502388235e-05,0.11541135775325018,9351.463370432699,2.0,5.8e-07,1.02e-06,0.0214985738212486,0.0057490250927778085,0.00862235486444689,0.0004976622771471606,0.00016436928740574592,2.8922055427744173e-05,0.006282674568333327
304,1,3.3373854482366164e-05,0.1759396783924698,16572.923023278716,3.0,5.8e-07,1.02e-06,0.02091713551032227,0.0057475845236818306,0.00912349098900671,0.0004957348865784523,0.00024352314655000848,3.113562885385372e-05,0.003074667748333315
304,2,5.752835001055736e-05,0.08527797791838683,12169.166144321127,2.0,5.8e-07,1.02e-06,0.020949677773108827,0.005808171958482496,0.008533767576754564,0.0008676727990097367,0.00018560825429951567,2.899635034807837e-05,0.006797418449444467
304,3,3.324783077855927e-05,0.16405691252953064,4676.1863448979,1.0,5.8e-07,1.02e-06,0.028013172268222825,0.005616128085032766,0.009051264325282408,0.0004915841199252708,0.00013732354964377013,2.839068759131004e-05,0.004975835664999997
304,4,7.987127455349089e-06,0.24097854063890578,7822.162017767207,1.0,5.8e-07,1.02e-06,0.021338783977872807,0.006068097596634029,0.009737003887855738,0.0005162735449277189,0.0002910233184542885,3.148030025972814e-05,0.002986926019444447
305,0,0.00015816800424386387,0.18743770728938705,16121.321721073637,1.0,5.8e-07,1.02e-06,0.02267207137208568,0.006882390916646118,0.009886075967626513,0.004401080187512118,0.0001469827468312064,3.384763431694822e-05,0.0017965668133333446
305,1,4.186712104167723e-05,0.29258727635999415,6795.400139685482,1.0,5.8e-07,1.02e-06,0.025348626642156563,0.006077754291087676,0.009306984415002975,0.0004928578732194729,0.0004384258960567283,3.121483726862082e-05,0.0025329219738888797
305,2,7.201067057843936e-06,0.03523246003701279,18062.015498673114,2.0,5.8e-07,1.02e-06,0.02296275630099262,0.007040581632923586,0.008785850479033337,0.0004902434960804278,0.00013642610560428447,2.8928922248035896e-05,0.0038358473144444044
305,3,7.971830719282734e-06,0.16085407823135686,22474.20737127066,2.0,5.8e-07,1.02e-06,0.020938039940988928,0.006001615172670757,0.009630363283053368,0.0005009331899440885,0.0002115816817726861,3.204903001099927e-05,0.004075413462777774
305,4,0.0011634348288944729,0.10388496435257705,11756.790859979781,2.0,5.8e-07,1.02e-06,0.04190542927616748,0.032544068035790824,0.005420689731621413,0.0164379986462984,0.00026493851700942354,0.00018915742427301255,0.0028281974622221956
306,0,0.00016089016951503773,0.05079469754685505,6562.443162493103,3.0,5.8e-07,1.02e-06,0.039750296729898715,0.033197557753174976,0.002624432829071767,0.02313837134434908,0.00022269204972136467,0.00024014109174755219,0.009883025790555541
306,1,8.030303538428247e-05,0.27716813196423534,23605.252050365343,3.0,5.8e-07,1.02e-06,0.02379237163981524,0.005897787344430372,0.010651283698267356,0.0006309476511700804,0.00015039290859669143,3.18829578357477e-05,0.00296485838888888
306,2,4.4808185313277156e-05,0.16931993547340218,23143.75762537234,2.0,5.8e-07,1.02e-06,0.043368039966363854,0.005991504870903063,0.010535435917722684,0.0004957281945894217,0.0002442026819205665,3.202011029260675e-05,0.003270210531111095
306,3,0.0005547319913884305,0.06879508663297458,4804.739949103801,3.0,5.8e-07,1.02e-06,0.08517742299780977,0.06840276401201885,0.005256299868281519,0.04234358889888526,0.0003127203270946363,0.0006553971066281941,0.011652977993888897
306,4,9.99973991754202e-05,0.24482277496883473,24710.381828666403,1.0,5.8e-07,1.02e-06,0.0316146601407083,0.006036349476782092,0.009816819074978646,0.0007368422072829643,0.0005517390023529633,3.22354170576126e-05,0.002313074311666677
307,0,0.00037152053770864667,0.23918908373441947,6044.098249913506,3.0,5.8e-07,1.02e-06,0.044359903395455626,0.029958218274054482,0.005958857660373559,0.03140467660167308,0.00027335457322663376,0.0003417629066502165,0.00728472427722221
307,1,0.0008801199423012863,0.1911166506732374,23560.67315681968,2.0,5.8e-07,1.02e-06,0.02371352933799939,0.012314299812712322,0.008371627319372873,0.007749361377175122,0.00025764209273057716,4.8035120080388595e-05,0.0036853994350000002
307,2,0.0008583056593125605,0.22552470975664995,19567.36321263077,3.0,5.8e-07,1.02e-06,0.027629647031949322,0.019127296509374194,0.008636575829778345,0.013028194253248464,0.00018155645456348593,7.717172886204523e-05,0.0038063958916666613
307,3,6.703220681522788e-05,0.29512897957323203,3947.0928074003587,1.0,5.8e-07,1.02e-06,0.020864362563050156,0.005592254021328704,0.008941377557003215,0.0007891330233022622,0.00023461654440720247,2.8932739978411808e-05,0.003541798173888916
307,4,4.040791695518604e-05,0.009795365156229485,4596.965727291376,1.0,5.8e-07,1.02e-06,0.05724432571561916,0.04310887246684888,0.005120763418278248,0.002225175450821608,0.0003194723848728552,6.724939233077817e-05,0.004860215043333296
308,0,3.93251320108897e-05,0.28304384580245057,14096.761615528241,2.0,5.8e-07,1.02e-06,0.024138669982948283,0.006110760854865951,0.010206174868801892,0.0004932665749883338,0.00014855356741350802,3.173466801116314e-05,0.002673328099999997
308,1,5.8453668375988694e-05,0.2003273263098943,7408.034609309624,2.0,5.8e-07,1.02e-06,0.02434600241754085,0.005492035667753053,0.008409892132053192,0.0006499624981882047,0.0001396236563477209,2.8749677317384788e-05,0.00544129469944446
308,2,0.0003831934438954534,0.1254922908636012,18713.63618938245,1.0,5.8e-07,1.02e-06,0.020488155767684813,0.008198969220733479,0.00947916184077537,0.00584745294460019,0.00021599419745664054,3.609694389736305e-05,0.0025381557449999648
308,3,7.39583829239847e-05,0.1840816007846475,6998.870915452458,3.0,5.8e-07,1.02e-06,0.021125150902806516,0.005959915971068141,0.007920498858030728,0.0017444243669118833,0.00015989078018827972,2.9738267377048103e-05,0.007856686767222246
308,4,8.861146134690583e-06,0.2454959464265558,9496.046706759604,1.0,5.8e-07,1.02e-06,0.021228240059186526,0.006156548200622721,0.010213913288018446,0.0005028322303453904,0.00019369577438025048,3.1809718454346146e-05,0.004864018445555576
309,0,4.7441230339359947e-05,0.14332323932559604,11812.080908177988,2.0,5.8e-07,1.02e-06,0.022917267136908243,0.005584750937058146,0.009119367172452406,0.0005301554402266002,0.00015200571647396163,3.04118630577798e-05,0.004635419073333355
309,1,0.0004598476871643085,0.016733536412920767,11240.267439562158,2.0,5.8e-07,1.02e-06,0.04886135461071069,0.03907250462296624,0.0035997052936017314,0.012951971712413836,0.00027909291617567823,0.00014388318111888598,0.007005632536666639
309,2,8.583756108209124e-05,0.18495357279130886,12001.497386613224,2.0,5.8e-07,1.02e-06,0.02049853939209126,0.0054829275249915045,0.00962861744530539,0.0018502530651082147,0.00022979714268078823,3.068494722180776e-05,0.003753484246111119
309,3,0.00022905865890273077,0.19311845453055737,16136.232328070038,2.0,5.8e-07,1.02e-06,0.02109787522009947,0.008868475154708242,0.0092227653193671,0.007086994449166675,0.00015842919685557546,4.799256637697658e-05,0.003494159694999985
309,4,4.0382817454309505e-05,0.23231967317660274,9380.275803331682,2.0,5.8e-07,1.02e-06,0.020860109025209794,0.005780612724869137,0.00933584357645111,0.0004881217152592531,0.00024426904970470425,3.0529088902615784e-05,0.00610528367666667
310,0,9.103211176380007e-05,0.1037971558169793,20077.266565630576,2.0,5.8e-07,1.02e-06,0.022806287465018338,0.005543247998532369,0.00996749508360314,0.002085778988612484,0.0003551450875840161,3.0983084235420076e-05,0.004278418627222225
310,1,2.7758088848191832e-05,0.08995310976313696,6355.274294554152,2.0,5.8e-07,1.02e-06,0.032015610793037975,0.007108275846212653,0.0082078975911527,0.0004512226295195318,0.0004951809190407256,2.3649603213421694e-05,0.007524653568333345
310,2,4.5241689516773426e-05,0.13517361037199002,9070.05762234477,1.0,5.8e-07,1.02e-06,0.022833403123837095,0.005699171833660945,0.009654330792232288,0.0005307997487007543,0.00015593506681325326,3.0925510030311265e-05,0.0028412214722222245
310,3,0.00015377797403416755,0.2539379965279866,9456.063712075695,1.0,5.8e-07,1.02e-06,0.020994434208683146,0.008309155817370543,0.009402994948092089,0.006358568416763311,0.00016259151688396934,5.3064217576532656e-05,0.0044706419000000025
310,4,5.241502808439785e-05,0.2692359177143827,13991.370152623238,1.0,5.8e-07,1.02e-06,0.02241956478264906,0.006252925265360969,0.010506845023157388,0.0005065589178565345,0.00016790100177820904,3.2129781083228475e-05,0.004999002558888882
311,0,0.00018190355745125751,0.2109462645718378,23915.625525988853,1.0,5.8e-07,1.02e-06,0.031498491409806643,0.00631086987662829,0.01017744826454309,0.0033157484393912234,0.00015798033335124854,3.177548133503595e-05,0.003962262473333339
311,1,0.00014842476765974128,0.15170534318241355,18670.991428537945,2.0,5.8e-07,1.02e-06,0.025861567187110357,0.007316143626122378,0.00930684238189254,0.0050536742333107156,0.00013854894793114355,3.634383239542477e-05,0.0034235416877777813
311,2,9.222761708257777e-05,0.17304428645921718,20367.990575881584,2.0,5.8e-07,1.02e-06,0.020450122368456104,0.005559723332389794,0.01016574939626156,0.0015664925471132395,0.0002361806662599795,3.147346351837889e-05,0.0032478845488888852
311,3,0.00014497371027224018,0.15806169777719264,19396.097177636515,1.0,5.8e-07,1.02e-06,0.026246856440243865,0.0062480892316730706,0.010473350278271914,0.0033299406078568946,0.00042923279388708247,3.1752377903277834e-05,0.0012337998555555507
311,4,2.67944350069033e-05,0.18356454864888253,6925.8478119907595,3.0,5.8e-07,1.02e-06,0.021260833653328315,0.005847551633885611,0.007375396974876224,0.00046907787816332985,0.00017339294748188383,2.6161707717605208e-05,0.006933301713333312
312,0,0.0002577287686099292,0.22644021089414978,7958.842440411062,1.0,5.8e-07,1.02e-06,0.02866741643404475,0.01256059915703997,0.009130071747382845,0.012098957512891924,0.0003369515182635374,9.952978345893476e-05,0.0021695587561110924
312,1,0.00084831496780997,0.07876370701168751,4860.242885050859,2.0,5.8e-07,1.02e-06,0.08635337921394688,0.06391474665217493,0.005354016406222298,0.03698238595555967,0.0004044865946345999,0.0007204974846576322,0.009378796950000004
312,2,5.694647163015186e-06,0.29145382180149165,21336.357481871222,2.0,5.8e-07,1.02e-06,0.02093806286409242,0.00628960019184942,0.010405271466948716,0.0005086945989068861,0.0002532010998962172,3.223889876283349e-05,0.0022250967733333377
312,3,3.109945210594004e-05,0.26426047312324213,23645.029179670226,3.0,5.8e-07,1.02e-06,0.02098904313634778,0.006152403212115288,0.010546502689682317,0.0005029377484074791,0.00022072327723621267,3.207416316052678e-05,0.004302002060555546
312,4,2.5859037918177984e-05,0.18803693616503847,23389.604931790473,2.0,5.8e-07,1.02e-06,0.024862179113430277,0.00610231217328315,0.01051423906968591,0.0005015011413852258,0.00014288487250992054,3.213537493623124e-05,0.004639233092222195
313,0,0.0002486449275315288,0.17846328305592066,15642.395454544825,3.0,5.8e-07,1.02e-06,0.026866934994671295,0.011980156230950015,0.009398008659930932,0.01096708301809171,0.00029672375697038734,7.212531286752637e-05,0.005237218590555551
313,1,1.529190377118353e-05,0.28975890250307873,10785.034995932901,3.0,5.8e-07,1.02e-06,0.02081066234634687,0.005861919163231188,0.009970639784948306,0.0005035901769412658,0.00022145177174018858,3.0617164180848904e-05,0.0027818475699999956
313,2,0.000605732489678244,0.006978961532232396,15124.865129554792,2.0,5.8e-07,1.02e-06,0.06464712110200505,0.049990438063204086,0.004638814124043683,0.009272269182352811,0.00032207385952261376,0.00010856278657554335,0.006268100447777772
313,3,3.061778322106873e-06,0.23223881871056687,7505.5975404388555,2.0,5.8e-07,1.02e-06,0.02102983224804102,0.005744130604708673,0.008961670269371112,0.000499956011506097,0.00023906840969212996,2.9818643668621775e-05,0.005120635844444443
313,4,0.003645525170091145,0.07393257729461739,4360.926321922461,1.0,5.8e-07,1.02e-06,0.12168318658367668,0.09476848151257546,0.006719038857437079,0.01834943196786187,0.00042218569582057916,0.0005944348297804163,0.007307925483333311
314,0,4.165330267854821e-05,0.12293055404706854,14033.164837002558,1.0,5.8e-07,1.02e-06,0.024351160970542896,0.005869673974999403,0.009971766458584738,0.0004981015150781275,0.00014463765989320343,3.176080066289051e-05,0.004760024650555542
314,1,0.00011508989454974493,0.24798891978943213,3481.7271422833455,3.0,5.8e-07,1.02e-06,0.03812173352700099,0.017669889896891573,0.005454701113372408,0.01712512721303618,0.0004060808907567019,0.0002584341432034603,0.010991362929444456
314,2,0.0004579099836057105,0.16513379512341483,16023.56898150445,2.0,5.8e-07,1.02e-06,0.028220956401861303,0.01211717090440699,0.008383025520100326,0.008593315980799482,0.00034250465218316006,5.8993831254033376e-05,0.002638397423888869
314,3,3.4363753812200814e-05,0.259990569303936,16532.187254638808,1.0,5.8e-07,1.02e-06,0.021664374668201012,0.006330188963284307,0.010414625211936432,0.0004968474059347372,0.00018379116943818594,3.229079473762296e-05,0.0037090195977777934
314,4,0.0001235285328720911,0.24070317792098506,22342.89127537549,2.0,5.8e-07,1.02e-06,0.02068905033544121,0.005958611236174635,0.009206455146560483,0.00276845228460958,0.0002799711807026963,3.1628066354062506e-05,0.0019177860705555383
315,0,0.0008308842510377869,0.08636179909614948,9703.19977265341,3.0,5.8e-07,1.02e-06,0.05473185146588,0.04550552249229011,0.004118014643505977,0.02386147578706384,0.0002559444213687939,0.00029497558423250916,0.005727935195000006
315,1,0.00017972424474085657,0.06591143917170451,17979.888371448054,2.0,5.8e-07,1.02e-06,0.021276818000688407,0.009358129652663983,0.008574148097527032,0.006140707659244305,0.00021850150972867473,4.077627329084584e-05,0.0032102912372222042
315,2,0.0001818297966491189,0.07385451715184105,10233.093098195342,2.0,5.8e-07,1.02e-06,0.02772753435050922,0.014479998531459223,0.0071269601163331,0.01089599224347841,0.0002912510087445474,8.469512639112539e-05,0.002919742733888883
315,3,0.00023590151667381363,0.1456859734371197,12010.099823805547,3.0,5.8e-07,1.02e-06,0.030439894698947704,0.014671187503229996,0.008120764227773969,0.013604977651190814,0.0002975038388762081,0.00010165195594575411,0.005935434170555559
315,4,0.0001639863209247502,0.04883285822904031,23736.917380672636,1.0,5.8e-07,1.02e-06,0.02018283422346761,0.0064879140995493245,0.009990449885151817,0.0035552379079857766,0.00019360218709408496,3.1171917531634095e-05,0.0028541554899999683
316,0,2.4909667196456268e-05,0.11611809825012463,21374.983417358173,1.0,5.8e-07,1.02e-06,0.022775826778208014,0.006078830892129165,0.009471400469113885,0.0005083181952680709,0.0001621292351778128,3.2226405947732047e-05,0.0026398917449999976
316,1,0.0004188571022257489,0.16997233552634491,21010.339873448924,2.0,5.8e-07,1.02e-06,0.022349649400803123,0.009311306201297767,0.00926438657916072,0.006417453739370441,0.0001504875203563116,3.976530016443353e-05,0.00204816184666666
316,2,2.798041855367752e-05,0.1493505284282155,7349.899411047486,3.0,5.8e-07,1.02e-06,0.020785732127381783,0.006157902104230169,0.007357161584300549,0.0004950213026022546,0.00020073091920504618,2.5413894505115604e-05,0.009580566540000016
316,3,2.460623120232008e-05,0.27071911938615656,3163.217241364057,3.0,5.8e-07,1.02e-06,0.03598048918653745,0.0061402919299547816,0.0075094920667422545,0.0005725016486956168,0.0005732913925582634,1.9057151116910127e-05,0.006587642668888893
316,4,0.001587258505422497,0.17483784892395285,23338.051712933506,2.0,5.8e-07,1.02e-06,0.021473236037582638,0.01956523589080228,0.007562546246473523,0.009533020694889855,0.000148582695425434,6.777216356511179e-05,0.0023432985449999694
317,0,1.2256312202739937e-05,0.06321101698693826,3805.0242146368987,2.0,5.8e-07,1.02e-06,0.025113288950672646,0.01403340983795385,0.004964586739651319,0.0005957402391949532,0.0002664682093743576,1.9421331348995102e-05,0.010565204267222211
317,1,0.0004933520524173818,0.029150597362429385,23074.493981237247,2.0,5.8e-07,1.02e-06,0.022661173745160204,0.015882243012027248,0.007777679974923489,0.006705556743135271,0.00019561854300823362,4.0715051298452545e-05,0.003998940832222228
317,2,2.7896574887496984e-05,0.2826642990815919,6395.408165879688,1.0,5.8e-07,1.02e-06,0.02099741264555865,0.0060754434598224265,0.009385754478273051,0.0005040753539037526,0.00021674959934307693,3.108450072949061e-05,0.003417376185000015
317,3,0.00015033858451387144,0.04206212519265993,22144.01989747309,1.0,5.8e-07,1.02e-06,0.020223428447211887,0.006723575880835897,0.009316848888110118,0.003622166896542213,0.00019517263007141767,3.1036384014234974e-05,0.003176412666111114
317,4,0.0003074640826455345,0.0024784058206121385,23277.864495681693,1.0,5.8e-07,1.02e-06,0.026145416221246106,0.028038398509150714,0.007950675358961715,0.0010241592588774494,0.00015340584578419657,2.2050524026328444e-05,0.0020296349583333456
318,0,1.3369713368407364e-05,0.12007078702112547,16860.170124386656,3.0,5.8e-07,1.02e-06,0.026755891182173214,0.005657680578737959,0.009304750944522761,0.0005134732799546866,0.00013463933390533145,3.058722814088511e-05,0.004172447504444468
318,1,0.00011719899991742747,0.22738174196739963,18564.161885273727,1.0,5.8e-07,1.02e-06,0.0209750945590684,0.005833555732597168,0.010256353231324332,0.0017354552651570106,0.00029834583521973164,3.1803968977389924e-05,0.003148468949444455
318,2,0.0007758966869557002,0.24828000976189607,21736.514961027344,2.0,5.8e-07,1.02e-06,0.0239961398895872,0.012150345165428407,0.009485264305825395,0.008256327951082158,0.0002588388952641391,5.2217600664944506e-05,0.002134542010000004
318,3,0.00021527061987044083,0.2422240470510635,20235.035287225946,3.0,5.8e-07,1.02e-06,0.024405730807656786,0.009301512198204508,0.010200641020183076,0.007758622365144293,0.0003060009659656396,4.742104750140693e-05,0.0012097556005555288
318,4,0.00030366632585712185,0.10563905230174739,11575.632613261674,1.0,5.8e-07,1.02e-06,0.026080350125042572,0.010840982558593384,0.00858713409439135,0.008774880411555372,0.00032995787419924937,5.869575562412061e-05,0.0051327318400000155
319,0,0.00015577594011238129,0.023000479924713577,12771.099762467758,3.0,5.8e-07,1.02e-06,0.05527170770659451,0.02634410732201159,0.005496706161933093,0.010800470464737791,0.0005170221705687026,8.097357989448131e-05,0.003854745493333353
319,1,0.00016494358228269807,0.1668150298615587,17811.08567163223,2.0,5.8e-07,1.02e-06,0.02053604024776002,0.0078094986846207045,0.010066827707744976,0.005729681343131674,0.00021266960389864782,3.955663279237123e-05,0.002455874002222219
319,2,0.0001229529303904845,0.21482313478272605,13491.74002947738,2.0,5.8e-07,1.02e-06,0.02101942176906076,0.006954385637718189,0.00994859856637136,0.00459310537455468,0.0002778455616057605,3.8681345649255025e-05,0.003390652009444453
319,3,0.0003910293055007263,0.25366350573031854,2173.613197748172,3.0,5.8e-07,1.02e-06,0.10954682058269612,0.07165121104482276,0.005061823740783667,0.08307804997198254,0.000474315847702453,0.00147154593114337,0.01100626222722223
319,4,2.3684298957546983e-05,0.142280555541243,9283.534122921486,3.0,5.8e-07,1.02e-06,0.02145538140641697,0.0058358754012249525,0.008495215654681738,0.0005131595960408327,0.0002659866896746127,2.7735571665067973e-05,0.0036551978866666973
320,0,0.0001276735994192925,0.08399722682824329,19511.295672586155,1.0,5.8e-07,1.02e-06,0.02345128816909997,0.0061072181451799,0.009189140223225528,0.0032129006976991926,0.00014188974077425086,3.147687078682806e-05,0.001684400328888891
320,1,0.00014050662094516612,0.0732897983313346,15221.780066172869,1.0,5.8e-07,1.02e-06,0.019941642384199976,0.00714418534823408,0.009134307922752062,0.004590637115133329,0.00019954234289320836,3.425895672233531e-05,0.002561308060555545
320,2,1.2654226333445952e-05,0.05941898402406994,7153.3072010851065,2.0,5.8e-07,1.02e-06,0.02812824708820705,0.008814831761740353,0.006073450125884612,0.000552585010848401,0.0004049506278437169,2.2057116161319762e-05,0.006751723811111124
320,3,0.00019093153491003888,0.10218099224793437,23757.161678148375,3.0,5.8e-07,1.02e-06,0.02866419851859601,0.009010721720880216,0.00857521097520497,0.006822962171971391,0.0003999452776112667,4.078751796059189e-05,0.005674109354999984
320,4,0.00010499517748342929,0.18627622220949155,7512.933225434363,2.0,5.8e-07,1.02e-06,0.02045422040064961,0.00791909620024206,0.008952372496925426,0.00556982832735402,0.0002265837646525362,5.826137249523042e-05,0.0027350564311111186
321,0,8.739141116676107e-05,0.19238909859468578,16684.596561072256,3.0,5.8e-07,1.02e-06,0.027409750913393982,0.005423422709172756,0.009640084382477656,0.001399783355732505,0.0004643642096222314,3.078460445716844e-05,0.002972931995000011
321,1,2.6073795745325717e-05,0.09044161384646761,13598.64526651412,1.0,5.8e-07,1.02e-06,0.021170912571803008,0.00573217720450761,0.01011452319965944,0.0005019964833024757,0.0002758786334394305,3.151926513784244e-05,0.002986998225555551
321,2,6.045123631751642e-05,0.1571519660070582,20459.818242359066,2.0,5.8e-07,1.02e-06,0.021985676451687725,0.005778665553288948,0.010394785011383093,0.0005634132566740744,0.0001698111478386472,3.176030789021469e-05,0.0033833240327777736
321,3,0.0017158858841668978,0.24314240680854943,22920.370291599786,1.0,5.8e-07,1.02e-06,0.023271100830083647,0.014571365241529638,0.00889129029970747,0.005520144243886337,0.00020743474036923832,3.55346005289629e-05,0.0028288453611111097
321,4,0.00014483746616957067,0.15965239688231345,24021.49478621422,1.0,5.8e-07,1.02e-06,0.020425325821688614,0.005947174938609078,0.009683257244200468,0.0025821415440146433,0.00024394318914792816,3.175226819364144e-05,0.00271147766666667
322,0,0.0009505794874968918,0.24816562397586606,11235.778877311599,2.0,5.8e-07,1.02e-06,0.03394422938638636,0.024276054009903656,0.008749696638077346,0.016870479241139266,0.0002647587655842744,0.00017987709941825103,0.0032656996333333133
322,1,0.00027124244030062917,0.005961441578013114,4738.311839715501,2.0,5.8e-07,1.02e-06,0.13308141547711239,0.14255825762503654,0.01602433760874764,0.024173183168170975,0.0002323923970944395,0.0006435004413664589,0.008221352846111113
322,2,8.411624452853644e-06,0.16763191228700788,15170.497186416125,3.0,5.8e-07,1.02e-06,0.021100431495270678,0.005709912515438961,0.009107839797411607,0.0005175623240227359,0.00019116541718210337,3.0892730687649216e-05,0.004850431884444464
322,3,3.617509773693427e-05,0.2224518604903902,14179.04788873621,1.0,5.8e-07,1.02e-06,0.021320266336056094,0.00622713350517539,0.009785383583242928,0.000497489175697859,0.0002940726795044143,3.214226213351981e-05,0.002498115199999998
322,4,8.883518133916628e-05,0.18097557630804903,13882.448968872593,3.0,5.8e-07,1.02e-06,0.02488285820204882,0.005511401020741183,0.00967550254731496,0.0019051525981128939,0.00013630617910281655,3.030791597002431e-05,0.005173842575000004
323,0,7.964712155355553e-05,0.12595644288004595,21625.029488391167,3.0,5.8e-07,1.02e-06,0.02334265200648497,0.005421251582274092,0.009163482905882158,0.0012581116731756724,0.00037118653616718657,3.093190231533781e-05,0.005857341531666671
323,1,0.00027662114953856464,0.013009818896796074,20837.795819844927,1.0,5.8e-07,1.02e-06,0.020971946261751112,0.01355951868215218,0.00866961138358799,0.004121621217835487,0.00015055616918868798,2.9151930176595914e-05,0.0032675998505555665
323,2,0.00023803928933622824,0.006706308215422528,24243.891068784353,1.0,5.8e-07,1.02e-06,0.02210624521338786,0.0159285000550678,0.008176274949859263,0.002753662021024889,0.0001769744986936881,2.690515944042483e-05,0.0032679438149999934
323,3,3.845405909526226e-05,0.14880668991685952,7196.832669557023,3.0,5.8e-07,1.02e-06,0.021996367503500192,0.00616120241771228,0.00741710499082758,0.000498964296713467,0.0003070987177088641,2.5372739192219835e-05,0.01092839570500001
323,4,0.0010288345887432325,0.16772424996708787,20710.246611391714,1.0,5.8e-07,1.02e-06,0.022889662999512603,0.011931719396232915,0.009868734895672068,0.006022615536745511,0.00014082857033879276,3.527466610254577e-05,0.0022558610611111
324,0,1.7148369146578284e-05,0.12886057304601786,12281.94676327499,1.0,5.8e-07,1.02e-06,0.022000336530194342,0.0058956630313131185,0.009566354610954004,0.0005073533978221426,0.00033363490578738994,3.1702857294113245e-05,0.0034485451488888985
324,1,0.00011365254718376216,0.09250310221311904,8796.974039688137,2.0,5.8e-07,1.02e-06,0.02351568475027663,0.010807285854714013,0.008072058818067765,0.007504955566662559,0.00027375218889226694,6.763591990945647e-05,0.007139716215555564
324,2,0.00016166338271300158,0.014027451007898938,22289.023267834298,2.0,5.8e-07,1.02e-06,0.028077572561507058,0.01649754114814629,0.007087639440612772,0.004264832956380347,0.0003040965911995715,2.9585024357490592e-05,0.00447253679944444
324,3,0.00012776671057330034,0.026103997742913974,5259.057653318933,1.0,5.8e-07,1.02e-06,0.027167217462152487,0.0251048729765925,0.005824821107394739,0.013150615981359512,0.00018070910500019434,0.00013304915139814458,0.005965508885555568
324,4,0.00044901030556102317,0.14661467527485267,15824.445776129722,2.0,5.8e-07,1.02e-06,0.04138797351572177,0.012527131346596339,0.008200999423947648,0.0088441423874562,0.0005406163439816958,6.003094929407637e-05,0.00432432738111109
325,0,0.0006382572022580965,0.010117596547985618,23895.201907428513,1.0,5.8e-07,1.02e-06,0.02207580367565276,0.017279572265527312,0.00845210097586334,0.003252166639324025,0.00014850198030356838,2.7159088607344584e-05,0.0029490705383333343
325,1,4.753133756508929e-05,0.013198686543718086,17963.59272299661,3.0,5.8e-07,1.02e-06,0.024759041046937446,0.02280102667809485,0.0056695582407933825,0.0010990443330534283,0.00018335681963775488,1.9065897192104123e-05,0.0047448817450000125
325,2,0.00011801136554512567,0.1968531993661359,8892.606503224208,3.0,5.8e-07,1.02e-06,0.02262405566448299,0.009555926596181943,0.008536895116021822,0.007522559355854744,0.00023524802018728402,7.190097992391239e-05,0.0032594597672222225
325,3,5.0630004939651784e-05,0.004093500617559253,22817.415143679504,1.0,5.8e-07,1.02e-06,0.025090197224292385,0.019293466767710474,0.008056125004958344,0.0005428616683030243,0.00021653424213503118,2.45283344465624e-05,0.0037782885927778037
325,4,5.2919586422341594e-05,0.28032331402005545,22924.608518123077,1.0,5.8e-07,1.02e-06,0.021024896874646037,0.006387966085407766,0.010796026179046453,0.0004898477109151885,0.00025288213864926173,3.2410458851368505e-05,0.0014913593627777777
326,0,3.971939793217519e-05,0.26995187796706804,3198.026058289348,1.0,5.8e-07,1.02e-06,0.028101674907639648,0.005663397462846705,0.007854219085811841,0.0005379137158340305,0.0004824239908184382,2.752381833338832e-05,0.002362991559444458
326,1,0.00033342688867313145,0.08287495849967856,4944.401430687316,3.0,5.8e-07,1.02e-06,0.06319278761191312,0.04519595603045073,0.003202387509977141,0.0353897001438838,0.0003586524357629683,0.00044848329179838375,0.0106734827
326,2,0.00010934023355013665,0.12379061284346633,5377.156913981087,1.0,5.8e-07,1.02e-06,0.02698363648764925,0.009188304980694477,0.007316130730390938,0.0068453251962783445,0.00015930968854857393,7.606269029514845e-05,0.004214239616111087
326,3,6.375365413534249e-05,0.053585752150578626,9818.599735573196,3.0,5.8e-07,1.02e-06,0.028100664875316886,0.011149875961694753,0.005282401571020817,0.0021142234792193835,0.00036794784128176195,2.7199857816569315e-05,0.009517496988333332
326,4,0.0003209873841075956,0.08002549318375929,18116.71264725735,3.0,5.8e-07,1.02e-06,0.029664928312566643,0.013680440921434457,0.00763744952969007,0.009873327309961289,0.00032794634670594663,6.031183901386325e-05,0.0052373941116666545
327,0,0.0001793888446571489,0.15287545941629124,2262.187479571457,2.0,5.8e-07,1.02e-06,0.08589995519220632,0.0453564774856379,0.0033965383244952594,0.04836832222565234,0.0006191221144915093,0.0008164992727062963,0.01608819156388888
327,1,4.471106689190473e-05,0.2525271770802069,23219.31895138571,1.0,5.8e-07,1.02e-06,0.021777376040955695,0.006373562988652065,0.010455697988539478,0.000495783536550982,0.00018070119056907809,3.2409296448059704e-05,0.003754081486111116
327,2,0.0009531816473813496,0.01247874796270083,23289.623207939287,1.0,5.8e-07,1.02e-06,0.023191375153723496,0.018755290522169107,0.00816032746265364,0.0032556490174855592,0.00017516911825581617,2.7623874588434992e-05,0.0023702653111111333
327,3,0.00017144302286601788,0.22608084899986758,14629.884581815159,1.0,5.8e-07,1.02e-06,0.02469893475048215,0.007401562564045834,0.008991616786422298,0.005100282580167107,0.00037369043364000767,3.70699163277937e-05,0.003665107527222225
327,4,0.00022449329861056307,0.09078855157500842,2394.512830098173,3.0,5.8e-07,1.02e-06,0.1005769635622985,0.07422459834946336,0.005837009092219905,0.07113687601533823,0.0003664901557553808,0.0011930893036233884,0.021845226721111097
328,0,4.579721196888787e-05,0.25196349237079363,10498.543965696814,1.0,5.8e-07,1.02e-06,0.02401117422959172,0.006153608821009122,0.008905647097781294,0.0004969990846946321,0.0004083035794169693,3.1845862352362964e-05,0.0023616408744444733
328,1,0.0004481632080594935,0.2772790824871623,9893.7289654528,2.0,5.8e-07,1.02e-06,0.032193854156135016,0.016430639759302552,0.0075932059035341585,0.013691489869462467,0.0003122524414160159,0.0001251323704044903,0.0030986480211111084
328,2,0.00016436773978793204,0.11176961370476363,13711.098939246458,2.0,5.8e-07,1.02e-06,0.021243356303628835,0.009384919375412522,0.008782989990822561,0.007227154494403328,0.00014914131611389864,5.238647854245967e-05,0.0022987562394444633
328,3,4.566636220359861e-06,0.01701857902629803,17479.477183502626,3.0,5.8e-07,1.02e-06,0.022562165099146825,0.017194728151451615,0.00534797474590819,0.0005544748135704455,0.00019345833342419082,1.965599618048505e-05,0.003396957687222202
328,4,3.323415967719062e-06,0.20376056368803006,17000.70162292,3.0,5.8e-07,1.02e-06,0.020840424382860673,0.005846176865339478,0.009452128433649431,0.0005153633170125403,0.00022748723761665973,3.143608624357722e-05,0.003029900838888891
329,0,0.00026079318464784795,0.18274636600024785,22133.652566633784,2.0,5.8e-07,1.02e-06,0.020946079734095204,0.007507930758974036,0.009300253771359936,0.005299943677614951,0.00023809358240413372,3.499416093621446e-05,0.0031911217033333272
329,1,0.0001290236056461378,0.2542704586779683,21440.576417659122,2.0,5.8e-07,1.02e-06,0.021290314652550355,0.006249406940716347,0.009328060093331945,0.003345643556001084,0.00016742027127527467,3.1879884938123815e-05,0.002432573186111106
329,2,4.478579858627718e-05,0.1251208237302633,19252.090300770466,1.0,5.8e-07,1.02e-06,0.021012130877390633,0.006024329634990391,0.009730980878843857,0.0005034662568600909,0.00021266977591091697,3.212919556951993e-05,0.0037280793305555504
329,3,0.00030628167058173016,0.15057883706099154,7892.976845082518,1.0,5.8e-07,1.02e-06,0.023934494868755582,0.014166781059408625,0.00790463762519718,0.013270572809067552,0.00016671550819745843,0.00010843921815099766,0.0028297481805555635
329,4,0.0004497116848454757,0.2249675935442528,15717.473891594433,2.0,5.8e-07,1.02e-06,0.023978261774739027,0.012021809391756061,0.009080847955730284,0.009289200366456779,0.00023810336970117555,6.225117284379431e-05,0.0025419332477777945
330,0,0.00017828393369538167,0.223237471478869,20243.615443113566,2.0,5.8e-07,1.02e-06,0.020999263453079287,0.007378655965748412,0.0098710783254108,0.005163166046043381,0.00016391769317476455,3.566049923531285e-05,0.003917364850555549
330,1,0.00016366192792453726,0.058520051846037056,2032.2744319499354,3.0,5.8e-07,1.02e-06,0.12100219149459424,0.08776465713830327,0.013229382113044924,0.07385955693906479,0.00044417083581904025,0.0013087513715345771,0.022776548660555562
330,2,0.0003720878986263314,0.08441533882829445,23022.6963043411,1.0,5.8e-07,1.02e-06,0.027935334057016616,0.007324581771970668,0.008891872570201796,0.004454237501618735,0.00014883971577762286,3.1610664590031876e-05,0.0027373106211111276
330,3,6.769337305977149e-05,0.13170310207726138,11000.219144019931,3.0,5.8e-07,1.02e-06,0.02094506149321045,0.005749836721453711,0.008491456799785925,0.0012350884083159972,0.00016687351669067603,2.8281341434901954e-05,0.00515189607666669
330,4,0.00016559671894541346,0.29019320775086316,5136.9086140435975,2.0,5.8e-07,1.02e-06,0.028866036687360125,0.01684631899445263,0.008171360711328188,0.01791567070032296,0.00018523614362412095,0.00020727749339271513,0.005491714230000014
331,0,2.4629561583088508e-05,0.23643436865369474,5789.0298575709485,3.0,5.8e-07,1.02e-06,0.022390782774072995,0.005698143383125342,0.007943228712348805,0.0005568868511650274,0.0003352288221347798,2.5816853399548807e-05,0.006490087087222235
331,1,0.00015964063416459758,0.03494519052233097,20143.97001545571,3.0,5.8e-07,1.02e-06,0.027825640718609896,0.013661153223683076,0.007654184819196435,0.007182486273163319,0.0003125396207847969,4.536695312560979e-05,0.005734599570555554
331,2,6.120752127003522e-05,0.06536701653341295,7669.547309839511,1.0,5.8e-07,1.02e-06,0.022193950604373614,0.00608569838656799,0.008724831973422118,0.001234172497411987,0.0003021467910616512,2.8377769876534623e-05,0.004328405834999993
331,3,0.00016376747897128578,0.05737973587947556,24700.72625676521,1.0,5.8e-07,1.02e-06,0.020279077238719845,0.006217996410196057,0.008740500298244941,0.0032965762282632523,0.00019056738242898466,3.1296126425388706e-05,0.0028204514749999854
331,4,0.0034333384282935774,0.18799994163223263,12774.355503236175,2.0,5.8e-07,1.02e-06,0.07174568281618597,0.061829525909887405,0.005354879415519866,0.018482324926962508,0.00028919739271868845,0.0004190562707360129,0.003051933179444438
332,0,0.0005715812203417686,0.052298462604060424,11034.7121354579,1.0,5.8e-07,1.02e-06,0.025795674212641558,0.018692926145915046,0.008214015287649196,0.010101445142240794,0.00020948753281411188,7.240537578250828e-05,0.00482679356944446
332,1,0.000438783429749787,0.26617172753440277,13893.058221397308,3.0,5.8e-07,1.02e-06,0.029101376498161306,0.015120407593620126,0.00822549365308187,0.014140513590008544,0.0002780069344504672,9.726820457329342e-05,0.0028601510244444517
332,2,8.708540638718637e-06,0.17128036404327235,17444.743537828388,2.0,5.8e-07,1.02e-06,0.02273365660964898,0.005915479686752625,0.010213622487902406,0.0005128494105886814,0.0003655225500052987,3.1782588074772094e-05,0.004386506740000004
332,3,4.7428868296459846e-05,0.24051870831779956,4725.491617541213,1.0,5.8e-07,1.02e-06,0.02666450770848158,0.005727470005161256,0.009847291131962076,0.0005548778083182129,0.00013585154162631073,2.946361027479675e-05,0.004358860644444462
332,4,0.00040297872693602105,0.28366474620249704,24220.99546518148,1.0,5.8e-07,1.02e-06,0.020276216317391724,0.006899546596729149,0.009638417041404855,0.004490384309341078,0.00024094838535028027,3.2234583533463395e-05,0.0030952011049999867
333,0,0.00026606004870321066,0.04213563322310725,21862.481086003783,2.0,5.8e-07,1.02e-06,0.03580262705478564,0.010802497717358082,0.008388171519419804,0.00565549073435882,0.00048554135342180694,3.470263219952739e-05,0.003018472016666676
333,1,4.125480918064701e-05,0.1258556374802831,11113.636146501529,1.0,5.8e-07,1.02e-06,0.02115302385224781,0.005770385397085458,0.009546743624668992,0.0005064911376398872,0.00019086466629025648,3.1379206924147114e-05,0.0021244896266666424
333,2,2.7975546099509394e-06,0.04456514203693971,23307.567277378224,2.0,5.8e-07,1.02e-06,0.022504732407415056,0.005920428047193753,0.008983434652575029,0.0005161315159441245,0.0001475663070114318,3.0742011824465904e-05,0.004423490511111128
333,3,5.490550261766362e-05,0.1890640167638211,16749.393897813425,2.0,5.8e-07,1.02e-06,0.021245970794299976,0.005843357299489197,0.010163770820462397,0.0005292392972864316,0.0001892862814525029,3.162336664189439e-05,0.00432676074055556
333,4,0.0003324757618066359,0.1412932094309102,8218.07634948935,2.0,5.8e-07,1.02e-06,0.0315098674526727,0.01888721598395005,0.008788475070421973,0.01595566299128405,0.0002676020287554026,0.00014912033534687658,0.005136976937222204
334,0,4.3300229916540513e-05,0.12921713585937633,6002.649972288413,2.0,5.8e-07,1.02e-06,0.02114275303705751,0.006075785306560393,0.008264979693559812,0.0005699994224527247,0.00015970202459227612,2.538588683655228e-05,0.007475390661666678
334,1,6.0215918243602105e-05,0.06459532011523395,18279.88373946692,2.0,5.8e-07,1.02e-06,0.020638291539977576,0.005678508470724648,0.009929600422423303,0.0008809643927552654,0.00021457410750776865,3.0293070012348403e-05,0.005070495907777792
334,2,0.0003055999049519774,0.07866694338801249,24041.814285778746,1.0,5.8e-07,1.02e-06,0.020887305910319526,0.006776034954730521,0.009835489105127708,0.0040031384202120655,0.00026371368373044607,3.1278295678891596e-05,0.0023952286527778033
334,3,6.681921463238662e-05,0.15672118867507526,24833.552534510847,1.0,5.8e-07,1.02e-06,0.021042374757995502,0.00612803387789167,0.010342835273859772,0.0005456028272445016,0.0002387035952829636,3.228306322607767e-05,0.0019808512349999835
334,4,0.0001322248825476825,0.03090932790029974,18983.16540468784,1.0,5.8e-07,1.02e-06,0.02037845698575993,0.007672555764916537,0.009181625063317276,0.0038503712254278795,0.00021136070794846882,3.075886442338731e-05,0.0038275085955555704
335,0,0.0007364556196624415,0.09723328184574102,14838.402255833422,3.0,5.8e-07,1.02e-06,0.03282393116759764,0.026630291245572684,0.006620438940611769,0.014784081265439277,0.0001929084176491219,0.00012105460967994541,0.0032564931349999826
335,1,9.180403135520761e-06,0.12775358983673973,3391.7270777545855,1.0,5.8e-07,1.02e-06,0.021688707276779753,0.006025796253393497,0.007771980445190865,0.0005179525226636482,0.00029171713769444784,2.460493770383531e-05,0.004423135696111108
335,2,0.00026425537416783975,0.12866762064177245,17610.387384679976,1.0,5.8e-07,1.02e-06,0.02240482270283155,0.007538903892001875,0.009422521645782321,0.005334090451893421,0.0003119924604645322,3.538606323307721e-05,0.003116737403888875
335,3,7.142788947912593e-05,0.25165545748530904,21297.79942151022,3.0,5.8e-07,1.02e-06,0.025654024484725205,0.005872825821517078,0.009729762299603975,0.0005841842619721036,0.00013934660062834658,3.1743341998432304e-05,0.002049075917777768
335,4,0.0002164663759099518,0.04886259589823503,3840.261179129846,2.0,5.8e-07,1.02e-06,0.06259769753754378,0.04610483491942688,0.003906421496422669,0.030985381588172694,0.00034073155233909936,0.0004552427990486681,0.012485213654444438
336,0,1.787498896933901e-05,0.014865787024842203,6703.800310100867,2.0,5.8e-07,1.02e-06,0.05692165650487032,0.033294305055063304,0.00354669680916418,0.00044781089102491995,0.00044612014972882,3.0209325385113064e-05,0.00708489093222224
336,1,7.259768585504818e-05,0.11241325482247828,16658.679504205935,1.0,5.8e-07,1.02e-06,0.02506426878212221,0.005662205888090017,0.010504239720852423,0.0006998741191872562,0.0001386002942809877,3.172599227992742e-05,0.0026801804311111094
336,2,0.00025388703926766307,0.13817953331771443,6502.448857082851,1.0,5.8e-07,1.02e-06,0.030151317705289574,0.01593531332161558,0.00807257354747924,0.015606388220324771,0.0003021708887674563,0.00013948212524243604,0.0031495378116666584
336,3,0.0004968671763853793,0.14367305992120272,6565.9041562622915,1.0,5.8e-07,1.02e-06,0.03248691020571522,0.019635933750993647,0.007597212213997712,0.01633121253656354,0.0003098136113544572,0.00014924698591130473,0.0030477645261111214
336,4,0.0006748910643291475,0.07384923789074323,21150.060779309224,3.0,5.8e-07,1.02e-06,0.029046694450411664,0.019593846764320022,0.007977297226886665,0.010651794094629114,0.00023764554644839584,5.943437924726992e-05,0.005121788097222205
337,0,9.966329387827536e-05,0.1418001924784042,5258.373185203772,2.0,5.8e-07,1.02e-06,0.025186441876416818,0.01145332112907984,0.005882415626828002,0.008680806141679735,0.00028806349885101504,0.00010175176619361536,0.006673382522777771
337,1,0.0002782520048237255,0.29567127292031886,12045.570297415505,1.0,5.8e-07,1.02e-06,0.025825713908464675,0.009959327145280935,0.009658612602282004,0.008626602351139883,0.00034499577179415085,5.915197084955218e-05,0.0013188873522222144
337,2,5.134094072761098e-05,0.2876221703021346,19252.867952109555,3.0,5.8e-07,1.02e-06,0.02123167733143605,0.006070495316367885,0.010707500479084225,0.0004995283284031411,0.00027385930399866163,3.1819343972326006e-05,0.0022287371155555596
337,3,0.00029848186715511417,0.12279834262846669,5255.202129382224,3.0,5.8e-07,1.02e-06,0.04582981351069828,0.038933562208249235,0.0035286158935554112,0.037836423762401324,0.00020039713893073847,0.0004478209754153382,0.006053417414999984
337,4,4.2724234862716616e-05,0.049143644493077884,12488.285382012866,1.0,5.8e-07,1.02e-06,0.020977580718417144,0.005763181103679202,0.008233064496780846,0.0005445694372199626,0.0002709505134781565,3.024389215752967e-05,0.002351082746111108
338,0,0.0007607834315349231,0.11285134285589445,22935.358399351433,2.0,5.8e-07,1.02e-06,0.021456397564626573,0.013300775946981836,0.008040656293420458,0.007775307944165671,0.00017756720332970906,4.787172172073149e-05,0.006759251716666678
338,1,0.0001419067619419397,0.01351359195358752,3560.111631859712,3.0,5.8e-07,1.02e-06,0.15589602392997512,0.13565923522585369,0.017946641466945478,0.03983034503554461,0.0003055337721556122,0.000729568433147749,0.015130418571666665
338,2,0.0006666713158404022,0.21743708420817073,17842.649919659765,3.0,5.8e-07,1.02e-06,0.027904217753113386,0.01670567303731829,0.008612776934929673,0.01326998676678419,0.00022660284209596228,7.883716577828963e-05,0.005008420898333324
338,3,8.803845063778998e-05,0.12395694833422716,13837.29615669356,2.0,5.8e-07,1.02e-06,0.020806079604676207,0.005732224311307544,0.008537458811067669,0.0023585061577226247,0.00017730437410856182,3.0784847327230876e-05,0.0036112074083333445
338,4,3.898566793574817e-05,0.18737815948017347,14589.208854766797,2.0,5.8e-07,1.02e-06,0.020934960706816486,0.005861662227253095,0.008729863007396263,0.000496092913609012,0.0002072679329679871,3.147347437875805e-05,0.00121429903055556
339,0,0.0003269659125479276,0.19475085887726815,14445.650177768244,1.0,5.8e-07,1.02e-06,0.026543885786251692,0.00875086353735359,0.0092769218118029,0.0069476442254452235,0.000148255707676295,4.6326652626069e-05,0.004804688996111084
339,1,2.291029538167793e-05,0.07156621791126633,11382.258253232018,3.0,5.8e-07,1.02e-06,0.02100223399530494,0.0071652821337915675,0.007864664633270497,0.0005361946344709233,0.0002275744654450353,2.573268444448516e-05,0.008165503599444457
339,2,0.00010530881366009915,0.13465689773153378,11882.391662016842,3.0,5.8e-07,1.02e-06,0.020346359151573415,0.008380412590538204,0.008803658254497223,0.005620168767812211,0.0001651724362417608,4.948086694273867e-05,0.0027383667588888744
339,3,1.1654030705403559e-05,0.24944000425262042,18380.71077895381,2.0,5.8e-07,1.02e-06,0.02095913888112391,0.006168644556758213,0.01068272381446136,0.000508353210982428,0.00022830555282373055,3.2058488007798224e-05,0.00173765301333334
339,4,3.0389316806668284e-05,0.15490795791468343,24341.0583249388,1.0,5.8e-07,1.02e-06,0.021852838860914613,0.006245550512508024,0.010421781999250356,0.0005003119184272262,0.00018041577731944388,3.2362680149011486e-05,0.0025151587561111077
340,0,2.313568995358857e-05,0.2652525291130579,22966.14957175373,1.0,5.8e-07,1.02e-06,0.027295728429216803,0.00641232399793371,0.010383415592227666,0.0005065926923092946,0.0001356748372100668,3.2433274715947486e-05,0.0015389498233333437
340,1,0.0009597821522918666,0.21144462931353933,19246.383832546882,3.0,5.8e-07,1.02e-06,0.026335896700074926,0.021003744221011204,0.00801484340389193,0.012573622846421299,0.00015378235595449487,8.395387823524794e-05,0.0023623328849999847
340,2,3.7036024370534497e-06,0.09762252918041195,11327.764796864503,1.0,5.8e-07,1.02e-06,0.020814336027486023,0.005716345076437017,0.009548980883631502,0.0005207805629966096,0.00023048228275388374,3.1287026964922124e-05,0.004022390271666676
340,3,0.0006128743312654579,0.2851720676089285,20726.92723877634,3.0,5.8e-07,1.02e-06,0.024442532864552242,0.012788300754363609,0.00884913815449158,0.010393682520561316,0.00015080063201310768,5.935835953742063e-05,0.0028417515566666746
340,4,2.543431516105554e-05,0.06877573002228649,23343.24003455834,1.0,5.8e-07,1.02e-06,0.020803312626039027,0.005845263473253829,0.009420227282291029,0.0004988438906760682,0.0002171932226416736,3.2090725402271426e-05,0.0028495635583333373
341,0,6.477923307077142e-05,0.029649538772063465,7489.355983832796,1.0,5.8e-07,1.02e-06,0.020411464468710182,0.0111924686168662,0.006935224723430766,0.003092909737512441,0.0001948624355406271,3.373878965730169e-05,0.005465574680555557
341,1,0.0002738655159486297,0.09326725275407854,18249.795314887666,1.0,5.8e-07,1.02e-06,0.02184617767227248,0.007684738930614131,0.009834701979054318,0.005288969889927747,0.00014736996440199758,3.465441049902624e-05,0.002052987379444454
341,2,0.00038557510268217237,0.27087685588590954,14564.384038514083,3.0,5.8e-07,1.02e-06,0.029565908677088786,0.013658778426415464,0.008299879160603313,0.012926566742788729,0.00030416096098505194,8.673067150909463e-05,0.0030410144705555475
341,3,1.1101604263498438e-05,0.16819665831589167,24069.110560266672,3.0,5.8e-07,1.02e-06,0.020902124567713346,0.005882464394512436,0.010095321579565383,0.0005049777345966182,0.00023386592700529507,3.186557993550827e-05,0.004020666128333336
341,4,3.8624295288793554e-05,0.08979144951981485,22435.67807744232,3.0,5.8e-07,1.02e-06,0.022330250882528904,0.005639881384666666,0.009865375540998353,0.00047727401017684767,0.00015633625602644703,3.090368426070472e-05,0.005361693054999991
342,0,0.00027364395360925114,0.05411969957575253,18741.474987983092,1.0,5.8e-07,1.02e-06,0.02001737852722924,0.008256225400553539,0.008742901588128973,0.005108228873248991,0.00018856775970402367,3.3124999456040455e-05,0.0028313070511111066
342,1,2.310473368182614e-05,0.06514331482054411,15536.565731497305,2.0,5.8e-07,1.02e-06,0.020904460573527697,0.005920379372257002,0.008859075419060869,0.00048759122179485326,0.00019189291067012106,2.9893993159061823e-05,0.004653296798333331
342,2,9.518521595666159e-05,0.2734964667190923,20864.03693881136,1.0,5.8e-07,1.02e-06,0.02211726261053118,0.006078954043981513,0.010670027370089924,0.0006660130047832965,0.0001703148876410221,3.2189322902074395e-05,0.002794846087222233
342,3,0.00023689290102758733,0.12110451720467957,17138.72893219966,3.0,5.8e-07,1.02e-06,0.031866152859219204,0.011400078454509585,0.009143501152258496,0.00951340540602833,0.0004112567572164428,6.05423273943106e-05,0.005362788275000016
342,4,2.4166408040818912e-05,0.26084662401868014,10919.68878480117,1.0,5.8e-07,1.02e-06,0.023063657271281207,0.006231818716875638,0.010041905434882136,0.0005069948447383846,0.00015892150734204,3.197690471925893e-05,0.0014324668916666505
343,0,0.00020503154276234944,0.29593890557214075,9193.884402594436,3.0,5.8e-07,1.02e-06,0.03016484229461819,0.0164399612862559,0.007876221734004802,0.0175420682653442,0.00020071511958852644,0.00014956773847958906,0.002821827644999983
343,1,0.00014329998066020042,0.26361308991309884,23631.017253923594,1.0,5.8e-07,1.02e-06,0.02696742113147092,0.005994671814655785,0.01064108339044722,0.002328719164364249,0.00013652896284664637,3.186387734330063e-05,0.0022383777455555337
343,2,0.0004911604192578947,0.0549277712090349,3725.9812305811292,1.0,5.8e-07,1.02e-06,0.05549508502605399,0.04587587221330199,0.003952980271039078,0.029255398084675924,0.00028791708795962364,0.00042825888997689686,0.005488304220000004
343,3,0.00019748854256782498,0.24715817677875096,17375.816652872905,2.0,5.8e-07,1.02e-06,0.02078667042699635,0.008144181716161766,0.009399067002359904,0.0062243483601359785,0.00016601497659241168,4.223002292132898e-05,0.0024597662533333564
343,4,4.1846598690209305e-05,0.1524412349497035,16353.182280525667,2.0,5.8e-07,1.02e-06,0.021249566829281374,0.005773239876069075,0.009662810247219137,0.0005044616024816773,0.00018483574630821805,3.145234602202943e-05,0.003959184876666688
344,0,9.597205680275886e-05,0.07110096215724518,23590.176001352178,1.0,5.8e-07,1.02e-06,0.02067937732147832,0.0055299809179768745,0.010025129102428719,0.0015707969977344228,0.00024709482110628036,3.1690755603547447e-05,0.002729913899444436
344,1,0.0009190325719294939,0.20295221504969307,23486.40903665151,3.0,5.8e-07,1.02e-06,0.03400953405548814,0.01729272728843175,0.00813545326529378,0.01041579912069744,0.0003424832943197319,5.6591598062186696e-05,0.002222842532777783
344,2,2.823240258055352e-06,0.16123471353660077,20828.329437451233,3.0,5.8e-07,1.02e-06,0.020894520972211266,0.0057912527433158145,0.009573217875060698,0.0005066216185235019,0.00023482852831264672,3.159601450372775e-05,0.0033125465288889044
344,3,3.411077298978236e-05,0.13323717775619068,20640.873055317537,2.0,5.8e-07,1.02e-06,0.021961161931011008,0.005823463081425701,0.009619167699541629,0.0004871571407183237,0.00016840314923097994,3.176382628260783e-05,0.003853752333333335
344,4,6.056874478327246e-05,0.28289401947471565,15903.864068587123,3.0,5.8e-07,1.02e-06,0.02288097718214489,0.005916066948069745,0.01047528873773259,0.0005428486559239023,0.00036968836290732394,3.1451911936126955e-05,0.0022682120522222182
345,0,0.000152503533781629,0.2636756542169353,14634.723493039926,1.0,5.8e-07,1.02e-06,0.02224461774209358,0.0068554702827313,0.00889180664922342,0.004263073569909712,0.00032623591740274955,3.421280547510969e-05,0.002390597127222227
345,1,0.0001069883280903036,0.18309298769107657,8131.643858086455,2.0,5.8e-07,1.02e-06,0.023672049820987057,0.008128804269996737,0.00846602515445298,0.00586018160480858,0.0003149263785907162,5.811763377772261e-05,0.002410229777222231
345,2,0.00010843687456406288,0.1730304555924946,14508.137197861926,3.0,5.8e-07,1.02e-06,0.02023140574809938,0.006971192196773572,0.00885592964152534,0.004403934121001993,0.00022831622962802395,3.8474646241296876e-05,0.005347533765000009
345,3,0.00016508572462632504,0.16389144804358394,20515.72902015868,1.0,5.8e-07,1.02e-06,0.02016397875061396,0.006564971117694281,0.009258028454393523,0.003881785192302676,0.000192245996131861,3.1999315904119436e-05,0.0033748382238888708
345,4,7.432314501367945e-05,0.0056807160645215285,11108.68167651227,3.0,5.8e-07,1.02e-06,0.07029641733922186,0.07988637737368187,0.007592025927333265,0.0031666622358088813,0.0001468044358871601,0.0001133171172008131,0.005427610966111135
346,0,0.00020444793840086208,0.10838777641191444,2466.1905530248473,3.0,5.8e-07,1.02e-06,0.09067729924520203,0.06567873987741614,0.005076726318148511,0.06806276166344898,0.000361173384444109,0.0011137266358961827,0.021111314825555547
346,1,0.00023398413307984802,0.2063481161767349,9871.780547506656,3.0,5.8e-07,1.02e-06,0.03222026448163117,0.016295068784690614,0.00861974526828436,0.0164713699476632,0.0003043818834481083,0.00013532827580005328,0.007278500021666662
346,2,0.0002492961435919683,0.14448009722978034,7552.477052161395,1.0,5.8e-07,1.02e-06,0.023932746559677004,0.013307485710137948,0.008876239428630826,0.012446266322456642,0.00019566977383710655,0.00010450770865717102,0.0036024246700000068
346,3,3.975593878847589e-05,0.2982648279563612,3197.1133682994036,3.0,5.8e-07,1.02e-06,0.022078332916547743,0.005813230899283682,0.007948621342981644,0.0005664394765042486,0.0002978181169719018,2.0109180962086353e-05,0.003296776981666666
346,4,0.0014865924066635337,0.2736598802449086,21700.595751483426,2.0,5.8e-07,1.02e-06,0.027096476130192688,0.017484826730548696,0.008147135202577314,0.009192870918196651,0.00026916829801343296,7.068227171143548e-05,0.002587819451111084
347,0,0.0001906896428263728,0.17810702939762788,2757.099954590702,3.0,5.8e-07,1.02e-06,0.07472754505237005,0.04821911112737818,0.0027214303520572912,0.05444211542120653,0.00041060407418073774,0.0008731346036717334,0.0089658221127778
347,1,1.6339559195299675e-05,0.09260748666003511,18707.018975883373,2.0,5.8e-07,1.02e-06,0.020992566498838693,0.005639026414887632,0.009767191657729,0.0005016976008885252,0.0002467282772050851,3.129530018906047e-05,0.004377606145000004
347,2,0.00017838130003473867,0.14050702980432592,5260.840033665587,1.0,5.8e-07,1.02e-06,0.025326119085160012,0.01503678184459384,0.007866291843737888,0.014578593237652432,0.00022036961403709305,0.00015117230719548613,0.003873420028333338
347,3,0.00010227255916162805,0.1801352473728229,15077.302861592607,3.0,5.8e-07,1.02e-06,0.02098625891894458,0.00610472833771556,0.009022025919644645,0.0032048758349454893,0.00016925576795757683,3.277181686304217e-05,0.005578243568333335
347,4,0.00022810984277895415,0.0673049081698991,11337.126059414863,3.0,5.8e-07,1.02e-06,0.03398791631031003,0.019765621179034278,0.007232813886891024,0.015211738275636856,0.00029317256219829786,0.00011716500880256773,0.007764420411111125
348,0,0.0001424686235493869,0.014048706320177892,10415.410709465374,3.0,5.8e-07,1.02e-06,0.05339211367004396,0.044100764151858596,0.004660023004990913,0.011663446985067905,0.0002660616531374289,0.0001155746788807395,0.006919904722777773
348,1,2.0212301420580643e-05,0.10857132372065054,13443.25341370178,2.0,5.8e-07,1.02e-06,0.024275535005694956,0.00564846346490096,0.009645308604382744,0.000495928421088454,0.0003912329457227902,3.054809490845273e-05,0.0054535255655555614
348,2,0.0008727921414086722,0.01082378405972698,11636.537355962992,3.0,5.8e-07,1.02e-06,0.08094320171114656,0.08369210909266689,0.007091360601817098,0.0200528721732975,0.00016617332970874222,0.0002977060329224094,0.007037067288333351
348,3,0.00010595168977147993,0.1729213130792435,23124.44974829012,1.0,5.8e-07,1.02e-06,0.02105583663946864,0.005805244303971798,0.009358530510128556,0.001279631058005157,0.00019098781545650223,3.201141175144281e-05,0.0030719740177777705
348,4,0.0031486889806426896,0.20973673372576068,24525.362567610642,1.0,5.8e-07,1.02e-06,0.033956981456878414,0.01707291810817993,0.00906965693620964,0.003896805108274991,0.00037651122884253406,3.583210954546869e-05,0.0024959690633333392
349,0,6.19138550810299e-05,0.25594259874781966,18956.360958482852,1.0,5.8e-07,1.02e-06,0.02572917904613879,0.006276746151046397,0.009613442764807993,0.0005174187519778934,0.00013991626892406208,3.227726932151393e-05,0.001996856608333347
349,1,0.00010199248195930532,0.2520465496037546,22158.02084101502,2.0,5.8e-07,1.02e-06,0.022724399078969604,0.00571925565520057,0.010354935429583791,0.0015389500838646783,0.00015399159301480246,3.1727731426713877e-05,0.006698223902222203
349,2,0.0005161753891866501,0.1394376856506531,17057.434460266188,1.0,5.8e-07,1.02e-06,0.026366864775005234,0.009569196505080623,0.009543761040303444,0.006765579451536046,0.0003556271189361589,4.01567450334506e-05,0.003700073922777783
349,3,4.1597964475098366e-05,0.005425457267911615,9669.730719815292,2.0,5.8e-07,1.02e-06,0.06994771263022269,0.06457153800812825,0.006484303116770739,0.0015592697458719558,0.00021793211488466062,6.591774729336887e-05,0.007835598196666654
349,4,1.2994559173807924e-05,0.01012335113304319,20049.91452460039,3.0,5.8e-07,1.02e-06,0.02870783564465464,0.025155150628001083,0.005402459814730185,0.0006436319025087175,0.00021232865142929431,1.6958359774699635e-05,0.006069582577777802
350,0,0.0003543870469044846,0.02780883948188224,5680.543528996238,2.0,5.8e-07,1.02e-06,0.059976890921619674,0.052882403159832,0.0043782571716504135,0.024978114642514565,0.00023839156702179582,0.0003802111546138403,0.00838447288111109
350,1,1.3742637250596215e-06,0.033025524790668954,15816.128934452798,2.0,5.8e-07,1.02e-06,0.021919696742260228,0.00785133518439751,0.007649985404693724,0.00048078749966472587,0.0002706116112433132,2.761576513654608e-05,0.002537871128333327
350,2,3.284003399530111e-05,0.22925571767807357,21469.91170925765,2.0,5.8e-07,1.02e-06,0.026484634189677187,0.006163373906014594,0.010360027286997696,0.0005030674206465782,0.00013702088025912892,3.2127049435972635e-05,0.002018802452222246
350,3,0.003364344383494879,0.11377620077565574,21020.281800848352,3.0,5.8e-07,1.02e-06,0.0598327497323323,0.05396600785760857,0.004704365292924583,0.015496433887339458,0.00023963628345532624,0.00017958197400013182,0.0030704514888888618
350,4,0.00020529604344066184,0.16937726768430658,7400.432158337463,1.0,5.8e-07,1.02e-06,0.023545681640961342,0.01244590446399102,0.009282852418034948,0.011767526141263826,0.00021021575992650503,0.00010093741869257491,0.004172621797777776
351,0,0.0001339464644071072,0.031712712224473756,6773.0450105766495,3.0,5.8e-07,1.02e-06,0.045557114510842184,0.037227160204317315,0.004145476937742178,0.017879621007705234,0.0002616218577450268,0.00018993808486450446,0.007914726912222211
351,1,6.069151142967701e-05,0.1712869302373778,6415.9572253090655,3.0,5.8e-07,1.02e-06,0.02056524663910457,0.006118830204830815,0.0077129500894298495,0.0009675241347483092,0.00021886699521143427,2.514268985792797e-05,0.006718854977777786
351,2,2.6432362391510857e-05,0.07351178082280858,13607.723134381795,1.0,5.8e-07,1.02e-06,0.02080099788629443,0.005673750440725261,0.010417729830670413,0.0004945550076143911,0.00022243325458903571,3.126206107119243e-05,0.003766399104444443
351,3,0.0002201320648219905,0.12924885875856992,24789.600106704074,1.0,5.8e-07,1.02e-06,0.020778411799527594,0.006363252435031943,0.009275474634431692,0.0036471345736112395,0.00027464668677861436,3.1655453135121345e-05,0.0014494630255555696
351,4,2.7348792440085884e-05,0.053646428079572525,5739.3857349312875,2.0,5.8e-07,1.02e-06,0.024218446717728676,0.011358097533418028,0.005027487038544706,0.00047253512768064427,0.00029670054334583214,1.799322536053444e-05,0.00812905525833335
352,0,0.0012872595792871705,0.13037809861658448,11459.439604962503,3.0,5.8e-07,1.02e-06,0.07005824897181988,0.0494890211927583,0.004223065637326643,0.022964629499799456,0.00038181660880950665,0.00029927863209810307,0.006193337274999988
352,1,0.00021324989196396337,0.2494427160932614,20533.00468382527,3.0,5.8e-07,1.02e-06,0.021275552001381082,0.00929559579998953,0.008948967953101817,0.0077432062302593835,0.00017651409068961867,4.7448845570327086e-05,0.0027572026611111106
352,2,2.0312310704291588e-05,0.20758606177457975,14766.695390036046,1.0,5.8e-07,1.02e-06,0.024804250479199628,0.00621963559614051,0.009596559356216934,0.0005091321232385405,0.00042585130357598145,3.217557464236347e-05,0.0030214178933333363
352,3,0.00016210471883163624,0.01049057458239365,4952.617624060147,2.0,5.8e-07,1.02e-06,0.08072418644862449,0.08333575943938011,0.009606351808102051,0.019848937565735955,0.00017242354611279667,0.0003615244824394092,0.010928285352222233
352,4,2.3005730333085557e-05,0.20674295988655797,6088.208312531382,2.0,5.8e-07,1.02e-06,0.021106038227134544,0.005661514309258773,0.009085604667230558,0.0005260643684086441,0.00025135427088188834,2.790164364108024e-05,0.005929378994999998
353,0,5.1357215903576216e-05,0.01056946025325901,20168.20592915176,3.0,5.8e-07,1.02e-06,0.02562438352458561,0.025514371432011223,0.0056571413283323735,0.0016225216455078857,0.0001703156678442304,2.1161435095382784e-05,0.003765219459444441
353,1,8.074937325227677e-05,0.20110490020702743,7534.865198712634,1.0,5.8e-07,1.02e-06,0.022699070372991705,0.005586954085673029,0.009691890397066598,0.0011882605933787864,0.000363747729227265,3.0604597838621e-05,0.0032961850227777867
353,2,0.0003721443218138,0.14731444112609274,24546.99514887442,1.0,5.8e-07,1.02e-06,0.02105766280352843,0.0068830290691304285,0.009199244537158011,0.004446600323642842,0.0001604181141087345,3.187305249167945e-05,0.004521326958888919
353,3,0.000687342295944425,0.2050447748793091,23359.445867608778,2.0,5.8e-07,1.02e-06,0.02119181990049847,0.011313188869805223,0.009187148925565826,0.007642360193915489,0.00017114564034169966,4.565798583713003e-05,0.002388298936666672
353,4,0.00015490716553459945,0.13194646403521965,17406.8493980934,3.0,5.8e-07,1.02e-06,0.02748465240437936,0.009651735310184753,0.009348318908575457,0.0077935584861017525,0.00036809977526189487,5.159407220343197e-05,0.0035016629716666803
354,0,2.8730106941358012e-05,0.22060514043570198,11812.146788800646,1.0,5.8e-07,1.02e-06,0.023711526251231883,0.006168683141981573,0.010055253996591637,0.0005013084633160198,0.00039777347669892304,3.1992309322465436e-05,0.0036329518650000114
354,1,0.00010524346679870323,0.09607741852164355,3115.5356860213888,1.0,5.8e-07,1.02e-06,0.03189556111632893,0.015678500500085634,0.005872783787541872,0.01211872059707559,0.0003479575201905292,0.0001696612948801934,0.008551611973888873
354,2,3.7398587841608727e-06,0.11037509584315063,14405.007863270946,3.0,5.8e-07,1.02e-06,0.024336415572694448,0.005745656258794121,0.008905352220540912,0.0005279124500235732,0.0001380206477684242,2.972231932711207e-05,0.004035546680000016
354,3,2.4273504984998455e-05,0.15939300635263423,9361.310449836199,3.0,5.8e-07,1.02e-06,0.02094485603326428,0.005732234348341491,0.008412010008376726,0.0005138910138734501,0.00018174199121531438,2.8260120492149614e-05,0.006427000002222211
354,4,0.003967061424681577,0.04665290352701582,13697.368203241655,2.0,5.8e-07,1.02e-06,0.07151284683016813,0.0632761623527865,0.005785301235398094,0.016978719401895978,0.0002765200666928522,0.0003610087925949498,0.008263075017222218
355,0,0.00010374329494271368,0.25609236900737176,9677.593390026239,3.0,5.8e-07,1.02e-06,0.0205152825445114,0.00628324511497918,0.009064850827359356,0.0035443556897656065,0.00022966525632789323,3.976030445913058e-05,0.005283910366666686
355,1,0.00020540012227801996,0.14637662272098356,8418.0741039147,3.0,5.8e-07,1.02e-06,0.03041684638688558,0.01858751050901729,0.0080907892325223,0.018049585854060735,0.00015959053212023281,0.00016691292849135245,0.004892521707777778
355,2,2.5873653476566737e-05,0.2952014384989254,11463.090836714478,1.0,5.8e-07,1.02e-06,0.020877432881696346,0.006305519725420233,0.010135939483104699,0.000502978311833218,0.00023557670571111933,3.209363063763883e-05,0.002156537824999999
355,3,6.310199180310375e-05,0.1404497729016342,8300.596187841626,3.0,5.8e-07,1.02e-06,0.023470962384779748,0.006024360447649399,0.007729155598284955,0.0009812489174462339,0.00035718945296265474,2.6381095270413293e-05,0.011281440663888906
355,4,0.0002070208271802943,0.2606217258886584,6581.34629933499,1.0,5.8e-07,1.02e-06,0.034452128645404693,0.01346926364268842,0.009049022853844074,0.013426488366795395,0.00043310849887352,0.00012203426846226493,0.0009121734549999982
356,0,5.030094267675491e-05,0.19460570025249616,9809.221733667175,1.0,5.8e-07,1.02e-06,0.02108119674386301,0.0059384586410429945,0.008904430459282504,0.0005237144232041736,0.00024381836692877895,3.1532689192031565e-05,0.004167487772777784
356,1,0.0008778141385535661,0.23481464529750368,9619.215716958566,1.0,5.8e-07,1.02e-06,0.025012358353072705,0.019161974081188568,0.008167512990253306,0.012699345938912344,0.000171645226676367,0.00010450453578196528,0.0040154610172222355
356,2,8.967196501248163e-05,0.011124311833666866,2793.6069647543873,1.0,5.8e-07,1.02e-06,0.10220704333335932,0.07335946625316662,0.008203274717480391,0.018536526787122445,0.0004679685288377982,0.00034515798760471065,0.006426069173333354
356,3,4.761292296572708e-05,0.06908166648680218,23603.69193486889,1.0,5.8e-07,1.02e-06,0.025044680257557645,0.005774595290460653,0.010361790203634981,0.0005131918346906952,0.0001406175915320103,3.2011943279347965e-05,0.0038985225400000045
356,4,9.330858281486724e-05,0.08157603559559364,19569.94763915495,3.0,5.8e-07,1.02e-06,0.020384610504026603,0.006523259795707965,0.008816202589029378,0.002879846711815811,0.00020315216282986714,3.0635809563471206e-05,0.005507145098888888
357,0,5.0296758208701384e-05,0.017139879957987325,13870.19960555392,1.0,5.8e-07,1.02e-06,0.023751998464275975,0.009412954183833056,0.008869093998334273,0.0012246156045303683,0.00013993030867945737,2.719616710517336e-05,0.005441676775555557
357,1,2.0144115808973074e-05,0.0857611716314265,20469.14267396716,2.0,5.8e-07,1.02e-06,0.021881213816191934,0.005667036189463029,0.009610988607305247,0.0005004501473411719,0.0003203348958154403,3.140279562782166e-05,0.0032564412644444374
357,2,0.0005167621832470776,0.2352038049743607,17157.104016758167,3.0,5.8e-07,1.02e-06,0.025550998914865137,0.013871540574790982,0.0076214715212880035,0.011714802516619877,0.0002331287390945195,7.202529816052825e-05,0.00373936883277777
357,3,0.00013281597168419623,0.2230929878911711,12572.937722410923,2.0,5.8e-07,1.02e-06,0.020477058421208432,0.008058217212797458,0.008791213530025167,0.006056338156934914,0.00021955345999154544,4.813393789026327e-05,0.00458587883722221
357,4,4.2388490348979995e-05,0.2578412424865049,14545.908463876407,2.0,5.8e-07,1.02e-06,0.02103683149385091,0.006049344112630565,0.009439918794468564,0.0004859036554085736,0.0002018336051054925,3.170170813636196e-05,0.0031691871333333482
358,0,1.1496396771280945e-06,0.23202446077853675,24267.747454108292,1.0,5.8e-07,1.02e-06,0.022484898109294844,0.0063897656116586364,0.010143443390640295,0.000508990194582908,0.0003625681447665745,3.244443694532656e-05,0.0027870674766666825
358,1,0.0007994340045029331,0.14019577964254762,20499.900684884393,1.0,5.8e-07,1.02e-06,0.021120846963673823,0.01079700644838399,0.00922569674136129,0.0062138609794716824,0.00018641185907718874,3.538341675901753e-05,0.001941042282777805
358,2,4.865738480060234e-05,0.1947528774730757,12055.847265132705,1.0,5.8e-07,1.02e-06,0.020796490727192918,0.00604672732998088,0.009481811120435139,0.0005070835930180965,0.0002121415084221349,3.1846730650113504e-05,0.0023615564327777866
358,3,0.00012792695729926828,0.06258851904269262,7777.802509166001,1.0,5.8e-07,1.02e-06,0.02133934800209639,0.0112238253573927,0.008021310926855806,0.008243121630528405,0.00014678302238418676,6.997705381737948e-05,0.005034774353888896
358,4,0.00013987234236102216,0.034247078272235706,5724.369160591821,2.0,5.8e-07,1.02e-06,0.04080866891024546,0.0311679187350784,0.0037501648075287347,0.01601677834542311,0.0002784464255568997,0.00018151982607710962,0.008360918976666673
359,0,3.278397220376768e-05,0.1661126059933836,2648.7933173788706,2.0,5.8e-07,1.02e-06,0.0441481294851794,0.007572306284405513,0.0057000051841457075,0.0004968765911713184,0.0006453535943123637,2.0062316596722622e-05,0.008605149555555566
359,1,0.00040291781847625376,0.1656923551848081,9321.028814014962,1.0,5.8e-07,1.02e-06,0.027069507499632942,0.013102177271388791,0.008868780464963165,0.011625563584941772,0.0002846857728473259,8.698913005287825e-05,0.0040685926172222275
359,2,6.86464090184909e-05,0.08691064193642647,18316.677875662965,2.0,5.8e-07,1.02e-06,0.02122854815347523,0.005472541137097191,0.009502976423921913,0.001031454051353458,0.00025656834311680183,3.074197624261958e-05,0.0028272695855555557
359,3,0.00010241335461761507,0.23640818596090646,8588.077859893718,2.0,5.8e-07,1.02e-06,0.021002633789716476,0.006478188592653517,0.00987846755083299,0.003857551958423551,0.0002808077840136749,4.2153589965698034e-05,0.005244993781666679
359,4,0.00011177667467565,0.10331014793786295,3794.177477285998,1.0,5.8e-07,1.02e-06,0.03991405270260576,0.014812571858298392,0.007408036490096398,0.012583211439988834,0.0004841138890447438,0.00015543224881249475,0.005788634949444427
360,0,0.0001666136793866191,0.2199502229166174,12120.293463803278,2.0,5.8e-07,1.02e-06,0.023524661945543285,0.009646936135584623,0.008949094752089978,0.008190294103213936,0.0002782371478115724,6.109227722555389e-05,0.0028703081677777798
360,1,0.0001121752913827763,0.02485263837277033,20369.918820663945,2.0,5.8e-07,1.02e-06,0.02136124125666471,0.01109269733581309,0.0074153103878103884,0.004161666546090057,0.0002295533481274281,3.109927924543517e-05,0.0053534395400000045
360,2,1.7270938102796594e-05,0.055768463830392176,4705.4668738893415,1.0,5.8e-07,1.02e-06,0.02407952857462362,0.00790735983643046,0.007562138952216601,0.00055468010258069,0.0003316381290709826,2.2528222691704133e-05,0.006293905840555558
360,3,2.4090963092323897e-05,0.042994203788755465,14097.46485350386,3.0,5.8e-07,1.02e-06,0.023376485838505722,0.009174461012929283,0.0068328199316196716,0.00047975880434442293,0.0002906769854394184,2.4797536604495142e-05,0.005001697661666665
360,4,3.610092375421565e-05,0.1541350790300199,22411.349407660837,2.0,5.8e-07,1.02e-06,0.021101469624109234,0.005950457707794197,0.009851676680338414,0.0004928798581492797,0.00028625937991493927,3.198300902574815e-05,0.0024832313627777686
361,0,0.00011412409390037223,0.17091982423214444,18788.889720330768,2.0,5.8e-07,1.02e-06,0.022717580103362056,0.0060529814716395415,0.009903472137174196,0.0031914459614865126,0.00014708112989811348,3.174044901230985e-05,0.002078515411666648
361,1,0.0003899148120122917,0.09075906466575831,8398.139455929153,1.0,5.8e-07,1.02e-06,0.029966230108784228,0.016002251711202325,0.007861804194303225,0.01252074387483157,0.00031143767759564715,9.632362427166453e-05,0.002335043725555555
361,2,6.053190914055731e-05,0.04945600152863705,23968.739685753546,3.0,5.8e-07,1.02e-06,0.021798839681565235,0.006317010464947641,0.008848749455322581,0.0008594888882014646,0.00028995450620497424,2.966423585689815e-05,0.004470155198888881
361,3,3.57061431294636e-05,0.03390860584859185,9387.550352391763,3.0,5.8e-07,1.02e-06,0.022018592205375175,0.016032108836370573,0.005252647134688439,0.0006024323924999556,0.00018878295039802663,1.793192087692918e-05,0.012554872560555541
361,4,0.0002624956155717418,0.2948410120649199,15543.694116839104,1.0,5.8e-07,1.02e-06,0.021555974336928976,0.008191324222340793,0.01041165803927547,0.006190233018371152,0.0001528965764388844,4.15806148126008e-05,0.0023910982861111013
362,0,0.0011592248756469039,0.17458574030280383,17426.65502332946,1.0,5.8e-07,1.02e-06,0.02270123420394138,0.014856703897225357,0.0088397616194413,0.00706858427030977,0.00017033215002986845,4.333346060301355e-05,0.0024050512244444266
362,1,1.445957156941633e-05,0.09309687853786248,22598.171568314443,2.0,5.8e-07,1.02e-06,0.021013462446138286,0.005716094158676521,0.009883037635677279,0.0005187918048679979,0.00025399211233110745,3.16550987732229e-05,0.0029423416411111236
362,2,0.0002512327436042522,0.1328799061294483,9144.82562907058,1.0,5.8e-07,1.02e-06,0.022530068538913924,0.01149195109617279,0.00843998479544286,0.010162268492731469,0.00022887683670090274,7.742429080215621e-05,0.0037777225955555743
362,3,8.762073577646747e-05,0.24503672321765696,18098.74805638674,1.0,5.8e-07,1.02e-06,0.021174445165138268,0.0060338697551600975,0.010434642300899055,0.0006601480988072422,0.00029929051526255427,3.2112881854393233e-05,0.0023246591261111144
362,4,7.093287604028069e-05,0.012246899226983774,17058.973848826736,3.0,5.8e-07,1.02e-06,0.02277606685754337,0.026141768672678065,0.004215304619756634,0.003264769981247696,0.00014000180113198928,2.9913202871320647e-05,0.0028131358877777762
363,0,0.00018908846129588413,0.17816466282082308,4944.034637946244,1.0,5.8e-07,1.02e-06,0.02988441729781841,0.015897744502977908,0.00773432385022343,0.016257716307162884,0.00028797112038795436,0.0001732091708861219,0.004756031756111126
363,1,0.00013083939594660558,0.03219413140627731,2012.20798610759,1.0,5.8e-07,1.02e-06,0.06919315732479521,0.05716731765077666,0.005817182082346148,0.03636261678098548,0.0003012522732596293,0.0006314972689373136,0.008508969518888868
363,2,0.0004760600021239407,0.09578247573810927,19885.84808177794,3.0,5.8e-07,1.02e-06,0.02548119068868673,0.014943410889602582,0.007601754952398374,0.010337252405140007,0.00021311597008579617,5.964757802952954e-05,0.0042522790366666535
363,3,0.0006603918008304369,0.017410914749508864,21952.37932398657,1.0,5.8e-07,1.02e-06,0.022661174159121514,0.015622594476646634,0.008475454986805587,0.004195031288197086,0.00014471269424624252,2.921748742406076e-05,0.0030443326755555528
363,4,0.0001776700918562859,0.2885264217478312,6979.9095792532025,3.0,5.8e-07,1.02e-06,0.0346628688415741,0.01861671720109109,0.008557357088943307,0.020399631326834936,0.000304360648814503,0.00020284042709332287,0.00884264908111114
364,0,0.0012242027381796615,0.016313300089333682,19900.14488868134,1.0,5.8e-07,1.02e-06,0.027617375417651243,0.021620064918619886,0.007743645022939542,0.003515529284157874,0.00021870719355171722,3.010273701612992e-05,0.0013585183538889073
364,1,3.2432338125831896e-05,0.10243004879238272,4514.1286673567865,2.0,5.8e-07,1.02e-06,0.024594950888971456,0.00807782865653461,0.007638662794309799,0.00040429250047517925,0.00034345110264121567,2.0062633649698306e-05,0.009155266318333341
364,2,0.0001347145001969276,0.018834639956272967,4908.39447977469,1.0,5.8e-07,1.02e-06,0.04224313498300714,0.033199826341487874,0.003401518915649804,0.014532788609766131,0.0002796869466626877,0.0001605190815000672,0.007405001122222227
364,3,4.78882003429347e-05,0.1712358294808621,10187.800489919946,3.0,5.8e-07,1.02e-06,0.020730569765928075,0.005617707633065738,0.006770225218931475,0.0005270260686279343,0.00022020565560497895,2.8834995065247447e-05,0.007488622464444442
364,4,4.784329810732126e-05,0.20827646668061886,2940.7200067941662,1.0,5.8e-07,1.02e-06,0.022659809348983994,0.005529739797277122,0.0073251573674754655,0.0006087922192294864,0.0003522403691791027,2.577109163893854e-05,0.0033565301838889006
365,0,4.988807918069808e-05,0.0375124851911209,23056.75970861311,3.0,5.8e-07,1.02e-06,0.020714525875161833,0.007364089269862169,0.008347555363749981,0.0005955352043695425,0.00018100287442802355,2.855294277863212e-05,0.003336119967777773
365,1,0.00015905983907447057,0.030169493750820574,5936.729617339464,3.0,5.8e-07,1.02e-06,0.054605564918187584,0.04600715798244868,0.004578418305285342,0.02399725048841059,0.0002521318267201432,0.00027987676868668996,0.01041223230388888
365,2,5.687950272492267e-05,0.21345867833051949,3197.0981805301108,1.0,5.8e-07,1.02e-06,0.025080798331869786,0.005508974801558123,0.007530143565268606,0.0007564536578379947,0.00040500650260944047,2.6743212615063584e-05,0.0031557100427777734
365,3,5.3621522063421716e-05,0.19933110865524667,7033.460432479187,2.0,5.8e-07,1.02e-06,0.02097831526040501,0.005547614461178911,0.008607606934047914,0.0006155727564394281,0.00022938294745195224,2.854834193884659e-05,0.003920518773333312
365,4,4.6037797667165284e-05,0.025826987554631274,7997.333270364911,3.0,5.8e-07,1.02e-06,0.024066350414801947,0.02560739395857843,0.004160873333777587,0.0013527165961682002,0.0001430717962705965,3.086282339596194e-05,0.009948737408333339
366,0,0.0006352626431491837,0.06624365930221794,11540.226822539693,2.0,5.8e-07,1.02e-06,0.03398514149333184,0.025014356988980527,0.0072032937522568214,0.0142283535720576,0.00025489330432741615,0.0001379145175231155,0.002805638349444431
366,1,8.167947424507443e-05,0.18989175177327558,18723.524383783704,1.0,5.8e-07,1.02e-06,0.02616898410185449,0.00598464366138465,0.00953139293296378,0.0006373980253383112,0.00013792992878431865,3.208378625448835e-05,0.00196911933944445
366,2,3.0588090333811936e-05,0.011138937554873638,9730.688822589636,3.0,5.8e-07,1.02e-06,0.04428474450281868,0.04319704906450039,0.004077330705207238,0.0006726405798548832,0.00019246279114177204,4.080751865695188e-05,0.006821959076111106
366,3,6.470901604649504e-05,0.14643477306850833,7183.67602720706,2.0,5.8e-07,1.02e-06,0.0217191166527579,0.0056468321823030755,0.008542117112113458,0.0011929902321404062,0.0001610958033045724,2.7934358421489148e-05,0.007460556030000023
366,4,3.0977406385263946e-05,0.2226514670717831,5743.6034660569785,1.0,5.8e-07,1.02e-06,0.0212414364171494,0.005856415277486597,0.009699984378923977,0.0004914649706641419,0.00019077986195304258,3.035417926098388e-05,0.0036301486072222305
367,0,0.0001734381443543079,0.28012974872017465,12904.779096270004,3.0,5.8e-07,1.02e-06,0.035527573511814896,0.012147990161764528,0.00848588021886595,0.011579025532925225,0.00046745295617843134,8.239244716500622e-05,0.0023132854477777576
367,1,0.0003106151812822572,0.2532221618860791,5929.897473227591,1.0,5.8e-07,1.02e-06,0.040316310041849955,0.0165466589432919,0.0077373198073188085,0.017211231417087674,0.00047138548324781253,0.0001676436334466382,0.006304158141111113
367,2,4.104847740675921e-05,0.216924806197172,7053.620553412285,1.0,5.8e-07,1.02e-06,0.024533095681219214,0.0058847757607856125,0.008844294751844176,0.0005053323806493951,0.0004117343161394052,3.0931483549977294e-05,0.0025078773088888784
367,3,2.6824838701721028e-05,0.2523108704342832,9115.358921362273,1.0,5.8e-07,1.02e-06,0.024611808639624314,0.006146079529334676,0.009730478398118081,0.000501568781449353,0.0001448620828259473,3.1706205547781755e-05,0.0026304176833333304
367,4,3.6915461343095475e-05,0.28832702171948765,24840.335624184885,3.0,5.8e-07,1.02e-06,0.02449263893473552,0.006205956371617687,0.011673317858389291,0.0005013278766173688,0.00014623506800269957,3.2136597443560334e-05,0.002393886737777781
368,0,0.00017602087716695432,0.07623592060394652,12743.080967201986,3.0,5.8e-07,1.02e-06,0.027871815559849297,0.015011094010929584,0.00854593695580041,0.011707494918651905,0.00025818745130397265,8.586860426373411e-05,0.0028436407088888588
368,1,1.2984674763313681e-05,0.16715924704948812,3473.9734373391025,2.0,5.8e-07,1.02e-06,0.020912281947565458,0.0066079099489816245,0.007244655641401043,0.0004925213248480969,0.0001764044306250713,2.0121192069232293e-05,0.008305817681111091
368,2,0.0008933684354684369,0.14138966905570932,14341.03488911491,1.0,5.8e-07,1.02e-06,0.030365304283464737,0.015464726570837828,0.008968291117879617,0.0086837659491067,0.0003324817596151895,5.454566882440428e-05,0.002709926856666642
368,3,0.00017632668285935612,0.05015045366278835,14822.209617742199,3.0,5.8e-07,1.02e-06,0.028788100922623086,0.015988348299842803,0.007066234162671069,0.01040608663094327,0.00028560029276579853,7.267323310439179e-05,0.006355133025555557
368,4,1.2851765363741574e-05,0.03164973750446395,10707.686872786404,1.0,5.8e-07,1.02e-06,0.023426565562676332,0.006903967915157308,0.008652334056933816,0.0005263507213489619,0.000135102102099563,2.8263301117563542e-05,0.004942200522777787
369,0,1.8671751872297184e-05,0.03420752994595121,22130.51324968242,1.0,5.8e-07,1.02e-06,0.022875084088466432,0.0057012662470696225,0.009596298093499774,0.0005182065924554665,0.00034685959946865796,3.151243372472699e-05,0.0029517586433333437
369,1,0.0002664102554275911,0.11186419596274987,14996.625585113798,3.0,5.8e-07,1.02e-06,0.024410156468925723,0.01305347870209859,0.007093019931999786,0.010719178936363915,0.00014800016256207745,7.391016163737023e-05,0.005151921856666658
369,2,0.0005372202603657112,0.2632842170020368,9358.434193953955,1.0,5.8e-07,1.02e-06,0.022374619765944976,0.013973088098037115,0.00816085942539874,0.01241851161959588,0.00016987800996932974,9.438561722249023e-05,0.0022418460633332887
369,3,2.487367309819081e-05,0.23259954284948864,12543.94085656279,1.0,5.8e-07,1.02e-06,0.021315969082131805,0.0062185468688095895,0.00939845061349168,0.0005053008317329478,0.00029721727053370347,3.2072048725238736e-05,0.0022529857288889066
369,4,0.0005834423353314422,0.16900619558311017,3814.754726390791,2.0,5.8e-07,1.02e-06,0.06196489908382675,0.052882978002924685,0.003877861234355752,0.04281655456966201,0.0002574264966376893,0.0007738419824499703,0.009563409740000015
370,0,5.143150257804902e-05,0.25242366043808345,19528.236827606524,3.0,5.8e-07,1.02e-06,0.020997643128863475,0.005989648519444946,0.010101273594095002,0.0005010262981413725,0.00019872398731975868,3.174729219393082e-05,0.004247171702222233
370,1,7.3709708014904334e-06,0.14821708384000928,7556.306227448533,1.0,5.8e-07,1.02e-06,0.02113531227422795,0.005757175179097733,0.008864757679554766,0.0005205226978345063,0.00018800028903406167,3.073859884520572e-05,0.004284213834444453
370,2,0.00016827179373489305,0.07007464237341673,16289.588862566887,2.0,5.8e-07,1.02e-06,0.024246007043317138,0.009466924580554372,0.008548304924754212,0.006358181966446441,0.0001422501886260013,4.428386931116712e-05,0.004140801944444439
370,3,4.9010001207169096e-05,0.2713557444647898,24389.171181231482,2.0,5.8e-07,1.02e-06,0.02304560600255245,0.0062499567452021405,0.009449762702822974,0.0004981480919165401,0.00015902544609522478,3.224646546316696e-05,0.002309846603333332
370,4,4.3454597517008475e-05,0.2910501216593441,19428.754775856898,2.0,5.8e-07,1.02e-06,0.021256975299791352,0.006229891472793843,0.009399686008495306,0.0004923011346719797,0.00019657430916615243,3.2118573839477055e-05,0.0023030076688888984
371,0,0.0007134777782669027,0.20396749276746218,14236.319967272248,1.0,5.8e-07,1.02e-06,0.022000704891443016,0.012163263648815108,0.008703391952320326,0.008245069032136352,0.0001843513591848478,5.1092879640546395e-05,0.0038044535788888806
371,1,0.0002540771199611433,0.2299931513537982,11973.926132860366,3.0,5.8e-07,1.02e-06,0.03009194032346511,0.014765570744557532,0.008903789268192233,0.014829323455742194,0.0002957780282750262,0.00010947913909306653,0.003264821033888851
371,2,2.977541237820474e-05,0.20546989579493807,22834.166957355006,3.0,5.8e-07,1.02e-06,0.021398759504447282,0.005974739373260714,0.009738590374137435,0.0005005330248374101,0.0002833177422976835,3.190442931728964e-05,0.002494249036111132
371,3,8.020694810514775e-05,0.015320441790048833,13697.64851077297,2.0,5.8e-07,1.02e-06,0.028081048852061113,0.020495727238487704,0.006350154005481112,0.0044348153358106344,0.0002496038506694861,3.505948990828047e-05,0.005942541717777791
371,4,7.109185402592054e-05,0.05547231820418471,5707.28526019651,2.0,5.8e-07,1.02e-06,0.023160566369077925,0.01488498443566929,0.005613736517523738,0.0052332668308845975,0.00023300385324324835,5.850706663020059e-05,0.012302771091111123
372,0,1.990602665493297e-05,0.1440862794706508,23051.78768397719,1.0,5.8e-07,1.02e-06,0.023051265759471373,0.006208834190400015,0.010554559108269053,0.0005072786340752123,0.00015892746920892446,3.233309876856224e-05,0.002249565161666675
372,1,0.00010591069415431749,0.20212843622219345,9850.270585686654,2.0,5.8e-07,1.02e-06,0.020669671426407618,0.006925418150222472,0.009586956818794323,0.004501140727955871,0.00024662884002560673,4.3812768437554894e-05,0.0020317096494444353
372,2,0.00016982758519425893,0.07039182755613038,18198.387401905842,3.0,5.8e-07,1.02e-06,0.027081283535644336,0.011192908167845614,0.008834444629428166,0.007936336125014579,0.0003176738667926094,5.176722659573706e-05,0.007485441770000004
372,3,3.583288272293383e-05,0.004386353135372211,18961.51298828308,1.0,5.8e-07,1.02e-06,0.02769486851021467,0.021497868502151362,0.007374609548634708,0.00047279959903330336,0.00023175200421207565,2.2336671901368837e-05,0.00286077248500001
372,4,1.7874943387485994e-05,0.29879211371642894,23439.245975894002,2.0,5.8e-07,1.02e-06,0.02331375005389839,0.006330370785093373,0.01087538749954036,0.0005037811534768785,0.00038751192050731105,3.229931678138048e-05,0.0022341701244444484
373,0,0.0013344967577422738,0.20391682095435576,3808.2703021972275,3.0,5.8e-07,1.02e-06,0.16448631006892142,0.1308303987191013,0.010754169644874407,0.07249144036751029,0.00039786976411982934,0.001817337674069815,0.008661694051111113
373,1,0.00013529194990283635,0.2922409569780074,4223.917049774487,2.0,5.8e-07,1.02e-06,0.031213267830504095,0.014995121830146368,0.007359514003781824,0.015296674952013417,0.000327408147937607,0.0001975107600421475,0.0012836071483333517
373,2,2.5519378198551107e-05,0.05505447626728564,19963.461062787497,2.0,5.8e-07,1.02e-06,0.021452961550657814,0.0058252811688383815,0.00896260325654713,0.0005002310363678915,0.000295294711661104,3.059149202037381e-05,0.003567732211111105
373,3,4.851399747827352e-05,0.043397701818114864,19104.90754556987,2.0,5.8e-07,1.02e-06,0.022209036290907497,0.006298587644740027,0.009149653574783027,0.0006191032380986173,0.00031371839034387495,2.9653333422508e-05,0.004342205415555564
373,4,0.00011302014626924547,0.19059085147949692,6137.781053441667,1.0,5.8e-07,1.02e-06,0.02280022083157593,0.007810029984307607,0.008909804600553984,0.005678431891708979,0.00031286004725444464,6.023281918881549e-05,0.0035017914416666657
374,0,0.0006889939565865192,0.11492482747771687,21226.7960184612,1.0,5.8e-07,1.02e-06,0.02300853907232865,0.009865579067615706,0.009723544875862742,0.005536022098651402,0.00013964759356058318,3.311411858775032e-05,0.002060949719444441
374,1,0.0001570808752705734,0.059709002764298476,20365.27086428411,3.0,5.8e-07,1.02e-06,0.022506233937521877,0.010598172327787854,0.00812729676971523,0.007004137544460265,0.000227820677886345,4.5271156400782944e-05,0.00433941202833335
374,2,1.4287559389051479e-05,0.06231347466599893,11587.538401038446,2.0,5.8e-07,1.02e-06,0.021393926056358297,0.006500791722228724,0.008233346176299478,0.0004975893145507197,0.00026264806877998565,2.796688484240541e-05,0.00434125899666668
374,3,2.9907118996671817e-06,0.2705274581335991,22232.010583968797,2.0,5.8e-07,1.02e-06,0.022218589218911382,0.006265959699970961,0.009951451250255898,0.0005064489716469966,0.00017109630260388707,3.2239170964460214e-05,0.002728311846111081
374,4,0.00014331706537346693,0.08659198355049152,15255.0951929382,3.0,5.8e-07,1.02e-06,0.024118712106216616,0.011475478533228984,0.007610032183051993,0.008647419202800821,0.0002521309843181748,6.097630606947341e-05,0.005503059418333331
375,0,0.00035852943170803164,0.1071516378902065,4106.310938964583,1.0,5.8e-07,1.02e-06,0.055385423167608784,0.028804217091052325,0.004942423063079957,0.026837467133862165,0.00048762250935455756,0.00030901068925342037,0.0057027513216666575
375,1,0.000249445337404839,0.11503807819759798,7638.735228792409,3.0,5.8e-07,1.02e-06,0.03970610553941075,0.022670211587684206,0.00605957121164134,0.02029640466461025,0.00032723851948233165,0.00019356959584719124,0.009188847691666668
375,2,0.00021692519909449512,0.19992221400864213,20934.9887162869,2.0,5.8e-07,1.02e-06,0.020153177083182424,0.007565440313292582,0.009887167764521391,0.0054566844926294015,0.00021624348243593164,3.621676216540683e-05,0.00238935928666667
375,3,8.390769941129009e-07,0.2811153676079553,7428.919897633984,3.0,5.8e-07,1.02e-06,0.02270528699990809,0.005717087413664011,0.00980750123577027,0.0005063004392868099,0.0003488417337965541,2.8825564109834226e-05,0.005812429001666675
375,4,2.4510910238915333e-05,0.2045642355922932,3540.5689854798784,1.0,5.8e-07,1.02e-06,0.021129152132133556,0.005625131759569312,0.008968780720344066,0.0004857814185005562,0.00027614338022219554,2.7242025662806035e-05,0.00488491828777779
376,0,0.0009126336547930453,0.24613621041420675,7134.427789577422,2.0,5.8e-07,1.02e-06,0.049753266146434494,0.03678420358319317,0.004779153702279173,0.027473587670333335,0.0003087972622380648,0.0003927696303989684,0.0025277861616666564
376,1,0.0001677536150759725,0.10201559822836358,12620.255071162686,3.0,5.8e-07,1.02e-06,0.028302815304404344,0.013858121980535822,0.007058139825106631,0.011897218104267145,0.0002981976561073253,8.800417726456264e-05,0.004231800493333326
376,2,1.0138547289804227e-05,0.22162489070366428,2700.6872336522597,2.0,5.8e-07,1.02e-06,0.022333853184108753,0.0063739900494860086,0.007117684385007591,0.0005034565768611139,0.0002939542824951453,1.8962030923469723e-05,0.009256049523333337
376,3,0.0001270082804406984,0.29990646727169107,12051.526977423957,3.0,5.8e-07,1.02e-06,0.025941429593481807,0.008397333417836697,0.010224851802072872,0.006501178734577459,0.00013974477819772663,5.466638100695076e-05,0.0021425329027777995
376,4,7.342501898661264e-05,0.18197279631869326,16759.961904782846,2.0,5.8e-07,1.02e-06,0.027351629494656752,0.005604801413331445,0.009329382619072991,0.0007840039284167615,0.00013552908356145228,3.140670621094409e-05,0.0017472282422221902
377,0,3.817660834850125e-06,0.23034070189472589,14053.9542030874,3.0,5.8e-07,1.02e-06,0.023815487948480336,0.005831591100253154,0.008927092724284503,0.0004988152008469104,0.00014828075185335817,3.1095241652441655e-05,0.003647341004444443
377,1,6.750307534518692e-05,0.14810150886769405,8178.875002180121,3.0,5.8e-07,1.02e-06,0.02203743276704942,0.0059381256601697685,0.007822608069232066,0.0011630493199596382,0.00014853544707225537,2.674872449992248e-05,0.0069774307677777925
377,2,0.0015949035108775186,0.07440299414123526,6214.475350457262,2.0,5.8e-07,1.02e-06,0.1099140174713884,0.08351727045009398,0.006032345097192106,0.039354825086396976,0.00042708536885405034,0.0007643269605310923,0.004299857197222229
377,3,0.00031825940435532856,0.2609998070663459,24536.63116773722,3.0,5.8e-07,1.02e-06,0.021378585242616488,0.00877956953986045,0.0087067137458451,0.007063188184183213,0.00017807819832733502,4.144270736771908e-05,0.0027182405227777623
377,4,8.439430075068955e-05,0.23719271008821616,7822.57633302245,2.0,5.8e-07,1.02e-06,0.020758784296803685,0.005523538339003872,0.009483792854233583,0.0019428279559864133,0.00019227391887128054,3.1123959894342926e-05,0.00309741805111112
378,0,8.637981630333777e-06,0.0047018999420667664,23422.52276225198,1.0,5.8e-07,1.02e-06,0.03376364587688476,0.016245622720237385,0.00767176840607987,0.0005543436498360799,0.0003821682897480586,2.6176278088159567e-05,0.003952694558333331
378,1,0.00015621220006878988,0.085862487897463,16779.64108406035,2.0,5.8e-07,1.02e-06,0.020324330496439107,0.00853482263035278,0.008936582118111882,0.00587664131862392,0.00017837374667402196,4.103360401124534e-05,0.005085784807777771
378,2,0.0003101298418948929,0.11021079982803773,20168.341830058744,1.0,5.8e-07,1.02e-06,0.022719041161310096,0.007480590947086332,0.010085464208601104,0.005113892194018857,0.0003153203877541122,3.3376038832390435e-05,0.002742993705555516
378,3,0.0003083762798160192,0.029706949251282155,11238.595234432969,1.0,5.8e-07,1.02e-06,0.03188031006895711,0.016392039027920715,0.007846012342804482,0.00826715327776377,0.00034731946825998137,5.607651154722575e-05,0.0040586422122221855
378,4,0.00015310622492112908,0.178122015248395,4482.246209704381,2.0,5.8e-07,1.02e-06,0.04159209975375961,0.019734309101760217,0.005537574442074043,0.019905776787931453,0.00042106775284001734,0.0002422167306469875,0.004560849768888889
379,0,1.0970513959621065e-05,0.21331063571006234,7940.046056390511,1.0,5.8e-07,1.02e-06,0.02107172142416661,0.006008874242296135,0.010238965145139571,0.0005076766214849355,0.00026427568937215556,3.1366580670457536e-05,0.00347007854055556
379,1,6.333796470348738e-05,0.06400050690356375,4906.383863694899,2.0,5.8e-07,1.02e-06,0.028722194746973212,0.013080397533366572,0.004964731959729243,0.00330251977949402,0.0003548105959927704,4.5407875652712416e-05,0.00805868173222224
379,2,2.8948270421596575e-05,0.18594672048398353,19525.493170268295,1.0,5.8e-07,1.02e-06,0.020965465366984754,0.006252051850871898,0.009096446452893921,0.0005041360226808181,0.00024460925135321717,3.230337971226835e-05,0.0031394431872222295
379,3,0.0001605193804958939,0.0783273024381618,8491.213779945872,3.0,5.8e-07,1.02e-06,0.030239199232178687,0.02123584289465763,0.006182806286503869,0.0178552267490425,0.00020363615619366855,0.00016189441976689433,0.007930794349444423
379,4,0.00013274099371140044,0.15712999537762726,6720.632414626464,2.0,5.8e-07,1.02e-06,0.026395974292366255,0.014002642127249392,0.008036392470589288,0.012993294579828077,0.00021087706142378627,0.00012957707473931386,0.005280954684444422
380,0,8.65031865091756e-06,0.19369582513375397,17083.76768564594,1.0,5.8e-07,1.02e-06,0.023925778425473814,0.006244033883060891,0.009774486170870088,0.0005127089438527499,0.00015137316640912054,3.2258659787919044e-05,0.0037646554411111116
380,1,0.00013280675240878612,0.03500363496303516,7756.02807885233,2.0,5.8e-07,1.02e-06,0.03206564454663938,0.023286433111882943,0.0054187494738957296,0.01189655786690489,0.00025965600626277706,0.00011090635810777511,0.006362674694444445
380,2,0.00046849334752936743,0.05509475122737034,4040.585719947222,2.0,5.8e-07,1.02e-06,0.08082544843870575,0.06062293686915038,0.005268629364565014,0.03578585071794901,0.00037650382839003754,0.000684109013394405,0.01082586771500002
380,3,1.763808146539338e-05,0.2617842748535894,20112.92799627552,1.0,5.8e-07,1.02e-06,0.02114787115885156,0.006384497752326902,0.011121190446537548,0.0005091457421655224,0.00020355505720013722,3.239343430595728e-05,0.0025311027633333344
380,4,0.0002929653715741494,0.12314438025974299,2756.7830181927366,1.0,5.8e-07,1.02e-06,0.044714841193067956,0.03567863334561563,0.003571732236245146,0.03626218282984426,0.00030550789326454756,0.0005287825850078827,0.006544912545000017
381,0,0.0001633555992642465,0.24419118766199654,9007.77431670237,2.0,5.8e-07,1.02e-06,0.026575809817267232,0.011835635161127003,0.008692495487979306,0.011135961813168373,0.00029650696415977625,9.377044383983156e-05,0.0034207973961111054
381,1,2.1837979700069013e-05,0.04582840563618435,11895.99177091912,2.0,5.8e-07,1.02e-06,0.020835938475324136,0.00760559278588017,0.008146738882660827,0.000477056806799548,0.0002175506553656722,2.641640479984439e-05,0.008037014507777787
381,2,0.0003220905022660962,0.13470095437985588,11154.494110347036,1.0,5.8e-07,1.02e-06,0.023141161168205412,0.01119778360757108,0.008528815718005896,0.009595534631252694,0.00022839872039777365,6.570859708123625e-05,0.002314851418333333
381,3,5.5762854813234095e-06,0.10360173329438721,3135.971426606987,3.0,5.8e-07,1.02e-06,0.03564284631213208,0.01486055084110928,0.0032650069715765063,0.0005065235190633703,0.00042658685427016883,2.528446704555749e-05,0.019030338287777768
381,4,3.4290023382418626e-05,0.19481174408507823,19568.771660508995,3.0,5.8e-07,1.02e-06,0.027753828122649937,0.005877260421712087,0.01005182674908827,0.0005063978171161443,0.00013476978640124655,3.160396416754502e-05,0.003024508806666687
382,0,0.0001950068304637024,0.10758264166500023,12925.781532965819,2.0,5.8e-07,1.02e-06,0.02182860622536245,0.010555286171152181,0.00883451595006162,0.008241025455096323,0.00018130001159655953,5.954155241834241e-05,0.0030278171249999986
382,1,4.731374879384205e-05,0.16026294770401847,18369.02177932136,3.0,5.8e-07,1.02e-06,0.02083562696364397,0.005691831751899676,0.010172306057423237,0.0004974467646223289,0.0002145458098413159,3.1206901376805016e-05,0.003691980400000003
382,2,6.891991956344618e-05,0.10596779083981674,15005.347875547186,3.0,5.8e-07,1.02e-06,0.021286539356379763,0.005713526555821032,0.009309986699776255,0.0010042078169457964,0.00016615264678381287,2.929504507477429e-05,0.006075283431666675
382,3,9.320416941557882e-06,0.2758937730345772,16234.772335766549,3.0,5.8e-07,1.02e-06,0.020846779264686772,0.0060260845981785,0.010252905409425821,0.0005120303622194703,0.0002176012170484394,3.162970278036436e-05,0.0032960267844444474
382,4,7.630338638373094e-06,0.08132473977064325,18558.26751742515,3.0,5.8e-07,1.02e-06,0.020995082996005318,0.005845589311772791,0.008543023674407511,0.000476106169233714,0.00019030828137063928,3.014755020929798e-05,0.00643183314500001
383,0,0.00015134712034583548,0.09045800595983132,21534.78980901261,3.0,5.8e-07,1.02e-06,0.026632997251631037,0.008981128928259969,0.008591984338933547,0.006531757234222312,0.0003547217843390288,4.147917083375466e-05,0.002729489739444424
383,1,2.776861244438086e-05,0.2846359080059191,6249.514439465904,1.0,5.8e-07,1.02e-06,0.02124663704690063,0.0060715839696676615,0.009785103204905858,0.0004977058896255699,0.0002954234802122491,3.1065937246013094e-05,0.0007311943288888928
383,2,7.522958433437338e-06,0.18417679099431786,15250.485784249062,1.0,5.8e-07,1.02e-06,0.020984144355195106,0.006182574127632314,0.009870296481462365,0.0005137213965572411,0.0002546613601429599,3.21691683572726e-05,0.00215824949
383,3,0.00011157433161103053,0.0306363910803631,15604.99321998828,2.0,5.8e-07,1.02e-06,0.020255421096439893,0.012369449230864275,0.007424336485822482,0.005376389312668089,0.00016520659158275925,3.934311418016218e-05,0.005026510168333345
383,4,3.1086465139020155e-05,0.21720272095452817,19645.673364375867,2.0,5.8e-07,1.02e-06,0.021724870589404737,0.006102539680551428,0.009749443524353722,0.0004990799734422021,0.0003268846770328895,3.20382639663714e-05,0.002773390043888907
384,0,4.0474080485714704e-05,0.01744947993759095,7213.703565403213,3.0,5.8e-07,1.02e-06,0.06303965593942222,0.04024678280484961,0.0046126827508433535,0.0011113481206596345,0.00042731266792526854,5.324509967487073e-05,0.013786506431666665
384,1,7.510129528474377e-05,0.05074502778964274,15614.10457663578,3.0,5.8e-07,1.02e-06,0.02068121590781925,0.008814875937044466,0.006999728733765728,0.0025297082247750574,0.0002002327770239681,2.8909811772911702e-05,0.003134938746666663
384,2,6.363910509372693e-06,0.2979537708302922,24442.80049211399,3.0,5.8e-07,1.02e-06,0.02099702401397044,0.006230199805427459,0.010107631252803582,0.0005110859964504827,0.000250294167074504,3.21702807744347e-05,0.003329305543888897
384,3,0.00012383473310363346,0.23014890453247147,18961.718540773498,2.0,5.8e-07,1.02e-06,0.02033531064186755,0.006255220578719113,0.008818656405838373,0.00345357899717513,0.0002514988496676433,3.2083015639714585e-05,0.0021272720555555596
384,4,2.5098259135741395e-05,0.13693447968230305,5297.576949391967,2.0,5.8e-07,1.02e-06,0.020909124647371994,0.006243290007752352,0.007898862948042233,0.0005338169882353928,0.0002167384932350124,2.4137370497941144e-05,0.007348921293888908
385,0,3.3476055744046466e-05,0.20219501905937895,19628.259351947145,3.0,5.8e-07,1.02e-06,0.020878475373173434,0.005890563030399431,0.01074126678788752,0.0005055847557230162,0.00022201733571575982,3.163954008300179e-05,0.004515908487777803
385,1,1.5332494381526272e-05,0.05249155532376637,6546.961477552869,2.0,5.8e-07,1.02e-06,0.02214941229878063,0.010296815394397016,0.006113913680518542,0.0005280320981631566,0.00024511387933351365,1.9163472265852465e-05,0.00803902009833335
385,2,3.151294990638151e-05,0.008688227494348198,4576.958862891428,2.0,5.8e-07,1.02e-06,0.09342973673424367,0.08477739882182272,0.010942731211482917,0.00014771653961292,0.0002442865537860193,0.00015746941857184814,0.014339179389999998
385,3,2.810442784768976e-05,0.1580059014018753,15294.862165243394,3.0,5.8e-07,1.02e-06,0.0208415027060229,0.005669240764895869,0.009491068450868289,0.0005001475679168082,0.00022106321813350079,3.077087714848756e-05,0.004820602694444467
385,4,9.484463269382873e-05,0.1887033416824391,20209.576676192046,1.0,5.8e-07,1.02e-06,0.022153433084936766,0.005873587444919813,0.009099520867013884,0.0009049644182062907,0.00034259908800122406,3.203793865842199e-05,0.003269700945000037
386,0,1.554380084171276e-05,0.15564054537940503,23342.38734510867,3.0,5.8e-07,1.02e-06,0.021372422095467736,0.005841639010494173,0.009324617383219384,0.0005036337919494282,0.00018770677230882903,3.176202767793535e-05,0.004557356757222228
386,1,0.0002184461317226009,0.15661904810080365,16776.62499070457,1.0,5.8e-07,1.02e-06,0.02063914224621681,0.007413986148989189,0.009131759471473669,0.0052238109980429215,0.0001694928328526261,3.576472914298796e-05,0.0014439988955555483
386,2,0.00010113243853672966,0.17271097107722252,12585.367417631454,1.0,5.8e-07,1.02e-06,0.020618687054012774,0.005651656730894706,0.009050578505961084,0.001811589132364771,0.00022636960397655367,3.131237348090131e-05,0.002776003708888919
386,3,0.00040378193611143736,0.285950789910341,9842.471799512932,2.0,5.8e-07,1.02e-06,0.025840183121342494,0.015227879515068514,0.008333226075589027,0.013494962926064823,0.0001869625424277952,0.0001146362620507539,0.006372794778333343
386,4,0.0001137311234977347,0.1572261496075922,5528.04959795186,3.0,5.8e-07,1.02e-06,0.02601621313528951,0.016013560805803472,0.006337616612841439,0.013939873274518769,0.00018991623974609314,0.00016560741445304525,0.004456839775000027
387,0,7.108326398930041e-05,0.1905676421777702,8860.509812687033,3.0,5.8e-07,1.02e-06,0.021207561015366267,0.00552446964470367,0.009150014707952523,0.0011458419352698953,0.00027150599035647094,2.822535184962239e-05,0.00505794072388889
387,1,0.0005019732725072182,0.17972479065981362,8841.246790359259,1.0,5.8e-07,1.02e-06,0.027209128641632396,0.014958453012878714,0.007755945179649126,0.012819581402988936,0.0002888070585750793,9.801662458963237e-05,0.001655786886666677
387,2,0.004586520901497917,0.06345581841259418,21439.287344136847,2.0,5.8e-07,1.02e-06,0.04325813081268414,0.04167413194063019,0.0057916306191906014,0.010972429134014965,0.0002218505400574172,0.00017065988912484358,0.004302810085000011
387,3,2.4100402413202576e-05,0.02074097553092763,20199.444292853565,1.0,5.8e-07,1.02e-06,0.02391741327209831,0.006444701711575987,0.008996902625297799,0.0005106425916602343,0.0001354327657675076,3.0430960883025726e-05,0.00250763618944444
387,4,3.728306166221713e-05,0.04160311026093043,24753.486149437613,1.0,5.8e-07,1.02e-06,0.026507031223855754,0.005630422293642204,0.009214629550208096,0.0004956589509739434,0.00013490811495855363,3.179347865025746e-05,0.0037579623366666703
388,0,0.0003886533576186373,0.28045580605290815,7821.544965270679,1.0,5.8e-07,1.02e-06,0.026839437159146568,0.013993456897143694,0.008507336610117683,0.013705623330516408,0.0003014716537438784,0.00011676278195064114,0.0023518438472222153
388,1,0.00021959167154490694,0.26568853549334176,17852.766466298497,3.0,5.8e-07,1.02e-06,0.02229241481673887,0.01017400659611544,0.00838393824582724,0.008927565040736454,0.0002190672355560948,5.65203519109018e-05,0.0030375714888888627
388,2,1.9648341820084162e-05,0.010424568551396285,19382.92924620363,3.0,5.8e-07,1.02e-06,0.026651697860349193,0.0257532168532134,0.004826178358425721,0.00046296940966204797,0.0001843315573561568,1.6824391789592875e-05,0.0035248773838888886
388,3,0.00011997832699939129,0.23298596268899555,19024.165397136407,2.0,5.8e-07,1.02e-06,0.02042405429407722,0.005986929809376533,0.009691812155277901,0.002905909402354155,0.0002321666661598986,3.1662756755271094e-05,0.003163731243333315
388,4,1.540723807883842e-05,0.16947315409164468,5814.125483929097,1.0,5.8e-07,1.02e-06,0.020973998549471226,0.005726711900700285,0.009536778504824208,0.00048458774837065264,0.0002477390654288571,2.9970453822459293e-05,0.005614091021111101
389,0,7.4402499742631805e-06,0.2505795341166959,5173.660747104708,3.0,5.8e-07,1.02e-06,0.029493744430755878,0.005748650341118894,0.00833319439560361,0.0005493336361236818,0.0004914790859783337,2.4971593061250004e-05,0.005258160011111124
389,1,6.806792967494271e-05,0.11123395750760784,10916.223453589082,2.0,5.8e-07,1.02e-06,0.02149491712446718,0.005579250228047003,0.008393856512982915,0.001317652893927244,0.00028744663535353634,2.9285285355879034e-05,0.004867592601111137
389,2,0.0008796413173369443,0.14717041006178846,5834.583378813599,1.0,5.8e-07,1.02e-06,0.05821089796480992,0.034797533111709945,0.006164241863044446,0.021089571414044803,0.00044310754742766297,0.0002578364763427881,0.0023341621400000123
389,3,0.0001623427354396189,0.08932092753902385,16188.638473082447,1.0,5.8e-07,1.02e-06,0.020171768752260694,0.0074108625601854,0.009203856533734338,0.005089231391983058,0.000213357296452856,3.532321590879549e-05,0.0034357633322222164
389,4,7.224191171733646e-05,0.25701500622529677,6525.732722656761,3.0,5.8e-07,1.02e-06,0.020954144567691933,0.005471562497293035,0.010136656375166348,0.001296067318523047,0.00018093615221697693,2.8023324609180467e-05,0.00319065741500002
390,0,1.4669259264460107e-05,0.2668867447125602,6213.309260648954,1.0,5.8e-07,1.02e-06,0.02883458502828551,0.006048550836450708,0.009705609089236157,0.0005134707606330374,0.0005061751599282557,3.10612180420047e-05,0.0047993517700000154
390,1,0.00022139542680063906,0.30045058486951093,14797.56323183649,1.0,5.8e-07,1.02e-06,0.02031245019063793,0.00828854571940014,0.009458756033016241,0.006268718594314128,0.00019654707001578444,4.242148949977048e-05,0.0015404008666666663
390,2,3.136345350005069e-05,0.1290517874827017,13729.41770438205,2.0,5.8e-07,1.02e-06,0.021319188742799106,0.005654996183403587,0.009431802122559443,0.0004971337417244739,0.00018274370203656305,3.0849528738621126e-05,0.0034936693894444537
390,3,6.57751429905581e-05,0.0894669269054275,18654.872376497573,2.0,5.8e-07,1.02e-06,0.021115549119161508,0.005462538907734793,0.009512080363676357,0.0008553344882596359,0.0001774308237347614,3.08758528634363e-05,0.005325899611666671
390,4,1.1023756159272695e-05,0.1539332436080251,21186.18420900478,3.0,5.8e-07,1.02e-06,0.02117917041979306,0.005778038768727285,0.009558875356446726,0.0005184390589989766,0.0002514679147612962,3.1572739801785196e-05,0.003952721698888911
391,0,0.00047143128591420694,0.0052327581946802525,5387.9024161124535,2.0,5.8e-07,1.02e-06,0.15959038961803068,0.1505447028488297,0.014267968029052856,0.021776371849390404,0.00021051688594235821,0.0006564573244615214,0.012894878208888877
391,1,5.3211499597899105e-05,0.009587705238735877,10272.642045777231,1.0,5.8e-07,1.02e-06,0.02463154839850291,0.020512129542914537,0.00647801969374106,0.002332668187878943,0.0001962381272689088,2.5972549947932704e-05,0.0037438947577777965
391,2,0.0001358286076837571,0.13084537311036398,8614.953982782838,3.0,5.8e-07,1.02e-06,0.0261803010389005,0.015561059147305165,0.007173350905857957,0.014261972608565652,0.00021066521727631905,0.0001301190207031738,0.00530424142055555
391,3,0.0008590468920342874,0.260486152141387,19824.727370860906,3.0,5.8e-07,1.02e-06,0.028767620321350534,0.017740147928448344,0.009127708509393621,0.012568644706347679,0.00022154104875530536,7.214748547299877e-05,0.0029058864238888926
391,4,0.00023125846143105184,0.20076302492007916,23945.378767359296,3.0,5.8e-07,1.02e-06,0.0213524838016967,0.008703112403801267,0.009120559810563826,0.006943025716781466,0.00016881767405070523,4.123140712725085e-05,0.0022027894361111022
392,0,6.655724124222779e-05,0.15720138192406605,4924.771430786415,2.0,5.8e-07,1.02e-06,0.021322708481382232,0.0063547089026836185,0.007729418399566815,0.0018237436253582106,0.00026670480924094594,3.115645896839449e-05,0.003654099302777769
392,1,0.00033933252414214383,0.29357305737629946,19052.07542599569,2.0,5.8e-07,1.02e-06,0.020758364915307005,0.008699629573549708,0.010001762850101325,0.006684895287913164,0.00018459335999321572,4.2787251799218116e-05,0.002238473905555566
392,2,0.00013079283406671946,0.17759679804458542,15656.473405315337,3.0,5.8e-07,1.02e-06,0.022081120591249923,0.008508328207238831,0.008503970027598215,0.006523812287705642,0.0002477490011660176,4.759783625606165e-05,0.006045395208888887
392,3,3.3791515124237817e-05,0.22402577517908467,18184.974033771465,2.0,5.8e-07,1.02e-06,0.025113030598556945,0.006083365136631061,0.010909072419638094,0.0004953398960804368,0.00043396177086352065,3.1974129283541625e-05,0.00585634825055556
392,4,0.00017496612579723708,0.10604623799281955,17727.545248828945,3.0,5.8e-07,1.02e-06,0.02258055831960465,0.01037316953157248,0.008227269317932336,0.00823704536910553,0.0002016919644640476,5.3950149699084634e-05,0.003133250298888904
393,0,1.556858879022578e-05,0.03849559934712473,3798.5252451655933,3.0,5.8e-07,1.02e-06,0.049849916386557495,0.033709420435731115,0.004693025894068144,0.0002153692458812522,0.00035394237637042446,5.987897063940763e-05,0.01917901759833332
393,1,0.0003281336491042616,0.2920121597484466,23824.97383821544,2.0,5.8e-07,1.02e-06,0.02205347804642369,0.00731610413468622,0.010091234220709873,0.0050700619140054744,0.00030202164160744634,3.389670602082546e-05,0.003171535054444438
393,2,0.0009688098985844256,0.09827233776471989,10890.298299221326,2.0,5.8e-07,1.02e-06,0.04245927013335075,0.030631535381025494,0.006111837485905645,0.016815718365150313,0.00030263288798828436,0.00019572764870966707,0.00445212303055556
393,3,0.00018805431784159769,0.029398106217213546,8677.263281441967,2.0,5.8e-07,1.02e-06,0.031389774901570695,0.02630394653570056,0.004894106053024124,0.0127353546666166,0.0002211316443971031,0.00012021866792449294,0.005211388623333327
393,4,0.0001049031427051034,0.059536005523178864,16033.786332562793,2.0,5.8e-07,1.02e-06,0.019930231338190805,0.008032518102876949,0.008460671893177356,0.004337477229483006,0.00018667959460809682,3.529111042396391e-05,0.00525200668388888
394,0,8.630128419832037e-06,0.1641294721105088,10703.283669569711,2.0,5.8e-07,1.02e-06,0.021755701618488856,0.005711640785049046,0.0096070901308168,0.000531025007338002,0.0001728475962298352,3.051801126077937e-05,0.004796671604999997
394,1,1.4392149912627395e-05,0.2885961512501005,22875.806946066263,3.0,5.8e-07,1.02e-06,0.023193736505686253,0.006188902207546777,0.01084772334572163,0.0005080048639933733,0.0001574532488160571,3.2093285398156794e-05,0.0030983895927777644
394,2,0.0003516289845593297,0.04662346826416523,20224.369807077175,1.0,5.8e-07,1.02e-06,0.022259902109139782,0.008933165526982763,0.008210404766069662,0.005114222627044289,0.0002848000072814863,3.229648351336874e-05,0.002918258436666654
394,3,0.00025000860357200506,0.07678953826688743,6040.988968545069,2.0,5.8e-07,1.02e-06,0.037879082748792224,0.02600388212892521,0.005958316867633634,0.019559202964581187,0.00028653920419536286,0.0002168319367653542,0.0066175702061111175
394,4,0.00032654244336304027,0.2812896299856452,19943.0413401369,2.0,5.8e-07,1.02e-06,0.021182757737839574,0.00806907015338893,0.01090481991683547,0.005985287405678763,0.00024265185666866806,3.9164973520481276e-05,0.002190186037222222
395,0,0.0001015285355897996,0.051202487109703584,17884.095691074115,3.0,5.8e-07,1.02e-06,0.01990302881406664,0.010062355303329284,0.0077611083780055575,0.005121600349858864,0.000151997370769054,3.8868499253228956e-05,0.005668726272777799
395,1,5.0191108450648514e-05,0.08853003046760266,14999.191146995841,3.0,5.8e-07,1.02e-06,0.0209161041437282,0.0059008776240392245,0.009166740609040389,0.0005145319241015993,0.00017167836079195684,2.906647329052424e-05,0.005070761495000006
395,2,3.319232929117717e-05,0.2114402758788503,20009.20858062187,3.0,5.8e-07,1.02e-06,0.02532356825117453,0.005928026763721177,0.010403699784844284,0.0004972936815789712,0.000139555591754775,3.1704521244497583e-05,0.003097753901111111
395,3,0.0004701706885919488,0.05604875427804514,10716.416350464491,3.0,5.8e-07,1.02e-06,0.041105967843747176,0.032466743130216524,0.005734105054135938,0.01972858995299254,0.0002545923833246664,0.0001740565593265236,0.006496353778333339
395,4,1.5234476315138753e-05,0.09600582254642256,7416.823043052643,3.0,5.8e-07,1.02e-06,0.02181219989664117,0.007662163404516989,0.0067494143155392575,0.0004833712423377337,0.0002592119400664142,2.242318487547799e-05,0.00716373728666668
396,0,9.336452816641549e-05,0.08534150627060665,2575.1798127113507,2.0,5.8e-07,1.02e-06,0.04767330967506774,0.02800637581454121,0.0031671183074213857,0.017723214162111377,0.0003996264770183698,0.00028863619424836516,0.012491116769444463
396,1,0.00012388305454276544,0.26623601098125926,18277.89765582232,2.0,5.8e-07,1.02e-06,0.03124992546417456,0.006279158555698186,0.009608405603730706,0.003419179676744316,0.00015716847537553018,3.2302121219266575e-05,0.0027514557905555653
396,2,0.0002661625012446529,0.2754460490408754,18240.329090757637,2.0,5.8e-07,1.02e-06,0.021280944324973673,0.008563653591033955,0.009845822196799,0.0067682071053846715,0.00017544396060377454,4.399852813129979e-05,0.002532743979444446
396,3,1.6874925440587327e-05,0.20505836035047764,23828.025094535253,3.0,5.8e-07,1.02e-06,0.02112688763891915,0.005994850338859557,0.010539045435070999,0.0005025687071342506,0.00027906184552215055,3.196961097454034e-05,0.003194957621111119
396,4,0.00024918501262813337,0.06429594907477776,18349.9271053395,2.0,5.8e-07,1.02e-06,0.02758395222984821,0.0106253831230025,0.008921508303317933,0.006794807756282489,0.00035174868344209066,4.242725286448358e-05,0.0019334123933333336
397,0,0.0003679796107576481,0.27627400162807814,13892.77245461762,1.0,5.8e-07,1.02e-06,0.022116003373179722,0.009203329946284906,0.008888495121005514,0.007581341899877122,0.00014946068996874994,5.0910940709942986e-05,0.0033977389916666767
397,1,6.590934726518508e-05,0.0610133321080435,9089.04485617697,3.0,5.8e-07,1.02e-06,0.024011290957677983,0.010843868387027,0.006717323203720024,0.002304409286130433,0.00029867822079008226,2.9036769673365458e-05,0.006402524131666684
397,2,1.7071715692442898e-05,0.18560949361478138,8788.014534716413,3.0,5.8e-07,1.02e-06,0.022004496231684056,0.00568054815009661,0.009036321535915765,0.0005155795850469385,0.0003245576741609127,2.844586191028098e-05,0.0034081518900000163
397,3,0.00012795148508423763,0.17510718896679692,11440.482332731512,3.0,5.8e-07,1.02e-06,0.02356807135397561,0.01054317111634049,0.008322304700770385,0.009052050741112094,0.00023269084449549396,7.245493068872338e-05,0.00318950382111112
397,4,0.0012631504147243913,0.06747272052428269,20712.521663277777,2.0,5.8e-07,1.02e-06,0.02989681335792198,0.02284552575445568,0.006660696453709268,0.009959953055026522,0.00023846143140998825,7.143055942574313e-05,0.004306357502777802
398,0,0.00023520512414232004,0.14271587480157782,9145.791894609774,1.0,5.8e-07,1.02e-06,0.022631143595082576,0.010937848635859719,0.008148747200006926,0.009562042139601545,0.00015239113441157086,7.437228572307004e-05,0.0033396584255555445
398,1,0.00021037345878909339,0.20955288292757457,11769.912827964234,1.0,5.8e-07,1.02e-06,0.021490730481727432,0.00919442593312294,0.009980348844026923,0.007594458956569534,0.00022699928722230494,5.3580467763807606e-05,0.001903174055000012
398,2,3.1332479061752884e-05,0.02123871435459813,22343.551722223856,2.0,5.8e-07,1.02e-06,0.023256855210200034,0.008577393583599121,0.00815966629164351,0.00048281430287221556,0.00013745784829470717,2.8049926193697487e-05,0.00384771728000001
398,3,1.7716404369403936e-05,0.10986479468647911,5691.096299422885,1.0,5.8e-07,1.02e-06,0.021843447717380244,0.005711977172571182,0.008073095789840591,0.0004978080261991646,0.00016161603269275349,2.846049701390526e-05,0.0027398432266666634
398,4,2.529022935256891e-05,0.254145720948933,21015.1668178971,1.0,5.8e-07,1.02e-06,0.021660464004085986,0.006382474314148439,0.010325285725186524,0.0005052298695785912,0.00018392848318329178,3.2400914441474346e-05,0.0034469376999999995
399,0,0.00026630340269340354,0.13749150972619986,8986.688111145373,1.0,5.8e-07,1.02e-06,0.03267376826374822,0.01161892203294188,0.009149729824959138,0.010182038990531467,0.0004313381346605399,7.739436101604403e-05,0.001295520254444446
399,1,0.0002799500069245562,0.018557040968871074,18722.192688820232,1.0,5.8e-07,1.02e-06,0.024573758660184634,0.012421101519442984,0.008497646505472396,0.005122282087241419,0.00028631146632807834,3.178199245774113e-05,0.003177671842777771
399,2,0.00013837567961707953,0.15209069429601332,20068.775290192036,3.0,5.8e-07,1.02e-06,0.020266981828016287,0.007914521840963243,0.009293910159655009,0.005755696744858534,0.0001686385632152933,3.971387030630311e-05,0.0071795214544444486
399,3,1.3626018883042394e-05,0.2620782459171038,23582.29756269568,1.0,5.8e-07,1.02e-06,0.023783966676932264,0.0064151633270927546,0.010989469869917312,0.0005074258842644095,0.00015353483257397977,3.2444243258626116e-05,0.0027469413716666724
399,4,0.001922942329114593,0.1677358399325742,18889.04749472503,1.0,5.8e-07,1.02e-06,0.024095268835308287,0.01889549596601332,0.008826531679786287,0.005737727559061466,0.00016465779257893176,4.378443670799185e-05,0.0018084584149999777
400,0,0.0010199794808547315,0.21819633657973747,9980.30060822401,1.0,5.8e-07,1.02e-06,0.025998472273077954,0.021618469588415973,0.007926843246947505,0.013248437751027207,0.0001898493571425545,0.00011130824497825147,0.0028725432377777887
400,1,0.00027812018511020795,0.13598028993283548,23620.4885894804,3.0,5.8e-07,1.02e-06,0.022311903176401287,0.009707677620642091,0.008852109621567286,0.007846171278234315,0.0002010672588605252,4.5154541974472315e-05,0.0029309719600000006
400,2,4.823288843887802e-05,0.29148303408589654,4182.366821409341,3.0,5.8e-07,1.02e-06,0.020671454437964205,0.005672075917429801,0.008206006051000225,0.0005287839949166538,0.00022385405098398236,2.2751319265739107e-05,0.005000712053888884
400,3,0.0019407695278959654,0.010120189874851769,5193.442910839518,1.0,5.8e-07,1.02e-06,0.09475496294382968,0.09732028867946341,0.0073437306883833734,0.01029896185721725,0.0001827772590977286,0.0003724937521790048,0.0049867106044444165
400,4,0.00014169517309656676,0.17739739878423644,9206.164731393554,1.0,5.8e-07,1.02e-06,0.026500742368859975,0.008774706804717078,0.010078894588198597,0.0069945999928135915,0.0003767628248252805,5.6701335006032915e-05,0.0026024665416666676
401,0,0.00043143963286026966,0.1886159672980913,8582.38175957181,3.0,5.8e-07,1.02e-06,0.03898826768258975,0.02478664128149526,0.007225608339506453,0.023205779201626555,0.0002899651406269975,0.0002098902645988728,0.007207140463888886
401,1,4.479754726348644e-05,0.2369191658452364,14566.298714596713,1.0,5.8e-07,1.02e-06,0.021406272571280263,0.006234487736044367,0.009605317102025638,0.0004963617475538317,0.0003075720914800378,3.2154519104542565e-05,0.0016347048222222216
401,2,1.275943856207911e-05,0.11639406810883318,17819.47324905885,1.0,5.8e-07,1.02e-06,0.026160397597041852,0.006010486979548598,0.009628922107789097,0.0005113096031204263,0.00013728677377898116,3.209800098893774e-05,0.003299587348333355
401,3,0.0005908525212439194,0.21340738022411,9078.179638992042,3.0,5.8e-07,1.02e-06,0.04908379267373458,0.027054512030610267,0.006160039869619069,0.022948152074817745,0.0004122240530500558,0.00020846720651259112,0.004142711148333339
401,4,4.834518344351382e-05,0.012796721818078748,10158.524435392945,1.0,5.8e-07,1.02e-06,0.024132327840568246,0.016047319947160035,0.0073287510913435635,0.0016484066047287346,0.00023995296321163923,2.378896343870708e-05,0.003943586571111116
402,0,0.0008820729017121945,0.23644391851675084,17419.45575368685,1.0,5.8e-07,1.02e-06,0.02220421767320699,0.012178602061046281,0.0089523073957998,0.00771973609073122,0.00016368910922510415,4.4083630943826554e-05,0.001674037474999987
402,1,4.8202329795706596e-05,0.0820911003988209,13583.52851357967,3.0,5.8e-07,1.02e-06,0.021041744233771947,0.006301404928871584,0.007730736519956591,0.000525303265520232,0.00023391126508112803,2.808623723812619e-05,0.004627231631666673
402,2,0.00045210137150676714,0.1600257992984622,11031.730548870479,2.0,5.8e-07,1.02e-06,0.025792718671080777,0.017030488528618635,0.00720097548163653,0.013195741756503817,0.0001512023562884944,0.00011478728668748018,0.0034126493044444317
402,3,1.0496203785357584e-05,0.0403672361213683,11065.765401635797,2.0,5.8e-07,1.02e-06,0.02073165906075508,0.008629004767706087,0.00732198642711087,0.0005423081091421729,0.00019729987129165046,2.4915348888532378e-05,0.007146067053888885
402,4,0.0015785608248126378,0.23587474251566967,5810.133616076599,2.0,5.8e-07,1.02e-06,0.09070961166824043,0.06704048550391427,0.005302805590960124,0.03807858216865498,0.0004165967519692727,0.0007610399072323909,0.008177052352222228
403,0,1.2073988081770488e-05,0.2496182570053435,19302.87822079636,2.0,5.8e-07,1.02e-06,0.021230411822563647,0.0061865318441324075,0.00994559986018003,0.0005088873161938172,0.0002839986297017076,3.21083564469437e-05,0.003210941578888904
403,1,8.6999505009647e-06,0.0855206106056741,12547.73262322128,2.0,5.8e-07,1.02e-06,0.022174415479560644,0.005812894852141439,0.009824530346896091,0.0005291065016658033,0.0003128839285553699,2.970358404282925e-05,0.005034891322777776
403,2,0.0006111141113892113,0.05551841946061065,20949.340176874197,2.0,5.8e-07,1.02e-06,0.022435595254815383,0.015027919416098873,0.008395244159366065,0.00754968044794072,0.00018994009455064237,4.801089421394264e-05,0.004965240208888888
403,3,0.00015400667166175287,0.27651113675953115,17761.158742701366,1.0,5.8e-07,1.02e-06,0.020785190801985157,0.006369801570684727,0.009959682068048583,0.0033846055680591936,0.00028412728719604663,3.2043966095553354e-05,0.0013267141538888666
403,4,0.00010820860208919285,0.1491577988268482,7116.783884602792,2.0,5.8e-07,1.02e-06,0.02141799473674905,0.010151603083579248,0.00823145777944088,0.007975965200373357,0.00020670514050485055,8.109508061115863e-05,0.008804723835555556
404,0,0.0002664966276043299,0.16908902442690124,14665.955774971182,1.0,5.8e-07,1.02e-06,0.020254287650857825,0.00834040786017682,0.009886235495290212,0.006432833706860488,0.00017273619800427763,4.309971565274175e-05,0.0024128767866666706
404,1,8.718993227476055e-05,0.1297453298369747,13184.268936938086,1.0,5.8e-07,1.02e-06,0.024294560991788606,0.005573062535548752,0.009582099632704733,0.0013469825673604575,0.00014265474215190748,3.124846503381588e-05,0.004474029329444462
404,2,0.0002703016724626779,0.14321640469137567,23443.762228213152,1.0,5.8e-07,1.02e-06,0.021376565665344942,0.00671230163509665,0.008741038727502535,0.0042250888147431906,0.00030040325123126667,3.1855079240103254e-05,0.002664803974444449
404,3,3.303847266506638e-05,0.019985146590865786,7838.771780463876,2.0,5.8e-07,1.02e-06,0.024923138600070848,0.02270207007626254,0.004367285593918897,0.0006118828390249886,0.0001887070010391269,2.210229163980641e-05,0.009651378147777778
404,4,8.636981984981903e-05,0.1186881971734945,4211.563174181443,3.0,5.8e-07,1.02e-06,0.043855455859807733,0.016063199325600602,0.0048168865864969225,0.008800674826341205,0.0005175074226938164,0.00012005429033046168,0.008929872684444437
405,0,1.8584939464499193e-05,0.2249530651021198,21133.45328108748,2.0,5.8e-07,1.02e-06,0.020867622648751315,0.006162274805323918,0.010387120294863933,0.0005068655678381574,0.00023918196219419727,3.213732238770116e-05,0.0023625488699999947
405,1,8.649186859289471e-05,0.25413148305437927,3479.485149820087,3.0,5.8e-07,1.02e-06,0.027060380298740527,0.008310566973993606,0.005384381577745029,0.004343852144545986,0.00038848848114559834,6.908529886790508e-05,0.007231195595555573
405,2,8.531773091268878e-05,0.2999926250350411,15462.49457840234,1.0,5.8e-07,1.02e-06,0.030625858457754885,0.006091227273130383,0.009803019015539404,0.0006201879440999792,0.00014135124019484273,3.206196325512168e-05,0.002968109278333325
405,3,2.0637176309684635e-05,0.29271458100002534,17983.488174473525,1.0,5.8e-07,1.02e-06,0.021064165796935264,0.006399206176710849,0.009951839780092031,0.0005065195298100601,0.0002727814309426032,3.237167489929323e-05,0.0031451004166666713
405,4,4.8024760875631705e-05,0.2535133004500331,21576.30008554633,1.0,5.8e-07,1.02e-06,0.02087866151803447,0.006354977627856102,0.010365052676903734,0.0004905151655742652,0.0002497741206964451,3.238167062014785e-05,0.0029972817811111246
406,0,4.6779654525663385e-05,0.09082128826001652,21076.441216146453,1.0,5.8e-07,1.02e-06,0.02093529122390529,0.0058749215900573215,0.009472280268385898,0.0005066453360524928,0.00023229897231622867,3.205227355160848e-05,0.0037384012844444703
406,1,4.392885019487856e-05,0.20737438863548233,13421.755120751024,2.0,5.8e-07,1.02e-06,0.02110231771943914,0.005851072768592753,0.010065324953504535,0.0005147847714882359,0.0001928973634058802,3.134882528804552e-05,0.0024932162433333044
406,2,0.00014641596025073117,0.025082525417039567,15476.785574791409,3.0,5.8e-07,1.02e-06,0.02826561047980411,0.02057645563948529,0.005840675287899788,0.008635823656939082,0.0002338121160706454,6.0754956221408466e-05,0.006885710902222217
406,3,3.834565393848631e-06,0.21539906847860377,18543.269403668684,1.0,5.8e-07,1.02e-06,0.021020065964903783,0.006309281008262754,0.010609609732316986,0.0005111059667724347,0.00026215194386967216,3.233682632717668e-05,0.0030165422711111167
406,4,6.70698550664854e-06,0.03808683210376518,6772.910729227002,3.0,5.8e-07,1.02e-06,0.02268385168391397,0.018903169353181412,0.004797730433836872,0.0007769422191403332,0.00018949057703439827,1.822056480286452e-05,0.012953574788888908
407,0,7.22178469085586e-05,0.16047848802931156,16237.602635060754,2.0,5.8e-07,1.02e-06,0.02186189576959908,0.005540602463276559,0.009810385879521117,0.0008325725874119802,0.00016815714200750257,3.1221503259429875e-05,0.004488729222777765
407,1,5.028303814173972e-05,0.13443643938848132,4533.875138475969,1.0,5.8e-07,1.02e-06,0.029892861424463138,0.005616620304073343,0.008586249636009962,0.0006404549793355728,0.0004950824592289158,2.7331748283830582e-05,0.004962042609999995
407,2,0.00017006107207729064,0.029781464489980813,10587.10068489238,3.0,5.8e-07,1.02e-06,0.03081820933018864,0.027719976741708497,0.004254265654570831,0.013695149377033719,0.00018568204997451438,0.00011340660565891898,0.00529530233499996
407,3,2.305338613367345e-05,0.16371515197907807,13484.284361513544,3.0,5.8e-07,1.02e-06,0.023682419104184116,0.00566696813384313,0.009106144974707584,0.0004958349074635997,0.00038253028475779255,3.0411578820411893e-05,0.004946627126666672
407,4,8.395851348060501e-05,0.0020122263759259395,20328.597885314524,2.0,5.8e-07,1.02e-06,0.05935344008206613,0.06303526445288675,0.005930231702980247,0.0010638896639171825,0.00015005214442997313,3.252787757463995e-05,0.0045655503250000146
408,0,0.00018627374001316632,0.061020363819818985,23700.24607251135,3.0,5.8e-07,1.02e-06,0.025448152583937057,0.009969312627063126,0.008043827465731805,0.006676663540084397,0.00031516435651850536,4.063242974124418e-05,0.00348937236888891
408,1,3.3152325456157315e-05,0.17711549159592896,18437.12660913449,2.0,5.8e-07,1.02e-06,0.02229936540288599,0.00594005507693953,0.009848285816669067,0.0004902006008578456,0.00016762242935569374,3.18126563324221e-05,0.0028141425416666616
408,2,0.0002802159383057604,0.24998066156995302,9336.552937276181,1.0,5.8e-07,1.02e-06,0.023145893994144878,0.011270013951615115,0.0087143046740265,0.010381282595576998,0.00023456790075750123,8.012711774820946e-05,0.0022366928038888984
408,3,1.8694063224030297e-05,0.0955894261261981,12169.781851570911,2.0,5.8e-07,1.02e-06,0.020971383690901402,0.005763567470959448,0.008629392869700969,0.0004978347564831928,0.00020277394197357017,2.9854847527175305e-05,0.005311956339444465
408,4,1.3471484899177997e-05,0.04664985171813731,10903.293719804804,2.0,5.8e-07,1.02e-06,0.02128961108987948,0.00791409359112172,0.007954260875754416,0.0005254061047040326,0.00023080674191023088,2.570277612734171e-05,0.007241384519999991
409,0,0.0001862729482972978,0.004540742328797441,12101.599607253358,3.0,5.8e-07,1.02e-06,0.11886094527717371,0.09531813259505328,0.009462920348877827,0.008679256717539446,0.0003971348364740489,0.0001615412425065986,0.004355818965555536
409,1,0.0035164090016609976,0.2911592258932274,8315.346275940843,1.0,5.8e-07,1.02e-06,0.04488367259589663,0.04833041843966982,0.006043700889651067,0.012267286626935525,0.00021881317851808193,0.00024921282411313365,0.0034718482783333005
409,2,0.00010375700169894563,0.01632512501035641,5134.183800054355,2.0,5.8e-07,1.02e-06,0.06836345890758914,0.050854981609625906,0.005101621943978755,0.01591131045491096,0.00035151830421473136,0.00021427020796333418,0.007244889816666683
409,3,6.749092018809353e-05,0.2383944298388053,15957.299642096923,1.0,5.8e-07,1.02e-06,0.020865606887063542,0.006159799350377716,0.011021734571744183,0.0005479274518596666,0.0002378005234476482,3.2127171608642463e-05,0.002411752136666667
409,4,1.7801331629359852e-05,0.04187616954039053,17225.353085423543,3.0,5.8e-07,1.02e-06,0.023696315586935315,0.007971569206741748,0.007999247500955835,0.0004913063132249929,0.0003178323801364758,2.7097101180758553e-05,0.004369609367777791
410,0,6.738392062880981e-05,0.23064565633014608,15178.508767576963,2.0,5.8e-07,1.02e-06,0.02267819454546104,0.005798046517695553,0.0099270663559509,0.0006267267954420719,0.00015959386946045605,3.151191159189794e-05,0.003837116413888883
410,1,0.0005574345958452238,0.05790387547865439,2690.955897924926,3.0,5.8e-07,1.02e-06,0.1676601223073166,0.12695388500524632,0.014102947629424335,0.07846578181076294,0.0004844118908497502,0.0016868402031384319,0.029049981450555554
410,2,4.626767049539819e-05,0.23943043167247138,18088.7529470567,2.0,5.8e-07,1.02e-06,0.021134671845541544,0.006093324348174683,0.010534405880715096,0.0004987508018117455,0.00025885137553202084,3.1949334340924096e-05,0.003324349618888889
410,3,0.0016813736870140395,0.28934134362021297,7883.024863946482,2.0,5.8e-07,1.02e-06,0.06123755657501104,0.05102558501487722,0.0047150291413421384,0.027703090448776817,0.0002919174340744678,0.000488555631945043,0.005014791577222219
410,4,4.214871656652124e-05,0.1903592203287752,24323.8778731213,3.0,5.8e-07,1.02e-06,0.025222718064681782,0.005926540954823096,0.009604786658020848,0.0004908388938921752,0.0001407063829781649,3.1888738615160947e-05,0.0028983213377777872
411,0,0.00030379330049214436,0.2669536354902063,5135.091578694384,1.0,5.8e-07,1.02e-06,0.040943984492709036,0.018490671081389354,0.007483734994626481,0.019805327902952693,0.00044724436453432765,0.0002089879218911885,0.003385705902777758
411,1,0.0007029868345382656,0.12942747785902647,11245.950006900695,2.0,5.8e-07,1.02e-06,0.03201355030403608,0.022714124882935435,0.006107421484263579,0.015205850426665191,0.00023404108631151915,0.00014694218890397886,0.002601318198888883
411,2,0.00021614134871359735,0.20428181289114214,19728.897202934055,3.0,5.8e-07,1.02e-06,0.023686670891455795,0.009593237937868362,0.008583804174646133,0.008115856594720727,0.00028488364789603916,4.974024677018889e-05,0.003602148670555555
411,3,0.00029130018470917003,0.2791728270283792,10840.375764256956,3.0,5.8e-07,1.02e-06,0.03189904866785832,0.015441523247258485,0.007578133448137537,0.015702485364363996,0.0003221793727820258,0.00012373266150890827,0.004216870299444439
411,4,4.7245551925943085e-05,0.24706000205180592,10168.37613567241,3.0,5.8e-07,1.02e-06,0.021674393307949055,0.005670497137282596,0.009127334352232385,0.0004994090373814747,0.00017114515711506576,2.9898784044108897e-05,0.005594838388333356
412,0,8.038230774538444e-05,0.018555145721725386,24627.294368019535,3.0,5.8e-07,1.02e-06,0.02309093009568282,0.013860392657955203,0.006939073924331984,0.002940231284397559,0.00023866985875042936,2.7011112928302627e-05,0.005076419498888915
412,1,9.325962932582707e-05,0.17248015891319507,14900.503238178697,3.0,5.8e-07,1.02e-06,0.020555723682358796,0.005580964524283358,0.009336107657860292,0.002177205557208383,0.00022425686947985955,3.061418003158753e-05,0.005762672490555537
412,2,1.808093104256869e-05,0.228676007275393,4408.256708554571,1.0,5.8e-07,1.02e-06,0.022656156764084178,0.005787115861731293,0.00840332386868497,0.0005152346238932914,0.00036078382377153183,2.935640605684405e-05,0.0039639809800000175
412,3,0.0002826979958220176,0.12761813953399273,4695.871204595824,1.0,5.8e-07,1.02e-06,0.027832748237668393,0.02028465089771046,0.007548555220436612,0.019496260127530435,0.00023223039044822715,0.00021279442564595735,0.00559728101333333
412,4,0.002008006997186872,0.066141762115928,20658.367615134914,2.0,5.8e-07,1.02e-06,0.049445716040510256,0.03188851138871323,0.006890228195206206,0.011836234252574337,0.0003782518819478424,0.00010841573458212332,0.0030830195933333193
413,0,1.1551260724302301e-05,0.028596065784391132,24638.96730439047,1.0,5.8e-07,1.02e-06,0.026119040117799048,0.005725718439575547,0.009785500758804607,0.000524577039288833,0.00043255894275445825,3.158618359668214e-05,0.004463276901111132
413,1,0.0008487869214799066,0.018456035711429796,20010.901443344286,3.0,5.8e-07,1.02e-06,0.05480694423836475,0.03869930534553318,0.005002663641598982,0.011908559037352948,0.000344925603967175,9.44031339395711e-05,0.007798378226666666
413,2,0.0002510560555043933,0.033571528570666254,19117.7026347335,1.0,5.8e-07,1.02e-06,0.021439269466128813,0.009039214386781486,0.008877670193428682,0.004901999461770941,0.00025053209451790943,3.207112038574363e-05,0.0026837702311111322
413,3,0.0004396460190081431,0.14219388617634912,20890.230013469773,3.0,5.8e-07,1.02e-06,0.033776672894033195,0.012400366148849332,0.007961085776584944,0.009631061041675146,0.00042501690666996774,5.431690062230901e-05,0.0029002166272222296
413,4,2.506456406648393e-05,0.1984689840128811,24076.144241130278,3.0,5.8e-07,1.02e-06,0.02225863860595097,0.005977012400316113,0.010576648407601209,0.0005116784024702851,0.0003456821039446979,3.195127265388078e-05,0.0055001972133333354
414,0,3.5481216520404085e-05,0.26893055952556766,3773.6701507450744,2.0,5.8e-07,1.02e-06,0.02310977261208985,0.0055861436453103356,0.009641627145003355,0.0005340167741048407,0.00034906696921719135,2.4530847823756317e-05,0.0038265299288888915
414,1,9.394906011650107e-05,0.19927019542461227,5955.725505925705,3.0,5.8e-07,1.02e-06,0.02476872878112052,0.008010314139982903,0.007128348712328886,0.004638308645775079,0.00034690704731535723,5.8866240171071536e-05,0.009374525621666671
414,2,7.53041804138945e-05,0.04739875343197778,18070.83504693573,3.0,5.8e-07,1.02e-06,0.030132381373567954,0.008343920179396742,0.008272482513348238,0.0025301299850035703,0.0004451735806947752,2.8892250211326786e-05,0.004523113883888888
414,3,1.656388689261895e-05,0.22860805538893747,4122.628123390921,2.0,5.8e-07,1.02e-06,0.024795814579730655,0.005672689251347025,0.00934597894282873,0.0005071381276214293,0.00039755444093067673,2.4890776919812515e-05,0.005261562140555551
414,4,4.875976803560618e-05,0.12949964763653535,11572.833863112499,1.0,5.8e-07,1.02e-06,0.02634068960733274,0.005750763938253072,0.009209384624044463,0.0005342688502738106,0.00045549826945353553,3.144184410947461e-05,0.00359284745500002
415,0,2.1481477342475473e-05,0.019022069101081118,23390.46255576135,3.0,5.8e-07,1.02e-06,0.020762154361400692,0.012140408534790967,0.00715065158600477,0.0005564520099179156,0.00014334481497882634,2.489676041409614e-05,0.006681389135000007
415,1,6.638787981428692e-05,0.24077894392024182,14552.302215839947,3.0,5.8e-07,1.02e-06,0.02657363101084671,0.005666592214584189,0.009004504649686563,0.0005986979658187984,0.00013677956743392966,3.0943084277994954e-05,0.0041987479144444395
415,2,7.710163082851779e-05,0.19589353185727743,18459.59018326055,1.0,5.8e-07,1.02e-06,0.021633286063279175,0.0060238811712359395,0.00941957502711964,0.0006122546934933922,0.0003215050578993445,3.2110008323557375e-05,0.0017520145399999854
415,3,0.00018146075002647353,0.20768168204054416,6879.38881477583,1.0,5.8e-07,1.02e-06,0.0234702747345987,0.012610115393611038,0.008064966722910129,0.012175451111171775,0.00020372905813372452,0.00010915615442580848,0.002979216709999996
415,4,0.00011315732976326059,0.24096347033337462,23137.1517431797,2.0,5.8e-07,1.02e-06,0.02054215521336888,0.005810303414974832,0.00982922320567005,0.0022620010450957137,0.0002176008450290734,3.163695313531244e-05,0.0015917401744444254
416,0,0.0006721492465540588,0.1866348647396865,19849.240577350363,1.0,5.8e-07,1.02e-06,0.028269729136443083,0.009749820678567797,0.009031495959608444,0.006344033753101729,0.0003985639992858511,3.657030237193116e-05,0.0014707222622222238
416,1,2.3490068307196644e-05,0.2462818571910677,19899.652596679265,3.0,5.8e-07,1.02e-06,0.02530029350625525,0.0060351159634975645,0.010661769445375996,0.0005072036001372633,0.00014109933687417333,3.183040291620727e-05,0.0023776679066666584
416,2,0.0001543762459673191,0.28722657044899114,23365.95740664408,2.0,5.8e-07,1.02e-06,0.021240505776248152,0.006541215312813063,0.009899442708310122,0.003814152311816197,0.0001659942635598964,3.210533575904517e-05,0.0040115298377777775
416,3,2.0242180574904357e-06,0.14793748666422846,17570.265658758864,1.0,5.8e-07,1.02e-06,0.022566667320601853,0.006131611836326375,0.01006707875236503,0.0005145867047397285,0.00036242685286224497,3.2207437258334716e-05,0.0026127594366666673
416,4,9.981163713470169e-06,0.05243987508204988,20295.258151770624,2.0,5.8e-07,1.02e-06,0.020943650669622907,0.00583460044148863,0.0075931839565487715,0.0005064965240237747,0.0001731102554275697,3.0619586929592174e-05,0.0038061831638888932
417,0,3.225002054968826e-05,0.02857247457835792,21978.68819344645,3.0,5.8e-07,1.02e-06,0.025670324639469666,0.009083166766413716,0.007946862850564328,0.0005043506884753682,0.00034318890144876077,2.6965181255988246e-05,0.007471222318888901
417,1,0.0005033598115264839,0.2707508002817021,16137.119853930297,1.0,5.8e-07,1.02e-06,0.020186303963083036,0.009097083847440445,0.009598054251868897,0.007136666011393361,0.00019413140838166223,4.474613570525956e-05,0.0019987710850000034
417,2,0.0002715317406226395,0.21415959228125928,4015.0275103801678,1.0,5.8e-07,1.02e-06,0.03381930146090028,0.021661244945104147,0.0072835771217438505,0.023393873455614538,0.00026470121877729386,0.0002850377834241877,0.0030964540549999753
417,3,0.0003727430540324693,0.0567683487733513,2493.6714505990153,1.0,5.8e-07,1.02e-06,0.09244080550478023,0.055617331021755236,0.005147294511832327,0.04156534524098448,0.0005810758317832981,0.0006869099532672507,0.010701529253888911
417,4,5.8592903418188305e-05,0.056792626253867926,12354.187454450974,2.0,5.8e-07,1.02e-06,0.0205457849169315,0.006951597335663168,0.008297928131298446,0.0013215215827922858,0.00020435283961297638,2.7669036680853662e-05,0.004617676239444438
418,0,0.0024618501858902258,0.24401598282121684,10535.6611807195,3.0,5.8e-07,1.02e-06,0.07391513108131649,0.08342398733170403,0.006405807795447866,0.03583539381141131,0.0002651569912397204,0.0005518608581950878,0.00560381167888889
418,1,2.8587499778154075e-05,0.2795817602474369,20444.341409161778,3.0,5.8e-07,1.02e-06,0.023669320563469917,0.006131295109945571,0.010475629298982941,0.000504483281085949,0.00015236324325700943,3.194394556587468e-05,0.003238769830555585
418,2,1.0711774404660077e-05,0.07345659443101203,23611.011679380274,1.0,5.8e-07,1.02e-06,0.021680062203842543,0.005894268245072303,0.009867574862729383,0.0005136449592136143,0.0001757246391787253,3.2145057758913996e-05,0.0020296093616666427
418,3,0.0003110302235218975,0.29189607188218236,19586.636516592407,2.0,5.8e-07,1.02e-06,0.02096064942953717,0.008079289881166844,0.010516497504907142,0.006043397561516885,0.0002356035097344502,3.964802268467065e-05,0.004360728047777776
418,4,9.575188002633624e-05,0.0266555279700329,2701.430254246232,1.0,5.8e-07,1.02e-06,0.04908149896280356,0.04072855088456839,0.004438812511947293,0.01938531168826338,0.000263291337019063,0.00030065244110628387,0.005849740437222237
419,0,0.0004644870811339866,0.1050739574789643,21991.713923878022,2.0,5.8e-07,1.02e-06,0.02152072009531869,0.010731286800260658,0.009654899007308556,0.006772761755911803,0.00015115128848841968,4.0901248164627235e-05,0.005206066782222227
419,1,4.0404752811142784e-05,0.055430695920403374,12457.82747691827,3.0,5.8e-07,1.02e-06,0.020464558182462473,0.008199513403881873,0.006755383848155115,0.0004986144068822631,0.00015706758972662066,2.4990194652648498e-05,0.006024127502222212
419,2,8.024965373879904e-05,0.025596014334938133,22642.33741588671,2.0,5.8e-07,1.02e-06,0.020292657307534576,0.008650822415892939,0.008876203271518867,0.002631522099927798,0.0001521138180049406,2.890301205616149e-05,0.0046170759750000095
419,3,0.0032584025730628277,0.09897531372570885,17159.960219440236,3.0,5.8e-07,1.02e-06,0.052426820805138295,0.06318199712213074,0.004330232521767774,0.018307111044924246,0.00019998464719688493,0.00024777121642785365,0.0035814276455555655
419,4,4.779272613317553e-05,0.2551100411420326,17317.941099855154,1.0,5.8e-07,1.02e-06,0.021485632954613327,0.006309972780774242,0.01077012961597476,0.0004906430090760481,0.00019098239559330325,3.228250125441482e-05,0.0031115891972222087
420,0,0.00040393643843592155,0.10031917699422575,3950.9090778628274,3.0,5.8e-07,1.02e-06,0.06655520596634219,0.05751445687525834,0.005199899781014224,0.04541884591910752,0.00024992300974028793,0.0006886129655895471,0.008590094841666632
420,1,0.0005849017640084726,0.09422699979790483,3228.084375082167,2.0,5.8e-07,1.02e-06,0.1122566671646467,0.07444245161090877,0.005790203641998264,0.0557707197549099,0.0005486728730084787,0.0010755981387653303,0.013304988545555549
420,2,0.00020438642497740828,0.2592609632065936,15069.192595889785,2.0,5.8e-07,1.02e-06,0.025125797492830563,0.008765118531420564,0.008200651379946165,0.007054916796611801,0.00034488442911922887,4.863179515509575e-05,0.0032915116216666596
420,3,0.00028867556818728244,0.23473043160699333,15939.785667703602,3.0,5.8e-07,1.02e-06,0.02456345265534611,0.011630038530030593,0.008096773038937665,0.010714113004184678,0.00022281072172691658,7.020852051114915e-05,0.003287037588888861
420,4,0.0006163084907637265,0.018383635499121365,14972.01436303795,2.0,5.8e-07,1.02e-06,0.03556824894114068,0.03210287105946396,0.006041051580302953,0.010314337108276667,0.000204882074050986,9.97213756438443e-05,0.004021356460555556
421,0,0.0013652611589834347,0.15152919489875685,17234.38898655078,3.0,5.8e-07,1.02e-06,0.037168963750710944,0.03374304548710752,0.00742980129142216,0.015538942783485409,0.00018005510237252933,0.0001430238636164284,0.0026614730311110973
421,1,0.00011373756044239248,0.05031223094668039,14743.765502223896,2.0,5.8e-07,1.02e-06,0.021542615827876675,0.009776899480648112,0.007330646738833602,0.00543018178307914,0.00022970025044776168,4.112456076650727e-05,0.00372583867444444
421,2,0.0005507886416077208,0.2676773681239723,3488.475943940595,3.0,5.8e-07,1.02e-06,0.09500697513890609,0.062209003351549434,0.004451624214036858,0.06442989683672162,0.00047445698166117536,0.0009609916766876236,0.0072888923538888956
421,3,0.0002447253597333204,0.01237171592786411,2510.763006018896,2.0,5.8e-07,1.02e-06,0.17521880608575202,0.15872288651330965,0.023658097960932073,0.04883007122343578,0.00028482680146015433,0.0013739178044608529,0.010883095110000005
421,4,0.0006144118393254489,0.13495401700742893,19203.127336571335,1.0,5.8e-07,1.02e-06,0.021218299257270864,0.009607725130267024,0.008687684276140252,0.006119966680419434,0.00021179093365881018,3.636337479511865e-05,0.002657312241111112
422,0,0.0001122338481847552,0.2473598750347068,2568.11903888818,1.0,5.8e-07,1.02e-06,0.03373437159090271,0.01122395267619504,0.007016095140116988,0.009876418630792205,0.00045743836837384673,0.00016084152752635151,0.003286773694444453
422,1,0.0001539287181490183,0.06434235742462806,19888.32633656061,3.0,5.8e-07,1.02e-06,0.021022029152336124,0.010261014488835691,0.008200928552012925,0.006826805766384263,0.00015052142801469062,4.488026535349302e-05,0.006277226082222226
422,2,0.0017940006881867225,0.12806264827940916,20701.717021650053,3.0,5.8e-07,1.02e-06,0.049718863032876315,0.03628517610823222,0.006936252790793254,0.015545584150760244,0.0003090960355394478,0.00012437952255615672,0.004576339706666668
422,3,0.00023856576065445857,0.009200217061811487,10280.987142695794,1.0,5.8e-07,1.02e-06,0.037800573207515564,0.02988808791171033,0.005417989048383236,0.007405167869140263,0.0002610993073886903,6.427518449093581e-05,0.0028537342672222132
422,4,6.322969380350147e-05,0.034230697031955325,13555.938347254421,3.0,5.8e-07,1.02e-06,0.024769578473323572,0.012815837726539832,0.0055934838699163774,0.002194785815503701,0.0002820366363066704,2.5948800852485103e-05,0.004552201622777793
423,0,2.6250082002778792e-05,0.053906505680152525,23419.348855927714,2.0,5.8e-07,1.02e-06,0.020949587759892013,0.005739900065043743,0.009541586090565301,0.0005122967044295287,0.00022764706030289913,3.1096715811629414e-05,0.003781957237777786
423,1,1.5884403321974504e-05,0.18815181014010765,13209.943105589284,3.0,5.8e-07,1.02e-06,0.021222853880752998,0.005701214156829958,0.00852925164774551,0.0005045525690851881,0.0002877558403243527,3.059223795408775e-05,0.005673800164444451
423,2,0.001118607113647449,0.009597371152921395,8282.531643150456,2.0,5.8e-07,1.02e-06,0.11108619848644725,0.09265140366030938,0.007901533747113164,0.02075962723687579,0.0003399068485400449,0.00045096344830469325,0.008079900003333335
423,3,5.2123691395106344e-05,0.2987749628849045,6696.60646401446,2.0,5.8e-07,1.02e-06,0.02121625993810386,0.005703666635761947,0.008979171589613795,0.000578238979771207,0.0002715735936141198,2.949715520607696e-05,0.004444333508888898
423,4,2.9945515828198723e-05,0.2340077148269284,23585.907703459045,2.0,5.8e-07,1.02e-06,0.02596822494254596,0.006206793556008311,0.009741335363787311,0.0005032475998387017,0.0001393944492509161,3.2213137855446816e-05,0.00238359398444446
424,0,4.756957593650717e-05,0.08675577221626847,22195.723244092973,2.0,5.8e-07,1.02e-06,0.02090733723266806,0.0055903209394917615,0.009592540619082586,0.000536005668824734,0.00024510900389293494,3.1453828701211425e-05,0.0034196039527777805
424,1,1.1009652070279714e-05,0.23426848654983043,5458.439517583137,2.0,5.8e-07,1.02e-06,0.024590319356083173,0.005662253247399816,0.009565740249454292,0.0005098802776092409,0.0004069410221560573,2.7788149564643452e-05,0.0064209743911111256
424,2,0.000191973420177503,0.20778095082090833,17781.79843750116,3.0,5.8e-07,1.02e-06,0.022222855359324015,0.010062248237467993,0.009001990863668895,0.008740743994944332,0.0001790330063269688,5.5796089573260856e-05,0.0020978296950000114
424,3,0.00015902022157289957,0.17117538307613214,19485.41921905668,1.0,5.8e-07,1.02e-06,0.020699826301794236,0.006510018373064336,0.009853178808014625,0.0037874349051541605,0.00028341290928980147,3.202651252808988e-05,0.002027335492777782
424,4,4.4104798592605066e-05,0.23196543583163887,18813.168358644256,3.0,5.8e-07,1.02e-06,0.02176465937610519,0.00593986301010423,0.009762083418894287,0.0004947083891491704,0.0003227213094916729,3.167758742295935e-05,0.004011747761111115
425,0,5.6283640011110884e-05,0.19865052063539015,22643.117778693417,3.0,5.8e-07,1.02e-06,0.021735462749163853,0.005861546324887507,0.009841615821836352,0.0005199115492544453,0.0001731318020606307,3.175396166002665e-05,0.005112866064444457
425,1,0.0002670189467441667,0.1600064092828727,22978.420150412083,1.0,5.8e-07,1.02e-06,0.022584291309612595,0.006708566539361623,0.009809366541053311,0.004218469928599893,0.00033545854550052237,3.194067175829797e-05,0.001283855461111108
425,2,0.001374059614652153,0.006452162777939839,6782.572813959221,2.0,5.8e-07,1.02e-06,0.15997296665430963,0.12994972151199471,0.011443945209659823,0.022362472875639017,0.00044566389473249063,0.0006245650890836337,0.009531237470555565
425,3,0.00047811963808773076,0.2456238269037277,3848.5944814448912,1.0,5.8e-07,1.02e-06,0.047898765511742325,0.028977588002778155,0.006368389926355435,0.02977317236437164,0.00039767975435416785,0.00037310944914025385,0.0031028584544444543
425,4,5.534875776178215e-05,0.07751320246685363,4767.437327872203,1.0,5.8e-07,1.02e-06,0.020817161935603682,0.006779330043938513,0.007774894369905132,0.0011960833699645645,0.00021194815278551557,2.655901241254404e-05,0.004462456165555573
426,0,7.371833662002871e-05,0.09271341966781212,9154.622264442218,1.0,5.8e-07,1.02e-06,0.021244260278976804,0.005508191564712224,0.008895859208913648,0.0013044795251858992,0.00017164761753715504,2.9960339746211773e-05,0.004716331842777768
426,1,0.00024514771504619795,0.1783893852621964,3127.462027540002,2.0,5.8e-07,1.02e-06,0.04684787735880829,0.036835381398118004,0.00470045600510744,0.03786853486754415,0.00023390185976750983,0.0005833612572543817,0.012030964360555549
426,2,2.924724035411588e-05,0.16340279599149327,4869.446055311581,3.0,5.8e-07,1.02e-06,0.036296368556066716,0.006882347765536991,0.007469092001190197,0.0005173291543125288,0.0005581707951638918,2.074306867335746e-05,0.008284553350000015
426,3,0.00010337187770346958,0.21655826433515754,23440.389855533173,3.0,5.8e-07,1.02e-06,0.021346943013865232,0.005605922954270332,0.009442240138885035,0.0019497961705194232,0.00017285087483366365,3.14205256252629e-05,0.004388031973888887
426,4,6.958398257484424e-05,0.18958578398381212,13521.005291556949,2.0,5.8e-07,1.02e-06,0.02439030885523592,0.005577221727776821,0.010022029768136466,0.0007196356108679171,0.00014392728947645948,3.103013973148222e-05,0.005439114506666676
427,0,3.0692759930978656e-05,0.044655497313904946,10002.71623211743,2.0,5.8e-07,1.02e-06,0.02307410183933402,0.008510156037511016,0.007955953306127181,0.00048460972878320245,0.0003028729120453139,2.4296790355922408e-05,0.005739036409999995
427,1,0.0009413444072172493,0.05597234601656442,19163.2564262068,3.0,5.8e-07,1.02e-06,0.033793226087270936,0.029615676766057992,0.00723282601311465,0.013156569656615278,0.00019137077058760548,9.822370475731743e-05,0.0042191557688888714
427,2,0.001139628730531403,0.04011222992805773,8589.400177055675,1.0,5.8e-07,1.02e-06,0.041824537580809486,0.037857383733262445,0.006188711283654708,0.011158491008382754,0.00020782878986384248,0.00013946515974016396,0.003406110308333335
427,3,8.604836905835972e-05,0.03685071193726439,19783.48309663271,2.0,5.8e-07,1.02e-06,0.022463046259557584,0.008054838958573259,0.008613059235792107,0.0031219299516358546,0.00013928403635096663,2.9906603994911656e-05,0.003916669632222217
427,4,0.00015182415916981728,0.27144958328875246,8075.9416319375705,3.0,5.8e-07,1.02e-06,0.030661968403965317,0.014824609787945088,0.007867305403013473,0.015180181873300056,0.0003068942991123087,0.00013983878886615893,0.0032408209516666675
428,0,1.514535416872018e-05,0.19235868005706425,14113.440792243378,1.0,5.8e-07,1.02e-06,0.03099557732063642,0.006174305635891748,0.009963559671001957,0.0005113055183203257,0.00014172444828908153,3.210502723660294e-05,0.0017009597622222317
428,1,4.204450669612168e-05,0.28181227717709895,10745.886987435943,3.0,5.8e-07,1.02e-06,0.020718919463613237,0.005813456548381061,0.01019404299632812,0.000498812460160794,0.0002337268564974414,3.046601267901036e-05,0.0028680031988888993
428,2,0.0018127574699272442,0.13130851581152228,21700.69865508976,2.0,5.8e-07,1.02e-06,0.036790973624368555,0.024569073929018373,0.008136371639080847,0.01104621347003005,0.00031013996091501945,8.040065602635438e-05,0.0019870469683333503
428,3,4.915556451096802e-06,0.03565218015746204,15298.54115657147,1.0,5.8e-07,1.02e-06,0.020770141519664196,0.005947188834508707,0.00882348032216712,0.000530129241948127,0.00023676510349015414,3.059692505787062e-05,0.003223926947777775
428,4,0.0015981793549553766,0.07634423200043022,24969.83910941546,1.0,5.8e-07,1.02e-06,0.024096298968352026,0.01455347800068949,0.00931765679777421,0.004167762519781752,0.0002250557336301146,3.036044806910566e-05,0.00207180326388888
429,0,7.242701506560526e-05,0.06461965935715282,18850.695084990282,3.0,5.8e-07,1.02e-06,0.020712438667657766,0.00638030899044714,0.008874454686226552,0.0015533275876502845,0.000212782414652528,2.904535941636443e-05,0.003920154122222241
429,1,6.443538696963539e-05,0.13635977985581715,14154.516453506794,3.0,5.8e-07,1.02e-06,0.02127165855851774,0.00550704133516742,0.007851489543163712,0.0007242412518596589,0.00018532178669146068,2.9786516835473184e-05,0.004409246258888874
429,2,5.399388601563762e-05,0.06169377267868896,10399.505533731763,3.0,5.8e-07,1.02e-06,0.02177568757889584,0.009001566635927402,0.007717555950227692,0.0009701640049524697,0.0002534906726928462,2.3675316070722186e-05,0.006345949743333343
429,3,0.00013689579344029415,0.08849219019008948,17158.04229939699,2.0,5.8e-07,1.02e-06,0.026787508460547647,0.007903951587856952,0.009219089239332868,0.005302067534896916,0.0003865618451495951,3.794034588814465e-05,0.006156195716111104
429,4,0.00016010490776378975,0.21671696791056058,8114.3071947197195,2.0,5.8e-07,1.02e-06,0.02342927131022959,0.012402426950005646,0.009923538766757433,0.011713963636750405,0.00019259106843791016,0.00010566608342752041,0.004583031209444449
430,0,0.00044314227451486965,0.13965575329476063,11272.04568899025,2.0,5.8e-07,1.02e-06,0.027905598624554828,0.017457625553460105,0.008025757590121217,0.013140443898044016,0.0002553604940201738,0.00011207359821707459,0.003581165329444455
430,1,6.273546425481974e-05,0.21365525109894704,14602.047730828795,3.0,5.8e-07,1.02e-06,0.021051747185112255,0.0056155221567476,0.009328870163415574,0.0005701241484332595,0.00023592378452275665,3.086803797316107e-05,0.005438552875555558
430,2,2.230059646319729e-05,0.13981241375727718,22273.10765753715,1.0,5.8e-07,1.02e-06,0.021241062434909096,0.006186823692109173,0.009801121187151011,0.0005046732651055717,0.00019663458668290904,3.2308437017936416e-05,0.00206599566333332
430,3,0.0003842286050036217,0.08811853983873937,4709.619044567247,2.0,5.8e-07,1.02e-06,0.05292473981797482,0.03939592026942444,0.003062004314699322,0.028807823634674892,0.00031073343417628026,0.00043137281524996646,0.007491207281666676
430,4,0.0002543162566339179,0.19825709448047,12878.629648173268,2.0,5.8e-07,1.02e-06,0.024050226054049204,0.010603378598936073,0.008622468927825333,0.009022739378659352,0.00027690400969795876,6.445623330814894e-05,0.004023237547222225
431,0,9.670530306500036e-05,0.0756062692624318,14527.17816459925,3.0,5.8e-07,1.02e-06,0.020455549299319874,0.00887367172278473,0.008384828860360351,0.004865581468155643,0.0001504105299289216,4.137010152247751e-05,0.00618167847722223
431,1,1.4085266305729611e-05,0.0813067135793505,22524.710562743392,1.0,5.8e-07,1.02e-06,0.0224231486779914,0.005924624474314198,0.010558183735669526,0.0005122990834602909,0.0003551153724701021,3.2155500412415654e-05,0.00343896595777779
431,2,0.0003294477079783619,0.12658366471948923,15622.788990363575,2.0,5.8e-07,1.02e-06,0.026322442294009363,0.011263614851990787,0.00975993344472214,0.008359851663034901,0.00031303803216169157,5.441870173591761e-05,0.003921218689444436
431,3,1.5043542412259769e-05,0.2568431459060516,5212.592359096172,1.0,5.8e-07,1.02e-06,0.02095154259707774,0.005924617017108102,0.00880443364350616,0.0005098044818147067,0.00023731596202416399,3.037985728022575e-05,0.004095463546111122
431,4,0.0003720481460802234,0.017454826713702642,3167.980303942483,1.0,5.8e-07,1.02e-06,0.0903737130816592,0.07389761423213648,0.007704081947153304,0.027719418783330233,0.0003307409408485071,0.0005479314963223636,0.004298315297777758
432,0,5.3078354470327625e-05,0.14080908368245207,13118.0964469592,3.0,5.8e-07,1.02e-06,0.021816918731726965,0.005592625499283434,0.008712292474058298,0.0005621007055349462,0.00016427448482196204,2.9706352318401466e-05,0.0026826013238888946
432,1,1.9878085639898996e-05,0.18443254115707822,8471.76319538731,3.0,5.8e-07,1.02e-06,0.02196199745102806,0.005677132442963373,0.008731082373109433,0.0004906172386897616,0.0003024854334261184,2.806951620195614e-05,0.00413267290666669
432,2,1.4769413684725356e-05,0.16581449342710328,9066.624922140249,1.0,5.8e-07,1.02e-06,0.02111978788784501,0.00589507018398016,0.008922150747712255,0.0005136577277160836,0.0002746131101535548,3.1372951426466966e-05,0.0030851844177777615
432,3,0.00012291021294559803,0.16817915234145792,3511.9683430172718,2.0,5.8e-07,1.02e-06,0.03905322376697914,0.020449369838724783,0.006785498233312756,0.019938688323359394,0.0003767051160977022,0.0002795655678931365,0.005318476377222228
432,4,1.1877488777038681e-05,0.25968500177612713,24789.687581691785,1.0,5.8e-07,1.02e-06,0.02405060406715086,0.006420227304645659,0.010092698621705705,0.0005081900290107241,0.0001520793508933617,3.245565039413552e-05,0.003621577467222234
433,0,8.410586537630341e-05,0.11551833602292541,16138.004358409691,2.0,5.8e-07,1.02e-06,0.026510289550814876,0.005504904216127622,0.009951941344828075,0.0018723173458128379,0.00013578047931372053,3.065406549243973e-05,0.0037112425516666603
433,1,0.000320318307444075,0.08509040781997965,19366.638701457392,2.0,5.8e-07,1.02e-06,0.022390159367666366,0.010611765555131165,0.008725107217880572,0.006980619214468645,0.0002290771669742256,4.2735105533059e-05,0.00523576843277776
433,2,5.0710087772080816e-05,0.07026762911512154,14826.107419157728,1.0,5.8e-07,1.02e-06,0.021053415035286027,0.005584733938935387,0.010145748063622237,0.0005613375077926784,0.00023860161294595166,3.13002215319801e-05,0.003240891542777763
433,3,0.0005061934026841184,0.0865779069813096,24724.816256245085,2.0,5.8e-07,1.02e-06,0.022730879550826533,0.010648758927694894,0.008988606663943034,0.00634988679550285,0.00024393953058433597,3.688606107360477e-05,0.005789323466111107
433,4,0.0005322293613318767,0.027587538402595656,16828.815702960565,1.0,5.8e-07,1.02e-06,0.021341044151209843,0.015198482066329936,0.008437903628215946,0.00607017909246197,0.0001495624484185017,3.692317001613603e-05,0.0029779407572222
434,0,0.0004088708147620443,0.22269876243382142,13451.868608519071,1.0,5.8e-07,1.02e-06,0.02579313034752001,0.009481130169879129,0.009335228954715552,0.0077092157226897615,0.00035115255278658726,5.083508439995217e-05,0.004416640002222236
434,1,0.00024102047828716947,0.24047376768823073,9351.416293932181,1.0,5.8e-07,1.02e-06,0.022164647292004586,0.010924408611308887,0.009196349722348734,0.009926561617561386,0.00020623750654412466,7.677418038853861e-05,0.0026675362866666746
434,2,0.0009875952182349728,0.26737513084740755,24413.979740989515,3.0,5.8e-07,1.02e-06,0.029057969625294392,0.016937042572344047,0.008575194381671508,0.01057950895291905,0.00019742833164570656,5.777155544645823e-05,0.00308196330333331
434,3,3.705861316573114e-05,0.023923640444788462,24666.929071372793,1.0,5.8e-07,1.02e-06,0.038431413248905005,0.005842359315432376,0.008831540582903287,0.0005292443479115211,0.00022136784650279924,3.119367427859919e-05,0.0026408350033333555
434,4,0.00026408681582796965,0.1631032172966466,7877.474835463528,3.0,5.8e-07,1.02e-06,0.03878674185104465,0.021823281439111674,0.0073779235747849095,0.021917395385224896,0.0003320683342017156,0.00020485110555355386,0.003892745178888893
435,0,4.26119777940121e-05,0.18450529215573358,2206.8858404524094,1.0,5.8e-07,1.02e-06,0.021023579171466994,0.006076215357064618,0.006131490635699413,0.0005315541714593459,0.000203525328659044,2.2399134001326396e-05,0.004326201389999992
435,1,0.0004244691744093879,0.015604165775435497,2993.555779901194,2.0,5.8e-07,1.02e-06,0.1607825005953958,0.1417764196152731,0.017744702433782428,0.052608555931452,0.00030520555562854574,0.0013259455424051254,0.013638753407777773
435,2,0.0002693642747311669,0.003706459187537502,5637.038808772904,3.0,5.8e-07,1.02e-06,0.26235747040169083,0.21838894460508493,0.02383186382590234,0.015513913311158275,0.0004014454959791438,0.000707419079122668,0.020412537386111124
435,3,0.00023287515912385383,0.19166653146179605,22351.826892624453,2.0,5.8e-07,1.02e-06,0.028176848244452907,0.007202975797621261,0.010173359069421633,0.004949556543194281,0.0004336828491580567,3.379925291138833e-05,0.00336747364166666
435,4,4.6538193524410974e-05,0.15184904341161792,9114.85202302204,2.0,5.8e-07,1.02e-06,0.029737531049430634,0.005539558780654939,0.008805452919110486,0.0005795858763973126,0.0001440878272098279,2.924136777340997e-05,0.00492327355166669
436,0,0.0004340942710406931,0.21263263729496065,2677.1544791051147,3.0,5.8e-07,1.02e-06,0.11542472357575213,0.06940577001701463,0.005307220017139794,0.07436471916727876,0.0006024245806485075,0.0012194436833549557,0.015174892496111106
436,1,3.103313465720881e-05,0.12576050442324122,5078.934572693508,3.0,5.8e-07,1.02e-06,0.022852641956592052,0.007968670096815476,0.005495539801873496,0.0005128000330186062,0.00030653305669871175,1.8898782600668614e-05,0.009568111665555573
436,2,0.00011847336062664912,0.09135450772958777,24781.290408005767,1.0,5.8e-07,1.02e-06,0.02095585806894958,0.0057437256902642024,0.010640249608707386,0.0022761545407827756,0.00017344609933951928,3.1679653214404116e-05,0.002082646007777786
436,3,0.0008987866100451955,0.09469492280524268,5115.452834863305,2.0,5.8e-07,1.02e-06,0.09674873985424687,0.06140290392339298,0.004086980760698467,0.03747443177859356,0.000559375582824068,0.0006794179805136155,0.006939681563333341
436,4,8.935616598817996e-05,0.28581040506703304,23520.68256658723,3.0,5.8e-07,1.02e-06,0.02121068449015538,0.005811028394162421,0.010238169872167567,0.0007973979903504522,0.00018825890484568887,3.1821716872486603e-05,0.003797294374444468
437,0,0.00010469978765877061,0.18791989617716803,3377.036806476759,1.0,5.8e-07,1.02e-06,0.02496634551575114,0.009135831306365784,0.006954915383068923,0.006884789529748734,0.0003356330714095421,9.810951731568659e-05,0.00430188646777778
437,1,0.0004173598355570196,0.02536530155158372,7587.639336491933,3.0,5.8e-07,1.02e-06,0.06903860015509963,0.0610573271206983,0.004995562256118903,0.02541557934746429,0.0002442604584266543,0.0003363879146758534,0.007462203759444452
437,2,8.366613076845102e-06,0.28984829398839607,20535.192124535224,2.0,5.8e-07,1.02e-06,0.0210491314644686,0.006280544120897726,0.010406299206842778,0.0005092642191030747,0.00027433321583511294,3.221379678638086e-05,0.0031184989888888986
437,3,0.0005054214602086835,0.16198013687311283,6293.510701455665,1.0,5.8e-07,1.02e-06,0.03604826403329948,0.020500030730407796,0.007710899108532961,0.017888117508302877,0.00033487583215102544,0.00016651423009914697,0.004811494025555557
437,4,0.00024182685071022297,0.014784464722079858,6496.320157073761,2.0,5.8e-07,1.02e-06,0.06755314841000339,0.05685621931577021,0.005950504426808914,0.017301824608954016,0.00026949084195195227,0.00026217388354393304,0.007386684791111098
438,0,2.048385883853049e-05,0.12335673671478775,18600.252093795025,1.0,5.8e-07,1.02e-06,0.021913626565083555,0.006063265538274141,0.009388673518517974,0.0005097149016201244,0.00017579653575084208,3.2156840081732025e-05,0.0032793311949999987
438,1,3.4074565552896885e-05,0.28754814411680174,3487.916915314083,2.0,5.8e-07,1.02e-06,0.02215317452704181,0.005628202814605063,0.008334459774086438,0.0004678082385528612,0.00031735876226059016,2.398293189591532e-05,0.006962832878333325
438,2,2.1258297405885047e-05,0.05053815402045801,6041.102233381542,3.0,5.8e-07,1.02e-06,0.022784331546467262,0.01630641153624397,0.004238568749863323,0.0006499749032119879,0.00018552342336403656,1.740104768768947e-05,0.01547278474111112
438,3,0.00021853696807189478,0.1444167839196893,23910.06590404377,2.0,5.8e-07,1.02e-06,0.021902680705026437,0.007074597227921958,0.009517307399671146,0.004739964600770857,0.00030006118988866806,3.283502142588817e-05,0.003914828221111125
438,4,0.0001366283539667907,0.13515269774476835,17636.920368955583,1.0,5.8e-07,1.02e-06,0.02447376521063094,0.006391787347554828,0.009771674061938677,0.003654988134281653,0.00038663952455627844,3.1937527354820364e-05,0.0038198413722222296
439,0,2.0563417393980675e-05,0.1616543776728132,10693.410902528683,2.0,5.8e-07,1.02e-06,0.02106272181912237,0.005698541377013763,0.008613992975443574,0.0005190034493091367,0.00019297859610491335,3.0462129762058382e-05,0.003266147837222233
439,1,5.0539926560844595e-05,0.1530041072810848,3448.7588257422667,3.0,5.8e-07,1.02e-06,0.02866901722166934,0.009353061063053683,0.005660943182650934,0.000838348890509976,0.0003981645337214992,2.465200611849467e-05,0.013003465311666657
439,2,0.00037020558998902787,0.2290698353677467,18984.691749952974,1.0,5.8e-07,1.02e-06,0.02330659763975716,0.007550726375416692,0.009601609063481474,0.005391987553606016,0.000334587265524021,3.518736458077034e-05,0.0011982927088888817
439,3,2.7257411602754657e-05,0.14272656488980665,3534.8762312551553,3.0,5.8e-07,1.02e-06,0.026421301192354113,0.00898238108787991,0.005238499284765978,0.0005062625651877264,0.0003686181278562128,1.7528301242055605e-05,0.012878015228888873
439,4,9.939420774664899e-05,0.22840595925696902,10741.646946844938,1.0,5.8e-07,1.02e-06,0.02062365540401659,0.005713414366469161,0.009471476324627493,0.0016500271300090607,0.00021974326315290097,3.129743172677149e-05,0.0036588786183333333
440,0,5.1159176461370367e-05,0.0631938900269579,15178.501340313578,3.0,5.8e-07,1.02e-06,0.021142488116448404,0.006763827848200913,0.007873640347724585,0.000564350375800238,0.00023448413115001283,2.7754792563626306e-05,0.004914777168888898
440,1,0.00013667986263743141,0.27413277449157425,20598.857317604943,3.0,5.8e-07,1.02e-06,0.020777713510588516,0.007022009516570488,0.009843313113824208,0.004606104511158436,0.00025420578148894503,3.4617359909696905e-05,0.0024104828622222296
440,2,0.00019382622967215304,0.06999915674690621,20429.647105404176,3.0,5.8e-07,1.02e-06,0.02213970336133209,0.010883873816050061,0.009058802711385363,0.007867667417641298,0.0001920092770221587,4.879726259758107e-05,0.0030102469455555586
440,3,0.0002501193008257272,0.11138578672699681,23265.748760648134,2.0,5.8e-07,1.02e-06,0.020716639782457868,0.007615022246767794,0.00962440220173337,0.005047866809546196,0.0001747173939681334,3.35466160841914e-05,0.005680961253333339
440,4,0.00011041367655033798,0.11802261697892899,9194.712773953777,1.0,5.8e-07,1.02e-06,0.021213918711516993,0.0069008425625210175,0.010260610011194953,0.004334425774870545,0.00028934087870795884,4.043159924226579e-05,0.0032675474816666605
441,0,5.4648372855332e-05,0.29748373633138403,24755.172858693062,3.0,5.8e-07,1.02e-06,0.020990230163588905,0.006174255372978899,0.010180855517538487,0.0004951333871422258,0.00020506812762991603,3.2102180561262684e-05,0.0026261285783333588
441,1,1.9548631161694787e-05,0.2932001145397838,4396.966884462215,2.0,5.8e-07,1.02e-06,0.02164519711283473,0.005684395190187426,0.007855262223153381,0.0005073689839987019,0.0003136783862248964,2.6742462632824925e-05,0.0033538586188888997
441,2,0.0002391395376023983,0.15955572471858986,24470.536480705476,2.0,5.8e-07,1.02e-06,0.023464817373639913,0.007145178409160964,0.00905830291814004,0.004839901393863716,0.00013916427241183254,3.3147721358423644e-05,0.002492030726111122
441,3,7.297346544467622e-05,0.08741773083825906,7806.873838110103,2.0,5.8e-07,1.02e-06,0.02192800695797753,0.007673456643870563,0.008077756948522937,0.0026721669097057553,0.00013861795178855786,3.4068477352408076e-05,0.007915270373888894
441,4,0.0007949017372383911,0.041679249963246276,22903.696117429266,1.0,5.8e-07,1.02e-06,0.022524430616975465,0.012589945526273133,0.008156586692378587,0.005003005184052834,0.00013826839259790808,3.097363404453447e-05,0.0038076540777777917
442,0,7.439676134821334e-05,0.19152907364405614,10237.629576556641,2.0,5.8e-07,1.02e-06,0.025027126528586952,0.005458887515907433,0.008127401534878743,0.0011199110542582339,0.00013849816836238973,3.008503872491913e-05,0.004867578011666679
442,1,0.000836627931722531,0.030056361600557566,18326.725726487883,2.0,5.8e-07,1.02e-06,0.03190422729735378,0.024911480317609303,0.006705733205262042,0.009855140054441764,0.00024572584718047255,7.250625530891119e-05,0.0017725376744444354
442,2,0.00011071239244148329,0.20322838394290202,7942.462606170612,3.0,5.8e-07,1.02e-06,0.022117773440402083,0.00975821343095089,0.00906230695394424,0.007667992947336128,0.00023107566798165235,7.83116570189777e-05,0.004377139137222236
442,3,1.7493867723527827e-05,0.2490986004005032,8849.238512928388,1.0,5.8e-07,1.02e-06,0.023918425658530706,0.006147299937864077,0.009691271317666285,0.00051177042953934,0.00040390707280168656,3.17193581025092e-05,0.0042198862127777875
442,4,1.908400757224395e-05,0.2946182140551118,19338.58374006015,2.0,5.8e-07,1.02e-06,0.021795352169795095,0.006272318257120955,0.00999967532920667,0.0005035236066548514,0.0003323164333614254,3.216972926748833e-05,0.0013248015311110861
443,0,4.606302139231525e-05,0.18755471171068144,17768.05479410501,3.0,5.8e-07,1.02e-06,0.02083298990643834,0.005762851540151741,0.009877027920544021,0.0004923158900152295,0.00022150174260525044,3.1326324009959926e-05,0.0035445672011111123
443,1,1.8028792806037153e-05,0.09703901133966651,17681.40482373828,1.0,5.8e-07,1.02e-06,0.02595374187680823,0.005903754399564178,0.009302199602490168,0.0005098283526392265,0.00013688097371434448,3.199069092898531e-05,0.0033010747249999917
443,2,7.321898003524053e-05,0.27139850857430153,5992.536000119642,3.0,5.8e-07,1.02e-06,0.02086492967582614,0.005463927866509895,0.007819001209452872,0.0013044736348921523,0.000250267185287142,2.7971690793803206e-05,0.005656759482222218
443,3,0.0003837191038840895,0.04664381893251026,13447.967506874946,3.0,5.8e-07,1.02e-06,0.03512333255704622,0.02481833839450122,0.005968891782877354,0.014674892015963637,0.00026082717086874037,0.00010641428172685494,0.006593941867222244
443,4,0.00020037075368913165,0.03352857843372509,10426.157703685183,2.0,5.8e-07,1.02e-06,0.033434444574547535,0.02116317071428768,0.005692108808736135,0.010898658916080732,0.00031023435136335714,9.007687486474639e-05,0.003572477892777759
444,0,2.4948213248328683e-05,0.1644450231874152,7605.65918480149,1.0,5.8e-07,1.02e-06,0.028718672700741174,0.005811447688302814,0.009295036944994688,0.0005101132041536198,0.00013629750893920703,3.083772267261798e-05,0.0037933452633333586
444,1,0.0002635814069008521,0.2251578405172163,11971.998314228626,3.0,5.8e-07,1.02e-06,0.027904705817807532,0.014276510003722388,0.008839122302927932,0.014058002288770627,0.00022909839531042755,0.00010550889422573715,0.004629905652222224
444,2,7.051611504134536e-05,0.04443932637167699,13986.425632704195,3.0,5.8e-07,1.02e-06,0.02045991526747337,0.010344259961735887,0.007296196114011986,0.002451260502065544,0.00016583639358114363,2.8258723969572337e-05,0.0072639203788888995
444,3,0.00017308662453075104,0.26262242448853035,18367.723654451496,2.0,5.8e-07,1.02e-06,0.023088578770540102,0.007600902770417845,0.009823129718095817,0.005452167255615887,0.00032532898609370506,3.75795703925629e-05,0.0031426965888888825
444,4,0.00017243517924460958,0.023662703089484448,10188.755809147937,1.0,5.8e-07,1.02e-06,0.021133995535487966,0.0161672276416087,0.006985908204740158,0.00831857395483846,0.00015343139815956745,5.817760616171611e-05,0.004115044798333342
445,0,0.0001957808856251676,0.0976439574556504,18760.99217006415,3.0,5.8e-07,1.02e-06,0.0219866938767647,0.010322853917603054,0.008780618724264012,0.007989159352995021,0.00015567466366965795,5.137507256248057e-05,0.00849633816444445
445,1,0.00011922249357953235,0.23076445441305915,21696.746479967216,3.0,5.8e-07,1.02e-06,0.022585921277773077,0.006155039852303044,0.00954771504101061,0.0032957679383915986,0.0003416380299803995,3.177975689257107e-05,0.0033672578072222042
445,2,0.0013885894979937252,0.29648039617426386,20277.006490808973,1.0,5.8e-07,1.02e-06,0.02295313887079979,0.013731991417661316,0.00860215653996678,0.006140277872374873,0.00019911357339575284,3.8311183358335866e-05,0.0025811438077777554
445,3,0.0005668561181609178,0.21356448145288773,4532.271806747476,2.0,5.8e-07,1.02e-06,0.055473674745110925,0.04325031090962247,0.004545779031114856,0.03673037256664378,0.00029186403660170086,0.0005851830380490709,0.004656180100555532
445,4,2.8340102302853624e-05,0.1453215723095167,14869.983298220894,3.0,5.8e-07,1.02e-06,0.020830084225414876,0.005644454813574517,0.009655836508236907,0.0005046667495551686,0.00021245839100885955,3.047602639210894e-05,0.003726800635555555
446,0,7.345643384546174e-05,0.05659511900508113,12360.215448413228,2.0,5.8e-07,1.02e-06,0.020621841938198365,0.007631484549397125,0.007604026220348549,0.002578961103334151,0.0002054838616452324,2.9718619604391532e-05,0.006660970904444438
446,1,5.619369163184698e-05,0.18039383398770972,9254.279202327481,2.0,5.8e-07,1.02e-06,0.021777017893633236,0.005522765554291088,0.009033011403403518,0.000613151871465208,0.0003201602357372299,2.9799375862835702e-05,0.0035435014744444465
446,2,4.6244479547132736e-05,0.1895199576981813,23493.192085398015,2.0,5.8e-07,1.02e-06,0.024166610940757737,0.006066545555952286,0.009832797045258081,0.0004994912247384716,0.0001468733559427146,3.209521003789931e-05,0.003932659856666673
446,3,0.0002745471004375835,0.12160840908882001,2445.420047206123,1.0,5.8e-07,1.02e-06,0.06433633393515076,0.03974534121369778,0.0029349950199107043,0.0412985222990024,0.0004451233292332302,0.0006313152874641803,0.007575370428333325
446,4,0.00039798938857395905,0.28729385112342765,4085.333383480679,2.0,5.8e-07,1.02e-06,0.043771835578374114,0.032675470401168465,0.005615395737462253,0.032043029717355793,0.0002859479509671914,0.0004737684002108179,0.008954724448333326
447,0,2.4658185486396435e-05,0.08472155175296246,23577.621337632732,3.0,5.8e-07,1.02e-06,0.02095493104556879,0.0056447866660869804,0.009422197480300093,0.0005173794813072025,0.00020918281554946754,3.1049127266372734e-05,0.0027921582005555196
447,1,0.00027431507090984946,0.11192342060720156,16702.42725062085,3.0,5.8e-07,1.02e-06,0.027166441003136806,0.012657650638117727,0.008057646434334589,0.010491226885795587,0.0002908544152426049,6.7358219953817e-05,0.0037210494322222065
447,2,2.4609703952886086e-05,0.13729738951176296,10497.662619912835,2.0,5.8e-07,1.02e-06,0.021466845867479305,0.005654984377524178,0.009090730413799153,0.0005029749986803666,0.00017671553148390344,2.9948970015120086e-05,0.00535456947055557
447,3,1.0600551114375122e-05,0.2131507525853747,3249.300941815696,2.0,5.8e-07,1.02e-06,0.020835662827727957,0.006086880788405202,0.0075447377700742155,0.0004475086055105251,0.0001971274563692505,2.1161595869272662e-05,0.005900826413888907
447,4,3.884248491966917e-05,0.10934922606198715,10307.61297648743,3.0,5.8e-07,1.02e-06,0.022836992671188782,0.006177227372814918,0.0077629474416457496,0.00048155501988398063,0.00013868287852259096,2.7031477172301173e-05,0.00954710987
448,0,0.0003918747635493397,0.28293801918875294,5124.33608261643,2.0,5.8e-07,1.02e-06,0.037960737256804496,0.02661432084858376,0.006740721302632244,0.02566481792703311,0.00021026004267154442,0.0003298030816216299,0.0033490108666666685
448,1,6.972126336447525e-05,0.0741599914767805,19058.680100337224,1.0,5.8e-07,1.02e-06,0.021400395477524006,0.005547080304549631,0.009661194934384762,0.0007864097174656736,0.0001761192691088582,3.163616909340321e-05,0.0036599189794444403
448,2,0.00012183584310378765,0.258968400915267,4430.695251222067,3.0,5.8e-07,1.02e-06,0.029473956889306967,0.0160786673035592,0.007896544982722799,0.015870855124401825,0.00025758967069561175,0.00021050463151565114,0.008710712885555583
448,3,0.00014708983425726398,0.029544248962607343,14890.857498192841,3.0,5.8e-07,1.02e-06,0.02520402848738552,0.019912858543570264,0.006024086708505815,0.009364954008253025,0.00018194397516313433,6.650887712181347e-05,0.0060347885983333405
448,4,0.00029585374160635386,0.19320520581081116,9809.26428744865,2.0,5.8e-07,1.02e-06,0.03234780181491354,0.014045885173290385,0.008843141969754807,0.012602321158763427,0.00037517753009381837,0.00010055330408021127,0.0026143387033333437
449,0,9.852705334443722e-06,0.06431727468583727,2845.0087096191637,2.0,5.8e-07,1.02e-06,0.036940938128459,0.017728176805480833,0.004451119860003161,0.0005440876705360662,0.0004098916391280847,2.9333007233983474e-05,0.010240105602222216
449,1,0.00013062900584784272,0.17732581815312107,7651.280694199889,3.0,5.8e-07,1.02e-06,0.026695959231660866,0.013709717434252493,0.007528400379215448,0.012503508886725467,0.00024096625341887097,0.0001223591534500025,0.0065969073077777746
449,2,0.00010563090230532744,0.2808960811659698,18062.98774156663,1.0,5.8e-07,1.02e-06,0.0208358376524217,0.005919844258275606,0.010269965137464842,0.0010812312823016807,0.0002542242518109294,3.199826538287317e-05,0.0032933602022222203
449,3,0.00013502440801086687,0.07357512180457336,14498.984038102195,2.0,5.8e-07,1.02e-06,0.02078598955624927,0.009459805364972257,0.008989592248563756,0.006561679583969645,0.00021539402279853792,4.725983325568674e-05,0.004591282083333301
449,4,0.0005377378020690524,0.1158192845867536,22713.77755342629,3.0,5.8e-07,1.02e-06,0.02450688880424912,0.013458776637573291,0.007865716248837014,0.009371494362635137,0.00023738980066249544,5.0803522627643346e-05,0.0037401639227778033
450,0,5.92649891467481e-05,0.29455102102214725,12953.01003066332,2.0,5.8e-07,1.02e-06,0.021029952505102405,0.005985883253109347,0.010014429902053094,0.0005515045389993919,0.0002779185511718019,3.152306454091839e-05,0.0037451952616666673
450,1,0.00017176674211948873,0.02456866236268742,17965.33033079168,3.0,5.8e-07,1.02e-06,0.023306895668758532,0.019364153042817973,0.006707130026596284,0.008150292631015453,0.0001631015340529143,5.2880975448736936e-05,0.00851909107111111
450,2,1.640859844886806e-05,0.03826983957037584,6831.992420003783,3.0,5.8e-07,1.02e-06,0.026463698588793768,0.019252040661317832,0.004088377592309975,0.0005317668662708159,0.00023719271356515187,1.8408558590631355e-05,0.012125312337777791
450,3,1.0564084813431754e-05,0.28114624299494284,20703.846751333098,3.0,5.8e-07,1.02e-06,0.020945746776705715,0.006141081504449454,0.010362574924736493,0.0005116531339376338,0.0002076403100778881,3.197974772423307e-05,0.003371240674999998
450,4,0.0003137538088140795,0.16520120571049865,8224.177179006678,3.0,5.8e-07,1.02e-06,0.03511981175877161,0.02258624964383261,0.007090824943382421,0.022433462600234683,0.00022296533979051603,0.00020447607678263048,0.006455383812222229
451,0,9.760102197320005e-05,0.27636357676732437,2121.969417713653,2.0,5.8e-07,1.02e-06,0.043700318289937014,0.013873271095800943,0.005264664724860549,0.011964029151171058,0.0005476497271553589,0.0002217827425240432,0.012096972565555544
451,1,1.1260440432741067e-05,0.22808775698181805,3335.823501561895,3.0,5.8e-07,1.02e-06,0.0339678532202862,0.006515481168419111,0.005004473112216106,0.0003686613343708445,0.0005339524979038919,1.8436795301727002e-05,0.009179701322222233
451,2,0.00032282908529017814,0.28738332812586986,11058.311583335033,2.0,5.8e-07,1.02e-06,0.0244043618737179,0.012560103116312768,0.00882181537924004,0.011322146697314356,0.00022520786756389087,8.689602468618076e-05,0.0030325307266666768
451,3,3.397297053864311e-05,0.26935767129161314,24084.571603748136,2.0,5.8e-07,1.02e-06,0.021078824202278346,0.006275441723856486,0.009872805386619776,0.0005022017651151782,0.00020754159544793344,3.226757055101596e-05,0.003311669260000011
451,4,7.402116715038189e-05,0.2279703798736535,19573.66131091395,3.0,5.8e-07,1.02e-06,0.024094654871065185,0.005732759502931645,0.009826524019466008,0.0006346460578438132,0.00014535807198153266,3.1519339691706405e-05,0.0036661251283333363
452,0,5.603787374115215e-06,0.11654570597712642,24883.703769071708,2.0,5.8e-07,1.02e-06,0.021261859639093657,0.00587422298412748,0.009318900646368186,0.0004984747522637074,0.00018720767170441857,3.198523413857601e-05,0.0028001634322222246
452,1,5.489062228354433e-05,0.28562368931251336,16464.78816136166,3.0,5.8e-07,1.02e-06,0.021251225591391403,0.005970140057167765,0.009480463539143162,0.000507303399959767,0.00029522246076233723,3.155521960553696e-05,0.003440961968888878
452,2,0.00023858498579924542,0.20620834139715707,6966.64310685862,2.0,5.8e-07,1.02e-06,0.027764358586551047,0.016566428362585737,0.006561780181383869,0.016322313019350193,0.00021894661897151516,0.00015795911585056086,0.004148810093333344
452,3,0.0001990582915628561,0.19815575493877527,7588.692609227786,1.0,5.8e-07,1.02e-06,0.024509614541829216,0.012221542038864311,0.008494164260172117,0.011619048894028686,0.0002495126294517944,9.822951130066691e-05,0.003464607686111121
452,4,0.0010082897486071334,0.2625469895215115,2777.920722464799,2.0,5.8e-07,1.02e-06,0.14476941495237344,0.09488520403844307,0.0078045638535379465,0.07566284155917292,0.0006686790514785508,0.0019153717576968418,0.009559188015555567
453,0,0.0005658509270702255,0.07860693318277058,2458.766450352894,2.0,5.8e-07,1.02e-06,0.13063346092062736,0.09892370767270701,0.009905751075354545,0.06965761628785018,0.00044353387075804886,0.0016249729600851769,0.01915874906444444
453,1,3.562589964939899e-05,0.025611749300153384,6950.740916008494,3.0,5.8e-07,1.02e-06,0.032472828898476434,0.028112506614730987,0.0042079632940454845,0.001070691235435985,0.00022643570699385111,3.2257622303116955e-05,0.010249370746111097
453,2,0.00010475094757060066,0.027378599778447553,5043.2275490213415,2.0,5.8e-07,1.02e-06,0.043299264687443516,0.03750668373082457,0.003055588333611652,0.015957660494954146,0.00023621939616209233,0.00019145667381643752,0.012412371840000005
453,3,3.700301712447204e-05,0.028112418881028722,9550.112956683231,2.0,5.8e-07,1.02e-06,0.021120227304704243,0.013426758863967853,0.006439693306263132,0.0006759885995860185,0.0001899132259515097,2.0121937342779972e-05,0.006275582986666667
453,4,1.2129093379101648e-05,0.11112107898218379,13738.38152116534,3.0,5.8e-07,1.02e-06,0.02162382904571843,0.005802059541150807,0.009416424901382997,0.0005151447339513654,0.0002873889867643198,2.9571250595477998e-05,0.0038866656122222287
454,0,0.0002188794221122723,0.11158842590768618,3157.4034798079483,3.0,5.8e-07,1.02e-06,0.08044678555037196,0.055495025242255185,0.003688431301032883,0.05604435842165898,0.0003944120826616748,0.0008387767917584924,0.013273232946111102
454,1,4.1679592424164675e-05,0.07655713847251337,17525.62458616699,2.0,5.8e-07,1.02e-06,0.022124036223455545,0.005643400951235066,0.008769790221103883,0.0005212646226117346,0.00032142138352616884,3.067641148804596e-05,0.003574293558333344
454,2,0.0005540651925010016,0.15183340565849401,24563.59615896103,3.0,5.8e-07,1.02e-06,0.021612608281825013,0.011706494561276473,0.007946277880638333,0.008240174720705611,0.0001611751825782254,4.49391558788726e-05,0.001512491108333347
454,3,0.0015132517486095738,0.14452102382140705,9354.896347069554,2.0,5.8e-07,1.02e-06,0.057258060562277426,0.04693540413254233,0.004217114940061845,0.024066628663550485,0.0002853071418451887,0.0003481631650007746,0.004412288823333305
454,4,0.00015210029211315632,0.17329880765612213,9851.71558968291,1.0,5.8e-07,1.02e-06,0.02168249532970699,0.008677884279354064,0.009398870854646135,0.006874012801729351,0.00025777581555158673,5.4109032646538264e-05,0.002088387816666676
455,0,3.1074125007057204e-05,0.2729158740355478,7576.149355412781,1.0,5.8e-07,1.02e-06,0.023449174767027698,0.006116439903364085,0.009993870307653143,0.0004985753613769639,0.000154910269959815,3.141018061091843e-05,0.0027856249055555615
455,1,0.00011470172196204726,0.18985279124685547,22938.889517435462,1.0,5.8e-07,1.02e-06,0.022332753640021564,0.005821815309491204,0.01012970352446864,0.00150570343109762,0.00016060537296059041,3.196872888100977e-05,0.002771669904999996
455,2,1.695407628165141e-05,0.24627931529842725,24500.93736814922,1.0,5.8e-07,1.02e-06,0.025693878088679577,0.006404551037255675,0.009332591128289642,0.0005070730012175116,0.00014020726696530725,3.24437859180781e-05,0.0021930502555555786
455,3,3.582848962052658e-05,0.06980454986802342,9591.385411624753,1.0,5.8e-07,1.02e-06,0.02567587481312258,0.0056810449831211736,0.009356852770110141,0.0005055625806822477,0.00041659356725374494,3.0008125228018857e-05,0.004302363756666663
455,4,8.731367591756517e-05,0.03482651954910075,19864.994905205567,1.0,5.8e-07,1.02e-06,0.024789510491279643,0.006087319155888716,0.009093802597006699,0.0021788931399053008,0.000138599716634678,3.06378981116879e-05,0.00227445746555556
456,0,0.0006164160565364138,0.12258914447023986,11905.997825948014,3.0,5.8e-07,1.02e-06,0.04159986453589289,0.02575474072671942,0.006770070365280327,0.01807931062029491,0.00033289818865763393,0.00014307355254641343,0.0056587035994444534
456,1,0.00021872012044281416,0.1079271810242313,19215.998803157618,2.0,5.8e-07,1.02e-06,0.020802354634956725,0.008336160396567973,0.009310180961190987,0.005854266187950375,0.0002123009352802978,3.857964208259631e-05,0.004482303559444442
456,2,1.0594456800240489e-05,0.19063296352966688,13831.587581494943,1.0,5.8e-07,1.02e-06,0.024033536991766347,0.006167200878967952,0.01000859542168295,0.0005085709912271584,0.000148949280181376,3.209424884306149e-05,0.00362356541777778
456,3,8.001877837298548e-05,0.024775226006274575,24611.483156438127,1.0,5.8e-07,1.02e-06,0.021817743800814787,0.006051736299762811,0.010015734282109648,0.001737620283583511,0.00015035785060784943,3.089139187142179e-05,0.0013216308672222288
456,4,0.0001435061403223082,0.024155226861552723,24634.1276613596,3.0,5.8e-07,1.02e-06,0.02101815528528303,0.013841285029107883,0.00730564320916995,0.005744621791955604,0.00016116550141514644,3.680165782492117e-05,0.0026601893849999975
457,0,0.00018057096262036413,0.14217888279646412,9375.913084504431,1.0,5.8e-07,1.02e-06,0.023860171278629494,0.009751668895709152,0.008338380308408043,0.008193053789166153,0.0001431849151153337,6.421509360335123e-05,0.002926581560555544
457,1,0.0002880365375874444,0.0025590636602481277,23192.33114185686,3.0,5.8e-07,1.02e-06,0.07260296932742204,0.0743267277777799,0.005610546361263269,0.0035149201830597665,0.0001645139946104663,6.731911442204261e-05,0.004628866237777765
457,2,0.00019936736785855307,0.10910116168092367,9143.641963408114,1.0,5.8e-07,1.02e-06,0.02282061308971306,0.01079609692843139,0.008688679586410779,0.009153120277247071,0.0002212739891066255,7.033824649857798e-05,0.003943217196666668
457,3,0.00020163177283575218,0.22340555809676738,14717.071536078847,1.0,5.8e-07,1.02e-06,0.021019788990635307,0.007886880985641276,0.009371377096496682,0.0057873624745005195,0.00025871048157348264,4.001177459793404e-05,0.002059437025555555
457,4,7.920370582177633e-05,0.27206953757427427,4256.957932171795,2.0,5.8e-07,1.02e-06,0.02201057544062211,0.0056420988438361476,0.008582810385516886,0.002068106363167741,0.0003160848304642539,3.590022110384726e-05,0.007905233279999993
458,0,3.196254762915944e-05,0.043119766586917095,20957.123247617914,1.0,5.8e-07,1.02e-06,0.022411583720429198,0.005633787307733562,0.0100618150661503,0.0004904325194732161,0.000339867063283147,3.160397452757331e-05,0.0047169095061111305
458,1,3.0256485800754787e-05,0.04929192842733863,8247.293825319837,1.0,5.8e-07,1.02e-06,0.020786523237429425,0.006441934069213215,0.007962110213899087,0.0004999253048822168,0.00021553814062421142,2.7939747803258357e-05,0.004366251822777792
458,2,6.001289051391225e-05,0.27520872935401786,6108.9707018817335,3.0,5.8e-07,1.02e-06,0.021713272866196,0.005488006251654941,0.009177416907639504,0.0006697545118001966,0.0002976250752835185,2.6796540936771873e-05,0.0037787735466666555
458,3,5.5798845600470664e-05,0.26731748670806,6578.776058584719,2.0,5.8e-07,1.02e-06,0.02296456983559909,0.005617179915136922,0.009526965820871237,0.0005896494876436066,0.0003651498269012573,2.910435103929417e-05,0.0032807221777777784
458,4,0.0012690655010899547,0.17552183128378074,11589.159214391766,2.0,5.8e-07,1.02e-06,0.038541610010632804,0.030553077835860688,0.007252308891755595,0.016674158205020273,0.0002530279264173972,0.00020749230587969284,0.0028056957733333387
459,0,1.899462736473389e-05,0.2294972367823111,8122.404998005412,3.0,5.8e-07,1.02e-06,0.02098983275295988,0.005644390838718581,0.009512507912246684,0.0004909684976212216,0.00021050754250475162,2.8636688664923107e-05,0.004620149677222241
459,1,0.0006161731584422434,0.2623194720132704,8541.932649671347,3.0,5.8e-07,1.02e-06,0.035359005341727694,0.027982100995245344,0.006964013466345076,0.02471095294528231,0.000170905839091102,0.0002368480746779068,0.005017626257222241
459,2,3.346462003243512e-05,0.13611008054542323,23816.97842576932,1.0,5.8e-07,1.02e-06,0.021163396776912164,0.0061875446439538335,0.009363436689248482,0.0005014558782080694,0.00029495637003817884,3.232658181759705e-05,0.003365867919444432
459,3,8.877915224121351e-06,0.1441575803345264,13121.521965620626,1.0,5.8e-07,1.02e-06,0.020879447667846506,0.005993594819735121,0.01034087054579679,0.0005136217643996781,0.00024167356484430759,3.189931128085876e-05,0.0029910609833333213
459,4,7.468448742270195e-05,0.24943322144946667,7149.630882084903,3.0,5.8e-07,1.02e-06,0.02078074254543286,0.005417535268110921,0.008810912354183043,0.001257742486305435,0.00022767893230825754,2.8155631830463438e-05,0.005515067130555565
460,0,0.00011643018602289793,0.011445713037040294,4378.553641170595,3.0,5.8e-07,1.02e-06,0.1412891891119593,0.12561988084136375,0.01700706716530666,0.02589277076024518,0.0002853839759798795,0.0004959662394799316,0.014885879033888896
460,1,7.205543455408527e-06,0.06610312251446009,11802.532031051689,3.0,5.8e-07,1.02e-06,0.022950490117240374,0.007443654526812658,0.007571529448140989,0.0005618765212897521,0.00013656642337518072,2.5720655215789314e-05,0.0066384724855555605
460,2,0.0009105309281451391,0.16028442472605112,22527.63130219523,2.0,5.8e-07,1.02e-06,0.02194047495828259,0.01383965428107252,0.008478703684334876,0.00856651653784357,0.0001713514267147833,5.379167786526756e-05,0.0032189855749999996
460,3,0.0002680507903103534,0.2665556118702035,19506.6820965556,3.0,5.8e-07,1.02e-06,0.023521457696219633,0.009906368567432502,0.009493044425878163,0.008585510501010052,0.00014666101507154075,5.314271208411107e-05,0.0034997853105555587
460,4,4.936615598814498e-05,0.20257652923930844,11386.849255849382,1.0,5.8e-07,1.02e-06,0.021215948333054162,0.006050181076808658,0.009275059348453256,0.0005089832800797598,0.0002742271946268154,3.1798959510050396e-05,0.0023346295083333246
461,0,0.0002427838938233248,0.18208591390950615,3620.6709745876806,1.0,5.8e-07,1.02e-06,0.03504410963956999,0.024524373612950748,0.006253860005596881,0.026998349602819688,0.00026149830078585297,0.00034391237015756956,0.0015317145838888713
461,1,0.00023313359292390199,0.16629732531070676,9929.561801687785,1.0,5.8e-07,1.02e-06,0.025806462121934364,0.010584888941065733,0.009059264885596344,0.00932448720156443,0.00031877778632596003,6.841121414397457e-05,0.001962253755555546
461,2,4.831329879530134e-05,0.26557496674492065,9143.688320147474,2.0,5.8e-07,1.02e-06,0.021225359671199984,0.005812702591051301,0.00880598790372436,0.0005363075613988626,0.0001874894472299252,3.0587070930369675e-05,0.0031778908805555756
461,3,7.221242990044744e-06,0.07681987321899142,10628.79307438535,1.0,5.8e-07,1.02e-06,0.021013689564376988,0.005683083021475999,0.008569931431249353,0.0005269495147773971,0.00023306830727502897,3.07544699752769e-05,0.003394546544444446
461,4,0.0001682223696344631,0.14266128673140638,20656.981226753625,1.0,5.8e-07,1.02e-06,0.02309959616399182,0.006518331055230989,0.00985113570349568,0.0038625157574033154,0.00014396179744961154,3.1936824586945024e-05,0.0022851287272221965
462,0,9.45353049453323e-06,0.16884145979459636,14365.372219848543,2.0,5.8e-07,1.02e-06,0.022280708051377707,0.005836744814485833,0.009266316931481925,0.0005099482479003065,0.0003440829178292659,3.143470876496574e-05,0.0021725818794444407
462,1,5.332899567749286e-05,0.09116792617759066,5700.658225947505,1.0,5.8e-07,1.02e-06,0.023117998111818628,0.005871522446212838,0.008303648262299334,0.0008512709281884753,0.0003438359148785282,2.7611028000998893e-05,0.0039964318572222185
462,2,0.00010441106899043748,0.05185946559895394,16737.178714409594,2.0,5.8e-07,1.02e-06,0.02097098500897608,0.008340349229903626,0.009179242825417322,0.004315718691575471,0.00024181396564291872,3.4192144543691124e-05,0.005002590495000014
462,3,2.281600007338249e-05,0.238695153947138,21625.71992505102,1.0,5.8e-07,1.02e-06,0.023536448102449453,0.006372824790310801,0.010384797039679886,0.0005057312910149733,0.00015565290085527438,3.240184595170286e-05,0.0022437496722222255
462,4,4.099360224182092e-05,0.2536324774354844,8125.2372066025755,3.0,5.8e-07,1.02e-06,0.021302477635944412,0.005632495262346688,0.009449997495413852,0.0004938934684266539,0.0002780620683524797,2.8815777507034474e-05,0.004471243413888909
463,0,0.0070755163710270385,0.15572294642121645,20080.028766947024,2.0,5.8e-07,1.02e-06,0.06447931987852212,0.04934790368894593,0.005977291637787561,0.0118410924052886,0.000348871952327446,0.0002445001743976907,0.0039131682444444316
463,1,0.00012640539069642344,0.1763536451813765,2481.2718513507198,1.0,5.8e-07,1.02e-06,0.0331049471376138,0.01997764596231899,0.005931259203419414,0.020774755882682114,0.00030369103900656434,0.0003266559152946327,0.0059708736377777905
463,2,2.9816690150463797e-05,0.12940773557317495,16732.125714084657,2.0,5.8e-07,1.02e-06,0.022449352037662473,0.005724816028230888,0.010306976278774235,0.0004998656247238981,0.0001599313376993373,3.13705258576937e-05,0.0038600799083333553
463,3,4.6602163198689675e-05,0.2895009564844357,20573.325184236386,1.0,5.8e-07,1.02e-06,0.0215613985675797,0.006391815425305261,0.010139148367460675,0.0004949098547878212,0.00031869119635400577,3.2391122629964873e-05,0.002478957722222244
463,4,0.0005118724100629022,0.23784827226765431,11600.82900661538,1.0,5.8e-07,1.02e-06,0.021552778727751933,0.011588716853801166,0.009497765409613083,0.009639260204853776,0.00017437294446848747,6.606140806165534e-05,0.0030440063227777786
464,0,0.00017060308720358815,0.1110030558941537,16307.358364881387,2.0,5.8e-07,1.02e-06,0.028470410889859344,0.008690594844783434,0.009183990531368097,0.006476545585952926,0.00040923502910419446,4.3987075009731896e-05,0.002934684696111106
464,1,6.060556347026393e-05,0.08601146215949551,16781.624139212105,3.0,5.8e-07,1.02e-06,0.02081679688164471,0.005786590996320398,0.00910174684124132,0.000748265847129482,0.0001709554148783943,2.936605677308915e-05,0.004103323135555573
464,2,0.00010547695916418194,0.27762899306899397,16719.079846526976,2.0,5.8e-07,1.02e-06,0.022485950785529066,0.0057242173663151165,0.009854626791975775,0.002099074267761546,0.0003536596126127473,3.1449260596412826e-05,0.0038667787772222323
464,3,0.00012807411519328497,0.06169813215525,14411.369165818718,3.0,5.8e-07,1.02e-06,0.02344319472870918,0.013126394321075487,0.007403896110057575,0.00918168336581969,0.00022660653524057914,6.622671618412177e-05,0.009215464999444464
464,4,0.00015023190216655104,0.1497285538047722,6098.077623093059,2.0,5.8e-07,1.02e-06,0.027653097979051782,0.016283383509480356,0.007362528330213222,0.015589397448003015,0.00016695244531805627,0.0001642264663616763,0.010123208099444447
465,0,1.9636386056604256e-05,0.2765491825926036,24183.07072883654,3.0,5.8e-07,1.02e-06,0.02104997392256286,0.006182352410307616,0.009527073305090122,0.0005077664413744739,0.00026246788995040385,3.2124453124707826e-05,0.0052614027005555425
465,1,6.88481665879827e-05,0.01983118982609684,5472.07199683227,3.0,5.8e-07,1.02e-06,0.0633109417522792,0.05488641430573812,0.007112779737827861,0.009404890791071393,0.00025191852264948745,0.00015109055857329685,0.016918704088888903
465,2,0.0001271602189213238,0.17532914662179502,5671.257514555653,2.0,5.8e-07,1.02e-06,0.028661334387771114,0.012980868564232079,0.007543084949872109,0.011622641748820552,0.0003328176625613189,0.00012908548501622163,0.008820030305000004
465,3,0.0006004963852595127,0.01956422381682179,8237.061087514445,3.0,5.8e-07,1.02e-06,0.07024268876284344,0.07712458214662547,0.006690273483144708,0.026623421269645748,0.00019552732288576449,0.00041134155989061083,0.009156976678333331
465,4,0.00012217346340961366,0.1706012706728699,5806.500121166166,1.0,5.8e-07,1.02e-06,0.02759506375365205,0.009474035314796276,0.008187346866037278,0.007782189616067223,0.0003781174111655134,7.972700445278854e-05,0.0027215376722222323
466,0,0.00011091930728958626,0.05535342940726997,13203.120405193516,2.0,5.8e-07,1.02e-06,0.02182044923464321,0.01017176494579364,0.008619263172514208,0.005940755056761963,0.00013958236723170072,4.595946825177247e-05,0.004347618321666677
466,1,1.1227263771760821e-05,0.2834940418064548,19098.628544797677,1.0,5.8e-07,1.02e-06,0.027544420554073648,0.006401178198455145,0.010580872541788876,0.000508145384915912,0.0001350600429143857,3.2391217996350784e-05,0.0027169067127777863
466,2,0.00015089242878563505,0.23616850861287694,19686.555290847526,2.0,5.8e-07,1.02e-06,0.020022332510290227,0.0067257677305977885,0.009784651772074198,0.004190623139183107,0.00020228459349569254,3.314971593822663e-05,0.0024847896455555407
466,3,0.00010983635083603004,0.026349047734202158,10229.035420002185,2.0,5.8e-07,1.02e-06,0.025367794522284593,0.019915660325466766,0.005453401341571966,0.008358044635304351,0.0002051151813597114,6.69716730941034e-05,0.0058903051294444675
466,4,9.948741946095842e-05,0.2170760068193867,11239.134834619972,2.0,5.8e-07,1.02e-06,0.02075848323862123,0.00583722034876939,0.008931869532827298,0.0027102312923630145,0.00017777778313045906,3.248061754337205e-05,0.005350601236111113
467,0,1.5094545134040537e-05,0.29763087281624395,10763.077340170334,1.0,5.8e-07,1.02e-06,0.021550040192131525,0.006291093663712222,0.009724150028483682,0.0005087204142821504,0.0003159975921186715,3.2053839644206925e-05,0.0025912576633333323
467,1,0.00022299931923973958,0.24244399366457203,13864.80940355297,1.0,5.8e-07,1.02e-06,0.028606308095455907,0.008542567783810432,0.0103109606393287,0.006685216358007986,0.00016031763238670378,4.585642876463882e-05,0.0028966446399999873
467,2,1.5260046150814956e-06,0.2697501043363628,22673.92327745561,1.0,5.8e-07,1.02e-06,0.021008158755310365,0.006418101536940494,0.01079133679275717,0.0005089350399274205,0.00025677620056022333,3.244338286451606e-05,0.002662822808333326
467,3,2.836997769321722e-05,0.07941046219551928,13967.229409836269,2.0,5.8e-07,1.02e-06,0.021171859427768364,0.0057846017319582825,0.008733794892067421,0.0004867666730918882,0.0002774190853362344,2.9932532908690616e-05,0.006618742053888876
467,4,2.2113527450685043e-05,0.16092122887405175,13182.21390074824,2.0,5.8e-07,1.02e-06,0.024299248523137747,0.005753255051179349,0.009585862454118382,0.0004998078506525789,0.000402784106242141,3.112668755755335e-05,0.0032540243611110936
468,0,0.0002077661874303804,0.08526926082069637,16601.485280986664,3.0,5.8e-07,1.02e-06,0.02531950705357894,0.012329211565351045,0.006959414582394768,0.009703166406173046,0.0002599592765816802,6.36482805728338e-05,0.006972836276666658
468,1,1.564823586842192e-05,0.028119108939021042,21462.965326026828,3.0,5.8e-07,1.02e-06,0.03447064676620571,0.009228582820910583,0.007813682002836098,0.0005150421462071929,0.00024031432149964095,2.6653644767943288e-05,0.006660164643888883
468,2,0.00018713948920925198,0.2905520062610937,23796.531752877425,2.0,5.8e-07,1.02e-06,0.023634278634948856,0.0069907800133838,0.009629666663819874,0.004539607973724681,0.00014136812282920517,3.2949505458771564e-05,0.002425056498333328
468,3,0.0002574061639215154,0.16847032150412034,2401.5340834960098,1.0,5.8e-07,1.02e-06,0.04900648630219647,0.03636877586843135,0.00441417315934921,0.04074916591096623,0.000330367622202747,0.000649826537272293,0.010678614032222242
468,4,0.00023291889079681767,0.19315703964575306,14006.979782812568,2.0,5.8e-07,1.02e-06,0.026033224031865063,0.009821190990528672,0.008531076530351,0.008206591007163795,0.0001520130152369465,5.79695473360234e-05,0.0036442244799999995
469,0,0.0002489320636553218,0.25939450834644023,9138.662003972579,1.0,5.8e-07,1.02e-06,0.021609054748045472,0.011203938472180791,0.009193963345953361,0.010312922062143447,0.00019778222443215417,8.093523283472354e-05,0.004089833576111104
469,1,4.0835030750668225e-05,0.022388087817339728,19484.97617435527,2.0,5.8e-07,1.02e-06,0.020677155933798878,0.009243487689930397,0.00808100206371873,0.0006397117451237044,0.00014859863528404995,2.6987766284957462e-05,0.005098693272777788
469,2,0.00010363623545871094,0.25052288925213645,20471.70960483299,3.0,5.8e-07,1.02e-06,0.04257246505880652,0.005641315290039402,0.009119325934298622,0.0019254599084942414,0.00025101155983260035,3.1285331437725236e-05,0.0036339533333333146
469,3,5.45098874695929e-05,0.1087344215582028,22375.240461885303,3.0,5.8e-07,1.02e-06,0.021416562249320748,0.005607710162324059,0.009972350212905809,0.0005418421465640475,0.0002918166990320394,3.1113883921179644e-05,0.004037929721111097
469,4,0.00016897029596854636,0.20007449231794655,7437.065515314431,3.0,5.8e-07,1.02e-06,0.037211022117123314,0.018707695879589474,0.007260555078559362,0.01963543217999368,0.00036378889772388225,0.00018884572354013404,0.0034007275572221912
470,0,1.645890446222323e-05,0.21973376223176785,24149.65167310387,1.0,5.8e-07,1.02e-06,0.021420703582550993,0.006370013846504117,0.009866833634211147,0.0005080134887872231,0.00018919646896767075,3.24279734086104e-05,0.0023685151172222335
470,1,0.0004056688108200056,0.22559046759136667,9725.628069926266,2.0,5.8e-07,1.02e-06,0.03674305159128289,0.01606311831799721,0.008709592421744327,0.013532532497801288,0.0004206645826688527,0.00011849574977650358,0.003076240554444429
470,2,3.933445031009683e-05,0.17559781883876868,8801.176473641819,1.0,5.8e-07,1.02e-06,0.021126225365238418,0.0058601434742605275,0.009976065405112332,0.00049378709749423,0.00028656814382086517,3.124756886207992e-05,0.003050423441666686
470,3,0.0001779534132828582,0.18612932220997508,6594.417965592612,1.0,5.8e-07,1.02e-06,0.03365851528628663,0.012615902895417579,0.008882252562378698,0.012100278917959775,0.0004350653106104507,0.00010906577550877861,0.0040046234261111174
470,4,7.673626293710539e-05,0.032701900687063475,10883.033510757848,2.0,5.8e-07,1.02e-06,0.020422395079826083,0.01369098048602211,0.006780864952350813,0.004605790864767311,0.00016380329457855772,4.013116508049324e-05,0.0069545892116666674
471,0,6.159510377220365e-05,0.2948178339741548,12607.714669561616,1.0,5.8e-07,1.02e-06,0.023677158386537417,0.006220480183318893,0.009179989754794497,0.0005186563173835342,0.0001532670417561481,3.203834074212019e-05,0.002261350546111082
471,1,1.9595533519481237e-05,0.243250550140594,20208.676946059106,3.0,5.8e-07,1.02e-06,0.028447724742138455,0.00603388439199561,0.01056211150637539,0.0005026491410784225,0.0001359718977614235,3.184523802622274e-05,0.00278880420944444
471,2,0.00011799614399101856,0.09167246203360209,3397.665441222406,2.0,5.8e-07,1.02e-06,0.06370167487649096,0.02933784215756215,0.003716447034001733,0.02438874415015931,0.0005786374114868023,0.00033794223770876466,0.009956823011111116
471,3,6.735446619313456e-05,0.2464302306315764,5464.038647420593,1.0,5.8e-07,1.02e-06,0.02437511286997342,0.0056315283056871225,0.008447448450070798,0.000763469508089139,0.0004079653944599165,2.9973657510480204e-05,0.003635801531666649
471,4,9.54146465755618e-05,0.22436435816952952,5733.528400009767,2.0,5.8e-07,1.02e-06,0.021361667660999364,0.0074090364771817845,0.00862169695885758,0.00484976272620748,0.00014833489711035263,6.088401229327931e-05,0.005141181571666667
472,0,0.0002562299721003235,0.16169055520144054,5907.6436406087305,2.0,5.8e-07,1.02e-06,0.03304925886604246,0.020820884952662336,0.006179206885459306,0.01955566050775417,0.00024669990547389006,0.0002075519556859459,0.004100537744999994
472,1,0.0004848444395792768,0.11773998768442696,8977.025310938747,1.0,5.8e-07,1.02e-06,0.024164640098194856,0.015755265740287187,0.008610445470793014,0.012276210138193378,0.00019771874519453175,9.309693834594694e-05,0.005673211870000014
472,2,3.5177325550824115e-06,0.30039176607169893,11247.206524342173,1.0,5.8e-07,1.02e-06,0.021436593394179585,0.006308801116064044,0.009213661035586025,0.0005081159390409741,0.00030836872595610106,3.211243303511611e-05,0.0027548895327777767
472,3,0.0015860602518382296,0.12638107370990787,3012.8295300850896,3.0,5.8e-07,1.02e-06,0.25338679228241795,0.20381512007651517,0.017147015702285728,0.11433948408166138,0.00043155263031571925,0.0028444143338375474,0.014298558994999988
472,4,0.00020222441939259816,0.06611968455488205,10337.217763149849,2.0,5.8e-07,1.02e-06,0.02300378300605808,0.014834164435518401,0.006557531256816115,0.010180031891775769,0.0001531014096218732,8.1118380133706e-05,0.008436870909444436
473,0,5.075992612551259e-05,0.24868885433617444,9955.070672602644,1.0,5.8e-07,1.02e-06,0.023009911383870166,0.0061038313064583774,0.008819297616103597,0.0005201139450445193,0.000375333297637021,3.1746261099044306e-05,0.0032105247600000136
473,1,4.0775311813163e-05,0.043762751180332904,3364.324849661268,1.0,5.8e-07,1.02e-06,0.030199807409008145,0.012662310547589976,0.005580208295507462,0.0008192195779100262,0.0003777011061446563,2.5890120176418046e-05,0.009905356326666684
473,2,0.0002336960768026638,0.1858558069703021,14220.197847512116,1.0,5.8e-07,1.02e-06,0.02249249082698204,0.008332949828174233,0.009486400079060405,0.006441956560501688,0.0002918632198010465,4.332890820672391e-05,0.0017458332766666501
473,3,0.00017199259599295346,0.1924902814941634,7575.552457764241,2.0,5.8e-07,1.02e-06,0.025589432463095575,0.013672946898590554,0.007359294652211054,0.013087762340235986,0.00019767662882843725,0.0001213738573936849,0.002653938801666658
473,4,0.00022900432491264398,0.2525026966435119,4451.580627319635,2.0,5.8e-07,1.02e-06,0.03645508105916553,0.023260228332299158,0.006543324005897309,0.02510211380671273,0.00026054561042402816,0.0003115810990450619,0.004371623419999998
474,0,0.0027786080510484963,0.15086012190945616,11194.917569453999,3.0,5.8e-07,1.02e-06,0.1036685497802116,0.08764868808215674,0.006367604985067982,0.031431446624872204,0.0003133759341149211,0.0005140307061371614,0.003929308792222225
474,1,0.00010310384070059873,0.13441097332926963,6625.153426259743,2.0,5.8e-07,1.02e-06,0.02448309110078895,0.010424202148209204,0.008270396597959988,0.0078083793823269165,0.0002968845861975956,8.198183062016041e-05,0.004410618255555568
474,2,1.4658925130324967e-05,0.16185743624344587,18323.346459617198,2.0,5.8e-07,1.02e-06,0.021073230619666372,0.005915035230821341,0.010121904727632261,0.0005113914099641794,0.0001946736913364254,3.1799612074113064e-05,0.003410886539999991
474,3,2.844177057823272e-05,0.18829962351360904,23933.678247024458,3.0,5.8e-07,1.02e-06,0.025166947879874075,0.0059437073262178985,0.009519760627758793,0.0005034109911432283,0.0001413597613454812,3.1897509070276e-05,0.005287108660555553
474,4,0.00011196695091188838,0.29430398317401923,20590.92280484465,2.0,5.8e-07,1.02e-06,0.023740154419117487,0.0057990194053857995,0.009263182597482598,0.0020572681528887448,0.00014661802913546262,3.161642540898652e-05,0.0038538852344444374
475,0,0.00022795875845401655,0.2963904836880488,17264.782932483722,2.0,5.8e-07,1.02e-06,0.0204492396609913,0.008281738429385968,0.009279517029012183,0.006404307585190151,0.000192804822730017,4.3338889266266355e-05,0.0019152911505555537
475,1,0.00022543633162806876,0.23035568031233608,11880.727353512779,2.0,5.8e-07,1.02e-06,0.021765132952122707,0.010460921667191704,0.009007380027621017,0.009170339823092318,0.0001649315404836694,6.912808513336709e-05,0.0028159248177777735
475,2,0.001628423228678839,0.20250416488822923,17238.26899240046,2.0,5.8e-07,1.02e-06,0.02683048866175705,0.024952056421299645,0.007146289782149952,0.012715079455991292,0.00017313240649553512,0.0001132002211081678,0.002534678966666676
475,3,0.0013795861235214432,0.09010538857125401,13721.729786301988,2.0,5.8e-07,1.02e-06,0.031221794073358632,0.03235140343794762,0.006131767928924827,0.01509985837030516,0.0001726849274805861,0.0001611209070731427,0.006102543492777779
475,4,4.309647438845118e-05,0.06725848646274347,13879.816832266493,2.0,5.8e-07,1.02e-06,0.021082364507063262,0.0059692653534052205,0.008520506563915571,0.0005555474793212508,0.00025029438247751605,2.926655459571714e-05,0.0062985440077777954
476,0,4.28505830750554e-05,0.1395084192950834,23940.109314286525,2.0,5.8e-07,1.02e-06,0.02093906481114045,0.005899834812515052,0.010230361179775887,0.000489639360919473,0.00020467522767300315,3.1969399565016204e-05,0.004759830758333333
476,1,0.0005833478613343258,0.2658959716902976,24595.385433758867,3.0,5.8e-07,1.02e-06,0.022703874599820584,0.011339098639663795,0.009493213909783358,0.009190372032773843,0.0001953066038307526,4.9162435958718325e-05,0.005188425659444454
476,2,0.00011993454514035637,0.24988093104107867,14473.618791585746,3.0,5.8e-07,1.02e-06,0.02025799145028839,0.007036911455233563,0.008799897622270389,0.004674862422375023,0.00019063365445541963,3.9750712239217905e-05,0.002838340333333328
476,3,0.00022455971000076767,0.10188484666921417,7026.892580323571,3.0,5.8e-07,1.02e-06,0.03511014102640319,0.025528679298856143,0.004550423203156733,0.02296452190511909,0.00018330300212377666,0.0002325845262248831,0.007699649373888895
476,4,0.0002810827938595015,0.10495896088607747,11563.155435473855,2.0,5.8e-07,1.02e-06,0.024534745221431897,0.013766789478043905,0.007290148907505063,0.010581112072472768,0.00021027884768951203,7.891564664353874e-05,0.005878861011666681
477,0,0.00015479372202141552,0.2757449086880628,14905.827812906293,2.0,5.8e-07,1.02e-06,0.025008458259988358,0.007816113875828716,0.009248644531782861,0.005736290994875194,0.00013826494331282922,4.286668021378698e-05,0.004642996364444457
477,1,0.00029030614047375697,0.18562623639905482,3564.16240649628,3.0,5.8e-07,1.02e-06,0.07882008723702161,0.04753055317338426,0.0046446311538536995,0.053250540372734634,0.00047660943136800275,0.0007437083192090938,0.008216988087222238
477,2,3.373760864586906e-05,0.09171865070147758,15472.304704699189,1.0,5.8e-07,1.02e-06,0.032905082573211404,0.005785379291795085,0.00998207022679798,0.0004931596682028835,0.00015480490495145785,3.170842690367799e-05,0.004427814579999995
477,3,8.583008960301805e-05,0.26888473540982494,8782.76201475646,3.0,5.8e-07,1.02e-06,0.023996969337580498,0.0054713103560148635,0.00956171184624867,0.0016983700871417951,0.0003863067882097543,3.0078948861505622e-05,0.003909162164999966
477,4,0.0003148128194033527,0.29069902898209266,20413.773465433642,2.0,5.8e-07,1.02e-06,0.020708937943594866,0.00810957372527761,0.008676979593170271,0.006086031325835681,0.00021346724626153531,3.9113211698609214e-05,0.0038008108511111
478,0,5.603631305302826e-06,0.018952399112090946,13970.556412589269,1.0,5.8e-07,1.02e-06,0.021153495427696276,0.008140859327620863,0.009076949661611133,0.0005832543376062932,0.00015072667256338225,2.8112246519284808e-05,0.0048414054861111305
478,1,1.8128876469039605e-05,0.008383386094154887,19685.334834531135,3.0,5.8e-07,1.02e-06,0.02085125679470781,0.03013371833698054,0.005103381875046653,0.0006952457269780319,0.000211548252723657,1.554096107286691e-05,0.003923694013888868
478,2,0.0001267470348097956,0.25612613988737454,12886.44864284063,2.0,5.8e-07,1.02e-06,0.020505454181632105,0.007089723619934624,0.00975822405771549,0.004776288700675486,0.00025489918893444,4.034217809372875e-05,0.0030912089722222452
478,3,3.780396500020659e-05,0.15236437673070544,16222.128354160765,1.0,5.8e-07,1.02e-06,0.021891503301890946,0.00607811620826901,0.00922742545746139,0.0004943860381491082,0.0001770402062828667,3.208501633228977e-05,0.0024078304150000063
478,4,0.0015797269251961819,0.20201568056639993,12262.498361077307,3.0,5.8e-07,1.02e-06,0.0680265451517803,0.0511141388540274,0.004801912398026772,0.023711919887068476,0.00033327725058327596,0.0003033742121945342,0.003962264430000001
479,0,0.00110022800124526,0.18994342305167158,7221.937294323074,2.0,5.8e-07,1.02e-06,0.0689529227455689,0.041740302736945976,0.0052625209205246605,0.026864107947564563,0.00048570144846846294,0.00040777742416408424,0.004193278565555542
479,1,6.617661775700635e-05,0.2862232772249886,15552.357459558942,3.0,5.8e-07,1.02e-06,0.021830695524884147,0.005856552226751126,0.010337186120470127,0.0005837598039480594,0.00017474562120019406,3.135729929355428e-05,0.002816556250555574
479,2,8.442334373655821e-05,0.018177504051097047,19355.136670115488,2.0,5.8e-07,1.02e-06,0.024198886035227952,0.01335275371045453,0.006661752589858907,0.003308720771674583,0.00027516527928860414,2.8345810921603173e-05,0.004993219653888867
479,3,0.0009096529113882917,0.17424626342004404,16808.837733534263,2.0,5.8e-07,1.02e-06,0.028605921154565925,0.017032622066774156,0.008054793304617149,0.010542619123881521,0.0002785145857277718,8.156284233777524e-05,0.003813828684444423
479,4,0.0010021409725927747,0.23400019615387563,15315.787393580857,1.0,5.8e-07,1.02e-06,0.022173431122585536,0.014591697965598144,0.008699027100614813,0.008351956557186598,0.00017238851841848706,5.3744765034682975e-05,0.0019215867250000074
480,0,1.4343042089645948e-05,0.09589845593101028,17417.673548809536,2.0,5.8e-07,1.02e-06,0.02096156116251748,0.0056656072878505616,0.009219428582935224,0.0005107056490151668,0.00020229137357009744,3.11340236469793e-05,0.004722048736666679
480,1,9.184467243915932e-05,0.20281849269902394,10224.737688495463,1.0,5.8e-07,1.02e-06,0.025793174864222872,0.005646013980954685,0.009958650719986736,0.0013887889900946256,0.00013743154267435343,3.115461863798614e-05,0.004544721932777787
480,2,2.849771219451871e-05,0.05013337815536939,14245.84345049122,3.0,5.8e-07,1.02e-06,0.023539703457895036,0.008015139040782318,0.007301002899916691,0.0005352030929324545,0.00013571717221325723,2.5897758299602665e-05,0.006176425163333346
480,3,7.931846785254741e-05,0.2459357511126784,17030.005580221856,1.0,5.8e-07,1.02e-06,0.020916973565651847,0.00609627950080477,0.009749584674863048,0.000594173751559479,0.00022826055803464623,3.21201023555911e-05,0.00319796385666668
480,4,0.00028022155347099607,0.22109307522794228,7943.055402565131,3.0,5.8e-07,1.02e-06,0.03486909121665883,0.01918174498897349,0.007535448887980782,0.01954937314838886,0.00031188486364089357,0.00018342906281797652,0.003986533268333356
481,0,2.0409664449767075e-05,0.11561866324430489,10185.669246914162,1.0,5.8e-07,1.02e-06,0.0275316550288395,0.0057810724772693846,0.009852988081339333,0.0005108234800026682,0.000136172615229468,3.122025204759418e-05,0.0035588404783333666
481,1,0.00018120513806751327,0.03416441534252328,23723.711231981888,1.0,5.8e-07,1.02e-06,0.020487897978607904,0.0070043639325620315,0.008945569979933794,0.0035147775789228556,0.00018056657197255792,3.076816605171914e-05,0.003154409011111095
481,2,0.0002970078508574207,0.1916735498530585,21494.786330938812,1.0,5.8e-07,1.02e-06,0.023442487162119812,0.007037134370202646,0.009944777235989943,0.004700489349028727,0.00035366301439344476,3.269600154251785e-05,0.0021525898661111237
481,3,0.00055684884407831,0.1518591201103747,8909.373340599912,1.0,5.8e-07,1.02e-06,0.033080534225699704,0.016668859801570065,0.00767750748223403,0.01306164139946396,0.00035657199883557325,9.875698899270991e-05,0.0027509820594444623
481,4,3.1347293056478e-05,0.21257195587381988,24289.090687060998,3.0,5.8e-07,1.02e-06,0.020957176786832083,0.0060259013968687256,0.009912476564388007,0.0005104554737271246,0.00024625920995105017,3.19875647970792e-05,0.004255618067777786
482,0,3.850183895197774e-05,0.11423299933984243,9745.553027383965,2.0,5.8e-07,1.02e-06,0.020718211034142214,0.005725931746188095,0.009762955198678334,0.0005100167137348317,0.00020438795358475632,2.8897438770175135e-05,0.004617364484444442
482,1,0.00038294866733762747,0.007227808344141816,4309.243251172471,2.0,5.8e-07,1.02e-06,0.16187224638903328,0.1511197810091903,0.017156255213372416,0.03505492790234715,0.00022261917121078122,0.000821729800528562,0.013752986288333324
482,2,0.00011615366080175912,0.07583344438643526,10850.687667544304,3.0,5.8e-07,1.02e-06,0.02401547123280723,0.013884468415900705,0.007462741735653418,0.009684840003671492,0.00020890068224133012,8.027349229353338e-05,0.004619386349444449
482,3,0.0008008227639632858,0.10561143175489561,9142.926316129682,3.0,5.8e-07,1.02e-06,0.05120941801125676,0.04341565025755134,0.004636093718779114,0.02556381446741753,0.00022618656618678912,0.0002988167705012108,0.005743983091666668
482,4,0.0006028361631139477,0.02699949678443062,13152.25537590226,2.0,5.8e-07,1.02e-06,0.030740889544563832,0.029785359939545637,0.005272098977249586,0.011880085104060448,0.0001737447271660486,0.00011455133967997154,0.004522730773333344
483,0,3.634261072582269e-05,0.1619337250412399,12766.04705000574,3.0,5.8e-07,1.02e-06,0.021135887925622224,0.005632823894567437,0.009709085387756968,0.0005024462695254635,0.00018161843461588848,3.0059520300758645e-05,0.0033678262005555626
483,1,2.164416415828013e-05,0.10552882035780865,6369.111060415706,2.0,5.8e-07,1.02e-06,0.022037934823209055,0.006480295143113578,0.0070374742535207506,0.0005608547349565459,0.0002999068296294939,2.4708191958063046e-05,0.005810120824444459
483,2,6.0043982313849885e-05,0.11575199828092425,21654.489504450805,3.0,5.8e-07,1.02e-06,0.02085596048035528,0.0055426703674848095,0.009604991470532879,0.0005801863592525405,0.00023566933614078568,3.11052742406865e-05,0.007373765741111121
483,3,7.901676423832265e-05,0.010438560276786812,20698.077991854007,3.0,5.8e-07,1.02e-06,0.027028905913044052,0.02680204821232003,0.00525209804804433,0.003941908904638919,0.00017150133180199396,2.9892933805200985e-05,0.00688801360333334
483,4,2.6879009340653398e-05,0.28156791019196326,7432.398368972134,2.0,5.8e-07,1.02e-06,0.021020188850733295,0.005837901361431758,0.008894979324481382,0.0004961188602580483,0.00025652926097865885,3.003206382154608e-05,0.004327337215000018
484,0,0.0001091507175262816,0.2880073530409752,20455.284327125813,3.0,5.8e-07,1.02e-06,0.0259990089400497,0.005715025156058572,0.00971341597857535,0.0021719283134393062,0.00013701966041136966,3.141709459427607e-05,0.00241702334944445
484,1,0.0001473273580782184,0.12098120559857178,9820.738475403708,2.0,5.8e-07,1.02e-06,0.0250095514489171,0.011467769061422115,0.008572412873290103,0.009619059482632362,0.00027757622016131813,7.837235011718655e-05,0.005332724199444444
484,2,1.977744150161479e-05,0.09905309193076851,5360.232185403121,3.0,5.8e-07,1.02e-06,0.021683940934723093,0.009242486898695624,0.005066986231883623,0.0005872764302771537,0.00023676804024744,1.8168005692052355e-05,0.0090679253211111
484,3,1.3960911535749988e-05,0.27330944699682913,13015.867823249262,3.0,5.8e-07,1.02e-06,0.021319698741256818,0.00591202376732645,0.008957855852994474,0.000504298755776202,0.00018666551079303052,3.110234412563235e-05,0.0029186124277777864
484,4,6.698381249515261e-05,0.08874990014770097,24669.245050550395,2.0,5.8e-07,1.02e-06,0.02101221811091018,0.005501372783913647,0.00939313422051292,0.000740509038813521,0.0002886170939465931,3.153802305093775e-05,0.0032509308755555716
485,0,0.00011849244445126693,0.08194728753150146,21572.742909323202,2.0,5.8e-07,1.02e-06,0.02022036755408235,0.006616271354605552,0.009010822953677076,0.0037605711184365872,0.00019978532523629995,3.1685722055142754e-05,0.0032652011205555748
485,1,2.7659477685080453e-05,0.17358038267058654,9121.643501843104,3.0,5.8e-07,1.02e-06,0.02083025021296055,0.005666435024797876,0.009151180044393215,0.0004993878916661802,0.00023065708312357798,2.8396598238977115e-05,0.0045823456977777816
485,2,0.0003255065426743231,0.10522077278972056,10177.750623248583,1.0,5.8e-07,1.02e-06,0.024137460640496402,0.012104028312570155,0.008622160902392458,0.00987780180451657,0.00015019856117992204,7.066568871907256e-05,0.00478510429111112
485,3,4.484067766623689e-05,0.18006745013319292,11981.185404383321,2.0,5.8e-07,1.02e-06,0.02128591355417184,0.005713088046721594,0.009494650589297972,0.0005182743406050053,0.0001855264160276435,3.087991105022296e-05,0.004487476777777777
485,4,0.000737350806009658,0.14461784144035258,22475.285931073762,1.0,5.8e-07,1.02e-06,0.021360575428805994,0.009606257135574578,0.0092215137356187,0.005693405188353546,0.00021341530554568012,3.312116449440436e-05,0.0033996836827777793
486,0,3.920508045291799e-06,0.12518690839585378,21187.25931344563,3.0,5.8e-07,1.02e-06,0.026189127108314333,0.005684285226954928,0.009647873960789631,0.0005055923183437924,0.00013608333658114287,3.132355338130049e-05,0.0031677072622222496
486,1,0.0004680827143442268,0.03371982744115951,3234.3851105343992,2.0,5.8e-07,1.02e-06,0.12074546636745637,0.09356677796360895,0.01040282547363784,0.0498862196446782,0.0004143616739376136,0.001051436487113023,0.018542417373888884
486,2,4.2281590554301537e-05,0.2695075860823573,2708.182580262363,1.0,5.8e-07,1.02e-06,0.020989301840075174,0.005572404960758078,0.008491345091043863,0.0005385844597681082,0.00023872863772254294,2.5877515216290583e-05,0.00285780771722223
486,3,1.856266115143427e-05,0.05067339104681005,24073.92308834618,1.0,5.8e-07,1.02e-06,0.025943197025609308,0.005719903370270951,0.00946004824177849,0.0005112626288867497,0.0001362854581197911,3.195535201708174e-05,0.0021884239816666734
486,4,3.1266693317741626e-05,0.14432107248543552,18113.09864981057,3.0,5.8e-07,1.02e-06,0.021010857788110338,0.005683138799139506,0.009133787073271995,0.0004982579288048832,0.00023517475571230447,3.111167103083401e-05,0.004294523144444465
487,0,0.0003435653855852218,0.20652427572267273,18500.51625215237,1.0,5.8e-07,1.02e-06,0.022343215773136516,0.007651533113792633,0.008967659342589746,0.005525758111497615,0.00031017409109733814,3.579776735579695e-05,0.0033994155561110906
487,1,0.00014224149721574043,0.2470607645246422,5361.093023983464,2.0,5.8e-07,1.02e-06,0.029440001322023585,0.015055149384008334,0.007625719786554133,0.015230798419586099,0.0002872742852901773,0.00017091340609759129,0.00626818064833333
487,2,0.0009109591444253492,0.20675999670589743,4189.761609580063,1.0,5.8e-07,1.02e-06,0.05784760014353286,0.044550657020185847,0.004785287456456107,0.0297305822133532,0.0003224137424568043,0.00046431139042723066,0.003612958543333336
487,3,0.002292413993273309,0.22503479142578348,22213.614695404733,2.0,5.8e-07,1.02e-06,0.028657227367969856,0.026586006047559025,0.007494201976601243,0.01185054352776505,0.00018488943384127902,9.303463853546845e-05,0.0025807028516666858
487,4,0.0003202307052549175,0.011621387506396439,16718.478121924432,3.0,5.8e-07,1.02e-06,0.043790640125855505,0.04100794504827032,0.004224000907623536,0.010184557576508211,0.0002061482564295116,8.535640049842063e-05,0.000908576183333315
488,0,0.0016434484935657246,0.23034401256244375,22105.242685151537,1.0,5.8e-07,1.02e-06,0.02252150469097004,0.014902071141810169,0.00878831699613955,0.005483706184932162,0.0001820209121131295,3.651436849166242e-05,0.0014949544649999758
488,1,8.919011263384549e-05,0.27246772873192454,7656.526011507803,3.0,5.8e-07,1.02e-06,0.02053994025384044,0.005758077785009951,0.008843504850996461,0.0025640698413611444,0.00019270128896018863,3.5756106135919594e-05,0.006176484140555563
488,2,5.8502980022999876e-05,0.06048723272497891,11109.0892733693,3.0,5.8e-07,1.02e-06,0.020555031534135768,0.0087924111958091,0.00686428436098391,0.0012024819429647757,0.00020171732459340068,2.4754353924566606e-05,0.007475062367777799
488,3,6.388269947787233e-05,0.22111350995636203,14351.899535665141,3.0,5.8e-07,1.02e-06,0.0218907758940958,0.005635168810748751,0.009420798805162459,0.0005909957703774939,0.0003251783546058441,3.0880744437169063e-05,0.0040049697416666835
488,4,0.00017175952351389123,0.05375440463780821,19499.86018790902,1.0,5.8e-07,1.02e-06,0.021446784371673213,0.0070459616651647,0.009317107262967915,0.004272634724403264,0.0002870779607507985,3.1851576883026954e-05,0.003796642253888899
489,0,0.00021619224023470141,0.2955296995132677,19296.46271121099,2.0,5.8e-07,1.02e-06,0.020758149140848083,0.008006114038686644,0.010296011179193916,0.006004653239708439,0.0002386776563143928,3.943120981276155e-05,0.0043984624400000005
489,1,3.157171220398828e-05,0.23306564459710696,11910.83878478004,1.0,5.8e-07,1.02e-06,0.022979450086655973,0.006193633099066834,0.009915330326457325,0.000499937239344147,0.00015984406266140026,3.199919603182334e-05,0.0016620533322222047
489,2,0.0001375869625691727,0.14865124514457076,12895.673143624748,3.0,5.8e-07,1.02e-06,0.02384893437332169,0.010714904253494702,0.008838029934738832,0.009027253699644659,0.0002724816067754215,6.826009095654763e-05,0.004262837833333338
489,3,3.1237359247588904e-05,0.07817501457106511,24509.78885367411,2.0,5.8e-07,1.02e-06,0.021174094512515007,0.00566764445814578,0.009959197728115503,0.0004917109960476984,0.00018929014152147092,3.1614231773336843e-05,0.0028975800338888885
489,4,4.784495972080914e-06,0.14622773489027407,21716.999015950223,3.0,5.8e-07,1.02e-06,0.020934829002044048,0.005761517672405961,0.009487509670231776,0.00051249387337115,0.00021807097440937353,3.156862808914091e-05,0.00681900560166665
490,0,2.4976642069007793e-05,0.0630464982816129,19121.340273464375,2.0,5.8e-07,1.02e-06,0.022876574709499525,0.005758035843887871,0.009202337230974985,0.000491652846138764,0.00034240568995364413,3.071628968136238e-05,0.005222304792222229
490,1,5.659873349422254e-06,0.10335857492991847,10752.319442153768,1.0,5.8e-07,1.02e-06,0.02289451038002682,0.005731684749306032,0.009509496548396367,0.0005214555024872591,0.0003575719202717882,3.126024314400763e-05,0.003189980668333328
490,2,1.667607720036814e-05,0.08846396758513382,23188.031581904743,1.0,5.8e-07,1.02e-06,0.02096238420900236,0.005980750279286761,0.009376653395449961,0.0005139403869155205,0.00022630289591061558,3.220257256160182e-05,0.0036080469072222038
490,3,0.00016183810940513017,0.22040490551676076,13087.821353336574,3.0,5.8e-07,1.02e-06,0.022161666157447347,0.010959707373563976,0.009368073431009177,0.009877178895802153,0.00016460676243048214,7.304451246418659e-05,0.004399556397777754
490,4,0.00036068964565759816,0.12971994633313108,4441.866470273438,1.0,5.8e-07,1.02e-06,0.05141612365052365,0.025592440812145383,0.006244369909485017,0.02460818970499147,0.00048274204639745617,0.00027150551042995775,0.005293406744444451
491,0,0.0006545875340791856,0.26273888626753394,6507.101571519761,2.0,5.8e-07,1.02e-06,0.04085869856552024,0.031230819778035754,0.006017473540984753,0.025469164181422314,0.0002649080138230325,0.00034405181732603227,0.005627275128333331
491,1,0.00014998328673451503,0.06344840049296069,22739.045014545107,2.0,5.8e-07,1.02e-06,0.021404007681560245,0.007412474899704859,0.009611753443962106,0.004393830065447902,0.0001505453224338746,3.230807729794708e-05,0.002507998294999994
491,2,0.00021970325647506283,0.018117444179486717,3834.195662606666,1.0,5.8e-07,1.02e-06,0.0868040653047344,0.051345776110066334,0.005570007019250159,0.022652912629256797,0.0005715036195162973,0.00033150533331896315,0.0019364510116666594
491,3,6.51821832014597e-05,0.04367966294014164,4249.101101687618,1.0,5.8e-07,1.02e-06,0.02883866439227027,0.01302681728125113,0.004928219563976152,0.003595952213970688,0.0003535823342239736,4.838716470851204e-05,0.006701218932777753
491,4,2.4523014088242856e-05,0.11395040433174314,16998.753507471672,2.0,5.8e-07,1.02e-06,0.02092043767298611,0.005699867699288816,0.00928387464200584,0.0004996653748373918,0.0002177476515581476,3.131215948168534e-05,0.0018204903116666449
492,0,5.195689895147033e-05,0.2897561227184282,17569.83683289802,2.0,5.8e-07,1.02e-06,0.020890050395285003,0.0061624383759036295,0.009785522570428695,0.000505380717039847,0.0002246401434284429,3.198531658402847e-05,0.003920403009444462
492,1,0.0006313159535518949,0.29924108143927836,21170.737014822407,3.0,5.8e-07,1.02e-06,0.027773766399248476,0.012815692078787235,0.009150387950650747,0.010468273897155241,0.00028256794225825884,5.8406186575772874e-05,0.0023450625144444126
492,2,6.154714247253733e-05,0.06731519481719836,4100.132669778042,2.0,5.8e-07,1.02e-06,0.0227355579931367,0.014727100252374434,0.004988043039603664,0.003354196886532056,0.00023149248334375762,4.943041203616849e-05,0.007185212192222221
492,3,0.0007181221733761998,0.27898684321748657,20927.552066104457,3.0,5.8e-07,1.02e-06,0.027864416542615743,0.014366700925242481,0.009160718872231216,0.011124636910703638,0.00026858336016229606,6.139819404902554e-05,0.0033238923677777754
492,4,0.00010208672617951315,0.04004781393097573,5397.8495992845,2.0,5.8e-07,1.02e-06,0.035298703779002065,0.026091204442688188,0.0032593334937536505,0.013288869858770142,0.00027615552488857725,0.0001459086492964004,0.013622917957777786
493,0,3.9629418771313893e-05,0.03319389006826153,3045.1055365940047,1.0,5.8e-07,1.02e-06,0.020821679819553185,0.01960506181315436,0.0038175928800228097,0.001074731025674862,0.0001374882230684429,4.04432560513455e-05,0.00981377486111111
493,1,2.5325564686270873e-05,0.14434892165801314,20502.502301502976,3.0,5.8e-07,1.02e-06,0.021583795401968944,0.005726811025342578,0.009465499810451005,0.0005083043234266594,0.0002977478190224816,3.142444880294113e-05,0.0038309323194444245
493,2,1.6617706415641752e-05,0.10172529020829572,8237.026797789451,3.0,5.8e-07,1.02e-06,0.022059738943859847,0.007050793212796692,0.007075683626372717,0.0005301209903964781,0.0002621688948557434,2.4349430673672306e-05,0.006494650764444443
493,3,3.608748753096511e-05,0.07775076281152123,9732.533963516848,2.0,5.8e-07,1.02e-06,0.020847433993491263,0.006331628350456226,0.008105501918872786,0.0005128326504166065,0.00020410225450842435,2.7392627199144815e-05,0.007026775486111109
493,4,0.00011234602451315241,0.19223154257921987,13413.71015609061,2.0,5.8e-07,1.02e-06,0.023071737579715406,0.0064510475218006605,0.009589996003314302,0.003819207434008036,0.0003491856901705328,3.5185063954451926e-05,0.002046198904444449
494,0,3.47397475103584e-05,0.28144895992372326,18886.907897359826,1.0,5.8e-07,1.02e-06,0.02110350796791069,0.006384988845394062,0.009239911617335138,0.0005035594111766655,0.0002718142783609924,3.236930211131533e-05,0.0028200233811111197
494,1,0.00037699139610059007,0.25649246003438825,10520.711485927757,1.0,5.8e-07,1.02e-06,0.022562998798514717,0.011188451429460391,0.008331095202141073,0.010072395196930766,0.00016227472656509535,7.382952595736684e-05,0.002320340389444453
494,2,0.00030444668829506953,0.21685130094572475,10065.28834265009,1.0,5.8e-07,1.02e-06,0.02564572398795179,0.011077615532867194,0.008246658589145068,0.010034193184792137,0.00030762776743771276,7.371797663281887e-05,0.0027823837466666584
494,3,0.0004083172461899317,0.21565266326862298,7439.355384939009,3.0,5.8e-07,1.02e-06,0.036848934271750795,0.02650333195061785,0.005944802976442745,0.026361207482006658,0.00019260865003564728,0.0002599008938439103,0.005043230075555558
494,4,7.467095341024964e-05,0.2557143888476629,10296.546486639269,3.0,5.8e-07,1.02e-06,0.02104053877146289,0.005440918177933861,0.009320223968690096,0.0009737603641221678,0.00018769964742926,2.9720120198445208e-05,0.00388042281000002
495,0,0.00030643965436110386,0.06890971702270358,5296.6120600763425,2.0,5.8e-07,1.02e-06,0.057331270209218264,0.033639106156303084,0.0042415770805452726,0.023151366958600803,0.00043938973149073554,0.0003028712864472308,0.01056494154777779
495,1,7.139996706279682e-05,0.03374939507868012,9310.02168914823,3.0,5.8e-07,1.02e-06,0.020332407397218574,0.020247349998608475,0.004339088754879412,0.004749166801024884,0.0001384818556977651,4.750274904748945e-05,0.007487753861111127
495,2,0.0006041471016457553,0.07791101824748349,22134.87461152197,2.0,5.8e-07,1.02e-06,0.021671265554004882,0.012957420562863845,0.008607888316608586,0.007311032717212854,0.00018331573561691087,4.450275804728529e-05,0.005930415411111126
495,3,0.00016677730254201808,0.25953446320053525,19267.969228274345,1.0,5.8e-07,1.02e-06,0.020824284256195244,0.006586181320324547,0.009315040601873185,0.0037816502173684077,0.0002869022086354088,3.215465814036729e-05,0.002491866962222214
495,4,0.0005125148996824208,0.028091981191820246,19479.944267950825,2.0,5.8e-07,1.02e-06,0.024254015441474683,0.01936079467502262,0.006643951667596323,0.007798472306902404,0.00019633831976544164,5.324783217289271e-05,0.004467785487777792
496,0,0.0003085900503096293,0.10301126569126588,19964.25550989665,2.0,5.8e-07,1.02e-06,0.023131585182332978,0.00950838851576965,0.008965945802952376,0.006375614836152251,0.0002691926967514007,3.945776402307415e-05,0.0028646956311110944
496,1,0.00011220500658554983,0.10196461987760001,10145.993846686652,1.0,5.8e-07,1.02e-06,0.029715573103314397,0.006931089617854823,0.009129925499706234,0.004357485274438032,0.0001612451492023294,3.940028297980624e-05,0.0034596357872222205
496,2,0.00010834495575116554,0.2731400055608038,23175.901289694928,3.0,5.8e-07,1.02e-06,0.02080296755147306,0.005707989231723786,0.009546140451862235,0.0020632947260265347,0.00018617754840409662,3.15198518438205e-05,0.0021929051900000107
496,3,3.1534122907404432e-06,0.2651631643631618,6409.836143766186,3.0,5.8e-07,1.02e-06,0.02124525669270494,0.0056763237375336804,0.00945935113948247,0.0005281948762448587,0.00018164463596114137,2.7389361460174907e-05,0.006347807023888916
496,4,0.00015634319300455472,0.28733485765007966,2081.797652035808,1.0,5.8e-07,1.02e-06,0.04535124103667893,0.02553446775013896,0.004001406377059022,0.029611959718565076,0.00040847358397992227,0.0005222185232066802,0.0036800915216666785
497,0,1.374565431752769e-05,0.16429383255376703,24941.329873368082,3.0,5.8e-07,1.02e-06,0.02096352803001805,0.005893593749659395,0.009946820014153852,0.0005105822937082967,0.00022455301600405068,3.187912951484432e-05,0.0026241622338889076
497,1,9.962160348569361e-05,0.05367422687218066,18928.92615326333,3.0,5.8e-07,1.02e-06,0.02013814854887905,0.009237908404145475,0.00733812571480161,0.004508869072492415,0.00014988104443588884,3.5413340177675784e-05,0.004048778605555553
497,2,0.00022552722731976145,0.19836649908094975,14174.511297043602,1.0,5.8e-07,1.02e-06,0.02562402755643829,0.008330524096400319,0.009657584996233879,0.006436903441232068,0.00014194780352491933,4.3904882185680286e-05,0.0015883415449999827
497,3,0.0003738001811099341,0.08778884239427605,5606.586349135141,1.0,5.8e-07,1.02e-06,0.03095079501855194,0.0230114368705092,0.006847786022383433,0.018862102914494874,0.00022685968395975726,0.00018743719562557,0.00492939892888887
497,4,9.521762727177567e-05,0.03020327848713502,6039.567396653321,1.0,5.8e-07,1.02e-06,0.02511205772016903,0.017586278427396473,0.00630625484396102,0.008909893458766855,0.0002217669539379978,8.276964728143988e-05,0.0030155454016666527
498,0,2.1771556072627566e-05,0.08565732434847023,8178.23615444757,3.0,5.8e-07,1.02e-06,0.023956444228262794,0.007738871419275799,0.0075182484136314945,0.0005111320475536329,0.00013757173032981804,2.277199524758237e-05,0.009977541973888893
498,1,0.0007908691111156726,0.17876231524732114,4647.766999908197,2.0,5.8e-07,1.02e-06,0.07766814979083804,0.052544496245381295,0.003976800886431535,0.038004810652856776,0.0004394897817319703,0.0006784947052958613,0.004249467692222217
498,2,0.0005362570139724854,0.20769505591104098,24031.64322662213,2.0,5.8e-07,1.02e-06,0.0212672097259871,0.009425914104351275,0.0089053343047665,0.006285776912207816,0.00016319306792085664,3.804784552252995e-05,0.0027126685972222314
498,3,0.00036976772303905426,0.020708184734472435,6544.695140503833,3.0,5.8e-07,1.02e-06,0.08776295894349397,0.07137128073851655,0.008513730991104746,0.02639545889366397,0.00031248468226877145,0.0004007682686683883,0.015158082065555564
498,4,2.6220982071150957e-05,0.11058936169860285,4959.515492411254,3.0,5.8e-07,1.02e-06,0.020483442996556186,0.008894931890615713,0.006163510890649738,0.000584316178595486,0.000173576583274536,1.7538179151168534e-05,0.011771119013888887
499,0,3.3321428194152914e-05,0.22315307614203628,4540.454799854058,1.0,5.8e-07,1.02e-06,0.020904395389310326,0.005731145812172226,0.009457156986926084,0.0004952186447506418,0.00022775988726281065,2.9227579336312436e-05,0.0020604944205555448
499,1,0.0009677243702596087,0.2407819854876443,18540.119062318983,1.0,5.8e-07,1.02e-06,0.022310786426774684,0.012223000761912151,0.009205629070651651,0.006915872632866426,0.0002082022460530486,4.0380053441794734e-05,0.0014289943149999873
499,2,0.0017366327864803473,0.25873713955082683,13632.170144083224,3.0,5.8e-07,1.02e-06,0.05916718225966092,0.04687778067980805,0.006269512098079469,0.02104986790055158,0.0002868714377705468,0.0002644734633137606,0.0021256712638888925
499,3,0.00011103119566172113,0.1160433094783227,3514.7943747521585,3.0,5.8e-07,1.02e-06,0.03898996098656112,0.025719867961353355,0.003652171982808839,0.019385263286524734,0.0003073295992711778,0.0002895330486693514,0.018347028433888884
499,4,1.570717885952759e-05,0.18910811500389602,24172.218652445477,3.0,5.8e-07,1.02e-06,0.021762552059988515,0.005959504539881438,0.009900544869439342,0.0005133084318927412,0.0003202811865151163,3.194431859281261e-05,0.0036466524644444553
